id,state,company,company_canonical,company_dba,location,employees_affected,notice_date,effective_date,notice_type,first_seen
c42b1289d9f5c4ea,OR,Tualatin Oregon Facility,Tualatin Oregon Facility,,Tualatin,60,2026-09-01,2027-02-28,Permanent closure,2026-09-02T05:08:44.856399Z
b7e99a13df089fbc,OR,Tualatin Oregon Facility,Tualatin Oregon Facility,,Tualatin,9,2026-09-01,2027-03-31,Permanent closure,2026-09-02T05:08:44.856399Z
a2da5edc4d954994,OR,Tualatin Oregon Facility,Tualatin Oregon Facility,,Tualatin,5,2026-09-01,2026-10-31,Permanent closure,2026-09-02T05:08:44.856399Z
5209a12b59500c1e,OR,Tualatin Oregon Facility,Tualatin Oregon Facility,,Tualatin,2,2026-09-01,2026-12-31,Permanent closure,2026-09-02T05:08:44.856399Z
1e897dcfb5ec1108,OR,Tualatin Oregon Facility,Tualatin Oregon Facility,,Tualatin,11,2026-09-01,2026-11-30,Permanent closure,2026-09-02T05:08:44.856399Z
263b66ad74ec309b,OR,"J.R. Johnson, LLC",J.R. Johnson,,Portland,55,2026-08-31,2026-10-31,Permanent closure,2026-08-31T20:19:07.499092Z
16e3531338fda588,OR,"Amentum - Hillsboro, OR","Amentum - Hillsboro, OR",,Hillsboro,74,2026-08-20,2026-10-19,Large Layoff - 10 or more workers,2026-08-30T21:43:41.512264Z
a12b2847bfb7a05f,OR,Oregon - Remote Employees,Oregon - Remote Employees,,,1,2026-08-10,2026-10-09,Permanent closure,2026-08-30T21:43:41.512264Z
60e585a9d4f8d22e,OR,JeniusBank,JeniusBank,,"New York, NY",105,2026-08-10,2026-10-09,Permanent closure,2026-08-30T21:43:41.512264Z
ded1bb87b30fb352,OR,"TV Hardware Distribution, LLC",TV Hardware Distribution,,Springfield,62,2026-08-03,2026-10-03,Permanent closure,2026-08-30T21:43:41.512264Z
35a83897f30902f3,OR,"Avamere Health Services, LLC",Avamere Health Services,,Tigard,129,2026-08-03,2026-09-01,Large Layoff - 10 or more workers,2026-08-30T21:43:41.512264Z
6fafb59b355b03d1,OR,Portland Truck Manufacturing Facility,Portland Truck Manufacturing Facility,,Portland,387,2026-07-30,2026-10-30,Permanent closure,2026-08-30T21:43:41.512264Z
fc52e961ef6b4c21,OR,"Bowtech, LLC",Bowtech,,Eugene,23,2026-07-27,2026-09-30,Permanent closure,2026-08-30T21:43:41.512264Z
c7241a12ca472213,OR,"Bowtech, LLC",Bowtech,,Eugene,6,2026-07-27,2026-10-31,Permanent closure,2026-08-30T21:43:41.512264Z
c7196752a69d54ec,OR,"Bowtech, LLC",Bowtech,,Eugene,9,2026-07-27,2026-12-31,Permanent closure,2026-08-30T21:43:41.512264Z
383b5c1c78532d55,OR,"Bowtech, LLC",Bowtech,,Eugene,1,2026-07-27,2027-02-28,Permanent closure,2026-08-30T21:43:41.512264Z
18c419abbe2ec677,OR,"Bowtech, LLC",Bowtech,,Eugene,4,2026-07-27,2026-11-30,Permanent closure,2026-08-30T21:43:41.512264Z
42761c0a66a8aa9c,OR,Conduent - Oregon Remote Employees,Conduent - Oregon Remote Employees,,,17,2026-06-26,2026-08-28,Large Layoff - 10 or more workers,2026-08-30T21:43:41.512264Z
d7d46a9c888282b5,OR,Adventist Health Tillamook,Adventist Health Tillamook,,Tillamook,4,2026-06-24,2026-07-03,Reduction,2026-08-30T21:43:41.512264Z
bb2f42e60e1a221c,OR,Adventist Health Columbia Gorge,Adventist Health Columbia Gorge,,The Dalles,3,2026-06-24,2026-07-03,Reduction,2026-08-30T21:43:41.512264Z
3d1c01914f7d28b6,OR,Adventist Health Portland,Adventist Health Portland,,"Portland,",6,2026-06-24,2026-07-03,Reduction,2026-08-30T21:43:41.512264Z
fa7635362677984c,OR,PacificSource - Bend,PacificSource - Bend,,Bend,28,2026-05-27,2026-07-31,Reduction,2026-08-30T21:43:41.512264Z
c014f1ccbc73f987,OR,PacificSource,PacificSource,,Springfield,56,2026-05-27,2026-07-31,Large Layoff - 10 or more workers,2026-08-30T21:43:41.512264Z
bee42fedab02c20d,OR,PacificSource - Portland,PacificSource - Portland,,Portland,6,2026-05-27,2026-07-31,Reduction,2026-08-30T21:43:41.512264Z
644f141a6a50db1a,OR,PacificSource Hood River,PacificSource Hood River,,Hood River,1,2026-05-27,2026-07-31,Reduction,2026-08-30T21:43:41.512264Z
003927297d0a59ef,OR,PacificSource - Salem,PacificSource - Salem,,Salem,6,2026-05-27,2026-07-31,Reduction,2026-08-30T21:43:41.512264Z
d3ac252d0aa4dd57,OR,Safeway Store 0378 - Newport,Safeway Store 0378 - Newport,,Newport,69,2026-05-26,2026-07-25,Permanent closure,2026-08-30T21:43:41.512264Z
c0fe47e5bc907e3b,OR,Eugene Facility,Eugene Facility,,Eugene,15,2026-05-18,2026-07-31,Large Layoff - 10 or more workers,2026-08-30T21:43:41.512264Z
9b83d7c90dda7160,OR,Portland Facility,Portland Facility,,Portland,102,2026-05-18,2026-07-31,Large Layoff - 10 or more workers,2026-08-30T21:43:41.512264Z
96eacaf11d9856e6,OR,Oregon - Remote Employees,Oregon - Remote Employees,,,23,2026-05-18,2026-07-31,Large Layoff - 10 or more workers,2026-08-30T21:43:41.512264Z
51bfd6edb97e4ff7,OR,Bend Depot Facility,Bend Depot Facility,,Bend,10,2026-05-18,2026-07-31,Large Layoff - 10 or more workers,2026-08-30T21:43:41.512264Z
45529f6b04884981,OR,Medford Facility,Medford Facility,,Medford,10,2026-05-18,2026-07-31,Large Layoff - 10 or more workers,2026-08-30T21:43:41.512264Z
ad5fa391249759d4,OR,Coburg Facility,Coburg Facility,,Coburg,83,2026-05-13,2026-07-17,Permanent closure,2026-08-30T21:43:41.512264Z
6ec05fed3e07f3bc,OR,"Prineville, OR Facility","Prineville, OR Facility",,Prineville,66,2026-04-29,2026-06-28,Large Layoff - 10 or more workers,2026-08-30T21:43:41.512264Z
40bb4e2c827fd293,OR,Direct Marketing Solutions,Direct Marketing Solutions,,Portland,53,2026-04-06,2026-06-05,Large Layoff - 10 or more workers,2026-08-30T21:43:41.512264Z
2aeb1d0f8dc8b5a1,OR,Sumner St - Portland,Sumner St - Portland,,Portland,53,2026-04-06,2026-06-05,Large Layoff - 10 or more workers,2026-08-30T21:43:41.512264Z
c8d47d8bc98259da,OR,Troutdale Facility,Troutdale Facility,,Troutdale,65,2026-04-02,2026-09-30,Large Layoff - 10 or more workers,2026-08-30T21:43:41.512264Z
fe832fca109f83a9,OR,Sunstone Way,Sunstone Way,,Portland,175,2026-03-27,2026-06-30,Permanent closure,2026-08-30T21:43:41.512264Z
a31114ebe225f6d3,OR,Horizon Air - Rogue Valley Internationa,Horizon Air - Rogue Valley Internationa,,Medford,78,2026-03-26,2026-05-31,Large Layoff - 10 or more workers,2026-08-30T21:43:41.512264Z
41f893b1e31d589a,OR,Oregon - Remote Employees,Oregon - Remote Employees,,,2,2026-02-13,2026-04-19,Reduction,2026-08-30T21:43:41.512264Z
1d9ab3421714a51d,OR,Albany/Millersburg,Albany/Millersburg,,Albany,1,2026-02-13,2026-04-19,Reduction,2026-08-30T21:43:41.512264Z
2dbff0efd15ea86e,OR,Riddle Plywood facility,Riddle Plywood facility,,Riddle,146,2026-02-04,2026-04-05,Large Layoff - 10 or more workers,2026-08-30T21:43:41.512264Z
f2c2104ef40c6a0d,OR,Kroger-00125-Prime,Kroger-00125-Prime,,North Tabor,4,2026-01-29,2026-04-05,Permanent closure,2026-08-30T21:43:41.512264Z
e2a97d5f59ba4bab,OR,Kroger-00240,Kroger,,Milwaukie,4,2026-01-29,2026-04-05,Permanent closure,2026-08-30T21:43:41.512264Z
bfb1ca2398b66890,OR,Eugene Location,Eugene Location,,Eugene,39,2026-01-29,2026-03-31,Permanent closure,2026-08-30T21:43:41.512264Z
9d6aec3fc19c2edf,OR,"Lincare-Brookings, OR","Lincare-Brookings, OR",,Brookings,3,2026-01-29,2026-04-05,Permanent closure,2026-08-30T21:43:41.512264Z
945bc14aa6c08a7f,OR,Kroger-00153,Kroger,,Happy Valley,4,2026-01-29,2026-04-05,Permanent closure,2026-08-30T21:43:41.512264Z
9303fd80b771c5bb,OR,Kroger-00660,Kroger,,Wood Village,3,2026-01-29,2026-04-05,Permanent closure,2026-08-30T21:43:41.512264Z
912157547d4634f8,OR,"Three Pirates, LLC dba Point Blank Dist",Three Pirates,Point Blank Dist,Portland,112,2026-01-29,2026-03-31,Permanent closure,2026-08-30T21:43:41.512264Z
858df9dcabf5cca0,OR,Kroger-00075-Prime,Kroger-00075-Prime,,Portland,4,2026-01-29,2026-04-05,Permanent closure,2026-08-30T21:43:41.512264Z
7c2b89213cac02b4,OR,Kroger-00255,Kroger,,Portland,4,2026-01-29,2026-04-05,Permanent closure,2026-08-30T21:43:41.512264Z
613f68a65b5531fe,OR,Kroger-00135,Kroger,,Portland,4,2026-01-29,2026-04-05,Permanent closure,2026-08-30T21:43:41.512264Z
613d7379b394f6e8,OR,Kroger-00417,Kroger,,Eugene,3,2026-01-29,2026-04-05,Permanent closure,2026-08-30T21:43:41.512264Z
59c1bc698ae4f205,OR,Kroger-00128-Prime,Kroger-00128-Prime,,Portland,4,2026-01-29,2026-04-05,Permanent closure,2026-08-30T21:43:41.512264Z
582b18b932ef1f94,OR,Kroger-00600-Prime,Kroger-00600-Prime,,Portland,4,2026-01-29,2026-04-05,Permanent closure,2026-08-30T21:43:41.512264Z
55e35b36c2ace506,OR,Kroger-00360-Prime,Kroger-00360-Prime,,Portland,4,2026-01-29,2026-04-05,Permanent closure,2026-08-30T21:43:41.512264Z
390e16be9852097e,OR,Kroger-00090,Kroger,,Salem,4,2026-01-29,2026-04-05,Permanent closure,2026-08-30T21:43:41.512264Z
3898fc09ffdb280c,OR,Kroger-00040,Kroger,,Portland,4,2026-01-29,2026-04-05,Permanent closure,2026-08-30T21:43:41.512264Z
2eb400e8a92853f5,OR,Kroger-00516,Kroger,,Wilsonville,3,2026-01-29,2026-04-05,Permanent closure,2026-08-30T21:43:41.512264Z
2e0c2b93175dbd5c,OR,Kroger-00150-Prime,Kroger-00150-Prime,,Portland,4,2026-01-29,2026-04-05,Permanent closure,2026-08-30T21:43:41.512264Z
29d5c03da635b8c4,OR,Kroger-00127-Prime,Kroger-00127-Prime,,Powell Valley,4,2026-01-29,2026-04-05,Permanent closure,2026-08-30T21:43:41.512264Z
1d9a02b6b7384123,OR,Kroger-00063,Kroger,,Clackamas,4,2026-01-29,2026-04-05,Permanent closure,2026-08-30T21:43:41.512264Z
118e701618856c92,OR,Kroger-00035,Kroger,,Beaverton,3,2026-01-29,2026-04-05,Permanent closure,2026-08-30T21:43:41.512264Z
02b3a7509a10a882,OR,Bend Location,Bend Location,,Bend,26,2026-01-29,2026-03-31,Permanent closure,2026-08-30T21:43:41.512264Z
2b9acd890a68004c,OR,Oregon - Remote Employees,Oregon - Remote Employees,,,1,2026-01-08,2026-03-10,Permanent closure,2026-08-30T21:43:41.512264Z
bc752075960dfc3f,OR,Vacuum Technique LLC,Vacuum Technique,,Clackamas,78,2025-12-29,2026-04-30,Permanent closure,2026-08-30T21:43:41.512264Z
ae6a1ac4bdf8c5a1,OR,Oregon - Remote Employees,Oregon - Remote Employees,,,25,2025-12-23,2025-12-23,Permanent closure,2026-08-30T21:43:41.512264Z
56ae0a3273775e11,OR,Administrative Office,Administrative Office,,Medford,13,2025-12-23,2025-12-23,Permanent closure,2026-08-30T21:43:41.512264Z
538905d0c6be30db,OR,"Solgen Power, LLC dba Purelight Power",Solgen Power,Purelight Power,Medford,71,2025-12-23,2025-12-23,Permanent closure,2026-08-30T21:43:41.512264Z
34706ac6e5710482,OR,Wells Fargo and Company - 5th Ave. Port,Wells Fargo and Company - 5th Ave. Port,,Portland,3,2025-12-09,2026-02-06,Reduction,2026-08-30T21:43:41.512264Z
afcef3e0eeb2ea3d,OR,Nordstrom Portland Rack,Nordstrom Portland Rack,,Portland,37,2025-12-01,2026-01-31,Permanent closure,2026-08-30T21:43:41.512264Z
07223837c93b619c,OR,Vibra Specialty Hospital of Portland,Vibra Specialty Hospital of Portland,,Portland,310,2025-12-01,2026-02-01,Permanent closure,2026-08-30T21:43:41.512264Z
ff4a0452fce8b344,OR,Oregon - Remote Employees,Oregon - Remote Employees,,,1,2025-11-20,2026-02-01,Reduction,2026-08-30T21:43:41.512264Z
ef0fa34d945056f2,OR,Aloha Facility,Aloha Facility,,Aloha,41,2025-11-13,2025-09-16,Large Layoff - 10 or more workers,2026-08-30T21:43:41.512264Z
e9d252887cab5b87,OR,"25th Ave., Hillsboro","25th Ave., Hillsboro",,Hillsboro,76,2025-11-13,2025-09-16,Large Layoff - 10 or more workers,2026-08-30T21:43:41.512264Z
9c2e5620028fa39d,OR,"Elam Young Pkwy., Hillsboro","Elam Young Pkwy., Hillsboro",,Hillsboro,42,2025-11-13,2025-09-16,Large Layoff - 10 or more workers,2026-08-30T21:43:41.512264Z
3593c3e5e7b252ea,OR,"Century Blvd., Hillsboro","Century Blvd., Hillsboro",,Hillsboro,510,2025-11-13,2025-09-16,Large Layoff - 10 or more workers,2026-08-30T21:43:41.512264Z
bc1cac4b22c6cef8,OR,Wells Fargo and Company - Hawthorne Ave,Wells Fargo and Company - Hawthorne Ave,,Salem,147,2025-10-28,2025-12-26,Large Layoff - 10 or more workers,2026-08-30T21:43:41.512264Z
3c54274ec108fa5b,OR,Wells Fargo and Company - Walker Rd. Hi,Wells Fargo and Company - Walker Rd. Hi,,Hillsboro,2,2025-10-28,2026-03-20,Reduction,2026-08-30T21:43:41.512264Z
3286d5ed605e057d,OR,Wells Fargo and Company - 5th Ave. Port,Wells Fargo and Company - 5th Ave. Port,,Portland,34,2025-10-28,2025-12-26,Large Layoff - 10 or more workers,2026-08-30T21:43:41.512264Z
2b42657836b54a60,OR,Wells Fargo and Company - Walker Rd. Hi,Wells Fargo and Company - Walker Rd. Hi,,Hillsboro,263,2025-10-28,2025-12-26,Permanent closure,2026-08-30T21:43:41.512264Z
e58e195d2f81bf7c,OR,Pacific Source,Pacific Source,,Springfield,153,2025-10-24,2025-12-31,Large Layoff - 10 or more workers,2026-08-30T21:43:41.512264Z
a8585175df3ec858,OR,Pacific Source - Salem,Pacific Source - Salem,,Salem,21,2025-10-24,2025-12-31,Reduction,2026-08-30T21:43:41.512264Z
a65b877c3f53d892,OR,Pacific Source - Portland,Pacific Source - Portland,,Portland,38,2025-10-24,2025-12-31,Reduction,2026-08-30T21:43:41.512264Z
9b7724ae6eb035f3,OR,Pacific Source - Bend,Pacific Source - Bend,,Bend,52,2025-10-24,2025-12-31,Reduction,2026-08-30T21:43:41.512264Z
7aa4458ea30b2931,OR,Pacific Source - Medford,Pacific Source - Medford,,Medford,1,2025-10-24,2025-12-31,Reduction,2026-08-30T21:43:41.512264Z
4f9f4d9be996e75e,OR,"Bags, A Metropolis Company - Portland","Bags, A Metropolis Company - Portland",,Portland,157,2025-10-13,2025-11-17,Large Layoff - 10 or more workers,2026-08-30T21:43:41.512264Z
63d0f276be058132,OR,Oregon - Remote Employees,Oregon - Remote Employees,,,1,2025-10-03,2025-12-02,Small Layoff 1 – 10 workers,2026-08-30T21:43:41.512264Z
ba0884247a2b3398,OR,Wells Fargo Center - Portland,Wells Fargo Center - Portland,,Portland,50,2025-09-30,2025-11-28,Large Layoff - 10 or more workers,2026-08-30T21:43:41.512264Z
e75f8316ff76d882,OR,Dillard Hardwood Plywood Facility,Dillard Hardwood Plywood Facility,,Dillard,100,2025-09-25,2025-09-25,Large Layoff - 10 or more workers,2026-08-30T21:43:41.512264Z
b0df684c0b76b675,OR,Dillard Hardwood Plywood Facility,Dillard Hardwood Plywood Facility,,Dillard,7,2025-09-25,2025-10-10,Permanent closure,2026-08-30T21:43:41.512264Z
a62a740a5fa293d3,OR,Pacific Source,Pacific Source,,Springfield,56,2025-09-17,2025-12-31,Large Layoff - 10 or more workers,2026-08-30T21:43:41.512264Z
80cdce0b8737f2bc,OR,Oregon - Remote Employees,Oregon - Remote Employees,,,1,2025-09-16,2025-11-15,Small Layoff 1 – 10 workers,2026-08-30T21:43:41.512264Z
3874b7e1889a0b8e,OR,Hillsboro Facility,Hillsboro Facility,,Hillsboro,128,2025-09-16,2025-11-15,Large Layoff - 10 or more workers,2026-08-30T21:43:41.512264Z
f36b2644a99d7cdf,OR,Nike World Headquarters,Nike World Headquarters,,Beaverton,69,2025-09-15,2025-12-15,Large Layoff - 10 or more workers,2026-08-30T21:43:41.512264Z
dedfd7ceb8010b2f,OR,Remote Workers - Oregon,Remote Workers - Oregon,,,9,2025-08-20,2025-10-19,Permanent closure,2026-08-30T21:43:41.512264Z
0356cae9304d3697,OR,Remote Workers,Remote Workers,,,16,2025-08-20,2025-10-19,Permanent closure,2026-08-30T21:43:41.512264Z
0cf58cfa39da6456,OR,"Zeco Systems, Inc. dba Shell EV Chargin",Zeco Systems,Shell EV Chargin,"Los Angeles, CA",,2025-08-18,,Large Layoff - 10 or more workers,2026-08-30T21:43:41.512264Z
1f61844875b29684,OR,Oregon - Remote Employees,Oregon - Remote Employees,,,23,2025-08-12,2025-10-13,Large Layoff - 10 or more workers,2026-08-30T21:43:41.512264Z
dc88f9e336e5b2ab,OR,Portland - Production Facility,Portland - Production Facility,,Portland,90,2025-07-29,2025-08-05,Large Layoff - 10 or more workers,2026-08-30T21:43:41.512264Z
304a8cc85bbbf49c,OR,Store #128,Store #128,,Portland,249,2025-07-16,2025-09-20,Permanent closure,2026-08-30T21:43:41.512264Z
f380ea76696ce6eb,OR,Oregon Mutual,Oregon Mutual,,McMinnville,10,2025-07-11,2025-09-12,Reduction,2026-08-30T21:43:41.512264Z
60aeb51bf7107d68,OR,Oregon - Remote Employees,Oregon - Remote Employees,,,32,2025-07-11,2025-09-12,Reduction,2026-08-30T21:43:41.512264Z
ebe1a29a7ef5f379,OR,"Outside Van, LLC",Outside Van,,Portland,56,2025-07-08,2025-09-12,Permanent closure,2026-08-30T21:43:41.512264Z
ecb68e41ef1d18c5,OR,"25th Ave., Hillsboro","25th Ave., Hillsboro",,Hillsboro,597,2025-07-07,2025-07-15,Reduction,2026-08-30T21:43:41.512264Z
bbb357b2d03ba4b5,OR,Aloha Facility,Aloha Facility,,Aloha,194,2025-07-07,2025-07-15,Reduction,2026-08-30T21:43:41.512264Z
b225e26358666b0e,OR,"Century Blvd., Hillsboro","Century Blvd., Hillsboro",,Hillsboro,1544,2025-07-07,2025-07-15,Reduction,2026-08-30T21:43:41.512264Z
a206cae5117a37e1,OR,"Elam Young Pkwy., Hillsboro","Elam Young Pkwy., Hillsboro",,Hillsboro,174,2025-07-07,2025-07-15,Reduction,2026-08-30T21:43:41.512264Z
00a77f9310a16fa6,OR,Pilot Rock Sawmill,Pilot Rock Sawmill,,Pilot Rock,62,2025-07-01,2025-09-01,Permanent closure,2026-08-30T21:43:41.512264Z
8e77854799b37e4a,OR,Prineville Facility,Prineville Facility,,Prineville,51,2025-06-24,2025-11-07,Permanent closure,2026-08-30T21:43:41.512264Z
463bc57e15e7d033,OR,Prineville Facility,Prineville Facility,,Prineville,81,2025-06-24,2025-08-25,Permanent closure,2026-08-30T21:43:41.512264Z
0b375efd3456b4e9,OR,Prineville Facility,Prineville Facility,,Prineville,52,2025-06-24,2025-11-21,Permanent closure,2026-08-30T21:43:41.512264Z
71fe84163d189d34,OR,Rogue Valley Transportation District,Rogue Valley Transportation District,,Medford,82,2025-06-23,2025-08-30,Large Layoff - 10 or more workers,2026-08-30T21:43:41.512264Z
9a827fdfba79e7bb,OR,PIVOT Job Corps Center Facility,PIVOT Job Corps Center Facility,,Portland,12,2025-06-09,2025-06-30,Permanent closure,2026-08-30T21:43:41.512264Z
0272dc1fb2f79c1c,OR,Springdale Job Corps Center,Springdale Job Corps Center,,Troutdale,77,2025-06-09,2025-06-30,Permanent closure,2026-08-30T21:43:41.512264Z
6149316e8779e95e,OR,Tongue Point Job Corps Center,Tongue Point Job Corps Center,,Astoria,168,2025-06-04,2025-06-06,Large Layoff - 10 or more workers,2026-08-30T21:43:41.512264Z
f1670408a7c13dcc,OR,Powin LLC,Powin,,Tualatin,96,2025-05-29,2025-07-28,Large Layoff - 10 or more workers,2026-08-30T21:43:41.512264Z
35ba341606ca76d3,OR,Remote Workers,Remote Workers,,,149,2025-05-29,2025-07-28,Large Layoff - 10 or more workers,2026-08-30T21:43:41.512264Z
9206b1eb15e8697c,OR,"ESS Tech, Inc.",ESS Tech,,Wilsonville,195,2025-05-27,2025-05-30,Permanent closure,2026-08-30T21:43:41.512264Z
696dd2dc892fcc77,OR,Chiloquin Facility,Chiloquin Facility,,Chiloquin,128,2025-05-01,2025-06-30,Permanent closure,2026-08-30T21:43:41.512264Z
94d46f3f0275d8b3,OR,Store 0505 - Portland,Store 0505 - Portland,,Portland,87,2025-04-30,2025-07-01,Permanent closure,2026-08-30T21:43:41.512264Z
9786bdbdbd63a8bb,OR,Portland Facility,Portland Facility,,Portland,47,2025-04-27,2025-06-26,Large Layoff - 10 or more workers,2026-08-30T21:43:41.512264Z
bae3ad156a5abe8e,OR,Oregon - Remote Employees,Oregon - Remote Employees,,Portand,16,2025-04-22,2025-04-22,Large Layoff - 10 or more workers,2026-08-30T21:43:41.512264Z
697acd1145ba7c3a,OR,"Lignetics, Inc. - Cascade Locks Facilit","Lignetics, Inc. - Cascade Locks Facilit",,Cascade Locks,11,2025-04-21,2025-06-30,Temporary Layoff,2026-08-30T21:43:41.512264Z
a368947edc221e13,OR,"Navajo Incorprated, Portland Facility","Navajo Incorprated, Portland Facility",,Portland,11,2025-04-16,2025-06-30,Large Layoff - 10 or more workers,2026-08-30T21:43:41.512264Z
04ec7026bbd1fc47,OR,"Portland, Oregon Facility","Portland, Oregon Facility",,Portland,72,2025-04-08,2025-05-31,Permanent closure,2026-08-30T21:43:41.512264Z
018ced68f27bbcfb,OR,UPS,UPS,,"Atlanta, GA",244,2025-03-28,2025-06-30,Temporary Layoff,2026-08-30T21:43:41.512264Z
ce255a458bea4fb4,OR,Safeway Store 4381,Safeway Store 4381,,Baker City,82,2025-03-26,2025-05-25,Permanent closure,2026-08-30T21:43:41.512264Z
2b2609ff493c43d5,OR,Oregon - Statewide,Oregon - Statewide,,,105,2025-03-26,2025-06-02,Large Layoff - 10 or more workers,2026-08-30T21:43:41.512264Z
8e08b6eee6bfc984,OR,Portland - Site,Portland - Site,,Portland,96,2025-02-18,2025-02-18,Permanent closure,2026-08-30T21:43:41.512264Z
4b07cd2d0afe8218,OR,Macy's - Salem Center,Macy's - Salem Center,,Salem,56,2025-01-09,2025-03-18,Permanent closure,2026-08-30T21:43:41.512264Z
88ed2be30e0c254f,OR,Oregon - Remote Employees,Oregon - Remote Employees,,,1,2024-12-20,2025-02-19,Reduction,2026-08-30T21:43:41.512264Z
44f7279605d0e9e6,OR,"Vimo, Inc. dba GetInsured",Vimo,GetInsured,"Mountain View, CA",429,2024-12-20,2025-02-19,Reduction,2026-08-30T21:43:41.512264Z
9a61aabb60d95950,OR,"Natural Fiber Welding, Inc.",Natural Fiber Welding,,"Peoria, IL",90,2024-12-10,2025-02-08,Reduction,2026-08-30T21:43:41.512264Z
1c272ceba38e233a,OR,Remote Workers - Oregon,Remote Workers - Oregon,,Portland,1,2024-12-10,2025-02-08,Reduction,2026-08-30T21:43:41.512264Z
69bf4601f2106050,OR,Albertsons Store 0515,Albertsons Store 0515,,Roseburg,87,2024-12-06,2025-02-07,Permanent closure,2026-08-30T21:43:41.512264Z
6ecb721bbd50dcb5,OR,Wells Fargo N.A. William Barnhart Cente,Wells Fargo N.A. William Barnhart Cente,,Hillsboro,500,2024-12-03,2025-10-01,Permanent closure,2026-08-30T21:43:41.512264Z
5e9519f1e2883ee1,OR,Hawthorne Ave - Salem,Hawthorne Ave - Salem,,Salem,221,2024-12-03,2025-10-01,Permanent closure,2026-08-30T21:43:41.512264Z
58b5b454220175fa,OR,Cabinet Door Service,Cabinet Door Service,,Salem,60,2024-11-19,2024-11-20,Large Layoff - 10 or more workers,2026-08-30T21:43:41.512264Z
c215823625f33db4,OR,The Boeing Company - Oregon Location,Boeing Company - Oregon Location,,Portland,50,2024-11-15,2025-01-17,Reduction,2026-08-30T21:43:41.512264Z
fff552496b485c2c,OR,#4184 - Portland,#4184 - Portland,,Portland,13,2024-11-14,2025-03-10,Permanent closure,2026-08-30T21:43:41.512264Z
eedd0fbd2d592eb1,OR,#3911 - Milwaukie,#3911 - Milwaukie,,Milwaukie,14,2024-11-14,2025-03-09,Permanent closure,2026-08-30T21:43:41.512264Z
bbd3384fef0b9114,OR,Distribution Center - Portland,Distribution Center - Portland,,Portland,80,2024-11-14,2025-02-15,Permanent closure,2026-08-30T21:43:41.512264Z
ac4aaf9e13da06b4,OR,#3574 - Gresham,#3574 - Gresham,,Gresham,9,2024-11-14,2025-03-05,Permanent closure,2026-08-30T21:43:41.512264Z
9c9ce7d9268bab16,OR,#3612 - Hillsboro,#3612 - Hillsboro,,Hillsboro,6,2024-11-14,2025-02-02,Permanent closure,2026-08-30T21:43:41.512264Z
79c3f50742672371,OR,#7866 - Beaverton,#7866 - Beaverton,,Beaverton,8,2024-11-14,2025-02-27,Permanent closure,2026-08-30T21:43:41.512264Z
61337a43b65154c1,OR,#3573 - Gresham,#3573 - Gresham,,Gresham,12,2024-11-14,2025-03-09,Permanent closure,2026-08-30T21:43:41.512264Z
318291545afc4e0f,OR,#4181 - Portland,#4181 - Portland,,Portland,9,2024-11-14,2025-02-26,Permanent closure,2026-08-30T21:43:41.512264Z
1d9e2ff5553f8fe9,OR,#9938 - Portland,#9938 - Portland,,Portland,9,2024-11-14,2025-03-05,Permanent closure,2026-08-30T21:43:41.512264Z
1c86b2ae35f7d3ee,OR,#4324 - Sandy,#4324 - Sandy,,Sandy,16,2024-11-14,2025-03-10,Permanent closure,2026-08-30T21:43:41.512264Z
1c0e4cd00a3c998c,OR,#3113 - Beaverton,#3113 - Beaverton,,Beaverton,9,2024-11-14,2025-03-05,Permanent closure,2026-08-30T21:43:41.512264Z
cf93d4fce159f214,OR,Hillsboro Client Site,Hillsboro Client Site,,Hillsboro,205,2024-11-05,2024-12-31,Large Layoff - 10 or more workers,2026-08-30T21:43:41.512264Z
3919635d474a589a,OR,"Misfits Markets, Inc.",Misfits Markets,,Clackamas,64,2024-10-30,2024-12-31,Permanent closure,2026-08-30T21:43:41.512264Z
0d74d2d2d05c57fe,OR,DENNIS Uniform,DENNIS Uniform,,Portland,111,2024-10-19,2024-10-19,Large Layoff - 10 or more workers,2026-08-30T21:43:41.512264Z
0db95d0ad0a11fcf,OR,Portland - Production and Maintenance P,Portland - Production and Maintenance P,,Portland,49,2024-10-17,2025-01-07,Permanent closure,2026-08-30T21:43:41.512264Z
dc3d33ef96c7303d,OR,Cornerstone Building Brands,Cornerstone Building Brands,,Tualatin,76,2024-10-15,2024-12-20,Permanent closure,2026-08-30T21:43:41.512264Z
c7fa9c46893d61e1,OR,Aloha Facility,Aloha Facility,,Aloha,28,2024-10-15,2024-11-15,Large Layoff - 10 or more workers,2026-08-30T21:43:41.512264Z
b1024612e37f38e5,OR,"Century Blvd., Hillsboro","Century Blvd., Hillsboro",,Hillsboro,514,2024-10-15,2024-11-15,Large Layoff - 10 or more workers,2026-08-30T21:43:41.512264Z
3d57e193601455a0,OR,"True Value Company, L.L.C.",True Value,,Springfield,98,2024-10-15,2024-12-14,Permanent closure,2026-08-30T21:43:41.512264Z
29c7bb28abea11c4,OR,"Elam Young Pkwy., Hillsboro","Elam Young Pkwy., Hillsboro",,Hillsboro,124,2024-10-15,2024-11-15,Large Layoff - 10 or more workers,2026-08-30T21:43:41.512264Z
1666440f1e998867,OR,"25th Ave., Hillsboro","25th Ave., Hillsboro",,Hillsboro,634,2024-10-15,2024-11-15,Large Layoff - 10 or more workers,2026-08-30T21:43:41.512264Z
f44d9a61ba30eed6,OR,Hillsboro Worksite,Hillsboro Worksite,,Hillsboro,150,2024-09-26,2024-11-25,Permanent closure,2026-08-30T21:43:41.512264Z
ad54c39320ad80be,OR,Oregon - Remote Employees,Oregon - Remote Employees,,,5,2024-09-06,2024-09-09,Reduction,2026-08-30T21:43:41.512264Z
42ef980f86dfd497,OR,"Lost Boys Interactive, LLC",Lost Boys Interactive,,"Madison, WI",134,2024-09-06,2024-09-09,Large Layoff - 10 or more workers,2026-08-30T21:43:41.512264Z
729cd33e21b3b47a,OR,Willamette Falls Paper Company,Willamette Falls Paper,,West Linn,158,2024-08-06,2024-08-09,Large Layoff - 10 or more workers,2026-08-30T21:43:41.512264Z
bc6466c02c10405f,OR,Walker Rd - Hillsboro,Walker Rd - Hillsboro,,"Hillsboro,",37,2024-07-23,2024-12-28,Large Layoff - 10 or more workers,2026-08-30T21:43:41.512264Z
8318348f39d11e80,OR,Walker Rd - Hillsboro,Walker Rd - Hillsboro,,"Hillsboro,",16,2024-07-23,2024-11-16,Large Layoff - 10 or more workers,2026-08-30T21:43:41.512264Z
803a7cd00654b965,OR,Walker Rd - Hillsboro,Walker Rd - Hillsboro,,"Hillsboro,",1,2024-07-23,2024-10-19,Reduction,2026-08-30T21:43:41.512264Z
40b8b785b325d31e,OR,Walker Rd - Hillsboro,Walker Rd - Hillsboro,,"Hillsboro,",95,2024-07-23,2024-09-20,Permanent closure,2026-08-30T21:43:41.512264Z
36ba01cc5625a0c8,OR,Walker Rd - Hillsboro,Walker Rd - Hillsboro,,"Hillsboro,",2,2024-07-23,2024-10-04,Reduction,2026-08-30T21:43:41.512264Z
a00974d8a2d756d2,OR,Hazelnut Growers of Oregon,Hazelnut Growers of Oregon,,Aurora,65,2024-07-02,2024-08-01,Large Layoff - 10 or more workers,2026-08-30T21:43:41.512264Z
3cf847b918ed3f58,OR,Hazelnut Growers of Oregon,Hazelnut Growers of Oregon,,Aurora,4,2024-07-02,2024-12-27,Permanent closure,2026-08-30T21:43:41.512264Z
3141fcbd5849b1c4,OR,OHSU,OHSU,,Portland,297,2024-07-01,2024-08-30,Large Layoff - 10 or more workers,2026-08-30T21:43:41.512264Z
cc027180dec7553f,OR,OHSU,OHSU,,Portland,142,2024-06-07,2024-08-09,Large Layoff - 10 or more workers,2026-08-30T21:43:41.512264Z
7efc9eeb4513f06e,OR,Oregon - Remote Employees,Oregon - Remote Employees,,Portland,37,2024-05-29,2024-07-31,Large Layoff - 10 or more workers,2026-08-30T21:43:41.512264Z
fc4ca7db4b5d62d3,OR,"Campbell Soup Supply Company, LLC",Campbell Soup Supply,,Tualatin,120,2024-05-28,2024-08-02,Large Layoff - 10 or more workers,2026-08-30T21:43:41.512264Z
5ac1b693adbd2c2f,OR,"Campbell Soup Supply Company, LLC",Campbell Soup Supply,,Tualatin,10,2024-05-28,2025-01-31,Large Layoff - 10 or more workers,2026-08-30T21:43:41.512264Z
3062e3b0c4ac4a42,OR,"Campbell Soup Supply Company, LLC",Campbell Soup Supply,,Tualatin,200,2024-05-28,2026-07-26,Large Layoff - 10 or more workers,2026-08-30T21:43:41.512264Z
f20bc145c7923524,OR,Lignetics,Lignetics,,Cascade Locks,1,2024-05-10,2024-04-19,Reduction,2026-08-30T21:43:41.512264Z
ea19a0cf41f248b1,OR,Lignetics,Lignetics,,Cascade Locks,2,2024-05-10,2024-03-15,Reduction,2026-08-30T21:43:41.512264Z
35127e830e7fbb6d,OR,Lignetics,Lignetics,,Cascade Locks,5,2024-05-10,2024-07-10,Reduction,2026-08-30T21:43:41.512264Z
750e497f366c6be4,OR,Multnomah University,Multnomah University,,Portland,88,2024-05-07,2024-06-30,Large Layoff - 10 or more workers,2026-08-30T21:43:41.512264Z
055848ea5b094dfe,OR,Portland Manufacturing Site,Portland Manufacturing Site,,Portland,75,2024-04-22,2024-06-28,Large Layoff - 10 or more workers,2026-08-30T21:43:41.512264Z
33b855714dff084a,OR,"NIKE, Inc.",NIKE,,Beaverton,740,2024-04-19,2024-06-28,Reduction,2026-08-30T21:43:41.512264Z
5204bce574109ce3,OR,"Block, Inc.",Block,,"Oakland, CA",20,2024-04-02,2024-06-03,Large Layoff - 10 or more workers,2026-08-30T21:43:41.512264Z
c9ed32246ad533c6,OR,"Volta Charging Industries, LLC",Volta Charging Industries,,"San Francisco, CA",171,2024-03-29,2024-05-31,Permanent closure,2026-08-30T21:43:41.512264Z
834f722838b4f7a7,OR,"Osso VR, Inc.",Osso VR,,"San Francisco, CA",67,2024-03-28,2024-05-27,Large Layoff - 10 or more workers,2026-08-30T21:43:41.512264Z
b9b87c14dc991313,OR,"Bornstein Seafoods, Inc - Newport Facil","Bornstein Seafoods, Inc - Newport Facil",,Newport,50,2024-03-22,2024-05-21,Permanent closure,2026-08-30T21:43:41.512264Z
78e0024a2473aa38,OR,"Bionano Genomics, Inc.",Bionano Genomics,,"San Diego, CA",76,2024-03-21,2024-05-24,Reduction,2026-08-30T21:43:41.512264Z
6e94a31667ee0ff2,OR,Adventist Health of Tillamook,Adventist Health of Tillamook,,Tillamook,22,2024-03-07,2024-05-05,Reduction,2026-08-30T21:43:41.512264Z
0791aac7c13d020b,OR,Wieden + Kennedy,Wieden + Kennedy,,Portland,87,2024-02-23,2024-03-01,Reduction,2026-08-30T21:43:41.512264Z
bdefd42cad7edaa2,OR,Interfor U.S. Inc,Interfor U.S,,Philomath,42,2024-02-15,2024-02-15,Large Layoff - 10 or more workers,2026-08-30T21:43:41.512264Z
2b851f7cc18dc35f,OR,Philomath Division - Industrial Way Mil,Philomath Division - Industrial Way Mil,,Philomath,58,2024-02-15,2024-02-15,Large Layoff - 10 or more workers,2026-08-30T21:43:41.512264Z
f28fcae2cf452045,OR,Portland Day Sort,Portland Day Sort,,Portland,350,2024-02-13,2024-04-19,Large Layoff - 10 or more workers,2026-08-30T21:43:41.512264Z
c7c62bb4eac2ee72,OR,RNDC - Eugene Location,RNDC - Eugene Location,,Eugene,3,2024-01-30,2024-03-31,Permanent closure,2026-08-30T21:43:41.512264Z
b6f54d4e0d7666b7,OR,RNDC - Medford Location #2,RNDC - Medford,,Medford,3,2024-01-30,2024-03-31,Permanent closure,2026-08-30T21:43:41.512264Z
b69f24b605253588,OR,RNDC - Medford Location #1,RNDC - Medford,,Medford,1,2024-01-30,2024-03-31,Permanent closure,2026-08-30T21:43:41.512264Z
670f7ef08a2c7ca9,OR,RNDC - Portland Location,RNDC - Portland Location,,Portland,67,2024-01-30,2024-03-31,Permanent closure,2026-08-30T21:43:41.512264Z
46069b1b81ef17b1,OR,RNDC - Bend Location,RNDC - Bend Location,,Bend,4,2024-01-30,2024-03-31,Permanent closure,2026-08-30T21:43:41.512264Z
0bc45153fde67e0a,OR,Remote Workers - Oregon,Remote Workers - Oregon,,,46,2024-01-30,2024-03-30,Large Layoff - 10 or more workers,2026-08-30T21:43:41.512264Z
53cff79724c0147d,OR,"Lost Boys Interactive, LLC",Lost Boys Interactive,,"Madison, WI",121,2024-01-11,2024-03-15,Large Layoff - 10 or more workers,2026-08-30T21:43:41.512264Z
19c2b8c6efd7bd42,OR,Oregon - Remote Employees,Oregon - Remote Employees,,,4,2024-01-11,2024-03-15,Reduction,2026-08-30T21:43:41.512264Z
63a38fac7e692c04,OR,Portland - Site,Portland - Site,,Portland,62,2023-12-01,2024-01-31,Permanent closure,2026-08-30T21:43:41.512264Z
ce964d7f59afb7ca,OR,Yelloh - Central Point,Yelloh - Central Point,,Central Point,6,2023-10-25,2023-12-15,Permanent closure,2026-08-30T21:43:41.512264Z
bf2ca99393cb3f4a,OR,Yelloh - Salem,Yelloh - Salem,,Salem,7,2023-10-25,2023-12-15,Permanent closure,2026-08-30T21:43:41.512264Z
7273446ba6e6f662,OR,Yelloh - Tualitin,Yelloh - Tualitin,,Tualitin,11,2023-10-25,2023-12-15,Permanent closure,2026-08-30T21:43:41.512264Z
452ea17f84e45747,OR,Yelloh - Eugene,Yelloh - Eugene,,Eugen,8,2023-10-25,2023-12-15,Permanent closure,2026-08-30T21:43:41.512264Z
0746d8deca142f7b,OR,Peace Health,Peace Health,,Eugene,463,2023-10-19,2023-12-20,Permanent closure,2026-08-30T21:43:41.512264Z
589c5e52341b4c63,OR,Wilsonville Distribution Center,Wilsonville Distribution Center,,Wilsonville,136,2023-10-18,2024-01-03,Permanent closure,2026-08-30T21:43:41.512264Z
e99f28cfb918224e,OR,Grace,Grace,,Albany,23,2023-10-01,2024-06-30,Permanent closure,2026-08-30T21:43:41.512264Z
d888ca1667231a9c,OR,Grace,Grace,,Albany,61,2023-10-01,2023-12-31,Permanent closure,2026-08-30T21:43:41.512264Z
5a1526efa79c1590,OR,Grace,Grace,,Albany,11,2023-10-01,2024-03-31,Permanent closure,2026-08-30T21:43:41.512264Z
fff17da57ef3208a,OR,T3358 Store,T3358 Store,,Portland,56,2023-09-26,2023-12-30,Permanent closure,2026-08-30T21:43:41.512264Z
ba9889dd6e9ca722,OR,T3281 Store,T3281 Store,,Portland,40,2023-09-26,2023-12-30,Permanent closure,2026-08-30T21:43:41.512264Z
429507611ac24b9b,OR,T3381 Store,T3381 Store,,Portland,62,2023-09-26,2023-12-30,Permanent closure,2026-08-30T21:43:41.512264Z
a53bd4f842793f43,OR,"Divvy Homes, Inc",Divvy Homes,,"San Francisco, CA",94,2023-09-07,2023-11-07,Reduction,2026-08-30T21:43:41.512264Z
400a22ab58b42ccd,OR,"American Nursery Services, Inc.",American Nursery Services,,Newberg,25,2023-09-05,2023-12-31,Permanent closure,2026-08-30T21:43:41.512264Z
e5cfc1ab5f3ceaba,OR,Walker Rd - Hillsboro,Walker Rd - Hillsboro,,Hillsboro,2,2023-08-22,2024-01-26,Reduction,2026-08-30T21:43:41.512264Z
cd21e295015b65ce,OR,Walker Rd - Hillsboro,Walker Rd - Hillsboro,,Hillsboro,1,2023-08-22,2023-11-17,Reduction,2026-08-30T21:43:41.512264Z
a5fe97db72a3c3a1,OR,Walker Rd - Hillsboro,Walker Rd - Hillsboro,,Hillsboro,158,2023-08-22,2023-10-20,Large Layoff - 10 or more workers,2026-08-30T21:43:41.512264Z
809c97518ffa74b9,OR,Walker Rd - Hillsboro,Walker Rd - Hillsboro,,Hillsboro,62,2023-08-22,2024-01-12,Large Layoff - 10 or more workers,2026-08-30T21:43:41.512264Z
76ef22ab33292b16,OR,Bennett St. - Hillsboro,Bennett St. - Hillsboro,,Hillsboro,2,2023-08-22,2023-12-29,Reduction,2026-08-30T21:43:41.512264Z
4f3e09c9789c791a,OR,Walker Rd - Hillsboro,Walker Rd - Hillsboro,,Hillsboro,2,2023-08-22,2024-04-05,Reduction,2026-08-30T21:43:41.512264Z
4ea7a1aba806a37e,OR,Bennett St. - Hillsboro,Bennett St. - Hillsboro,,Hillsboro,3,2023-08-22,2024-01-12,Reduction,2026-08-30T21:43:41.512264Z
2f95a1b1f2de6105,OR,Walker Rd - Hillsboro,Walker Rd - Hillsboro,,Hillsboro,3,2023-08-22,2023-12-29,Reduction,2026-08-30T21:43:41.512264Z
2b0b16917af17e42,OR,Walker Rd - Hillsboro,Walker Rd - Hillsboro,,Hillsboro,1,2023-08-22,2023-12-01,Reduction,2026-08-30T21:43:41.512264Z
12018113bc98d888,OR,Bennett St. - Hillsboro,Bennett St. - Hillsboro,,Hillsboro,71,2023-08-22,2023-10-20,Large Layoff - 10 or more workers,2026-08-30T21:43:41.512264Z
75531df02507713f,OR,BOISE CASCADE ELGIN PLYWOOD MILL,Boise Cascade Elgin Plywood Mill,,ELGIN,1,2023-08-16,2023-10-14,Other,2026-08-30T21:43:41.512264Z
ccde8a7823a4c5d4,OR,Centerra,Centerra,,"Herndon, VA",52,2023-08-10,2023-09-30,Permanent closure,2026-08-30T21:43:41.512264Z
829908f4cea029bb,OR,Cascades Tissue Group - St Helens Paper,Cascades Tissue Group - St Helens Paper,,St. Helens,72,2023-08-10,2023-10-14,Permanent closure,2026-08-30T21:43:41.512264Z
ef8dfa6b74041659,OR,DC-25 Portland Distribution Center,DC-25 Portland Distribution Center,,Portland,78,2023-07-31,2023-10-06,Large Layoff - 10 or more workers,2026-08-30T21:43:41.512264Z
39cee9352040d64d,OR,DC-25 Portland Distribution Center,DC-25 Portland Distribution Center,,Portland,23,2023-07-31,2023-11-03,Large Layoff - 10 or more workers,2026-08-30T21:43:41.512264Z
ee0f59f476fc2ff9,OR,Roseburg-509,Roseburg-509,,Roseburg,72,2023-07-30,2023-07-30,Permanent closure,2026-08-30T21:43:41.512264Z
a885bef8231c09c7,OR,Eugene-506,Eugene-506,,Eugene,15,2023-07-30,2023-06-30,Permanent closure,2026-08-30T21:43:41.512264Z
f2f6f2f7d593061d,OR,Medford Plant,Medford Plant,,Medford,18,2023-07-28,2023-12-23,Permanent closure,2026-08-30T21:43:41.512264Z
cf8d1c9efab02caf,OR,Medford Plant,Medford Plant,,Medford,56,2023-07-28,2023-09-23,Permanent closure,2026-08-30T21:43:41.512264Z
afe8c6f9614a46f1,OR,"Rise Services, Inc.",Rise Services,,"Mesa, AZ",,2023-07-18,,Permanent closure,2026-08-30T21:43:41.512264Z
75f1ae60118a18a5,OR,"PBS West, LLC",PBS West,,Corvallis,50,2023-07-07,2023-09-06,Large Layoff - 10 or more workers,2026-08-30T21:43:41.512264Z
8f6ccd7ac3d505ba,OR,"Jacksonville, Remote Employee Location","Jacksonville, Remote Employee Location",,Jacksonville,1,2023-06-14,2023-06-14,Large Layoff - 10 or more workers,2026-08-30T21:43:41.512264Z
f9fdac72183b3ad4,OR,Owens-Brockway Glass Container Inc.,Owens-Brockway Glass Container,,Portland,81,2023-06-13,2023-07-21,Reduction,2026-08-30T21:43:41.512264Z
14a6b408843d762b,OR,Marquis Spas,Marquis Spas,,Independence,115,2023-06-08,2023-09-01,Permanent closure,2026-08-30T21:43:41.512264Z
0a6f23f095f33e33,OR,Aimbridge Employee Service Corp AKA Val,Aimbridge Employee Service,Val,Eugene,62,2023-06-06,2023-06-29,Large Layoff - 10 or more workers,2026-08-30T21:43:41.512264Z
baa437335d1b0320,OR,Aspiration Partners,Aspiration Partners,,"Marina Del Rey, CA",3,2023-05-24,2023-06-30,Large Layoff - 10 or more workers,2026-08-30T21:43:41.512264Z
d64c47e82e0f9e9d,OR,Cascades Tissue Group - St Helens Paper,Cascades Tissue Group - St Helens Paper,,St. Helens,45,2023-05-09,2023-07-08,Large Layoff - 10 or more workers,2026-08-30T21:43:41.512264Z
e4198eef924ceb86,OR,"Makita U.S.A., Inc.",Makita U.S.A,,Portland,6,2023-04-28,2023-06-28,Permanent closure,2026-08-30T21:43:41.512264Z
3c765b7373f668d9,OR,Cascades Tissue Group - Scappoose Conve,Cascades Tissue Group - Scappoose Conve,,Scappoose,88,2023-04-25,2023-07-28,Permanent closure,2026-08-30T21:43:41.512264Z
df95c43dded72f9b,OR,"David's Bridal, Store # 216, Eugene","David's Bridal, Store # 216, Eugene",,Eugene,1,2023-04-14,2023-07-17,Permanent closure,2026-08-30T21:43:41.512264Z
bd940c55be5e5a34,OR,"David's Bridal, Store # 263 Medford","David's Bridal, Store # 263 Medford",,Medford,1,2023-04-14,2023-07-17,Permanent closure,2026-08-30T21:43:41.512264Z
7e59fca9e3ac16b6,OR,"David's Bridal, Store # 200, Clackamas","David's Bridal, Store # 200, Clackamas",,Happy Valley,1,2023-04-14,2023-07-17,Permanent closure,2026-08-30T21:43:41.512264Z
6780cc326b8c79e8,OR,"David's Bridal, Store # 160, Beaverton","David's Bridal, Store # 160, Beaverton",,Beaverton,1,2023-04-14,2023-07-17,Permanent closure,2026-08-30T21:43:41.512264Z
401d0f16a77bda54,OR,"David's Bridal, Store # 292 Salem","David's Bridal, Store # 292 Salem",,Keizer,1,2023-04-14,2023-07-17,Permanent closure,2026-08-30T21:43:41.512264Z
42fc1edd3017fb1b,OR,"Aspiration Partners, Inc",Aspiration Partners,,"Marina Del Rey, CA",12,2023-03-24,2023-05-26,Large Layoff - 10 or more workers,2026-08-30T21:43:41.512264Z
66f53c8b6a2c9ca5,OR,Blount Fine Foods,Blount Fine Foods,,Portland,198,2023-03-13,2023-05-12,Permanent closure,2026-08-30T21:43:41.512264Z
492d9c22b93e3238,OR,Client Facility,Client Facility,,Beaverton,150,2023-03-13,2023-05-31,Permanent closure,2026-08-30T21:43:41.512264Z
1f4b013846c9e857,OR,Walmart Store #5899,Walmart,,Portland,201,2023-02-22,2023-06-02,Permanent closure,2026-08-30T21:43:41.512264Z
1aab99d606b8725a,OR,Walmart Store #2552,Walmart,,Portland,379,2023-02-22,2023-06-02,Permanent closure,2026-08-30T21:43:41.512264Z
60e4b2aeec3ba016,OR,Railcar Manufacturing Operations,Railcar Manufacturing Operations,,Portland,101,2023-01-20,2023-03-21,Large Layoff - 10 or more workers,2026-08-30T21:43:41.512264Z
244b240f10202fc0,OR,Specialized Bicycle Components,Specialized Bicycle Components,,"Morgan Hill, CA",7,2023-01-11,2023-01-13,Reduction,2026-08-30T21:43:41.512264Z
f618034452232367,OR,BOISE CASCADE ELGIN PLYWOOD MILL,Boise Cascade Elgin Plywood Mill,,ELGIN,,2022-12-14,,Large Layoff - 10 or more workers,2026-08-30T21:43:41.512264Z
0c9e769e0563e5b9,OR,"Laird Superfood, Inc",Laird Superfood,,Sisters,46,2022-10-12,2022-12-12,Large Layoff - 10 or more workers,2026-08-30T21:43:41.512264Z
cfaa9bd4490e0665,OR,"Beauty Systems Group, LLC, DBA CosmoPro",Beauty Systems Group,CosmoPro,Clackamas,60,2022-10-11,2022-12-16,Large Layoff - 10 or more workers,2026-08-30T21:43:41.512264Z
b530653f25d7bf7c,OR,BayFirst Financial,BayFirst Financial,,"St. Petersburg, FL",58,2022-09-23,2022-11-25,Large Layoff - 10 or more workers,2026-08-30T21:43:41.512264Z
e60441bfcfa6417a,OR,"Tegra, DBA Latitudes LLC",Tegra,Latitudes LLC,Portland,48,2022-09-08,2022-11-04,Permanent closure,2026-08-30T21:43:41.512264Z
52bfd934b595d701,OR,DENNIS Uniform,DENNIS Uniform,,Portland,71,2022-08-30,2022-11-01,Large Layoff - 10 or more workers,2026-08-30T21:43:41.512264Z
7ec86e665e8381da,OR,"Columbia Steel Casting Co., Inc.",Columbia Steel Casting,,Portland,225,2022-08-22,2022-10-22,Permanent closure,2026-08-30T21:43:41.512264Z
88bd221c3457a19d,OR,RR Donnelley,RR Donnelley,,Medford,97,2022-07-13,2022-09-11,Permanent closure,2026-08-30T21:43:41.512264Z
155d0da4dc683bc0,OR,Center for Autism and Related Disorders,Center for Autism and Related Disorders,,"Plano, TX",156,2022-06-29,2022-08-29,Permanent closure,2026-08-30T21:43:41.512264Z
9a0db2e953b13ed4,OR,"Dr. Martens Airway USA, LLC - Anchor Pa","Dr. Martens Airway USA, LLC - Anchor Pa",,Portland,40,2022-05-18,2022-09-01,Permanent closure,2026-08-30T21:43:41.512264Z
140862bf5c189247,OR,"Dr. Martens Airway USA, LLC - Anchor Pa","Dr. Martens Airway USA, LLC - Anchor Pa",,Portland,31,2022-05-18,2022-10-31,Permanent closure,2026-08-30T21:43:41.512264Z
dd56696d855864cb,OR,"ARS-Fresno, LLC.",ARS-Fresno,,"Carlsbad, CA",163,2022-03-30,2022-05-31,Large Layoff - 10 or more workers,2026-08-30T21:43:41.512264Z
4eb2348d21d63c47,OR,Peloton,Peloton,,Portland,54,2022-02-08,2022-02-08,Permanent closure,2026-08-30T21:43:41.512264Z
fae50b6e1af4dd1c,OR,Boyd Corporation,Boyd,,Portland,40,2022-01-17,2022-04-01,Permanent closure,2026-08-30T21:43:41.512264Z
5f213af5b430b7ea,OR,GP Downs LLC dba The Flying Lark,GP Downs,The Flying Lark,Grants Pass,226,2022-01-07,2022-02-28,Permanent closure,2026-08-30T21:43:41.512264Z
4afe642c23305fd5,OR,GP Downs LLC dba The Flying Lark,GP Downs,The Flying Lark,Grants Pass,43,2022-01-07,2022-02-28,Permanent closure,2026-08-30T21:43:41.512264Z
4dd5b593a6b49189,OR,Hematology Oncology Associates PC,Hematology Oncology Associates,,Medford,95,2021-10-22,2021-12-31,Permanent closure,2026-08-30T21:43:41.512264Z
cf90eef3badf4e0c,OR,Eclipse Senior Living Support Center,Eclipse Senior Living Support Center,,Lake Oswego,171,2021-10-01,2021-12-01,Permanent closure,2026-08-30T21:43:41.512264Z
e95c339e42e7ae82,OR,4 Leaf LLC,4 Leaf,,Portland,63,2021-09-17,2021-09-30,Permanent closure,2026-08-30T21:43:41.512264Z
e479b272f09cb265,OR,Sulzer,Sulzer,,Portland,5,2021-09-10,2022-04-29,Permanent closure,2026-08-30T21:43:41.512264Z
db80b6a31ef826e8,OR,Sulzer,Sulzer,,Portland,16,2021-09-10,2022-07-01,Permanent closure,2026-08-30T21:43:41.512264Z
4465e7bd9f2beece,OR,Sulzer,Sulzer,,Portland,14,2021-09-10,2021-11-12,Permanent closure,2026-08-30T21:43:41.512264Z
3d83e1d7675ba116,OR,Sulzer,Sulzer,,Portland,6,2021-09-10,2022-04-01,Permanent closure,2026-08-30T21:43:41.512264Z
2a94c1258455c14d,OR,Sulzer,Sulzer,,Portland,10,2021-09-10,2022-08-26,Permanent closure,2026-08-30T21:43:41.512264Z
260990b47976f615,OR,Sulzer,Sulzer,,Portland,12,2021-09-10,2022-01-14,Permanent closure,2026-08-30T21:43:41.512264Z
12cc3723b1ffdc5e,OR,Lifeways - Umatilla County,Lifeways - Umatilla County,,Pendleton,100,2021-08-13,2021-10-13,Permanent closure,2026-08-30T21:43:41.512264Z
a5f8a2e9ccbbf68f,OR,First Transit - Multnomah,First Transit - Multnomah,,Portland,127,2021-07-30,2021-09-30,Permanent closure,2026-08-30T21:43:41.512264Z
8ba2edda8c9c7ada,OR,First Transit - Portland,First Transit - Portland,,Portland,170,2021-07-30,2021-09-30,Permanent closure,2026-08-30T21:43:41.512264Z
7df3ea6a6e8e65a7,OR,First Transit - Beaverton,First Transit - Beaverton,,Beaverton,99,2021-07-30,2021-09-30,Permanent closure,2026-08-30T21:43:41.512264Z
5ad0997c21c39127,OR,Aramark,Aramark,,"Nashville, TN",402,2021-07-22,2021-08-31,Permanent closure,2026-08-30T21:43:41.512264Z
8da1ae2645ba3695,OR,Mentor Oregon,Mentor Oregon,,Portland,177,2021-07-06,2021-09-30,Permanent closure,2026-08-30T21:43:41.512264Z
5ce03055285e77ef,OR,Thriftbooks - Portland Processing Cente,Thriftbooks - Portland Processing Cente,,Portland,70,2021-04-22,2021-06-01,Permanent closure,2026-08-30T21:43:41.512264Z
8ffb110be7e5e767,OR,DSU-Peterbuilt & GMC Inc,DSU-Peterbuilt & GMC,,Portland,260,2021-04-05,2021-05-31,Other,2026-08-30T21:43:41.512264Z
997f08ce6b31ead0,OR,PERFORMANT,Performant,,Grants Pass,60,2021-02-26,2021-04-25,Reduction,2026-08-30T21:43:41.512264Z
62b90de6bbe72266,OR,PERFORMANT,Performant,,Grants Pass,31,2021-02-26,2021-03-01,Reduction,2026-08-30T21:43:41.512264Z
e06dc943dec8c0d7,OR,Simple,Simple,,Portland,37,2021-01-29,2021-04-02,Permanent closure,2026-08-30T21:43:41.512264Z
93afe56fdc4721f6,OR,Simple,Simple,,Portland,1,2021-01-29,2021-05-07,Permanent closure,2026-08-30T21:43:41.512264Z
89239ea0858c7e89,OR,Simple,Simple,,Portland,47,2021-01-29,2021-06-11,Permanent closure,2026-08-30T21:43:41.512264Z
502336f8926937b9,OR,Simple,Simple,,Portland,95,2021-01-29,2021-05-14,Permanent closure,2026-08-30T21:43:41.512264Z
02ed804f19509d52,OR,azlo,azlo,,Portland,122,2021-01-29,2021-04-02,Permanent closure,2026-08-30T21:43:41.512264Z
d03559ba78e857f7,OR,SunPower,SunPower,,Hillsboro,9,2021-01-07,2021-09-30,Permanent closure,2026-08-30T21:43:41.512264Z
49fde4e5fe24ab21,OR,SunPower,SunPower,,Hillsboro,172,2021-01-07,2021-03-09,Permanent closure,2026-08-30T21:43:41.512264Z
d6a5223d8440d760,OR,NPL - Central Point - Grants Pass,NPL - Central Point - Grants Pass,,Grants Pass,67,2020-12-15,2021-02-15,Permanent closure,2026-08-30T21:43:41.512264Z
a6ca1034fb42fcd8,OR,Southwest Airlines,Southwest Airlines,,Portland,85,2020-12-03,2021-03-15,Large Layoff - 10 or more workers,2026-08-30T21:43:41.512264Z
4f939813292a67c7,OR,Villasport,Villasport,,Beaverton,66,2020-11-25,2021-01-18,Reduction,2026-08-30T21:43:41.512264Z
ebca60269074521e,OR,Providence,Providence,,Portland,5,2020-11-16,2021-01-15,Reduction,2026-08-30T21:43:41.512264Z
bb2eac2646612272,OR,Macy's Inc,Macy's,,Portland,83,2020-11-16,2021-01-18,Permanent closure,2026-08-30T21:43:41.512264Z
8c69d774bc4b43d9,OR,Boise Cascade - Elgin Plywood Facility,Boise Cascade - Elgin Plywood Facility,,Elgin,229,2020-11-16,2021-01-01,Permanent closure,2026-08-30T21:43:41.512264Z
0d5955602cbd016f,OR,Providence,Providence,,Portland,177,2020-11-16,2021-01-15,Other,2026-08-30T21:43:41.512264Z
24d3de28eeee783b,OR,Elmer's Restaurants,Elmer's Restaurants,,Portland,280,2020-11-13,2020-11-13,Temporary Layoff,2026-08-30T21:43:41.512264Z
0bb0c8ffcf1ca5f1,OR,SYUFY Enterprises - VillaSport,SYUFY Enterprises - VillaSport,,Beaverton,59,2020-10-23,2020-12-21,Reduction,2026-08-30T21:43:41.512264Z
be803dda7be8a7d7,OR,DoubleTree - Hilton Portland,DoubleTree - Hilton Portland,,Portland,59,2020-09-30,2020-09-30,Reduction,2026-08-30T21:43:41.512264Z
67b6c6ce4358bc28,OR,SP+,SP+,,Portland,89,2020-09-25,2020-03-24,Reduction,2026-08-30T21:43:41.512264Z
e802e090636a41bb,OR,PF Chang's - Eugene,PF Chang's - Eugene,,Eugene,75,2020-09-18,2020-09-18,Other,2026-08-30T21:43:41.512264Z
132fc83117727a37,OR,PF Chang's,PF Chang's,,Hillsboro,75,2020-09-18,2020-09-18,Other,2026-08-30T21:43:41.512264Z
e8fd33e27ad985ee,OR,Sodexo - Salem-Keizer SD,Sodexo - Salem-Keizer SD,,Salem,358,2020-09-17,2020-03-13,Temporary Layoff,2026-08-30T21:43:41.512264Z
948623477be4b4aa,OR,Sodexo - Gresham-Barlow SD,Sodexo - Gresham-Barlow SD,,Gresham,85,2020-09-17,2020-03-13,Temporary Layoff,2026-08-30T21:43:41.512264Z
3be5de04f8ee7c7c,OR,Sodexo - Medford SD,Sodexo - Medford SD,,Medford,111,2020-09-17,2020-03-13,Temporary Layoff,2026-08-30T21:43:41.512264Z
6c75f1baad963552,OR,Dave & Buster's,Dave & Buster's,,Happy Valley,84,2020-09-08,2020-11-08,Reduction,2026-08-30T21:43:41.512264Z
4ef75eb278b7fb66,OR,LAGS Medical Center - Portland,LAGS Medical Center - Portland,,Portland,7,2020-09-03,2020-11-02,Small Layoff 1 – 10 workers,2026-08-30T21:43:41.512264Z
3dc8d7591597a31c,OR,LAGS Medical Center - Salem,LAGS Medical Center - Salem,,Salem,4,2020-09-03,2020-11-02,Small Layoff 1 – 10 workers,2026-08-30T21:43:41.512264Z
34dfd2d1df82d549,OR,Bon Appetit,Bon Appetit,,Portland,170,2020-09-01,2020-09-30,Reduction,2026-08-30T21:43:41.512264Z
10d5d296b3861192,OR,Bon Appetit,Bon Appetit,,Portland,224,2020-09-01,2020-09-30,Other,2026-08-30T21:43:41.512264Z
032766b555cf200d,OR,PGE - Boardman,PGE - Boardman,,Boardman,22,2020-09-01,2020-11-05,Permanent closure,2026-08-30T21:43:41.512264Z
db4fc1982f23a9e0,OR,LAIKA,Laika,,Hillsboro,50,2020-08-14,2020-09-01,Large Layoff - 10 or more workers,2026-08-30T21:43:41.512264Z
0cbfbabcf3859f73,OR,HMSHost,HMSHost,,Portland,51,2020-08-11,2020-10-15,Reduction,2026-08-30T21:43:41.512264Z
bdbd2bed95046cce,OR,Embassy Suites Portland-Downtown,Embassy Suites Portland-Downtown,,Portland,70,2020-07-31,2020-03-20,Large Layoff - 10 or more workers,2026-08-30T21:43:41.512264Z
38621d07e895311f,OR,"LSG Group - Sky Chefs, Inc",LSG Group - Sky Chefs,,Portland,193,2020-07-31,2020-10-01,Large Layoff - 10 or more workers,2026-08-30T21:43:41.512264Z
e5ab8f0e8b7266e7,OR,Alaska Airlines - Portland Internationa,Alaska Airlines - Portland Internationa,,Portland,277,2020-07-29,2020-10-01,Reduction,2026-08-30T21:43:41.512264Z
b2247b5ea371d4ba,OR,Nike,Nike,,Beaverton,700,2020-07-23,2020-07-23,Reduction,2026-08-30T21:43:41.512264Z
7e037b16eaddfe79,OR,Nike,Nike,,Beaverton,308,2020-07-23,2020-10-01,Reduction,2026-08-30T21:43:41.512264Z
2676a56829403a63,OR,Nike - Childcare,Nike - Childcare,,Beaverton,192,2020-07-23,2020-10-01,Reduction,2026-08-30T21:43:41.512264Z
abf42760ed315ef1,OR,Vesta,Vesta,,Lake Oswego,20,2020-07-22,2020-07-22,Permanent closure,2026-08-30T21:43:41.512264Z
9c94c1c15a34e090,OR,American Queen Steamboat Company,American Queen Steamboat,,"New Albany, IN",250,2020-07-22,2020-09-24,Large Layoff - 10 or more workers,2026-08-30T21:43:41.512264Z
cc7b4558912ea8a3,OR,Pioneer Pacific College,Pioneer Pacific College,,Portland,41,2020-07-21,2020-07-31,Permanent closure,2026-08-30T21:43:41.512264Z
425065d5eb4801a6,OR,Pioneer Pacific College - Springfield,Pioneer Pacific College - Springfield,,Springfield,51,2020-07-21,2020-07-31,Permanent closure,2026-08-30T21:43:41.512264Z
37baa393ec208336,OR,Pioneer Pacific College - Beaverton,Pioneer Pacific College - Beaverton,,Beaverton,39,2020-07-21,2020-07-31,Permanent closure,2026-08-30T21:43:41.512264Z
df4025ea0e17aad4,OR,Nike (Lifeworks) - Beaverton,Nike (Lifeworks) - Beaverton,,Beaverton,66,2020-07-20,2020-10-20,Reduction,2026-08-30T21:43:41.512264Z
cb86f8e58b1a59d9,OR,Nike (Lifeworks) - Hillsboro,Nike (Lifeworks) - Hillsboro,,Hillsboro,23,2020-07-20,2020-09-25,Reduction,2026-08-30T21:43:41.512264Z
2a278b8f8eb7026d,OR,Nike (Lifeworks) - Beaverton,Nike (Lifeworks) - Beaverton,,Beaverton,355,2020-07-20,2020-09-25,Reduction,2026-08-30T21:43:41.512264Z
abe3596c65e59ac5,OR,United - PDX,United - PDX,,Portland,3,2020-07-08,2020-10-01,Reduction,2026-08-30T21:43:41.512264Z
4ec20112ba8fc371,OR,United - PDX,United - PDX,,Portland,119,2020-07-08,2020-10-01,Reduction,2026-08-30T21:43:41.512264Z
ffcdfeee6e93e295,OR,arauco - Albany,arauco - Albany,,Albany,75,2020-07-06,2020-07-06,Reduction,2026-08-30T21:43:41.512264Z
b99996901e4fd953,OR,Hampton Inn & Suites - Portland,Hampton Inn & Suites - Portland,,Portland,41,2020-07-06,2020-06-30,Reduction,2026-08-30T21:43:41.512264Z
9e55529d8cdbeac2,OR,The Coca -Cola Company Odwalla's - Port,Coca -Cola Company Odwalla's - Port,,Portland,30,2020-06-30,2020-08-31,Permanent closure,2026-08-30T21:43:41.512264Z
6a33b7befabf21bd,OR,Hilton Portland Downtown,Hilton Portland Downtown,,Portland,330,2020-06-30,2020-03-22,Other,2026-08-30T21:43:41.512264Z
42374c0e4683f2e4,OR,Levy Premium Foodservice...LLC,Levy Premium Foodservice...LLC,,Portland,54,2020-06-24,2020-08-01,Reduction,2026-08-30T21:43:41.512264Z
cf1a167579050e2a,OR,Hyatt Regency - Portland,Hyatt Regency - Portland,,Portland,181,2020-06-19,2020-03-20,Temporary Layoff,2026-08-30T21:43:41.512264Z
c1063af62a215a89,OR,Hyatt Regency - Portland,Hyatt Regency - Portland,,Portland,4,2020-06-19,2020-10-30,Reduction,2026-08-30T21:43:41.512264Z
a676543d4c237149,OR,Hyatt Regency - Portland,Hyatt Regency - Portland,,Portland,8,2020-06-19,2020-09-04,Temporary Layoff,2026-08-30T21:43:41.512264Z
863b49b621c10557,OR,Hyatt Regency - Portland,Hyatt Regency - Portland,,Portland,1,2020-06-19,2020-11-01,Reduction,2026-08-30T21:43:41.512264Z
5d57471688fabdc7,OR,Hyatt Regency - Portland,Hyatt Regency - Portland,,Portland,2,2020-06-19,2021-01-13,Temporary Layoff,2026-08-30T21:43:41.512264Z
a81863f7a17d0605,OR,Kimpton Hotel Vintage Portland,Kimpton Hotel Vintage Portland,,Portland,94,2020-06-12,2020-03-01,Large Layoff - 10 or more workers,2026-08-30T21:43:41.512264Z
96601e93831d161e,OR,Kimpton Hotel Monaco Portland,Kimpton Hotel Monaco Portland,,Portland,147,2020-06-12,2020-03-13,Large Layoff - 10 or more workers,2026-08-30T21:43:41.512264Z
0b8db23d805adf84,OR,Kimpton Riverplace Hotel,Kimpton Riverplace Hotel,,Portland,79,2020-06-12,2020-03-13,Large Layoff - 10 or more workers,2026-08-30T21:43:41.512264Z
c41a2d5182e952b7,OR,"Continuum Global Solutions, LLC",Continuum Global Solutions,,Portland,255,2020-06-10,2020-08-12,Permanent closure,2026-08-30T21:43:41.512264Z
68c018edd8553c38,OR,ATI Albany Operations,ATI Albany Operations,,Albany,135,2020-06-10,2020-10-26,Large Layoff - 10 or more workers,2026-08-30T21:43:41.512264Z
6508819ed6c25b61,OR,ATI Albany Operations,ATI Albany Operations,,Albany,76,2020-06-10,2020-12-07,Permanent closure,2026-08-30T21:43:41.512264Z
ab0ebf4762a3035f,OR,The Bay Company - Portland,Bay Company - Portland,,Tigard,125,2020-06-09,2020-09-29,Other,2026-08-30T21:43:41.512264Z
5e7577d1ab13a8b9,OR,The Bay Company - Portland,Bay Company - Portland,,Tigard,289,2020-06-09,2020-04-15,Large Layoff - 10 or more workers,2026-08-30T21:43:41.512264Z
96a182976e913854,OR,EVRAZ - Portland,EVRAZ - Portland,,Portland,65,2020-06-08,2020-06-08,Reduction,2026-08-30T21:43:41.512264Z
dae592fa96556d5e,OR,Marriott Portland Downtown Waterfront,Marriott Portland Downtown Waterfront,,Portland,145,2020-06-05,2020-11-06,Reduction,2026-08-30T21:43:41.512264Z
55b0ebebe13718c0,OR,Marriott Portland Downtown Waterfront,Marriott Portland Downtown Waterfront,,Portland,248,2020-06-05,2020-03-21,Temporary Layoff,2026-08-30T21:43:41.512264Z
ca6e33ae948b74d9,OR,PCC Structurals - Portland,PCC Structurals - Portland,,Portland,547,2020-06-04,2020-04-15,Reduction,2026-08-30T21:43:41.512264Z
9f9e97455f503030,OR,PCC Structurals - Portland,PCC Structurals - Portland,,Portland,94,2020-06-04,2020-07-24,Reduction,2026-08-30T21:43:41.512264Z
20ea97c98cd34098,OR,PCC Structurals - Redmond,PCC Structurals - Redmond,,Redmond,175,2020-06-04,2020-04-13,Large Layoff - 10 or more workers,2026-08-30T21:43:41.512264Z
1548d76a2b7d6543,OR,PCC Structurals - Clackamas,PCC Structurals - Clackamas,,Clackamas,170,2020-06-04,2020-04-15,Reduction,2026-08-30T21:43:41.512264Z
6866ea2d920c2ff1,OR,Benson Hotel,Benson Hotel,,Portland,81,2020-06-01,2020-06-01,Reduction,2026-08-30T21:43:41.512264Z
1a0cf8e8c4540ac1,OR,Embassy Suites - Portland - Wash Sq,Embassy Suites - Portland - Wash Sq,,Tigard,81,2020-05-31,2020-03-29,Temporary Layoff,2026-08-30T21:43:41.512264Z
149db4269627dbb8,OR,Embassy Suites - Portland - Wash Sq,Embassy Suites - Portland - Wash Sq,,Tigard,7,2020-05-31,2020-06-01,Temporary Layoff,2026-08-30T21:43:41.512264Z
c669ce5509f6fd88,OR,Interfor - Gilchrist Division,Interfor - Gilchrist Division,,Gilchrist,131,2020-05-19,2020-06-01,Temporary Layoff,2026-08-30T21:43:41.512264Z
8029b5b5a8b3873c,OR,Happy Guests Intl. - Salty's,Happy Guests Intl. - Salty's,,Portland,,2020-05-14,,Temporary Layoff,2026-08-30T21:43:41.512264Z
bb651ad1f2078f18,OR,Atrium Hospitality - Portland Embassy S,Atrium Hospitality - Portland Embassy S,,Portland,105,2020-05-13,2020-03-12,Other,2026-08-30T21:43:41.512264Z
139b6de553b6876b,OR,Nordstrom - Clackamas Town Center,Nordstrom - Clackamas Town Center,,Happy Valley,189,2020-05-11,2020-06-01,Permanent closure,2026-08-30T21:43:41.512264Z
8439ce2f1e69fb38,OR,Bright Wood,Bright Wood,,Madras,199,2020-05-04,2020-03-23,Large Layoff - 10 or more workers,2026-08-30T21:43:41.512264Z
6dc0fc7a03155c42,OR,Bright Wood - Redmond,Bright Wood - Redmond,,Redmond,12,2020-05-04,2020-03-23,Large Layoff - 10 or more workers,2026-08-30T21:43:41.512264Z
b69b5d7dd3cf55ab,OR,DAKINE,Dakine,,Hood River,39,2020-05-01,2020-05-15,Permanent closure,2026-08-30T21:43:41.512264Z
849a9e41adfaaacf,OR,Meggitt - Oregon Inc,Meggitt - Oregon,,Mcminnville,118,2020-04-30,2020-05-18,Large Layoff - 10 or more workers,2026-08-30T21:43:41.512264Z
90169314f0c69aec,OR,Multnomah Street Property,Multnomah Street Property,,Portland,20,2020-04-29,2020-03-26,Permanent closure,2026-08-30T21:43:41.512264Z
7c3ed98d534368ee,OR,IVI Hotel Management of Oregon - Innven,IVI Hotel Management of Oregon - Innven,,"Tukwila, WA",350,2020-04-29,2020-03-20,Reduction,2026-08-30T21:43:41.512264Z
6cf7bc8c6cdbaadf,OR,Regal - Tigard,Regal - Tigard,,Tigard,68,2020-04-29,2020-03-17,Other,2026-08-30T21:43:41.512264Z
1c7ef185852b4760,OR,IVI Hotel Management of Oregon - Innven,IVI Hotel Management of Oregon - Innven,,"Tukwila, WA",18,2020-04-29,2020-03-20,Other,2026-08-30T21:43:41.512264Z
884ee2ecdcb96793,OR,Portland Art Museum,Portland Art Museum,,Portland,96,2020-04-28,2020-07-01,Reduction,2026-08-30T21:43:41.512264Z
4a4a1005977be3ee,OR,Hertz - PDX,Hertz - PDX,,Portland,67,2020-04-24,2020-04-14,Large Layoff - 10 or more workers,2026-08-30T21:43:41.512264Z
069570aad9952376,OR,Hertz - PDX,Hertz - PDX,,Portland,17,2020-04-24,2020-05-20,Temporary Layoff,2026-08-30T21:43:41.512264Z
03de8419cbe9e2fa,OR,Hertz,Hertz,,"Estero, FL",1,2020-04-24,2020-06-18,Reduction,2026-08-30T21:43:41.512264Z
c596559bd66bbffc,OR,Adventist Health - Tillamook,Adventist Health - Tillamook,,Tillamook,2,2020-04-23,2020-05-05,Reduction,2026-08-30T21:43:41.512264Z
b07802f715341ae0,OR,Adventist Health - Tillamook,Adventist Health - Tillamook,,Tillamook,15,2020-04-23,2020-05-05,Temporary Layoff,2026-08-30T21:43:41.512264Z
abdbc7e6b8f5a98c,OR,Visionworks,Visionworks,,"San Antonio, TX",103,2020-04-23,2020-04-20,Other,2026-08-30T21:43:41.512264Z
9277cc9b146030e5,OR,Enterprise Holdings - Admin,Enterprise Holdings - Admin,,Tualatin,262,2020-04-23,2020-03-19,Temporary Layoff,2026-08-30T21:43:41.512264Z
8509f69f2da88775,OR,Enterprise Holdings,Enterprise Holdings,,Tualatin,14,2020-04-23,2020-04-30,Reduction,2026-08-30T21:43:41.512264Z
703d1076e73b1fc1,OR,Enterprise Holdings - PDX,Enterprise Holdings - PDX,,Portland,60,2020-04-23,2020-03-19,Temporary Layoff,2026-08-30T21:43:41.512264Z
5b089fc8867bd149,OR,Adventist Health - Tillamook,Adventist Health - Tillamook,,Tillamook,7,2020-04-23,2020-12-31,Reduction,2026-08-30T21:43:41.512264Z
1f4328257a7e0a7c,OR,Enterprise Holdings - PDX,Enterprise Holdings - PDX,,Portland,18,2020-04-23,2020-04-30,Reduction,2026-08-30T21:43:41.512264Z
f4039054847e817e,OR,Oksenholt Hospitality Company - Mojo Re,Oksenholt Hospitality Company - Mojo Re,,Bend,2,2020-04-20,2020-03-18,Large Layoff - 10 or more workers,2026-08-30T21:43:41.512264Z
e036cd26a21884da,OR,Oksenholt Hospitality - Meredith Lodgin,Oksenholt Hospitality - Meredith Lodgin,,Bend,15,2020-04-20,2020-03-17,Large Layoff - 10 or more workers,2026-08-30T21:43:41.512264Z
b52f7c6869671ab7,OR,Oksenholt Hospitality Company - Meredit,Oksenholt Hospitality Company - Meredit,,Lincoln City,94,2020-04-20,2020-03-19,Large Layoff - 10 or more workers,2026-08-30T21:43:41.512264Z
40b27eedff1ee485,OR,Enterprise Holdings - PDX,Enterprise Holdings - PDX,,Portland,62,2020-04-20,2020-03-04,Temporary Layoff,2026-08-30T21:43:41.512264Z
c676d0fa8fbb341e,OR,Augusta Sportswear Brands - Coburg,Augusta Sportswear Brands - Coburg,,Coburg,21,2020-04-16,2020-03-30,Temporary Layoff,2026-08-30T21:43:41.512264Z
5c6ee812ce8929ae,OR,Augusta Sportswear Brands - Coburg,Augusta Sportswear Brands - Coburg,,Coburg,25,2020-04-16,2020-03-31,Temporary Layoff,2026-08-30T21:43:41.512264Z
3cbc08c7d84f5869,OR,Augusta Sportswear Brands - Coburg,Augusta Sportswear Brands - Coburg,,Coburg,6,2020-04-16,2020-03-23,Temporary Layoff,2026-08-30T21:43:41.512264Z
afa487e91944a960,OR,The Portland Clinic,Portland Clinic,,Portland,234,2020-04-14,2020-04-01,Other,2026-08-30T21:43:41.512264Z
9fe25eaa00c1109a,OR,The Portland Clinic,Portland Clinic,,Portland,90,2020-04-14,2020-06-01,Temporary Layoff,2026-08-30T21:43:41.512264Z
37cfb324b66076b2,OR,Women's Healthcare Associates,Women's Healthcare Associates,,Portland,186,2020-04-14,2020-04-13,Temporary Layoff,2026-08-30T21:43:41.512264Z
0cf1754c9cb64710,OR,The Portland Clinic,Portland Clinic,,Portland,193,2020-04-14,2020-04-06,Other,2026-08-30T21:43:41.512264Z
0919b97437772ac2,OR,The Portland Clinic,Portland Clinic,,Portland,101,2020-04-14,2020-06-01,Reduction,2026-08-30T21:43:41.512264Z
426340dd872c4f6c,OR,Andale Management Group dba The Country,Andale Management Group,The Country,Portland,48,2020-04-10,2020-03-17,Temporary Layoff,2026-08-30T21:43:41.512264Z
505abcd8ce3c518f,OR,Eagle Crest Resort,Eagle Crest Resort,,Redmond,60,2020-04-09,2020-04-10,Temporary Layoff,2026-08-30T21:43:41.512264Z
fd0f0fcc80628964,OR,Phoenix Inn Suites,Phoenix Inn Suites,,Salem,15,2020-04-08,2020-03-27,Reduction,2026-08-30T21:43:41.512264Z
d5c82464d440e522,OR,Phoenix Inn Suites - Albany,Phoenix Inn Suites - Albany,,Albany,13,2020-04-08,2020-03-27,Reduction,2026-08-30T21:43:41.512264Z
a97fac7e4c2a676b,OR,Bentley's Grill,Bentley's Grill,,Salem,40,2020-04-08,2020-03-27,Reduction,2026-08-30T21:43:41.512264Z
5ff4406834a3f1c0,OR,The Salem Convention Center,Salem Convention Center,,Salem,72,2020-04-08,2020-03-27,Reduction,2026-08-30T21:43:41.512264Z
53d5349442db9370,OR,Phoenix Inn Suites - Lake Oswego,Phoenix Inn Suites - Lake Oswego,,Lake Oswego,12,2020-04-08,2020-03-27,Reduction,2026-08-30T21:43:41.512264Z
4cc1da1822c8e42c,OR,The Grand Hotel in Salem,Grand Hotel in Salem,,Salem,26,2020-04-08,2020-03-27,Reduction,2026-08-30T21:43:41.512264Z
20c468cc62844234,OR,Phoenix Inn Suites - Eugene,Phoenix Inn Suites - Eugene,,Eugene,21,2020-04-08,2020-03-27,Reduction,2026-08-30T21:43:41.512264Z
11f3239c14adf0eb,OR,Allura - OR,Allura - OR,,White City,80,2020-04-08,2020-04-08,Other,2026-08-30T21:43:41.512264Z
0e868a2ced149395,OR,The Oregon Clinic,Oregon Clinic,,Portland,820,2020-04-08,2020-03-16,Temporary Layoff,2026-08-30T21:43:41.512264Z
04a41a5bb590a136,OR,The Grand Hotel at Bridgeport,Grand Hotel at Bridgeport,,Tigard,28,2020-04-08,2020-03-27,Reduction,2026-08-30T21:43:41.512264Z
b06e59f12272806c,OR,Multnomah Athletic Club,Multnomah Athletic Club,,Portland,635,2020-04-06,2020-05-01,Large Layoff - 10 or more workers,2026-08-30T21:43:41.512264Z
5a06fb3f21585769,OR,EVRAZ - Portland,EVRAZ - Portland,,Portland,232,2020-04-06,2020-04-06,Reduction,2026-08-30T21:43:41.512264Z
876d003c20ff0774,OR,Carr Auto Group,Carr Auto Group,,Beaverton,54,2020-04-03,2020-04-03,Temporary Layoff,2026-08-30T21:43:41.512264Z
7b7563ee06b5558f,OR,Landmark Ford Lincoln,Landmark Ford Lincoln,,Tigard,46,2020-04-03,2020-03-25,Temporary Layoff,2026-08-30T21:43:41.512264Z
75b5951507eb5006,OR,Pac-12 Enterprises dba Pac-12 Networks,Pac-12 Enterprises,Pac-12 Networks,"San Francisco, CA",531,2020-04-03,2020-03-14,Other,2026-08-30T21:43:41.512264Z
da01dae7088ec9ca,OR,Benihana,Benihana,,Beaverton,57,2020-04-02,2020-03-17,Reduction,2026-08-30T21:43:41.512264Z
eb8a1d09ea5e2dee,OR,Shamrock Foods Co.,Shamrock Foods,,Portland,8,2020-04-01,2020-04-01,Temporary Layoff,2026-08-30T21:43:41.512264Z
87ca612801a76da7,OR,RLK Co. Timberline Lodge,RLK Co. Timberline Lodge,,Government Camp,471,2020-04-01,2020-03-23,Reduction,2026-08-30T21:43:41.512264Z
e7c20ebcfe646ea2,OR,John's Incredible Pizza Company,John's Incredible Pizza,,Beaverton,74,2020-03-31,2020-04-03,Temporary Layoff,2026-08-30T21:43:41.512264Z
e229afc69ce55425,OR,Meritex Portland Central Laundry,Meritex Portland Central Laundry,,Portland,50,2020-03-31,2020-04-02,Temporary Layoff,2026-08-30T21:43:41.512264Z
0e6e77310054d978,OR,SAS Restaurant Ventures,SAS Restaurant Ventures,,Ontario,32,2020-03-31,2020-03-31,Temporary Layoff,2026-08-30T21:43:41.512264Z
0012cde00f1b3b9b,OR,FXI Inc,FXI,,Portland,77,2020-03-31,2020-03-27,Permanent closure,2026-08-30T21:43:41.512264Z
f963030fab053297,OR,ALSCO - Medford,ALSCO - Medford,,Medford,5,2020-03-30,2020-03-23,Temporary Layoff,2026-08-30T21:43:41.512264Z
b1cce2f01fa679ab,OR,SAGE,SAGE,,Portland,226,2020-03-30,2020-06-19,Large Layoff - 10 or more workers,2026-08-30T21:43:41.512264Z
5b0cd34feff3c6a3,OR,Courtyard Portland City Hotel,Courtyard Portland City Hotel,,Portland,83,2020-03-30,2020-03-16,Temporary Layoff,2026-08-30T21:43:41.512264Z
330de87358231348,OR,ALSCO - Klamath Falls,ALSCO - Klamath Falls,,Klamath Falls,5,2020-03-30,2020-02-23,Temporary Layoff,2026-08-30T21:43:41.512264Z
227029820a69f4ad,OR,SAGE,SAGE,,Portland,332,2020-03-30,2020-03-22,Temporary Layoff,2026-08-30T21:43:41.512264Z
cf5560dd4914e458,OR,Ahern Rentals,Ahern Rentals,,Portland,1,2020-03-28,2020-03-30,Reduction,2026-08-30T21:43:41.512264Z
b6ec762e873f94cd,OR,ALSCO,Alsco,,Portland,9,2020-03-27,2020-03-25,Temporary Layoff,2026-08-30T21:43:41.512264Z
7eb5e8f5fc989374,OR,ALSCO,Alsco,,Portland,1,2020-03-27,2020-03-23,Temporary Layoff,2026-08-30T21:43:41.512264Z
7af4c86fd12a0809,OR,ALSCO,Alsco,,Portland,32,2020-03-27,2020-03-19,Temporary Layoff,2026-08-30T21:43:41.512264Z
6a7c551d6086f1d2,OR,Paper Source - Portland,Paper Source - Portland,,Portland,13,2020-03-27,2020-03-29,Temporary Layoff,2026-08-30T21:43:41.512264Z
693fc1f101632a73,OR,Gee Automotive dba Ron Tonkin Toyota &,Gee Automotive,Ron Tonkin Toyota &,Portland,63,2020-03-27,2020-03-25,Temporary Layoff,2026-08-30T21:43:41.512264Z
40a4bcddb5b9d796,OR,ALSCO,Alsco,,Portland,1,2020-03-27,2020-03-20,Temporary Layoff,2026-08-30T21:43:41.512264Z
12516f181458c41d,OR,Paper Source - Tigard,Paper Source - Tigard,,Tigard,13,2020-03-27,2020-03-29,Temporary Layoff,2026-08-30T21:43:41.512264Z
f5a9277b67fa9ce1,OR,Blazer Industries Inc,Blazer Industries,,Aumsville,117,2020-03-26,2020-03-26,Temporary Layoff,2026-08-30T21:43:41.512264Z
f02743b466b537a3,OR,Valley River Inn,Valley River Inn,,Eugene,115,2020-03-26,2020-03-27,Temporary Layoff,2026-08-30T21:43:41.512264Z
6d4df08237bd1a54,OR,Valley River Inn,Valley River Inn,,Eugene,10,2020-03-26,2020-04-09,Temporary Layoff,2026-08-30T21:43:41.512264Z
40628f65aba446b2,OR,Beaverton Toyota,Beaverton Toyota,,Beaverton,78,2020-03-26,2020-03-26,Reduction,2026-08-30T21:43:41.512264Z
b5c72a312a9e7243,OR,Deschutes Brewery Public Rooms,Deschutes Brewery Public Rooms,,Bend,248,2020-03-25,2020-03-16,Temporary Layoff,2026-08-30T21:43:41.512264Z
af62f68d999c52b3,OR,ALSCO,Alsco,,Portland,31,2020-03-25,2020-04-24,Temporary Layoff,2026-08-30T21:43:41.512264Z
71ccba74e44e8966,OR,Next Adventure,Next Adventure,,Portland,114,2020-03-25,2020-03-20,Temporary Layoff,2026-08-30T21:43:41.512264Z
6c84c0fdea87eeb4,OR,Staypineapple Hotel Rose and Bottle + K,Staypineapple Hotel Rose and Bottle + K,,Portland,29,2020-03-25,2020-03-20,Temporary Layoff,2026-08-30T21:43:41.512264Z
5f871abedb47fb34,OR,Deschutes Brewery - HQ,Deschutes Brewery - HQ,,Bend,89,2020-03-25,2020-03-19,Reduction,2026-08-30T21:43:41.512264Z
3ce2dc75a3c3f90c,OR,Lynx,Lynx,,Aurora,6,2020-03-25,2020-03-27,Temporary Layoff,2026-08-30T21:43:41.512264Z
30a732fd6035f4a3,OR,Staypineapple Hotel Rose and Bottle + K,Staypineapple Hotel Rose and Bottle + K,,Portland,21,2020-03-25,2020-03-16,Temporary Layoff,2026-08-30T21:43:41.512264Z
1bec732ffad296bd,OR,Staypineapple Hotel Rose and Bottle + K,Staypineapple Hotel Rose and Bottle + K,,Portland,2,2020-03-25,2020-03-19,Temporary Layoff,2026-08-30T21:43:41.512264Z
f781206f106afd37,OR,ORM Fertility,ORM Fertility,,Portland,53,2020-03-24,2020-03-23,Temporary Layoff,2026-08-30T21:43:41.512264Z
cef391f24dc21096,OR,HMS Host,HMS Host,,Portland,32,2020-03-24,2020-03-18,Temporary Layoff,2026-08-30T21:43:41.512264Z
f8d0192a9981bbee,OR,Tualatin Hills Park & Recreation Distri,Tualatin Hills Park & Recreation Distri,,Beaverton,762,2020-03-23,2020-03-23,Large Layoff - 10 or more workers,2026-08-30T21:43:41.512264Z
b403545bbf96810d,OR,Holler Hospitality,Holler Hospitality,,Portland,109,2020-03-23,2020-03-18,Temporary Layoff,2026-08-30T21:43:41.512264Z
aa666237aae4fa9c,OR,The Children's Clinic,Children's Clinic,,Portland,82,2020-03-23,2020-03-19,Temporary Layoff,2026-08-30T21:43:41.512264Z
a066368d75ab61f4,OR,Tualatin Hills Park & Recreation Distri,Tualatin Hills Park & Recreation Distri,,Beaverton,30,2020-03-23,2020-03-31,Reduction,2026-08-30T21:43:41.512264Z
5209d08936ddef04,OR,Marriott City Center,Marriott City Center,,Portland,59,2020-03-23,2020-03-23,Temporary Layoff,2026-08-30T21:43:41.512264Z
3fd598f00bfb11fd,OR,Tualatin Hills Park & Recreation Distri,Tualatin Hills Park & Recreation Distri,,Beaverton,23,2020-03-23,2020-05-23,Reduction,2026-08-30T21:43:41.512264Z
b286bcb2839f869e,OR,Brasada Ranch,Brasada Ranch,,Powell Butte,96,2020-03-22,2020-03-23,Temporary Layoff,2026-08-30T21:43:41.512264Z
52569b13afde8ac9,OR,Spieg's Barbers LLC,Spieg's Barbers,,"Vancouver, WA",119,2020-03-20,2020-03-18,Temporary Layoff,2026-08-30T21:43:41.512264Z
239f1500005587fb,OR,ALSCO,Alsco,,Eugene,58,2020-03-20,2020-03-20,Temporary Layoff,2026-08-30T21:43:41.512264Z
7ceb21e19a5670b1,OR,Powell's City of Books,Powell's City of Books,,Portland,389,2020-03-19,2020-03-19,Large Layoff - 10 or more workers,2026-08-30T21:43:41.512264Z
2213d6582b30ace8,OR,Salon DeLange,Salon DeLange,,Eugene,14,2020-03-19,2020-03-19,Large Layoff - 10 or more workers,2026-08-30T21:43:41.512264Z
55631f02fd2ff2c9,OR,Big Al's II,Big Al's II,,Beaverton,120,2020-03-18,2020-03-18,Temporary Layoff,2026-08-30T21:43:41.512264Z
16a0ed5bc02fa4ca,OR,Punch Bowl Portland LLC,Punch Bowl Portland,,Portland,83,2020-03-18,2020-03-17,Temporary Layoff,2026-08-30T21:43:41.512264Z
b64232f74d9d1b7c,OR,Jasper's Food Management Inc,Jasper's Food Management,,Eugene,146,2020-03-17,2020-11-18,Temporary Layoff,2026-08-30T21:43:41.512264Z
74ec5967e326f717,OR,Jasper's Food Management Inc,Jasper's Food Management,,Eugene,172,2020-03-17,2020-03-17,Temporary Layoff,2026-08-30T21:43:41.512264Z
fd91b99c9223f83d,OR,Stanford's - Portland Seafood Company,Stanford's - Portland Seafood,,Portland,44,2020-03-16,2020-03-18,Permanent closure,2026-08-30T21:43:41.512264Z
c7017753e70835eb,OR,Elmer's Restaurants Inc,Elmer's Restaurants,,Portland,296,2020-03-16,2020-03-17,Temporary Layoff,2026-08-30T21:43:41.512264Z
944f239504d217e2,OR,Stanford's Restaurant and Bar - Tanasbo,Stanford's Restaurant and Bar - Tanasbo,,Hillsboro,65,2020-03-16,2020-03-18,Temporary Layoff,2026-08-30T21:43:41.512264Z
840ede3d6990cfc0,OR,Stanford's - Portland - Jantzen,Stanford's - Portland - Jantzen,,Portland,53,2020-03-16,2020-03-18,Temporary Layoff,2026-08-30T21:43:41.512264Z
34058ce5817024bd,OR,Stanford's - Clackamas,Stanford's - Clackamas,,Clackamas,56,2020-03-16,2020-03-18,Temporary Layoff,2026-08-30T21:43:41.512264Z
ed357660c7b0378a,OR,"TBS, Inc - Portland","TBS, Inc - Portland",,Portland,30,2020-02-14,2020-07-31,Reduction,2026-08-30T21:43:41.512264Z
a5dab053c70b9a43,OR,"TBS, Inc - Portland","TBS, Inc - Portland",,Portland,22,2020-02-14,2020-04-16,Permanent closure,2026-08-30T21:43:41.512264Z
e49e00876a1ae3a7,OR,Delivery Force - DPD 1 - Portland,Delivery Force - DPD 1 - Portland,,Portland,48,2020-02-13,2020-04-16,Permanent closure,2026-08-30T21:43:41.512264Z
c830c3eafe912123,OR,Delivery Force - HPD1 - Portland,Delivery Force - HPD1 - Portland,,Portland,30,2020-02-13,2020-04-16,Permanent closure,2026-08-30T21:43:41.512264Z
ebddeca98a54e454,OR,Concordia University,Concordia University,,Portland,1012,2020-02-12,2020-04-25,Permanent closure,2026-08-30T21:43:41.512264Z
232ff8662757362f,OR,arauco,arauco,,Eugene,84,2020-02-11,2020-05-01,Permanent closure,2026-08-30T21:43:41.512264Z
516b18aff1f6c2b3,OR,Philips - Neurology Solutions,Philips - Neurology Solutions,,Eugene,60,2020-01-27,2020-03-27,Permanent closure,2026-08-30T21:43:41.512264Z
8f57659ae932dfad,OR,Mr Cooper - Beaverton,Mr Cooper - Beaverton,,Beaverton,301,2020-01-16,2020-03-18,Permanent closure,2026-08-30T21:43:41.512264Z
6cf76a31f1640e8a,OR,moovel North America,moovel North America,,Portland,22,2020-01-16,2020-04-01,Large Layoff - 10 or more workers,2026-08-30T21:43:41.512264Z
2a2b7e6faed7b535,OR,moovel North America,moovel North America,,Portland,47,2020-01-16,2020-02-03,Large Layoff - 10 or more workers,2026-08-30T21:43:41.512264Z
d523535d558c2bbd,OR,"Unified Natural Foods, Inc. (UNFI)","Unified Natural Foods, Inc. (UNFI)",,Milwaukie,280,2020-01-09,2020-03-14,Permanent closure,2026-08-30T21:43:41.512264Z
25171151c246b0b2,OR,Adventist Health Tillamook,Adventist Health Tillamook,,Tillamook,14,2020-01-08,2020-03-07,Permanent closure,2026-08-30T21:43:41.512264Z
640ce157a1827ad2,OR,NORPAC Foods Inc. - Corporate,NORPAC Foods Inc. - Corporate,,Salem,38,2019-11-27,2019-01-19,Permanent closure,2026-08-30T21:43:41.512264Z
f0b1dcac4abee7f3,OR,NortonLifeLock Inc - Springfield,NortonLifeLock Inc - Springfield,,Springfield,2,2019-11-19,2020-04-24,Reduction,2026-08-30T21:43:41.512264Z
c43afb2f058f4e8a,OR,NortonLifeLock Inc - Springfield,NortonLifeLock Inc - Springfield,,Springfield,1,2019-11-19,2020-02-14,Reduction,2026-08-30T21:43:41.512264Z
991695c69d7c7eb9,OR,NortonLifeLock Inc - Springfield,NortonLifeLock Inc - Springfield,,Springfield,46,2019-11-19,2020-01-17,Reduction,2026-08-30T21:43:41.512264Z
50c6bea81c15bde2,OR,NortonLifeLock Inc - Springfield,NortonLifeLock Inc - Springfield,,Springfield,33,2019-11-19,2020-03-18,Reduction,2026-08-30T21:43:41.512264Z
301f7ca34d565495,OR,NortonLifeLock Inc - Springfield,NortonLifeLock Inc - Springfield,,Springfield,3,2019-11-19,2020-02-13,Reduction,2026-08-30T21:43:41.512264Z
1a85ab13306a2903,OR,NortonLifeLock Inc - Springfield,NortonLifeLock Inc - Springfield,,Springfield,7,2019-11-19,2020-07-01,Reduction,2026-08-30T21:43:41.512264Z
d023c1b810057a28,OR,NORPAC FOODS INC - Brooks Plant,NORPAC FOODS INC - Brooks Plant,,Salem,466,2019-11-13,2019-11-15,Permanent closure,2026-08-30T21:43:41.512264Z
a6746418da4f3c65,OR,NORPAC FOODS - Salem Repack,NORPAC FOODS - Salem Repack,,Salem,458,2019-11-13,2020-01-12,Large Layoff - 10 or more workers,2026-08-30T21:43:41.512264Z
86fd56f60a57389d,OR,Republic Services,Republic Services,,Oregon City,40,2019-11-08,2019-12-31,Permanent closure,2026-08-30T21:43:41.512264Z
c1002f44c97b2d2c,OR,Owens-Brockway Glass Container Inc. - P,Owens-Brockway Glass Container Inc. - P,,Portland,93,2019-10-29,2019-12-30,Reduction,2026-08-30T21:43:41.512264Z
5084349de80a01ee,OR,Oakwood Portland,Oakwood Portland,,Portland,1,2019-10-29,2020-03-30,Permanent closure,2026-08-30T21:43:41.512264Z
0a0c42c30224b5d4,OR,Oakwood Portland,Oakwood Portland,,Portland,1,2019-10-29,2019-12-30,Reduction,2026-08-30T21:43:41.512264Z
b45c79449cc9c261,OR,"Sightbox, Inc.",Sightbox,,Portland,7,2019-10-28,2020-03-20,Reduction,2026-08-30T21:43:41.512264Z
0acae9ae943dcf32,OR,"Sightbox, Inc.",Sightbox,,Portland,50,2019-10-28,2019-12-27,Reduction,2026-08-30T21:43:41.512264Z
d3b88451534634ff,OR,Pacifica Beauty,Pacifica Beauty,,Portland,75,2019-10-22,2020-01-01,Large Layoff - 10 or more workers,2026-08-30T21:43:41.512264Z
f9797fa922ba38c2,OR,"McAfee, LLC",McAfee,,Hillsboro,107,2019-10-17,2019-12-31,Reduction,2026-08-30T21:43:41.512264Z
2670ef9eb0af1dfc,OR,Cerner,Cerner,,Portland,4,2019-10-01,2019-12-01,Permanent closure,2026-08-30T21:43:41.512264Z
a8136cbf73cf0ddc,OR,Schenker Inc,Schenker,,"Chesapeake, VA",220,2019-09-24,2019-12-04,Large Layoff - 10 or more workers,2026-08-30T21:43:41.512264Z
039267f4bd16528c,OR,Nestle - Portland,Nestle - Portland,,Portland,53,2019-09-02,2019-11-01,Permanent closure,2026-08-30T21:43:41.512264Z
299b1954103fe44e,OR,NORPAC FOODS INC - Stayton Plant,NORPAC FOODS INC - Stayton Plant,,Stayton,485,2019-08-30,2019-10-31,Permanent closure,2026-08-30T21:43:41.512264Z
09437af75f12d61c,OR,EVG Holdings,EVG Holdings,,Grass Valley,90,2019-08-29,2019-09-04,Temporary Layoff,2026-08-30T21:43:41.512264Z
bd0adae3cab6c0bd,OR,Symantec Corporation - Springfield,Symantec Corporation - Springfield,,Springfield,24,2019-08-20,2019-10-15,Reduction,2026-08-30T21:43:41.512264Z
50a253946544ad26,OR,Symantec Corporation - Springfield,Symantec Corporation - Springfield,,Springfield,5,2019-08-20,2019-09-25,Reduction,2026-08-30T21:43:41.512264Z
7f6679b6c5d1b438,OR,"welocalize, Inc.",welocalize,,Portland,73,2019-08-16,2019-08-16,Permanent closure,2026-08-30T21:43:41.512264Z
35888bae7136d4ea,OR,Stanley Black & Decker,Stanley Black & Decker,,Portland,20,2019-08-08,2019-11-14,Permanent closure,2026-08-30T21:43:41.512264Z
c6e960c3a796f02a,OR,Adult Rehabilitation Center (ARC),Adult Rehabilitation Center (ARC),,Portland,72,2019-07-29,2019-09-27,Permanent closure,2026-08-30T21:43:41.512264Z
177803c41bd3b140,OR,iQor US Inc dba TechFive LLC,iQor US,TechFive LLC,Klamath Falls,303,2019-06-12,2019-08-16,Permanent closure,2026-08-30T21:43:41.512264Z
46157b8e2666dc5a,OR,Harry's Fresh Foods,Harry's Fresh Foods,,Portland,195,2019-05-31,2019-08-09,Permanent closure,2026-08-30T21:43:41.512264Z
6e2518a0d650c9d0,OR,Union Pacific,Union Pacific,,Portland,195,2019-05-21,2019-05-21,Reduction,2026-08-30T21:43:41.512264Z
adeddb65760e6768,OR,ERGOTRON,Ergotron,,Tualatin,23,2019-04-15,2019-08-30,Permanent closure,2026-08-30T21:43:41.512264Z
aad9a4b2c5ed4565,OR,ERGOTRON,Ergotron,,Tualatin,76,2019-04-15,2019-06-28,Permanent closure,2026-08-30T21:43:41.512264Z
5e5bd5ffbec670a8,OR,Georgia - Pacific,Georgia - Pacific,,Coos Bay,111,2019-04-11,2019-06-10,Permanent closure,2026-08-30T21:43:41.512264Z
ac8c7b96b42d6919,OR,Winnebago Ind,Winnebago Ind,,Junction City,49,2019-02-04,2019-05-10,Permanent closure,2026-08-30T21:43:41.512264Z
933e2b65ba115d6e,OR,Winnebago Ind,Winnebago Ind,,Junction City,22,2019-02-04,2019-04-05,Permanent closure,2026-08-30T21:43:41.512264Z
860c5562b3796d76,OR,Winnebago Ind,Winnebago Ind,,Junction City,45,2019-02-04,2019-06-14,Permanent closure,2026-08-30T21:43:41.512264Z
5b3283b5f0c37808,OR,Winnebago Ind,Winnebago Ind,,Junction City,22,2019-02-04,2019-04-19,Permanent closure,2026-08-30T21:43:41.512264Z
e432c1d3056c4ab9,OR,Lost Valley Farm,Lost Valley Farm,,Lexington,33,2019-01-15,2019-03-31,Permanent closure,2026-08-30T21:43:41.512264Z
83298dc583a29017,OR,Lost Valley Farm,Lost Valley Farm,,Lexington,9,2019-01-15,2019-04-15,Permanent closure,2026-08-30T21:43:41.512264Z
11900fb8327b0458,OR,Lost Valley Farm,Lost Valley Farm,,Lexington,33,2019-01-15,2019-03-21,Permanent closure,2026-08-30T21:43:41.512264Z
d82188a227c2089a,OR,Thomson Reuters,Thomson Reuters,,Lake Oswego,10,2018-12-04,2019-09-27,Permanent closure,2026-08-30T21:43:41.512264Z
ab9a472d5da4cab5,OR,Thomson Reuters,Thomson Reuters,,Lake Oswego,3,2018-12-04,2019-02-08,Permanent closure,2026-08-30T21:43:41.512264Z
9872e6a60ac8d2c9,OR,Thomson Reuters,Thomson Reuters,,Lake Oswego,1,2018-12-04,2019-08-30,Permanent closure,2026-08-30T21:43:41.512264Z
7f13042415eb652a,OR,Thomson Reuters,Thomson Reuters,,Lake Oswego,35,2018-12-04,2019-03-29,Permanent closure,2026-08-30T21:43:41.512264Z
4f1847f6f0477b53,OR,Thomson Reuters,Thomson Reuters,,Lake Oswego,49,2018-12-04,2019-07-01,Permanent closure,2026-08-30T21:43:41.512264Z
e35238e715615d6e,OR,"Ergotron, Inc",Ergotron,,Tualatin,13,2018-11-16,2019-03-29,Permanent closure,2026-08-30T21:43:41.512264Z
0f48979e7554168a,OR,"Ergotron, Inc",Ergotron,,Tualatin,86,2018-11-16,2019-06-30,Permanent closure,2026-08-30T21:43:41.512264Z
b930442997274015,OR,First Transit - GridWorks,First Transit - GridWorks,,Clackamas,60,2018-11-01,2019-01-02,Permanent closure,2026-08-30T21:43:41.512264Z
ceecee42d2868f8a,OR,Western Health Resources dba Adventist,Western Health Resources,Adventist,Portland,92,2018-10-22,2018-12-20,Permanent closure,2026-08-30T21:43:41.512264Z
5701341d88fbde8b,OR,"Orchard Supply Company, LLC",Orchard Supply,,Tigard,112,2018-10-20,2018-10-20,Permanent closure,2026-08-30T21:43:41.512264Z
ef11f3bb85cff5ae,OR,Sears Store Auto Center #06009,Sears Store Auto Center,,Portland,8,2018-10-15,2018-12-31,Permanent closure,2026-08-30T21:43:41.512264Z
3dcfdb4e621a04ee,OR,Sears Store #01079,Sears,,Portland,64,2018-10-15,2018-12-31,Permanent closure,2026-08-30T21:43:41.512264Z
0c03c7c80c1db5ac,OR,Schmidt's Deodorant Company LLC,Schmidt's Deodorant,,Portland,52,2018-09-07,2018-10-31,Permanent closure,2026-08-30T21:43:41.512264Z
79081b5f9bca9375,OR,Acara Solutions dba Superior Talent Res,Acara Solutions,Superior Talent Res,Tualatin,112,2018-06-13,2018-06-14,Reduction,2026-08-30T21:43:41.512264Z
f8a9e9816713f2f9,OR,Sunshine Dairy,Sunshine Dairy,,Portland,23,2018-06-12,2018-06-08,Permanent closure,2026-08-30T21:43:41.512264Z
b053dff9f6a48cbf,OR,Sunshine Dairy,Sunshine Dairy,,Portland,9,2018-06-12,2018-07-15,Permanent closure,2026-08-30T21:43:41.512264Z
9707089f33a3de3f,OR,Sunshine Dairy,Sunshine Dairy,,Portland,3,2018-06-12,2018-06-29,Permanent closure,2026-08-30T21:43:41.512264Z
90efcee45ce920c6,OR,Sunshine Dairy,Sunshine Dairy,,Portland,3,2018-06-12,2018-06-15,Permanent closure,2026-08-30T21:43:41.512264Z
4df1cceb56864489,OR,Sunshine Dairy,Sunshine Dairy,,Portland,7,2018-06-12,2018-06-22,Permanent closure,2026-08-30T21:43:41.512264Z
1eff95fab3494436,OR,Sunshine Dairy,Sunshine Dairy,,Portland,1,2018-06-12,2018-06-30,Permanent closure,2026-08-30T21:43:41.512264Z
4e448a788d44d853,OR,Kah Nee Ta,Kah Nee Ta,,Warm Springs,146,2018-06-06,2018-09-05,Permanent closure,2026-08-30T21:43:41.512264Z
251fb3a4f621b2ae,OR,BOISE CASCADE ELGIN SAWMILL,Boise Cascade Elgin Sawmill,,Elgin,90,2018-05-16,2018-07-15,Large Layoff - 10 or more workers,2026-08-30T21:43:41.512264Z
dfa0ab3fa7985418,OR,Boyd's Coffee,Boyd's Coffee,,Portland,6,2018-03-20,2018-09-07,Permanent closure,2026-08-30T21:43:41.512264Z
d30a5f31f7aa63a7,OR,Boyd's Coffee,Boyd's Coffee,,Portland,3,2018-03-20,2018-09-07,Permanent closure,2026-08-30T21:43:41.512264Z
b688c15ebd8c93e4,OR,Boyd's Coffee,Boyd's Coffee,,Portland,4,2018-03-20,2018-09-14,Permanent closure,2026-08-30T21:43:41.512264Z
a6e83fb9ea6b2474,OR,Boyd's Coffee,Boyd's Coffee,,Portland,20,2018-03-20,2018-08-31,Permanent closure,2026-08-30T21:43:41.512264Z
a6072a4a0def3785,OR,Boyd's Coffee,Boyd's Coffee,,Portland,3,2018-03-20,2018-08-03,Permanent closure,2026-08-30T21:43:41.512264Z
a251f6b00d4c93a1,OR,Boyd's Coffee,Boyd's Coffee,,Portland,1,2018-03-20,2018-09-28,Permanent closure,2026-08-30T21:43:41.512264Z
9b5af05d885ead6c,OR,Boyd's Coffee,Boyd's Coffee,,Portland,16,2018-03-20,2018-09-28,Permanent closure,2026-08-30T21:43:41.512264Z
542701808f5a18d2,OR,Boyd Coffee Company - Eugene,Boyd Coffee Company - Eugene,,Eugene,72,2018-03-20,2018-05-23,Permanent closure,2026-08-30T21:43:41.512264Z
4e52bdf588b05083,OR,Boyd's Coffee,Boyd's Coffee,,Portland,15,2018-03-20,2018-08-31,Permanent closure,2026-08-30T21:43:41.512264Z
4753b51397a6a6b9,OR,Boyd's Coffee,Boyd's Coffee,,Portland,4,2018-03-20,2018-04-30,Permanent closure,2026-08-30T21:43:41.512264Z
2506391bb6bda46b,OR,Boyd's Coffee,Boyd's Coffee,,Portland,8,2018-03-20,2018-07-31,Permanent closure,2026-08-30T21:43:41.512264Z
341a9aea4ba0c4ae,OR,Armstrong World Industries - St Helens,Armstrong World Industries - St Helens,,Saint Helens,136,2018-03-19,2018-05-31,Permanent closure,2026-08-30T21:43:41.512264Z
d012696297c67464,OR,Bartels Packing Inc,Bartels Packing,,Eugene,142,2018-03-16,2018-03-16,Permanent closure,2026-08-30T21:43:41.512264Z
a46c9c88d3a1ebb2,OR,Vectrus Corporation - Hillsboro,Vectrus Corporation - Hillsboro,,Hillsboro,54,2018-02-21,2018-04-26,Large Layoff - 10 or more workers,2026-08-30T21:43:41.512264Z
8b2f1153c730aab8,OR,Nordstrom Salem Center Store (Store 23),Nordstrom Salem Center Store,,Salem,137,2018-02-01,2018-04-06,Permanent closure,2026-08-30T21:43:41.512264Z
6b8359bce13ff359,OR,General Distributors Inc,General Distributors,,Oregon City,165,2018-01-29,2018-03-31,Permanent closure,2026-08-30T21:43:41.512264Z
bf0931164569a230,OR,Adventist Medical Center,Adventist Medical Center,,Portland,157,2018-01-19,2018-04-01,Large Layoff - 10 or more workers,2026-08-30T21:43:41.512264Z
9c7eafff011ba99f,OR,Convergys,Convergys,,Wilsonville,91,2018-01-02,2018-03-03,Permanent closure,2026-08-30T21:43:41.512264Z
460276105b9544ab,OR,Convergys,Convergys,,Wilsonville,117,2018-01-02,2018-03-31,Permanent closure,2026-08-30T21:43:41.512264Z
bf80a8c6505ba62e,OR,FamilyCare Health,FamilyCare Health,,Portland,72,2017-12-15,2018-03-15,Permanent closure,2026-08-30T21:43:41.512264Z
906687c2a5904d32,OR,FamilyCare Health,FamilyCare Health,,Portland,250,2017-12-15,2018-01-05,Permanent closure,2026-08-30T21:43:41.512264Z
e2681b972806d0e1,OR,Symantec Corporation,Symantec,,Springfield,2,2017-11-29,2018-07-13,Large Layoff - 10 or more workers,2026-08-30T21:43:41.512264Z
d0f29348f17f9f2e,OR,Symantec Corporation,Symantec,,Springfield,1,2017-11-29,2018-09-01,Large Layoff - 10 or more workers,2026-08-30T21:43:41.512264Z
c879d66e6c13a64f,OR,Symantec Corporation,Symantec,,Springfield,2,2017-11-29,2018-10-03,Large Layoff - 10 or more workers,2026-08-30T21:43:41.512264Z
ba04811aaaa1beac,OR,Symantec Corporation,Symantec,,Springfield,64,2017-11-29,2018-01-17,Large Layoff - 10 or more workers,2026-08-30T21:43:41.512264Z
6e7624e9e08c697f,OR,Symantec Corporation,Symantec,,Springfield,29,2017-11-29,2018-04-25,Large Layoff - 10 or more workers,2026-08-30T21:43:41.512264Z
6e1fb0146b7d477b,OR,Symantec Corporation,Symantec,,Springfield,90,2017-11-29,2018-06-29,Large Layoff - 10 or more workers,2026-08-30T21:43:41.512264Z
64fca2b560041dd6,OR,Symantec Corporation,Symantec,,Springfield,6,2017-11-29,2018-07-27,Large Layoff - 10 or more workers,2026-08-30T21:43:41.512264Z
2f6c16d42d3f9e46,OR,Symantec Corporation,Symantec,,Springfield,1,2017-11-29,2018-03-30,Large Layoff - 10 or more workers,2026-08-30T21:43:41.512264Z
136bb92370c99faa,OR,Symantec Corporation,Symantec,,Springfield,2,2017-11-29,2018-01-26,Large Layoff - 10 or more workers,2026-08-30T21:43:41.512264Z
44777051587a5dcf,OR,"SureID, Inc - dba. Fortior Solutions",SureID,Fortior Solutions,Hillsboro,25,2017-11-07,2017-11-08,Large Layoff - 10 or more workers,2026-08-30T21:43:41.512264Z
d722c5eba661f182,OR,Microsoft - Wilsonville Facility,Microsoft - Wilsonville Facility,,Wilsonville,8,2017-11-06,2018-01-22,Large Layoff - 10 or more workers,2026-08-30T21:43:41.512264Z
ac658d272ce0f882,OR,Microsoft - Wilsonville Facility,Microsoft - Wilsonville Facility,,Wilsonville,50,2017-11-06,2017-11-06,Large Layoff - 10 or more workers,2026-08-30T21:43:41.512264Z
249a0aa346cadbd8,OR,Microsoft - Wilsonville Facility,Microsoft - Wilsonville Facility,,Wilsonville,7,2017-11-06,2018-03-23,Large Layoff - 10 or more workers,2026-08-30T21:43:41.512264Z
1faebec49f05ae18,OR,Microsoft - Wilsonville Facility,Microsoft - Wilsonville Facility,,Wilsonville,6,2017-11-06,2017-12-05,Large Layoff - 10 or more workers,2026-08-30T21:43:41.512264Z
7dcc1b82e73f7235,OR,Everest Institute - Tigard,Everest Institute - Tigard,,Tigard,29,2017-11-03,2018-01-08,Permanent closure,2026-08-30T21:43:41.512264Z
d552c20eceaf4fa5,OR,jive,jive,,Portland,18,2017-11-01,2017-12-31,Large Layoff - 10 or more workers,2026-08-30T21:43:41.512264Z
2160f5727f1795ec,OR,West Linn Paper Co,West Linn Paper,,West Linn,277,2017-10-16,2017-10-16,Permanent closure,2026-08-30T21:43:41.512264Z
8f8bbe196c41120b,OR,Pacific Crest Transformers,Pacific Crest Transformers,,Medford,110,2017-09-14,2017-11-13,Large Layoff - 10 or more workers,2026-08-30T21:43:41.512264Z
23cb9ca8d7289126,OR,Hermiston Foods Plant,Hermiston Foods Plant,,Hermiston,199,2017-09-13,2017-11-13,Permanent closure,2026-08-30T21:43:41.512264Z
5b8b0af826ef2970,OR,"Panasonic Eco Solutions Solar America,",Panasonic Eco Solutions Solar America,,Salem,92,2017-09-06,2017-11-06,Permanent closure,2026-08-30T21:43:41.512264Z
e556156f1776140e,OR,Nike,Nike,,Beaverton,490,2017-08-31,2017-09-30,Large Layoff - 10 or more workers,2026-08-30T21:43:41.512264Z
25f20158f32e7a41,OR,Nike,Nike,,Beaverton,255,2017-08-31,2017-07-31,Large Layoff - 10 or more workers,2026-08-30T21:43:41.512264Z
d2bf4515038ae5d8,OR,Sykes Eugene Site,Sykes Eugene Site,,Eugene,181,2017-08-30,2017-10-31,Permanent closure,2026-08-30T21:43:41.512264Z
d1906fa8213eef04,OR,Asurion,Asurion,,Klamath Falls,53,2017-07-18,2017-09-17,Large Layoff - 10 or more workers,2026-08-30T21:43:41.512264Z
f96e15bcb7dc17ae,OR,Western Graphics & Data/Travel Tags Inc,Western Graphics & Data/Travel Tags,,Portland,12,2017-07-11,2017-10-06,Large Layoff - 10 or more workers,2026-08-30T21:43:41.512264Z
e3937ae96ab47a39,OR,Western Graphics & Data/Travel Tags Inc,Western Graphics & Data/Travel Tags,,Portland,6,2017-07-11,2017-12-29,Large Layoff - 10 or more workers,2026-08-30T21:43:41.512264Z
dd7040bba012baf7,OR,Western Graphics & Data/Travel Tags Inc,Western Graphics & Data/Travel Tags,,Portland,49,2017-07-11,2017-12-01,Large Layoff - 10 or more workers,2026-08-30T21:43:41.512264Z
7a6167d15352696e,OR,Western Graphics & Data/Travel Tags Inc,Western Graphics & Data/Travel Tags,,Portland,3,2017-07-11,2018-03-31,Permanent closure,2026-08-30T21:43:41.512264Z
5b04eb97d5df7ecb,OR,Western Graphics & Data/Travel Tags Inc,Western Graphics & Data/Travel Tags,,Portland,7,2017-07-11,2017-12-15,Large Layoff - 10 or more workers,2026-08-30T21:43:41.512264Z
4f7a283e5c2d2c93,OR,Western Graphics & Data/Travel Tags Inc,Western Graphics & Data/Travel Tags,,Portland,4,2017-07-11,2018-01-26,Large Layoff - 10 or more workers,2026-08-30T21:43:41.512264Z
1542d60db21bb8f8,OR,Western Graphics & Data/Travel Tags Inc,Western Graphics & Data/Travel Tags,,Portland,1,2017-07-11,2018-03-28,Large Layoff - 10 or more workers,2026-08-30T21:43:41.512264Z
174c16cece61b0ab,OR,Microsoft Wilsonville OR Facility,Microsoft Wilsonville OR Facility,,Wilsonville,61,2017-07-10,2017-09-08,Large Layoff - 10 or more workers,2026-08-30T21:43:41.512264Z
1423b225a31e996f,OR,Microsoft Wilsonville OR Facility,Microsoft Wilsonville OR Facility,,Wilsonville,63,2017-07-10,2017-11-06,Permanent closure,2026-08-30T21:43:41.512264Z
dbcb0861ecab05f6,OR,NORPAC FOODS,Norpac Foods,,Salem,199,2017-06-30,2017-08-31,Permanent closure,2026-08-30T21:43:41.512264Z
bba68cbd18865b36,OR,NORPAC FOODS,Norpac Foods,,Salem,24,2017-06-30,2017-08-31,Permanent closure,2026-08-30T21:43:41.512264Z
b821637e59d733e0,OR,SureID,SureID,,Hillsboro,17,2017-06-19,2017-06-26,Large Layoff - 10 or more workers,2026-08-30T21:43:41.512264Z
b56ae5a8b2e24b1c,OR,SureID,SureID,,Hillsboro,200,2017-06-19,2017-05-08,Large Layoff - 10 or more workers,2026-08-30T21:43:41.512264Z
833b64bd951ed502,OR,SureID,SureID,,Hillsboro,79,2017-06-19,2017-08-14,Large Layoff - 10 or more workers,2026-08-30T21:43:41.512264Z
5de275431f6dad48,OR,SureID,SureID,,Hillsboro,80,2017-06-19,2017-06-19,Large Layoff - 10 or more workers,2026-08-30T21:43:41.512264Z
ea39eb89cf616520,OR,Special Mobility Services,Special Mobility Services,,Oakridge,6,2017-05-26,2017-09-18,Permanent closure,2026-08-30T21:43:41.512264Z
987971f554e4cccc,OR,Special Mobility Services/RideSource,Special Mobility Services/RideSource,,Eugene,95,2017-05-26,2017-09-18,Permanent closure,2026-08-30T21:43:41.512264Z
dd06bea72f741034,OR,SolarWorld,SolarWorld,,Hillsboro,360,2017-05-19,2017-07-18,Large Layoff - 10 or more workers,2026-08-30T21:43:41.512264Z
7845a6c7717cbfb6,OR,Portland State University - Aramark,Portland State University - Aramark,,Portland,121,2017-04-28,2017-06-30,Permanent closure,2026-08-30T21:43:41.512264Z
768ccc2097ad4a55,OR,Holiday Retirement,Holiday Retirement,,Lake Oswego,186,2017-04-26,2017-06-30,Permanent closure,2026-08-30T21:43:41.512264Z
d0c38e4b20c7c6ac,OR,Portland Willamette,Portland Willamette,,Portland,62,2017-03-17,2017-05-20,Permanent closure,2026-08-30T21:43:41.512264Z
4e06f521e00b52b6,OR,Riverbend Annex,Riverbend Annex,,Springfield,85,2017-02-16,2017-05-28,Large Layoff - 10 or more workers,2026-08-30T21:43:41.512264Z
4c4b9491209c5529,OR,Riverbend Annex,Riverbend Annex,,Springfield,186,2017-02-16,2017-04-30,Large Layoff - 10 or more workers,2026-08-30T21:43:41.512264Z
6892ef0c4fcf8741,OR,Convergys,Convergys,,Wilsonville,143,2017-02-15,2017-05-05,Large Layoff - 10 or more workers,2026-08-30T21:43:41.512264Z
55369fdb555e1900,OR,Frontier Communications,Frontier Communications,,Beaverton,57,2017-02-10,2017-04-11,Permanent closure,2026-08-30T21:43:41.512264Z
a3d210fb53ec26db,OR,Cenveo,Cenveo,,Portland,91,2017-01-31,2017-01-30,Permanent closure,2026-08-30T21:43:41.512264Z
3a6dff3d599a872b,OR,SIS Inc - Facebook Site,SIS Inc - Facebook Site,,Prineville,85,2017-01-09,2017-01-31,Large Layoff - 10 or more workers,2026-08-30T21:43:41.512264Z
f2d89d9b23108750,OR,Macy's,Macy's,,Portland,96,2017-01-05,2017-03-06,Permanent closure,2026-08-30T21:43:41.512264Z
531eecf977f9954f,OR,Commercial Aircraft Painting Services L,Commercial Aircraft Painting Services L,,Portland,186,2016-12-05,2017-01-31,Permanent closure,2026-08-30T21:43:41.512264Z
8ce1d4e31bf4dea3,OR,UTI,UTI,,Portland,96,2016-11-16,2016-12-31,Large Layoff - 10 or more workers,2026-08-30T21:43:41.512264Z
761ecc50399b6393,OR,Experience Works Inc,Experience Works,,"Arlington, VA",8,2016-11-07,2016-11-07,Large Layoff - 10 or more workers,2026-08-30T21:43:41.512264Z
3ec6e41ef5bc6df5,OR,ESCO,ESCO,,Portland,168,2016-10-31,2016-11-01,Permanent closure,2026-08-30T21:43:41.512264Z
90aeb9e53fcef36d,OR,Farmers Insurance,Farmers Insurance,,Hillsboro,50,2016-10-24,2016-12-30,Reduction,2026-08-30T21:43:41.512264Z
87bf1bfaa54dda89,OR,Sykes - Eugene,Sykes - Eugene,,Eugene,418,2016-08-31,2016-10-30,Permanent closure,2026-08-30T21:43:41.512264Z
0a6745877f5f6c43,OR,Portland International Airport,Portland International Airport,,Portland,186,2016-08-22,2016-10-19,Large Layoff - 10 or more workers,2026-08-30T21:43:41.512264Z
e7227dbf37efe6cc,OR,Safeway,Safeway,,Clackamas,57,2016-08-16,2016-10-16,Permanent closure,2026-08-30T21:43:41.512264Z
5b4d8d6fc4201430,OR,Upper Columbia Mill,Upper Columbia Mill,,Boardman,67,2016-07-21,2016-09-19,Permanent closure,2026-08-30T21:43:41.512264Z
5ee8aba71fe13636,OR,"Zelenka Farms - BFN Operations, LLC",Zelenka Farms - BFN Operations,,"Irving, TX",50,2016-07-14,2016-09-09,Permanent closure,2026-08-30T21:43:41.512264Z
d44e27d3f3b84e37,OR,Bank of America,Bank of America,,Hillsboro,102,2016-07-11,2016-09-04,Reduction,2026-08-30T21:43:41.512264Z
f36f764899a459c3,OR,WinCo Foods #41,WinCo Foods,,Mcminnville,11,2016-06-30,2016-08-31,Large Layoff - 10 or more workers,2026-08-30T21:43:41.512264Z
eaedbdfcdaa72bb9,OR,WinCo Foods #39,WinCo Foods,,Eugene,11,2016-06-30,2016-08-31,Large Layoff - 10 or more workers,2026-08-30T21:43:41.512264Z
decb5ebdfb7d95b7,OR,WinCo Foods #20,WinCo Foods,,Salem,11,2016-06-30,2016-08-31,Large Layoff - 10 or more workers,2026-08-30T21:43:41.512264Z
d5441a5a41ef9c40,OR,WinCo Foods #132,WinCo Foods,,Portland,11,2016-06-30,2016-08-31,Large Layoff - 10 or more workers,2026-08-30T21:43:41.512264Z
d22db98123284d10,OR,WinCo Foods #14,WinCo Foods,,Beaverton,11,2016-06-30,2016-08-31,Large Layoff - 10 or more workers,2026-08-30T21:43:41.512264Z
cadac1828a119a47,OR,WinCo Foods #40,WinCo Foods,,Hillsboro,11,2016-06-30,2016-08-31,Large Layoff - 10 or more workers,2026-08-30T21:43:41.512264Z
ba17c13744e8e5fe,OR,WinCo Foods #13,WinCo Foods,,Portland,11,2016-06-30,2016-08-31,Large Layoff - 10 or more workers,2026-08-30T21:43:41.512264Z
b30cf29b36eb6315,OR,WinCo Foods #23,WinCo Foods,,Tigard,11,2016-06-30,2016-08-31,Large Layoff - 10 or more workers,2026-08-30T21:43:41.512264Z
886b0b96d155a101,OR,WinCo Foods #18,WinCo Foods,,Salem,11,2016-06-30,2016-08-31,Large Layoff - 10 or more workers,2026-08-30T21:43:41.512264Z
850c462357425fcd,OR,WinCo Foods #28,WinCo Foods,,Hillsboro,11,2016-06-30,2016-08-31,Large Layoff - 10 or more workers,2026-08-30T21:43:41.512264Z
799acf20c45080f9,OR,WinCo Foods #38,WinCo Foods,,Independence,11,2016-06-30,2016-08-31,Large Layoff - 10 or more workers,2026-08-30T21:43:41.512264Z
517e67225e743ae4,OR,WinCo Foods #15,WinCo Foods,,Portland,11,2016-06-30,2016-08-31,Large Layoff - 10 or more workers,2026-08-30T21:43:41.512264Z
4c275964483adb8c,OR,WinCo Foods #44,WinCo Foods,,Medford,11,2016-06-30,2016-08-31,Large Layoff - 10 or more workers,2026-08-30T21:43:41.512264Z
4ba994e3cdb43741,OR,WinCo Foods #138,WinCo Foods,,Grants Pass,11,2016-06-30,2016-08-31,Large Layoff - 10 or more workers,2026-08-30T21:43:41.512264Z
4310e9a27b53d48b,OR,WinCo Foods #03,WinCo Foods,,Corvallis,11,2016-06-30,2016-08-31,Large Layoff - 10 or more workers,2026-08-30T21:43:41.512264Z
3b218d5d7e6f46c4,OR,WinCo Foods #34,WinCo Foods,,Springfield,11,2016-06-30,2016-08-31,Large Layoff - 10 or more workers,2026-08-30T21:43:41.512264Z
1fb74dc3bf046ef9,OR,WinCo Foods #09,WinCo Foods,,Happy Valley,11,2016-06-30,2016-08-31,Large Layoff - 10 or more workers,2026-08-30T21:43:41.512264Z
1a4f9ba5c2787192,OR,WinCo Foods #47,WinCo Foods,,Gresham,11,2016-06-30,2016-08-31,Large Layoff - 10 or more workers,2026-08-30T21:43:41.512264Z
e07f6ef5cc476c57,OR,Durham School Services,Durham School Services,,Roseburg,67,2016-06-27,2016-08-30,Permanent closure,2026-08-30T21:43:41.512264Z
ca80a63f2df4218d,OR,RR Donnelley,RR Donnelley,,Portland,113,2016-05-27,2016-08-01,Permanent closure,2026-08-30T21:43:41.512264Z
398cb528d24ef5c1,OR,"Norm Thompson Outfitters, Inc.",Norm Thompson Outfitters,,Hillsboro,82,2016-05-24,2016-07-22,Permanent closure,2026-08-30T21:43:41.512264Z
3ce4e1877a7007b8,OR,Intel,Intel,,"Santa Clara, CA",784,2016-04-25,2016-05-31,Large Layoff - 10 or more workers,2026-08-30T21:43:41.512264Z
76413da8d72432c3,OR,Veritas,Veritas,,Springfield,50,2016-04-18,2016-06-15,Large Layoff - 10 or more workers,2026-08-30T21:43:41.512264Z
6879bc2dbe9521ae,OR,Lund International,Lund International,,Portland,156,2016-03-29,2016-05-27,Permanent closure,2026-08-30T21:43:41.512264Z
de6417a1be60f168,OR,Mycom North America,Mycom North America,,Portland,2,2016-03-22,2016-03-22,Permanent closure,2026-08-30T21:43:41.512264Z
248ba756eb84dca1,OR,"Firstsource Group USA, Inc.",Firstsource Group,,Eugene,275,2016-03-22,2016-05-19,Permanent closure,2026-08-30T21:43:41.512264Z
661cd03a2e4224e1,OR,Haggen Food & Pharmacy,Haggen Food & Pharmacy,,Oregon City,70,2016-03-11,2016-05-11,Permanent closure,2026-08-30T21:43:41.512264Z
89a11f6284d749d8,OR,Haggen Food & Pharmacy,Haggen Food & Pharmacy,,Clackamas,70,2016-03-09,2016-05-09,Permanent closure,2026-08-30T21:43:41.512264Z
11379920bf128983,OR,Haggen Food & Pharmacy,Haggen Food & Pharmacy,,West Linn,68,2016-03-09,2016-05-09,Permanent closure,2026-08-30T21:43:41.512264Z
4a7a411c6f96bc50,OR,Pinnacle Workforce Logistics,Pinnacle Workforce Logistics,,Clackamas,190,2016-03-03,2016-04-03,Large Layoff - 10 or more workers,2026-08-30T21:43:41.512264Z
311152e4f4f47157,OR,Aequitas Capital,Aequitas Capital,,Lake Oswego,80,2016-02-16,2016-02-15,Large Layoff - 10 or more workers,2026-08-30T21:43:41.512264Z
ea68da296932f491,OR,"Panasonic Eco Solutions Solar America,",Panasonic Eco Solutions Solar America,,Salem,50,2016-02-15,2016-04-15,Large Layoff - 10 or more workers,2026-08-30T21:43:41.512264Z
f0f87867cc9d6153,OR,EVRAZ,Evraz,,Portland,230,2016-02-09,2016-04-09,Large Layoff - 10 or more workers,2026-08-30T21:43:41.512264Z
6fcea7f329874b6b,OR,UTi,UTi,,Portland,41,2016-02-02,2016-03-29,Large Layoff - 10 or more workers,2026-08-30T21:43:41.512264Z
520c8269b538e488,OR,Global Partners LP (Global) Columbia Pa,Global Partners LP (Global) Columbia Pa,,Clatskanie,50,2016-01-26,2016-01-27,Large Layoff - 10 or more workers,2026-08-30T21:43:41.512264Z
9c8dca40f19d1900,OR,Walmart,Walmart,,Portland,39,2016-01-20,2016-04-15,Permanent closure,2026-08-30T21:43:41.512264Z
322b01b9d4658e7f,OR,Walmart,Walmart,,Lake Oswego,64,2016-01-20,2016-04-15,Permanent closure,2026-08-30T21:43:41.512264Z
fe0053b21c10811e,OR,"Youth Villages, Christie Campus","Youth Villages, Christie Campus",,Lake Oswego,74,2015-12-30,2016-03-01,Reduction,2026-08-30T21:43:41.512264Z
5181fcb3ec4e0b8d,OR,"A-List, Inc. and H-List, Inc. dba Kitso","A-List, Inc. and H-List",Kitso,Portland,9,2015-12-28,2016-01-04,Permanent closure,2026-08-30T21:43:41.512264Z
f2624f820758ec77,OR,"Pacific States Plywood, Inc.",Pacific States Plywood,,Springfield,39,2015-12-18,2016-02-15,Large Layoff - 10 or more workers,2026-08-30T21:43:41.512264Z
3079fcab17772393,OR,Greatbatch,Greatbatch,,Beaverton,140,2015-11-06,2016-01-01,Reduction,2026-08-30T21:43:41.512264Z
5ed430b0421a8792,OR,Woodgrain Millwork,Woodgrain Millwork,,Prineville,55,2015-10-23,2015-12-28,Permanent closure,2026-08-30T21:43:41.512264Z
f9ee0d2158467236,OR,WestRock,WestRock,,Newberg,171,2015-10-20,2015-11-15,Permanent closure,2026-08-30T21:43:41.512264Z
3a22a60e7b4e153e,OR,Haggen Food & Pharmacy,Haggen Food & Pharmacy,,"Bellingham, WA",416,2015-09-25,2015-11-24,Permanent closure,2026-08-30T21:43:41.512264Z
79f9e58a9936dc20,OR,Haggen Food and Pharmacy,Haggen Food and Pharmacy,,"Bellingham, WA",331,2015-08-14,2015-10-14,Permanent closure,2026-08-30T21:43:41.512264Z
9feb847ceef5710e,OR,Capital One,Capital One,,Portland,4,2015-07-24,2016-01-01,Permanent closure,2026-08-30T21:43:41.512264Z
745298dc5883e166,OR,Capital One,Capital One,,Portland,2,2015-07-24,2015-10-01,Permanent closure,2026-08-30T21:43:41.512264Z
5754d449b107c315,OR,Capital One,Capital One,,Portland,818,2015-07-24,2015-12-07,Permanent closure,2026-08-30T21:43:41.512264Z
2901d08c95130984,OR,Capital One,Capital One,,Portland,22,2015-07-24,2015-11-01,Permanent closure,2026-08-30T21:43:41.512264Z
9de3fbba8f4374fe,OR,MAG Retail Group,MAG Retail Group,,Medford,114,2015-07-02,2015-09-04,Permanent closure,2026-08-30T21:43:41.512264Z
9ab35146fb631d55,OR,Netflix Inc,Netflix,,Hillsboro,68,2015-04-02,2015-05-31,Permanent closure,2026-08-30T21:43:41.512264Z
c0a93560d572aa3b,OR,CP Medical Corporation,CP Medical,,Portland,30,2015-03-04,2015-12-31,Large Layoff - 10 or more workers,2026-08-30T21:43:41.512264Z
92f5787a1e95ca6a,OR,CP Medical Corporation,CP Medical,,Portland,14,2015-03-04,2015-09-30,Large Layoff - 10 or more workers,2026-08-30T21:43:41.512264Z
4ce9850ce169f778,OR,CP Medical Corporation,CP Medical,,Portland,5,2015-03-04,2016-07-01,Large Layoff - 10 or more workers,2026-08-30T21:43:41.512264Z
44b660ca5d038eda,OR,CP Medical Corporation,CP Medical,,Portland,31,2015-03-04,2015-10-30,Large Layoff - 10 or more workers,2026-08-30T21:43:41.512264Z
273951cada17b7f4,OR,CP Medical Corporation,CP Medical,,Portland,8,2015-03-04,2015-11-30,Large Layoff - 10 or more workers,2026-08-30T21:43:41.512264Z
a39ad3750d613006,OR,Ambassadors Programs Inc.,Ambassadors Programs,,"Spokane, WA",1,2015-02-25,2015-04-27,Large Layoff - 10 or more workers,2026-08-30T21:43:41.512264Z
91a3dd17902c7c50,OR,Safeway Inc.,Safeway,,Clackamas,91,2015-01-29,2015-03-31,Permanent closure,2026-08-30T21:43:41.512264Z
7e7697c388e6bb0f,OR,Kaiser Permanente,Kaiser Permanente,,Portland,100,2015-01-19,2015-06-01,Large Layoff - 10 or more workers,2026-08-30T21:43:41.512264Z
a4a5c42407693c58,OR,Cover Oregon,Cover Oregon,,Durham,62,2015-01-08,2015-03-10,Large Layoff - 10 or more workers,2026-08-30T21:43:41.512264Z
09aa59d209733669,OR,Woodgrain Millwork,Woodgrain Millwork,,Prineville,133,2014-11-28,2014-11-25,Large Layoff - 10 or more workers,2026-08-30T21:43:41.512264Z
73fa6de4e18db922,OR,Lloyd Center Nordstrom,Lloyd Center Nordstrom,,Portland,172,2014-10-29,2015-01-10,Permanent closure,2026-08-30T21:43:41.512264Z
646263924d8ed0c7,OR,Ringside Steakhouse,Ringside Steakhouse,,Portland,57,2014-10-28,2015-01-01,Small Layoff 1 – 10 workers,2026-08-30T21:43:41.512264Z
b2ae1feb472c71f0,OR,West Linn Paper Co,West Linn Paper,,West Linn,41,2014-08-22,2014-03-19,Reduction,2026-08-30T21:43:41.512264Z
2b1a016eb63bb170,OR,Umatilla Chemical Agent-URS,Umatilla Chemical Agent-URS,,Hermiston,26,2014-08-08,2014-10-09,Permanent closure,2026-08-30T21:43:41.512264Z
02f2b80ea073f899,OR,Elks Rehab System,Elks Rehab System,,Ontario,5,2014-07-31,2014-07-31,Temporary Layoff,2026-08-30T21:43:41.512264Z
eaffa37264a4174b,OR,BFN Operations LLC,BFN Operations,,Cornelius,100,2014-06-30,2014-09-30,Permanent closure,2026-08-30T21:43:41.512264Z
a9c4453cadef2a52,OR,Kmart Corporation,Kmart,,Albany,64,2014-06-12,2014-09-14,Permanent closure,2026-08-30T21:43:41.512264Z
70e06973fd6aaa62,OR,"LAIKA, LLC",Laika,,Hillsboro,76,2014-05-19,2014-07-19,Permanent closure,2026-08-30T21:43:41.512264Z
ba5ba2fefb9c4f50,OR,URS-Umatilla Chemical Agent Disposal,URS-Umatilla Chemical Agent Disposal,,Hermiston,25,2014-05-14,2014-07-17,Large Layoff - 10 or more workers,2026-08-30T21:43:41.512264Z
96db095bc4a01648,OR,Commercial Vehicle Group Inc.,Commercial Vehicle Group,,Tigard,120,2014-05-09,2015-04-30,Permanent closure,2026-08-30T21:43:41.512264Z
8139f44e944674d4,OR,Commercial Vehicle Group Inc.,Commercial Vehicle Group,,Tigard,117,2014-05-09,2015-01-26,Permanent closure,2026-08-30T21:43:41.512264Z
e3a8778e621c6ee6,OR,Welch Allyn,Welch Allyn,,Beaverton,1,2014-04-01,2014-07-27,Large Layoff - 10 or more workers,2026-08-30T21:43:41.512264Z
da4e6f1acc243f9f,OR,Welch Allyn,Welch Allyn,,Beaverton,45,2014-04-01,2014-12-19,Large Layoff - 10 or more workers,2026-08-30T21:43:41.512264Z
cbe5e3bce85e255b,OR,Welch Allyn,Welch Allyn,,Beaverton,1,2014-04-01,2014-09-26,Large Layoff - 10 or more workers,2026-08-30T21:43:41.512264Z
92c4e6373667c315,OR,Welch Allyn,Welch Allyn,,Beaverton,13,2014-04-01,2014-05-30,Large Layoff - 10 or more workers,2026-08-30T21:43:41.512264Z
87a7edd601503202,OR,Welch Allyn,Welch Allyn,,Beaverton,1,2014-04-01,2014-06-27,Large Layoff - 10 or more workers,2026-08-30T21:43:41.512264Z
6d0b32dcb844f22a,OR,Welch Allyn,Welch Allyn,,Beaverton,14,2014-04-01,2015-01-31,Large Layoff - 10 or more workers,2026-08-30T21:43:41.512264Z
24aeda3d158e5fe2,OR,Welch Allyn,Welch Allyn,,Beaverton,9,2014-04-01,2015-03-27,Large Layoff - 10 or more workers,2026-08-30T21:43:41.512264Z
face079b7ffcf07b,OR,CenturyLink Customer Contact Sales & Se,CenturyLink Customer Contact Sales & Se,,Medford,114,2014-03-19,2014-06-06,Permanent closure,2026-08-30T21:43:41.512264Z
ead1e3a5be099808,OR,Sierra Pines Ltd.,Sierra Pines,,Springfield,87,2014-02-05,2014-04-04,Permanent closure,2026-08-30T21:43:41.512264Z
70b649edeff44368,OR,Glenn Walters Nursery,Glenn Walters Nursery,,Cornelius,119,2014-01-17,2014-01-17,Large Layoff - 10 or more workers,2026-08-30T21:43:41.512264Z
12420cacb5c1745f,OR,Evergreen International Airlines Inc.,Evergreen International Airlines,,Mcminnville,131,2013-11-07,2013-11-07,Large Layoff - 10 or more workers,2026-08-30T21:43:41.512264Z
eb8d50a05407b6ee,OR,System Services of America Inc,System Services of America,,Portland,78,2013-11-06,2014-02-02,Permanent closure,2026-08-30T21:43:41.512264Z
1c090faabf485e14,OR,Bank of America,Bank of America,,Hillsboro,59,2013-10-25,2013-10-23,Large Layoff - 10 or more workers,2026-08-30T21:43:41.512264Z
98beede14c98e146,OR,Wells Fargo Home Mortgage Retail Retail,Wells Fargo Home Mortgage Retail Retail,,Portland,92,2013-10-23,2013-12-22,Large Layoff - 10 or more workers,2026-08-30T21:43:41.512264Z
1e9f86659dc22f38,OR,American Bridge Manufacturing Company,American Bridge Manufacturing,,"Coraopolis, PA",51,2013-10-08,2013-12-09,Permanent closure,2026-08-30T21:43:41.512264Z
60c483917ec0e4f6,OR,CapitalOne,CapitalOne,,Portland,66,2013-09-12,2013-12-07,Large Layoff - 10 or more workers,2026-08-30T21:43:41.512264Z
f0164f0aff4a3c6a,OR,Dutchmen,Dutchmen,,Clackamas,163,2013-09-10,2013-11-15,Permanent closure,2026-08-30T21:43:41.512264Z
52a748fdd49245ea,OR,URS-UMCDF,Urs-Umcdf,,Hermiston,4,2013-08-22,2013-10-24,Large Layoff - 10 or more workers,2026-08-30T21:43:41.512264Z
9d958466db41da0c,OR,Blount International,Blount International,,Portland,198,2013-08-09,2013-10-22,Large Layoff - 10 or more workers,2026-08-30T21:43:41.512264Z
3bd023591353abcf,OR,"Cambia Health Solutions, Inc.",Cambia Health Solutions,,Portland,22,2013-07-25,2013-07-29,Reduction,2026-08-30T21:43:41.512264Z
fffbbf13b0b0df09,OR,Kaiser Permanente,Kaiser Permanente,,Portland,111,2013-07-19,2013-10-31,Permanent closure,2026-08-30T21:43:41.512264Z
67601ff8bb469b5f,OR,SolarWorld,SolarWorld,,Hillsboro,100,2013-07-02,2013-07-07,Reduction,2026-08-30T21:43:41.512264Z
31a732ef5a0eaa5a,OR,SolarWorld,SolarWorld,,Hillsboro,1,2013-07-02,2014-01-14,Reduction,2026-08-30T21:43:41.512264Z
347df417e8db6a8f,OR,Lloyd Center,Lloyd Center,,Portland,49,2013-06-18,2013-08-17,Large Layoff - 10 or more workers,2026-08-30T21:43:41.512264Z
b9527c14d0e9bc13,OR,Zynga,Zynga,,Eugene,8,2013-06-03,2013-06-03,Reduction,2026-08-30T21:43:41.512264Z
a72d4d253d60469f,OR,Ricoh,Ricoh,,Portland,70,2013-05-31,2013-07-31,Large Layoff - 10 or more workers,2026-08-30T21:43:41.512264Z
739901c0a94af12d,OR,CenturyLink,CenturyLink,,Hood River,51,2013-05-13,2013-07-19,Large Layoff - 10 or more workers,2026-08-30T21:43:41.512264Z
524f2b14a355f67c,OR,Xerox Business Services,Xerox Business Services,,"Lewisville, TX",285,2013-05-01,2013-07-07,Permanent closure,2026-08-30T21:43:41.512264Z
3cff518510a1f665,OR,Ovations,Ovations,,"Lutz, FL",539,2013-04-30,2013-06-30,Large Layoff - 10 or more workers,2026-08-30T21:43:41.512264Z
fcee704429ca2b6c,OR,AEG Facilities,AEG Facilities,,"Los Angeles, CA",900,2013-04-29,2013-06-30,Permanent closure,2026-08-30T21:43:41.512264Z
6b626defd5a8e94e,OR,SANYO Solare of Oregon LLC,SANYO Solare of Oregon,,Salem,50,2013-04-25,2013-12-20,Permanent closure,2026-08-30T21:43:41.512264Z
23306a885010e0b0,OR,Rough & Ready Lumber LLC,Rough & Ready Lumber,,Cave Junction,88,2013-04-23,2013-05-01,Permanent closure,2026-08-30T21:43:41.512264Z
01a2a5fff9e131d1,OR,Solopower,Solopower,,Portland,29,2013-04-17,2013-06-17,Permanent closure,2026-08-30T21:43:41.512264Z
93823706ed31a59e,OR,URS-Umatilla Chemical Depo,URS-Umatilla Chemical Depo,,Hermiston,136,2013-04-13,2013-06-20,Permanent closure,2026-08-30T21:43:41.512264Z
e161d9149c94cd32,OR,FOSS Maritime Company,FOSS Maritime,,Portland,60,2013-04-11,2013-06-11,Permanent closure,2026-08-30T21:43:41.512264Z
b04fdf787c24fdee,OR,URS-Umatilla Chemical Agent Disposal,URS-Umatilla Chemical Agent Disposal,,Hermiston,5,2013-03-07,2013-05-09,Permanent closure,2026-08-30T21:43:41.512264Z
6672b1123d5a6d23,OR,Umatilla Chemical Agent Disp. Facility,Umatilla Chemical Agent Disp. Facility,,Hermiston,117,2013-03-01,2013-06-20,Permanent closure,2026-08-30T21:43:41.512264Z
fd46c2e0018fb5ff,OR,Kathy Nicholl,Kathy Nicholl,,Beaverton,174,2013-02-15,2013-04-26,Permanent closure,2026-08-30T21:43:41.512264Z
731a686c1b37bdac,OR,Pepsi Beverages Company,Pepsi Beverages,,Salem,66,2013-01-22,2013-03-23,Permanent closure,2026-08-30T21:43:41.512264Z
05a2cf76465f9569,OR,American InterContinental Univ. Online,American InterContinental Univ. Online,,Beaverton,124,2013-01-21,2013-03-23,Permanent closure,2026-08-30T21:43:41.512264Z
ffc328630d916c00,OR,K Mart,K Mart,,Milwaukie,61,2013-01-15,2013-03-16,Permanent closure,2026-08-30T21:43:41.512264Z
defc3b0ec8647b48,OR,American Suzuki Motor Corporation,American Suzuki Motor,,,2,2013-01-11,2013-03-14,Permanent closure,2026-08-30T21:43:41.512264Z
f9a356885c7c1c62,OR,Sealy Mattress Company,Sealy Mattress,,Portland,9,2013-01-04,2013-03-31,Permanent closure,2026-08-30T21:43:41.512264Z
2d531859c4da7ac4,OR,Sealy Mattress Company,Sealy Mattress,,Portland,106,2013-01-04,2013-03-04,Permanent closure,2026-08-30T21:43:41.512264Z
e36683fc785470f4,OR,Umatilla Chemical Agent Disposal Facili,Umatilla Chemical Agent Disposal Facili,,Hermistion,11,2013-01-02,2013-03-07,Permanent closure,2026-08-30T21:43:41.512264Z
a1d201dc345703f5,OR,Umatilla Chemical Agent Disposal Facili,Umatilla Chemical Agent Disposal Facili,,Hermiston,178,2012-12-11,2013-02-14,Permanent closure,2026-08-30T21:43:41.512264Z
2180048a9e87ba1c,OR,TriWest Healthcare Alliance Corp.,TriWest Healthcare Alliance,,,7,2012-12-10,2013-02-15,Reduction,2026-08-30T21:43:41.512264Z
e812e9b2654434ca,OR,"Monaco RV, LLC",Monaco RV,,Coburg,72,2012-10-30,2012-04-13,Permanent closure,2026-08-30T21:43:41.512264Z
847f2e66b713e445,OR,"Monaco RV, LLC",Monaco RV,,Coburg,2,2012-10-30,2012-10-31,Permanent closure,2026-08-30T21:43:41.512264Z
7edb0e8103e297de,OR,"Monaco RV, LLC",Monaco RV,,Coburg,3,2012-10-30,2012-03-16,Permanent closure,2026-08-30T21:43:41.512264Z
77cde0b53cab28ee,OR,"Monaco RV, LLC",Monaco RV,,Coburg,1,2012-10-30,2012-11-15,Permanent closure,2026-08-30T21:43:41.512264Z
4e3cb9901ef3788d,OR,"Monaco RV, LLC",Monaco RV,,Coburg,24,2012-10-30,2012-03-30,Permanent closure,2026-08-30T21:43:41.512264Z
23d97f33465af25a,OR,Fashion Tech Window Coverings,Fashion Tech Window Coverings,,Portland,,2012-10-26,,Permanent closure,2026-08-30T21:43:41.512264Z
dff1c60a9baece9c,OR,"Boise White Paper, LLC",Boise White Paper,,St. Helens,106,2012-10-16,2012-12-31,Permanent closure,2026-08-30T21:43:41.512264Z
40e6d7c744fcdebc,OR,Capitol One,Capitol One,,Portand,217,2012-09-25,2013-01-02,Reduction,2026-08-30T21:43:41.512264Z
ab9087879dbc4968,OR,Conservation Services Group,Conservation Services Group,,Portland,97,2012-09-24,2012-12-16,Large Layoff - 10 or more workers,2026-08-30T21:43:41.512264Z
874a669810b39c0c,OR,Warm Springs Forest Product Industries,Warm Springs Forest Product Industries,,Warm Springs,93,2012-09-17,2012-11-16,Large Layoff - 10 or more workers,2026-08-30T21:43:41.512264Z
fd6dde65849517b5,OR,"Washington Demilitarization Co., (URS)","Washington Demilitarization Co., (URS)",,Hermiston,34,2012-09-07,2012-11-08,Permanent closure,2026-08-30T21:43:41.512264Z
cedb4a03a01359b1,OR,"America's Body Company, LLC",America's Body,,Portland,46,2012-07-09,2012-09-10,Permanent closure,2026-08-30T21:43:41.512264Z
46a9df6469d822dd,OR,Salem Hospital,Salem Hospital,,Salem,52,2012-06-15,2012-06-15,Permanent closure,2026-08-30T21:43:41.512264Z
6f91bd94a749205e,OR,Umatilla Chemical Agent Disposal Facili,Umatilla Chemical Agent Disposal Facili,,Hermiston,1,2012-05-31,2012-06-06,Permanent closure,2026-08-30T21:43:41.512264Z
b2df6d0dbbdd8c99,OR,"Hostess Brands, Inc.",Hostess Brands,,Baker City,1,2012-05-04,2012-07-04,Permanent closure,2026-08-30T21:43:41.512264Z
830cecd37cd6f2af,OR,Capital One Services,Capital One Services,,Portland,79,2012-05-02,2012-09-01,Permanent closure,2026-08-30T21:43:41.512264Z
ea3e99a4be8e239e,OR,Lumber Products,Lumber Products,,Tualatin,65,2012-05-01,2012-06-29,Permanent closure,2026-08-30T21:43:41.512264Z
d96dfeb339d5eb1e,OR,"AT&T Mobility Services, LLC",AT&T Mobility Services,,"Duluth, MN",86,2012-04-27,2012-06-29,Permanent closure,2026-08-30T21:43:41.512264Z
3579cf4b49edd5ab,OR,T-Mobile,T-Mobile,,Redmond,359,2012-03-22,2012-06-22,Permanent closure,2026-08-30T21:43:41.512264Z
af2733a20525d216,OR,Siltronic Corporation,Siltronic,,Portland,350,2012-03-21,2012-07-01,Permanent closure,2026-08-30T21:43:41.512264Z
a6ed662be2ccbe9d,OR,Symantec Corporation,Symantec,,Beaverton,55,2012-03-05,2012-05-05,Reduction,2026-08-30T21:43:41.512264Z
e69d3ed8ec954815,OR,"Schneider Logistics, Inc. (SLI)","Schneider Logistics, Inc. (SLI)",,Beaverton,1,2012-02-01,2012-03-31,Permanent closure,2026-08-30T21:43:41.512264Z
55e00c87474044c9,OR,MASCO Bath,MASCO Bath,,Klamath Falls,50,2012-01-31,2012-03-30,Permanent closure,2026-08-30T21:43:41.512264Z
761b710d7bd5392d,OR,Umatilla Chemical Agent Disposal Facili,Umatilla Chemical Agent Disposal Facili,,Hermiston,17,2012-01-12,2012-04-12,Permanent closure,2026-08-30T21:43:41.512264Z
d6039c3dad5f10eb,OR,"MEMC Electronic Materials, Inc.",MEMC Electronic Materials,,Portland,9,2011-12-07,2011-10-26,Large Layoff - 10 or more workers,2026-08-30T21:43:41.512264Z
c5cf6c302b37cc53,OR,"MEMC Electronic Materials, Inc.",MEMC Electronic Materials,,Portland,85,2011-12-07,2011-12-07,Large Layoff - 10 or more workers,2026-08-30T21:43:41.512264Z
06adb6b236ee55b7,OR,"Integrated Device Technology, Inc. (IDT","Integrated Device Technology, Inc. (IDT",,Hillsboro,,2011-11-18,,Permanent closure,2026-08-30T21:43:41.512264Z
afef842c734b61d0,OR,"CFRI-HWKD Maple Grove, LLC",CFRI-HWKD Maple Grove,,Monmouth,120,2011-10-19,2011-12-31,Permanent closure,2026-08-30T21:43:41.512264Z
ad8e4b7aea333d2c,OR,"Pace American Enterprises, Inc.",Pace American Enterprises,,Lebanon,35,2011-09-13,2011-09-20,Large Layoff - 10 or more workers,2026-08-30T21:43:41.512264Z
dcdeed92cd1c40e5,OR,Nationwide Sales Solutions,Nationwide Sales Solutions,,Portland,90,2011-07-13,2011-09-12,Permanent closure,2026-08-30T21:43:41.512264Z
ab431275d903766d,OR,"Musician's Friend, Inc.",Musician's Friend,,Medford,160,2011-07-12,2011-07-14,Permanent closure,2026-08-30T21:43:41.512264Z
28582344ed3c4217,OR,Insight Schools,Insight Schools,,Portland,58,2011-05-18,2011-07-18,Permanent closure,2026-08-30T21:43:41.512264Z
e06282ab237c7686,OR,"Haggen, Murray Hill Store","Haggen, Murray Hill Store",,Beaverton,72,2011-02-22,2011-04-27,Permanent closure,2026-08-30T21:43:41.512264Z
8f895050e670f749,OR,Blue Heron Paper Company,Blue Heron Paper,,Oregon City,181,2011-02-22,2011-02-28,Permanent closure,2026-08-30T21:43:41.512264Z
d9c32135b303502f,OR,"bioMerieux, Inc.",bioMerieux,,Wilsonville,80,2010-12-01,2010-12-31,Permanent closure,2026-08-30T21:43:41.512264Z
8275be546b71d6dc,OR,"Liberty Homes, Inc",Liberty Homes,,Sheridan,83,2010-12-01,2011-02-01,Permanent closure,2026-08-30T21:43:41.512264Z
40c3686a2d3359c3,OR,Zip Realty,Zip Realty,,Tigard,51,2010-11-29,2010-12-10,Permanent closure,2026-08-30T21:43:41.512264Z
d935cff980c36129,OR,"Silver Eagle Manufacturig Company, Inc.",Silver Eagle Manufacturig,,Portland,55,2010-10-15,2010-12-17,Reduction,2026-08-30T21:43:41.512264Z
d1162bda9bf9e321,OR,SILVER EAGLE COMPANY,Silver Eagle,,PORTLAND,450,2010-10-14,2000-03-16,Permanent closure,2026-08-30T21:43:41.512264Z
cd37a69f032427de,OR,Hines Nurseries,Hines Nurseries,,Forest Grove,96,2010-10-06,2010-12-06,Reduction,2026-08-30T21:43:41.512264Z
b123fdb798f50b8f,OR,Hines Nurseries,Hines Nurseries,,Forest Grove,56,2010-10-06,2011-03-08,Reduction,2026-08-30T21:43:41.512264Z
2ca048cd807b5c03,OR,Wealthbridge Mortgage,Wealthbridge Mortgage,,Beaverton,109,2010-09-23,2010-09-24,Permanent closure,2026-08-30T21:43:41.512264Z
2c2028c1cbdac8c7,OR,Alcan Cable,Alcan Cable,,Roseburg,32,2010-08-03,2010-08-06,Permanent closure,2026-08-30T21:43:41.512264Z
65229f376e6fd5e0,OR,Gladstone Honda & Gladstone Nissan,Gladstone Honda & Gladstone Nissan,,Gladstone,94,2010-07-28,2010-09-15,Permanent closure,2026-08-30T21:43:41.512264Z
1390d5f0e5d5e392,OR,"Senvoy,",Senvoy,,Portland,196,2010-06-04,2010-08-08,Permanent closure,2026-08-30T21:43:41.512264Z
7dcf8b023457f023,OR,"Sunwest Management, Inc.",Sunwest Management,,Salem,150,2010-05-18,2010-07-15,Large Layoff - 10 or more workers,2026-08-30T21:43:41.512264Z
b480b67b9820a211,OR,HAVI Logistics,HAVI Logistics,,Portland,60,2010-05-14,2010-05-14,Permanent closure,2026-08-30T21:43:41.512264Z
cfcf186c12607bfb,OR,Movie Gallery Inc.,Movie Gallery,,Wilsonville,600,2010-05-03,2010-04-30,Permanent closure,2026-08-30T21:43:41.512264Z
6e072a9640cd00c9,OR,IGT,IGT,,Corvallis,19,2010-04-26,2010-06-30,Permanent closure,2026-08-30T21:43:41.512264Z
9d11d8ed22501c35,OR,Saks Fifth Avenue,Saks Fifth Avenue,,Portland,100,2010-03-23,2010-07-31,Permanent closure,2026-08-30T21:43:41.512264Z
b6933cf88defdc32,OR,Artex Aircraft Supplies,Artex Aircraft Supplies,,Aurora,68,2010-02-26,2010-04-30,Large Layoff - 10 or more workers,2026-08-30T21:43:41.512264Z
55b0ca6b2964080a,OR,Auto Warehousing Co.,Auto Warehousing,,Portland,55,2010-01-21,2010-01-22,Large Layoff - 10 or more workers,2026-08-30T21:43:41.512264Z
ca573d97c2b111a4,OR,Alcan Cable,Alcan Cable,,Roseburg,32,2010-01-06,2009-04-19,Large Layoff - 10 or more workers,2026-08-30T21:43:41.512264Z
35895561702f79cd,OR,Alcan Cable,Alcan Cable,,Roseburg,33,2010-01-06,2010-01-06,Large Layoff - 10 or more workers,2026-08-30T21:43:41.512264Z
5b385ecaec4ba68e,OR,"Means Nursery, Inc.",Means Nursery,,Scappoose,100,2009-12-18,2010-02-19,Permanent closure,2026-08-30T21:43:41.512264Z
26d348b3c211d046,OR,Suntron,Suntron,,Newberg,188,2009-12-14,2010-03-31,Permanent closure,2026-08-30T21:43:41.512264Z
c639c121897d19a9,OR,"Blackwell North American, Inc.",Blackwell North American,,Lake Oswego,139,2009-12-07,2010-02-07,Permanent closure,2026-08-30T21:43:41.512264Z
880e3e3cb817a241,OR,Weyerhaeuser,Weyerhaeuser,,Warrenton,140,2009-12-07,2009-12-07,Permanent closure,2026-08-30T21:43:41.512264Z
52f290bf20b1838b,OR,Sykes,Sykes,,Milton-Freewater,336,2009-11-12,2010-01-15,Large Layoff - 10 or more workers,2026-08-30T21:43:41.512264Z
e5b702301ab9ce44,OR,"Mount Bachelor Educational Center, Inc.",Mount Bachelor Educational Center,,Prineville,72,2009-11-06,2009-11-11,Permanent closure,2026-08-30T21:43:41.512264Z
1ef7fcf1a1212abe,OR,"Sun Microsystems, Inc.",Sun Microsystems,,Hillsboro,42,2009-11-03,2010-01-03,Permanent closure,2026-08-30T21:43:41.512264Z
0f78300ae7313c7a,OR,Pepsi,Pepsi,,,25,2009-10-23,2009-10-23,Permanent closure,2026-08-30T21:43:41.512264Z
c8dd4d3afb2ac5a3,OR,"Canron Western Constructors, Inc.",Canron Western Constructors,,Portland,106,2009-10-07,2009-12-07,Permanent closure,2026-08-30T21:43:41.512264Z
8544c0433a57c725,OR,"Ferguson Enterprises, Inc.",Ferguson Enterprises,,Portland,94,2009-10-06,2009-12-07,Permanent closure,2026-08-30T21:43:41.512264Z
93f9dc6488265174,OR,"LAIKA, Inc.",Laika,,Portland,52,2009-09-17,2009-11-17,Large Layoff - 10 or more workers,2026-08-30T21:43:41.512264Z
1c2d7e08a0c86d95,OR,Benchmark Electronics,Benchmark Electronics,,Beaverton,183,2009-09-15,2009-12-31,Permanent closure,2026-08-30T21:43:41.512264Z
4a61a74bf5b1137e,OR,Crossmark,Crossmark,,"Plano, TX",46,2009-08-27,2009-10-31,Permanent closure,2026-08-30T21:43:41.512264Z
91e106fa4ed4c6c6,OR,Metso Minerals,Metso Minerals,,Portland,39,2009-08-20,2009-10-21,Reduction,2026-08-30T21:43:41.512264Z
b38a1fc5be1f7c3c,OR,Cleanpak International,Cleanpak International,,Clackamas,115,2009-08-17,2009-10-16,Permanent closure,2026-08-30T21:43:41.512264Z
1eb9e8add9ee4c9f,OR,Cleanpak International,Cleanpak International,,Clackamas,12,2009-08-17,2009-12-01,Permanent closure,2026-08-30T21:43:41.512264Z
1c1a011174b77a06,OR,Cleanpak International,Cleanpak International,,Clackamas,30,2009-08-17,2009-10-23,Permanent closure,2026-08-30T21:43:41.512264Z
08cb9247cdd053c5,OR,Cleanpak International,Cleanpak International,,Clackamas,1,2009-08-17,2009-11-27,Permanent closure,2026-08-30T21:43:41.512264Z
6a8f3c807efb8d44,OR,Crossroads,Crossroads,,"Orange, CA",14,2009-08-06,2009-10-18,Large Layoff - 10 or more workers,2026-08-30T21:43:41.512264Z
b451e2c12941f1ac,OR,"RM International, Inc",RM International,,Portland,109,2009-08-05,2009-10-05,Large Layoff - 10 or more workers,2026-08-30T21:43:41.512264Z
aba308cf98e0a3af,OR,Cobham Avionics DBA Artex Products,Cobham Avionics,Artex Products,Aurora,12,2009-08-04,2009-04-07,Permanent closure,2026-08-30T21:43:41.512264Z
8a3495592ebb16d6,OR,Cobham Avionics DBA Artex Products,Cobham Avionics,Artex Products,Aurora,29,2009-08-04,2009-07-07,Permanent closure,2026-08-30T21:43:41.512264Z
57afe8004629d873,OR,Cobham Avionics DBA Artex Products,Cobham Avionics,Artex Products,Aurora,113,2009-08-04,2009-10-07,Permanent closure,2026-08-30T21:43:41.512264Z
c4b209c61da96157,OR,Fleetwood Homes,Fleetwood Homes,,Woodburn,89,2009-07-02,2009-08-31,Permanent closure,2026-08-30T21:43:41.512264Z
53e65af8c0458d4d,OR,InFocus,InFocus,,Wilsonville,60,2009-07-02,2009-09-01,Large Layoff - 10 or more workers,2026-08-30T21:43:41.512264Z
8bab81521a300e32,OR,"Philips Prodoucts, Inc.",Philips Prodoucts,,Stayton,125,2009-06-03,2009-08-05,Permanent closure,2026-08-30T21:43:41.512264Z
0e839928a62678e3,OR,Hach Ultra Analytics,Hach Ultra Analytics,,Grants Pass,50,2009-06-03,2009-08-15,Reduction,2026-08-30T21:43:41.512264Z
7d32c218c51b1254,OR,Nypro,Nypro,,Corvallis,62,2009-06-01,2009-11-30,Permanent closure,2026-08-30T21:43:41.512264Z
f327ea815f5a86ac,OR,Market Strategies International,Market Strategies International,,Portland,162,2009-05-15,2009-07-31,Permanent closure,2026-08-30T21:43:41.512264Z
3688ec1bda0873c1,OR,Nike,Nike,,Beaverton,500,2009-05-14,2009-04-03,Large Layoff - 10 or more workers,2026-08-30T21:43:41.512264Z
d50eb7c2dea6c6bb,OR,Boise Cascade - LaGrande,Boise Cascade - LaGrande,,LaGrande,,2009-05-01,,Permanent closure,2026-08-30T21:43:41.512264Z
747fceea5c435e9e,OR,Boise Cascade,Boise Cascade,,LaGrande,120,2009-04-29,2009-06-28,Large Layoff - 10 or more workers,2026-08-30T21:43:41.512264Z
260ae8c71b68e03d,OR,Rose City Cafe,Rose City Cafe,,Portland,53,2009-04-28,2009-06-30,Permanent closure,2026-08-30T21:43:41.512264Z
7cb715a0c532ebb3,OR,Albany Trucking,Albany Trucking,,Albany,75,2009-04-16,2009-04-16,Permanent closure,2026-08-30T21:43:41.512264Z
0584c846a49313be,OR,North River Boats,North River Boats,,Roseburg,157,2009-04-09,2009-04-14,Permanent closure,2026-08-30T21:43:41.512264Z
0256a0b20c3b4c01,OR,Nike,Nike,,Beaverton,17,2009-04-07,2009-06-13,Reduction,2026-08-30T21:43:41.512264Z
be397d40cd0e012d,OR,Hampton Lumber Mills,Hampton Lumber Mills,,Tillamook,85,2009-04-06,2009-06-06,Large Layoff - 10 or more workers,2026-08-30T21:43:41.512264Z
1a544520e93be25d,OR,JP Morgan Chase,JP Morgan Chase,,Portland,19,2009-03-31,2009-06-05,Permanent closure,2026-08-30T21:43:41.512264Z
0a7791fb28928770,OR,Evraz Inc.,Evraz,,Portland,225,2009-03-31,2009-05-25,Large Layoff - 10 or more workers,2026-08-30T21:43:41.512264Z
ce526101b44c75d2,OR,Weyerhaeuser-Dallas Lumber,Weyerhaeuser-Dallas Lumber,,Dallas,78,2009-03-17,2009-05-16,Permanent closure,2026-08-30T21:43:41.512264Z
991622381805fcc8,OR,HiRel Systems,HiRel Systems,,Hillsboro,55,2009-03-16,2009-04-17,Permanent closure,2026-08-30T21:43:41.512264Z
3a1985dad588409c,OR,Warrenton Lumber Mill,Warrenton Lumber Mill,,Warrenton,59,2009-03-10,2009-03-16,Large Layoff - 10 or more workers,2026-08-30T21:43:41.512264Z
6b9a2a8b8bce4a41,OR,"Fleetwood Travel Trailers of Oregon, In","Fleetwood Travel Trailers of Oregon, In",,Pendleton,253,2009-03-09,2009-03-09,Permanent closure,2026-08-30T21:43:41.512264Z
62656458fc94496f,OR,"Fleetwood Travel Trailers of Oregon, In","Fleetwood Travel Trailers of Oregon, In",,LaGrande,162,2009-03-09,2009-03-09,Permanent closure,2026-08-30T21:43:41.512264Z
6c09a5112edd8410,OR,Monaco Coach Corporation,Monaco Coach,,Coburg,1396,2009-03-02,2009-03-02,Reduction,2026-08-30T21:43:41.512264Z
507434ee203fa50c,OR,Verizon Wireless,Verizon Wireless,,Bend,47,2009-02-20,2009-02-20,Permanent closure,2026-08-30T21:43:41.512264Z
e62cd1c441c23e2b,OR,"Joe's Sports, Outdoor & More","Joe's Sports, Outdoor & More",,Wilsonville,190,2009-02-17,2009-04-03,Large Layoff - 10 or more workers,2026-08-30T21:43:41.512264Z
04cbb686b8f0ffd0,OR,St. Charles Medical Center/Pioneer Mem.,St. Charles Medical Center/Pioneer Mem,,Bend/Prineville/Redmond,80,2009-02-11,2009-04-16,Reduction,2026-08-30T21:43:41.512264Z
e6d4763143fbd2d7,OR,Bright Wood Corporation,Bright Wood,,Redmond,98,2009-02-03,2009-04-06,Large Layoff - 10 or more workers,2026-08-30T21:43:41.512264Z
697beaf54a5732c0,OR,Shorewood Packaging,Shorewood Packaging,,Springfield,15,2009-02-03,2009-02-13,Permanent closure,2026-08-30T21:43:41.512264Z
a4f736852ea42d6d,OR,Sun's Hillsboro Site,Sun's Hillsboro Site,,Hillsboro,19,2009-01-21,2009-03-23,Reduction,2026-08-30T21:43:41.512264Z
ef20367b9c20372c,OR,Sauer-Danfoss Company,Sauer-Danfoss,,,110,2009-01-12,2009-03-15,Permanent closure,2026-08-30T21:43:41.512264Z
b024f803ffce962b,OR,GE Security,GE Security,,Tualatin,222,2009-01-08,2009-03-08,Large Layoff - 10 or more workers,2026-08-30T21:43:41.512264Z
a1f3fcd5c855eefb,OR,Boise Cascade White City,Boise Cascade White City,,White City,113,2009-01-08,2009-03-09,Permanent closure,2026-08-30T21:43:41.512264Z
ce72939c20a5a58a,OR,Country Coach,Country Coach,,Junction City,460,2008-12-30,2009-04-01,Large Layoff - 10 or more workers,2026-08-30T21:43:41.512264Z
2b0d03618b775f6e,OR,Sherwood Building Materials Distributio,Sherwood Building Materials Distributio,,Sherwood,105,2008-12-30,2009-03-02,Permanent closure,2026-08-30T21:43:41.512264Z
416ca3bf391e39f7,OR,North Sky Communications,North Sky Communications,,Sherwood,27,2008-12-11,2008-12-11,Large Layoff - 10 or more workers,2026-08-30T21:43:41.512264Z
1fcb64512ffc97e8,OR,"Lime Financial Services, Ltd.",Lime Financial Services,,Lake Oswego,54,2008-12-08,2008-12-09,Permanent closure,2026-08-30T21:43:41.512264Z
60d24ba1a487a2a1,OR,ACS Business Process Solutions,ACS Business Process Solutions,,Portland,90,2008-12-03,2009-02-03,Permanent closure,2026-08-30T21:43:41.512264Z
33d7f4cca9c53b0a,OR,DHL,DHL,,"Portland, Tigard",140,2008-11-21,2009-01-23,Permanent closure,2026-08-30T21:43:41.512264Z
30dc5d7fefe9522a,OR,Boise Paper Holdings,Boise Paper Holdings,,St Helens,300,2008-11-17,2009-01-17,Large Layoff - 10 or more workers,2026-08-30T21:43:41.512264Z
ccb4b314a6ba3c6b,OR,Bayliner- US Marine,Bayliner- US Marine,,,174,2008-10-16,2008-10-17,Permanent closure,2026-08-30T21:43:41.512264Z
9d3907afc8a1f7dd,OR,Gate Gourmet,Gate Gourmet,,,74,2008-10-01,2008-12-01,Permanent closure,2026-08-30T21:43:41.512264Z
5aad76dd14ddf74a,OR,"Johnson Controls, Inc.",Johnson Controls,,Hillsboro,14,2008-10-01,2008-12-14,Permanent closure,2026-08-30T21:43:41.512264Z
7c971e063f93b35f,OR,Tektronix,Tektronix,,Beaverton,60,2008-08-07,2008-09-20,Permanent closure,2026-08-30T21:43:41.512264Z
931f71e0b95dc67d,OR,Hynix Semiconductor Manufacturing Ameri,Hynix Semiconductor Manufacturing Ameri,,,1000,2008-07-29,2008-08-01,Permanent closure,2026-08-30T21:43:41.512264Z
c40830454890f068,OR,Mt. Hood Beverage,Mt. Hood Beverage,,,809,2008-07-15,2008-07-16,Reduction,2026-08-30T21:43:41.512264Z
9b2c5b5f325c9509,OR,Gold River Distributing,Gold River Distributing,,,374,2008-07-15,2008-09-15,Permanent closure,2026-08-30T21:43:41.512264Z
f484d2d1d7443c7b,OR,Columbia Distributing Company,Columbia Distributing,,,771,2008-07-14,2008-09-15,Permanent closure,2026-08-30T21:43:41.512264Z
7862a4a60323861c,OR,Nike Distribution Center,Nike Distribution Center,,Wilsonville,130,2008-07-14,2008-09-15,Permanent closure,2026-08-30T21:43:41.512264Z
989aee6ee61e8c6f,OR,"American Airlines, Inc.",American Airlines,,Portland,3,2008-07-07,2008-09-05,Permanent closure,2026-08-30T21:43:41.512264Z
fc3f7237a51e5b91,OR,Hilton Lake Oswego,Hilton Lake Oswego,,Lake Oswego,53,2008-06-30,2008-08-29,Permanent closure,2026-08-30T21:43:41.512264Z
7d899981f1b0c38f,OR,Kerry Inc.,Kerry,,Tualatin,74,2008-06-24,2008-10-17,Permanent closure,2026-08-30T21:43:41.512264Z
b89d1f837db8e4d1,OR,"Pope & Talbot, Inc.",Pope & Talbot,,Halsey,114,2008-06-19,2008-06-24,Permanent closure,2026-08-30T21:43:41.512264Z
a363108542fbb64b,OR,Skyline McMinnville Nomad Division,Skyline McMinnville Nomad Division,,,84,2008-05-28,2008-05-28,Permanent closure,2026-08-30T21:43:41.512264Z
46b0fe95ee08c196,OR,Gage Industires,Gage Industires,,,75,2008-05-22,2008-07-15,Permanent closure,2026-08-30T21:43:41.512264Z
41a869c1f0afc6f2,OR,SuperValu-Albertsons,SuperValu-Albertsons,,Portland,53,2008-05-09,2008-06-07,Permanent closure,2026-08-30T21:43:41.512264Z
1312b6d07f414b1a,OR,Global Spectrum - Rose Garden,Global Spectrum - Rose Garden,,Portland,780,2008-04-29,2007-06-30,Permanent closure,2026-08-30T21:43:41.512264Z
20eca6c588cde1fa,OR,Homette Corporation,Homette,,,82,2008-04-18,2008-04-21,Permanent closure,2026-08-30T21:43:41.512264Z
88bd90779008aa37,OR,Bay Valley Foods,Bay Valley Foods,,,88,2008-04-14,2008-06-01,Permanent closure,2026-08-30T21:43:41.512264Z
2e9bc0f6e3fb7a22,OR,Trans Ocean Products,Trans Ocean Products,,Salem,57,2008-04-02,2008-06-19,Permanent closure,2026-08-30T21:43:41.512264Z
397a25e713e8348a,OR,"Redman Housing, Inc.",Redman Housing,,Silverton,160,2008-03-24,2008-05-23,Permanent closure,2026-08-30T21:43:41.512264Z
7e115d249785c665,OR,Burley Design LLC,Burley Design,,Eugene,,2008-03-14,,Permanent closure,2026-08-30T21:43:41.512264Z
278bf25030ec54bf,OR,Weyerhaeuser Company,Weyerhaeuser,,Junction City,56,2008-03-03,2008-05-04,Permanent closure,2026-08-30T21:43:41.512264Z
179f89b7e9f501d7,OR,Warm Springs Forest Products Industries,Warm Springs Forest Products Industries,,Warm Springs,57,2008-02-28,2008-04-29,Large Layoff - 10 or more workers,2026-08-30T21:43:41.512264Z
5ee7191ba32b9f5c,OR,Macy's,Macy's,,Portland,50,2008-02-26,2008-05-02,Permanent closure,2026-08-30T21:43:41.512264Z
ecbec68083efc6b0,OR,US Timber,US Timber,,Baker City,30,2008-02-25,2008-02-05,Permanent closure,2026-08-30T21:43:41.512264Z
ffa81005e6bfdd3c,OR,Coe/Newnes/McGehee,Coe/Newnes/McGehee,,Tigard,51,2008-02-12,2008-04-11,Permanent closure,2026-08-30T21:43:41.512264Z
f320b9e23eface56,OR,Norton Lumber Co Inc.,Norton Lumber,,White City,6,2008-02-12,2008-02-22,Permanent closure,2026-08-30T21:43:41.512264Z
816afbe4dfb81939,OR,Unitrin Business Insurance,Unitrin Business Insurance,,Portland,20,2008-02-12,2008-03-31,Large Layoff - 10 or more workers,2026-08-30T21:43:41.512264Z
9e7bab5c4c96bca9,OR,Nationwide,Nationwide,,Portland,204,2008-02-01,2008-06-27,Permanent closure,2026-08-30T21:43:41.512264Z
8f4f1d0ef48b507b,OR,Nationwide,Nationwide,,Portland,234,2008-02-01,2008-02-04,Permanent closure,2026-08-30T21:43:41.512264Z
7faaada80f15793d,OR,"Johnny Cat Inc., Construction","Johnny Cat Inc., Construction",,Jacksonville,45,2008-01-28,2008-01-29,Permanent closure,2026-08-30T21:43:41.512264Z
0dcff6eab0545271,OR,Roberts Motor Company,Roberts Motor,,Portland,162,2008-01-28,2008-03-24,Permanent closure,2026-08-30T21:43:41.512264Z
7f6760b605f2ca40,OR,Merix Corporation,Merix,,Wood Village,133,2008-01-09,2008-03-01,Permanent closure,2026-08-30T21:43:41.512264Z
79ac0408ff005424,OR,Umpqua Lumber Co.,Umpqua Lumber,,Dillard,60,2007-12-13,2008-02-01,Permanent closure,2026-08-30T21:43:41.512264Z
7a505f361052a6f7,OR,Ideal Merchandising,Ideal Merchandising,,,8,2007-12-06,2007-12-10,Permanent closure,2026-08-30T21:43:41.512264Z
9a87b87dc6d21fe4,OR,"MasterBrand Cabinets, Inc.",MasterBrand Cabinets,,Hillsboro,131,2007-12-05,2008-02-05,Permanent closure,2026-08-30T21:43:41.512264Z
438bb6a37afac503,OR,"GreenPoint Mortgage Funding, Inc.",GreenPoint Mortgage Funding,,Lake Oswego,38,2007-11-15,2007-08-24,Permanent closure,2026-08-30T21:43:41.512264Z
a8da459ba1aed0c5,OR,Actuant (Kwikee Products),Actuant (Kwikee Products),,"Mishawaka, IN",,2007-07-16,,Permanent closure,2026-08-30T21:43:41.512264Z
62a6b5e562232689,OR,"Maco Wood Products, Inc.",Maco Wood Products,,Clackamas,130,2007-07-06,2007-07-05,Permanent closure,2026-08-30T21:43:41.512264Z
b7e217a5b84cc0a1,OR,JM Eagle,JM Eagle,,Eugene,61,2007-07-02,2007-09-03,Permanent closure,2026-08-30T21:43:41.512264Z
4ce7d20fc940329e,OR,Cosmo Stores Services,Cosmo Stores Services,,"Orange, CA",,2007-03-23,,Permanent closure,2026-08-30T21:43:41.512264Z
9c259d4d4de0454e,OR,Seaswirl Boats,Seaswirl Boats,,Culver,174,2007-02-27,2007-02-27,Permanent closure,2026-08-30T21:43:41.512264Z
c811a4cae48508c4,OR,"Williams Controls, Inc.",Williams Controls,,Portland,42,2007-02-16,2007-04-16,Large Layoff - 10 or more workers,2026-08-30T21:43:41.512264Z
70b8b1441d9b35d1,OR,"Williams Controls, Inc.",Williams Controls,,Portland,6,2007-02-16,2005-02-02,Large Layoff - 10 or more workers,2026-08-30T21:43:41.512264Z
5eb28d0433d1ee74,OR,"Only One Dollar Store, DBA",Only One Dollar Store,,"Boise, ID",,2007-02-16,,Permanent closure,2026-08-30T21:43:41.512264Z
042af9ec11334d30,OR,Washington Mutual,Washington Mutual,,Lake Oswego,51,2007-02-16,2007-03-30,Permanent closure,2026-08-30T21:43:41.512264Z
55f8a2454dc686df,OR,Weyerhaeuser - Bauman Lumber,Weyerhaeuser - Bauman Lumber,,Lebanon,76,2007-02-09,2007-04-01,Permanent closure,2026-08-30T21:43:41.512264Z
2ac9eed5a2a0dc97,OR,Freightliner,Freightliner,,Portland,802,2007-01-26,2007-01-29,Permanent closure,2026-08-30T21:43:41.512264Z
0ff1c774decfc608,OR,PacifiCorp - Multnomah County,PacifiCorp - Multnomah County,,Portland,,2006-11-20,,Large Layoff - 10 or more workers,2026-08-30T21:43:41.512264Z
8400d8bca1ff0501,OR,Mertitage Mortgage Corporation/NetBank,Mertitage Mortgage Corporation/NetBank,,Beaverton,151,2006-11-13,2006-11-13,Permanent closure,2026-08-30T21:43:41.512264Z
7904e191396c99a6,OR,Macy's Downtown Portland,Macy's Downtown Portland,,Portland,142,2006-11-13,2006-11-14,Permanent closure,2026-08-30T21:43:41.512264Z
a6966e7674605599,OR,Shopko #094,Shopko,,Eugene,39,2006-11-09,2006-11-09,Permanent closure,2026-08-30T21:43:41.512264Z
81c1cc38e57d28a3,OR,Copeland Sports,Copeland Sports,,"Portland, Eugene, Medford, Salem",919,2006-11-03,2006-11-15,Permanent closure,2026-08-30T21:43:41.512264Z
15c3ce582c98c3f0,OR,C & D Technologies,C & D Technologies,,"Mansfield, MA",,2006-10-30,,Permanent closure,2026-08-30T21:43:41.512264Z
f9e31e8661828b85,OR,Whittier Wood Products,Whittier Wood Products,,Eugene,101,2006-08-31,2006-09-06,Permanent closure,2026-08-30T21:43:41.512264Z
62443e0ce860e173,OR,Foster Farms,Foster Farms,,Creswell,53,2006-08-03,2006-08-04,Permanent closure,2026-08-30T21:43:41.512264Z
018e4d324d115659,OR,Foster Farms,Foster Farms,,Creswell,15,2006-08-03,2007-04-28,Permanent closure,2026-08-30T21:43:41.512264Z
b5df3752540509e7,OR,"Albertsons, Inc.",Albertsons,,"Boise, ID",,2006-07-24,,Permanent closure,2026-08-30T21:43:41.512264Z
cffd0aafb66116c2,OR,Qwest Consumer Sales & Service,Qwest Consumer Sales & Service,,Portland,175,2006-07-20,2006-10-13,Permanent closure,2026-08-30T21:43:41.512264Z
6d8539e21c60aea8,OR,FASST Federated Logistics & Operations,FASST Federated Logistics & Operations,,Milwaukie,150,2006-06-02,2006-08-31,Permanent closure,2026-08-30T21:43:41.512264Z
72a9dbe713c0a78c,OR,Trans-Ocean Products,Trans-Ocean Products,,Salem,38,2006-05-30,2006-07-30,Permanent closure,2026-08-30T21:43:41.512264Z
a8298a87bbf99dce,OR,Cenveo Graphic Arts Center,Cenveo Graphic Arts Center,,Portland,99,2006-05-02,2006-05-02,Permanent closure,2026-08-30T21:43:41.512264Z
ae1c3f68f8bcb74b,OR,Ace Parking Management,Ace Parking Management,,Portland,82,2006-03-31,2006-03-31,Permanent closure,2026-08-30T21:43:41.512264Z
d9e018ec73d789c5,OR,"Sun Microsystems, Inc.",Sun Microsystems,,Hillsboro-Portland,2,2006-03-08,2007-04-30,Permanent closure,2026-08-30T21:43:41.512264Z
a673f63d92ba5b0c,OR,"Sun Microsystems, Inc.",Sun Microsystems,,Hillsboro-Portland,7,2006-03-08,2006-05-08,Permanent closure,2026-08-30T21:43:41.512264Z
eb8b5e2a6c955821,OR,Trus Joist - A Weyerhaeuser Business,Trus Joist - A Weyerhaeuser Business,,Eugene,79,2006-03-03,2006-03-06,Permanent closure,2026-08-30T21:43:41.512264Z
b432afc3a9486c06,OR,"PDI, Inc.",PDI,,,2,2006-03-03,2006-04-30,Permanent closure,2026-08-30T21:43:41.512264Z
6040f256a4b6c802,OR,Convergys Corporation,Convergys,,Portland,350,2006-02-16,2007-09-01,Permanent closure,2026-08-30T21:43:41.512264Z
1fa9a33001d6680a,OR,Curly's Dairy - Salem,Curly's Dairy - Salem,,Salem,107,2006-01-31,2006-03-31,Permanent closure,2026-08-30T21:43:41.512264Z
deb913b87d2d428b,OR,Delta Airlines,Delta Airlines,,Portland,67,2005-12-06,2005-12-06,Permanent closure,2026-08-30T21:43:41.512264Z
a0e48a2fb9417e01,OR,Cingular Wireless,Cingular Wireless,,Portland,1,2005-12-06,2005-12-06,Permanent closure,2026-08-30T21:43:41.512264Z
f880c82d49cdcb71,OR,Hotel Mallory,Hotel Mallory,,Portland,80,2005-12-05,2005-12-05,Permanent closure,2026-08-30T21:43:41.512264Z
300ffb3d64fb30e2,OR,SITEL,Sitel,,Hillsboro,695,2005-10-05,2005-10-05,Permanent closure,2026-08-30T21:43:41.512264Z
b8ebcad8a4bf9431,OR,Michaels of Oregon,Michaels of Oregon,,Oregon City,33,2005-09-29,2005-09-29,Permanent closure,2026-08-30T21:43:41.512264Z
a383723e1ca4014f,OR,Neilsen Manufacturing Inc.,Neilsen Manufacturing,,Salem,128,2005-09-27,2005-09-28,Permanent closure,2026-08-30T21:43:41.512264Z
b1e6e322e71f4f79,OR,U.S. Cellular,U.S. Cellular,,Medford,159,2005-09-19,2005-09-20,Large Layoff - 10 or more workers,2026-08-30T21:43:41.512264Z
379d4c0bdaa6789f,OR,Solectron,Solectron,,Hillsboro,119,2005-09-14,2005-12-31,Permanent closure,2026-08-30T21:43:41.512264Z
9883aad3ccbdf75f,OR,Western Electronics Delta Corporation,Western Electronics Delta,,Tualatin,57,2005-08-01,2005-07-28,Reduction,2026-08-30T21:43:41.512264Z
4a6a43824d9f1963,OR,Valley Wine Company,Valley Wine,,Beaverton,101,2005-08-01,2005-10-01,Reduction,2026-08-30T21:43:41.512264Z
85ed79f810deb85d,OR,"Seneca Foods, L.L.C.",Seneca Foods,,Salem,50,2005-07-22,2005-10-01,Reduction,2026-08-30T21:43:41.512264Z
bbadab67fc599cf5,OR,Glide Lumber Products Company,Glide Lumber Products,,Glide,161,2005-07-05,2005-09-16,Reduction,2026-08-30T21:43:41.512264Z
83ad9ce208301218,OR,LEGACY HEALTH SYSTEM,Legacy Health System,,PORTLAND,,2005-06-16,,Reduction,2026-08-30T21:43:41.512264Z
e7701a3dc8f73719,OR,Con Agra Foods,Con Agra Foods,,Umattilla,62,2005-06-07,2005-06-01,Reduction,2026-08-30T21:43:41.512264Z
363dbf25fe4b4ae6,OR,Robert Bosch Tool Corporation,Robert Bosch Tool,,Woodburn,10,2005-06-07,2005-06-30,Reduction,2026-08-30T21:43:41.512264Z
f10f21ae7d920f9b,OR,Biovail,Biovail,,Bridgewater,3,2005-05-11,2005-07-10,Reduction,2026-08-30T21:43:41.512264Z
eabc7fa5292ce645,OR,Cingular Wireless,Cingular Wireless,,Portland,1,2005-05-09,2005-07-03,Reduction,2026-08-30T21:43:41.512264Z
c787783cc7bd329d,OR,"Matsushita Electronic Materials, Inc.",Matsushita Electronic Materials,,Forest Grove,127,2005-04-28,2005-06-30,Reduction,2026-08-30T21:43:41.512264Z
b8155543346f54fd,OR,Monaco Coach Corporation,Monaco Coach,,Bend,500,2005-04-15,2005-06-15,Reduction,2026-08-30T21:43:41.512264Z
9d338fd175f8b4f4,OR,TNS Corporation,TNS,,Eugene,134,2005-04-11,2005-06-10,Reduction,2026-08-30T21:43:41.512264Z
1c83988097328777,OR,American Airlines,American Airlines,,Portland,49,2005-04-07,2005-07-01,Reduction,2026-08-30T21:43:41.512264Z
1359cfed23c06c8f,OR,Associated Administrators (AAI),Associated Administrators (AAI),,Portland,170,2005-04-06,2005-06-05,Reduction,2026-08-30T21:43:41.512264Z
7613fb83a57e1ee6,OR,"Doubletree Hotel, Jantzen Beach","Doubletree Hotel, Jantzen Beach",,Portland,70,2005-01-21,2005-03-29,Reduction,2026-08-30T21:43:41.512264Z
ee684ad2f5c432aa,OR,AMALGAMATED SUGAR,Amalgamated Sugar,,,,2005-01-19,,Reduction,2026-08-30T21:43:41.512264Z
4c9705da8cfa54ae,OR,THE AMALGAMATED SUGAR COMPANY LLC,Amalgamated Sugar,,NYSSA,510,2005-01-19,,Reduction,2026-08-30T21:43:41.512264Z
3759a62cf863b623,OR,OREGON ARENA CORPORATION,Oregon Arena,,PORTLAND,976,2004-11-01,2004-12-31,Reduction,2026-08-30T21:43:41.512264Z
54140461f394d78e,OR,TRINITY UNIVERSAL INSURANCE COMPANY,Trinity Universal Insurance,,ALBANY,89,2004-10-29,2005-01-07,Reduction,2026-08-30T21:43:41.512264Z
9f29814e78107743,OR,GUIDANT SALES CORPORATION,Guidant Sales,,LAKE OSWEGO,1,2004-08-09,2004-10-08,Reduction,2026-08-30T21:43:41.512264Z
b594cd2a1447435f,OR,STREAM,Stream,,EUGENE,206,2004-06-24,2004-08-23,Reduction,2026-08-30T21:43:41.512264Z
b348814fcfc98b36,OR,QWEST SMALL BUSINESS GROUP AND,Qwest Small Business Group and,,PORTLAND,161,2004-06-08,2004-08-11,Reduction,2026-08-30T21:43:41.512264Z
16d2c08bc6d2fccd,OR,"First Student, Inc.",First Student,,"Cincinnati, OH",,2004-04-26,,Permanent closure,2026-08-30T21:43:41.512264Z
01fc78159e56e3ce,OR,"WINCO FOODS, INC.",Winco Foods,,WOODBURN,81,2004-04-14,2004-06-19,Reduction,2026-08-30T21:43:41.512264Z
9a20f998bb5ed807,OR,SYKES-MILTON FREEWATER,Sykes-Milton Freewater,,MILTON-FREEWATER,264,2004-03-02,2004-10-12,Reduction,2026-08-30T21:43:41.512264Z
40e0349d49b1906d,OR,THE CLARION HOTEL,Clarion Hotel,,SPRINGFIELD,119,2004-02-02,2004-03-30,Reduction,2026-08-30T21:43:41.512264Z
cbcfa1d4d335b12c,OR,MARLETTE HOMES,Marlette Homes,,HERMISTON,405,2004-01-30,2004-03-31,Reduction,2026-08-30T21:43:41.512264Z
56dc8b73fe2d44e6,OR,GOLDEN WEST HOMES,Golden West Homes,,ALBANY,273,2004-01-30,2004-03-31,Reduction,2026-08-30T21:43:41.512264Z
8275777417af4eab,OR,WASHINGTON MUTUAL,Washington Mutual,,LAKE OSWEGO,202,2004-01-26,2004-02-01,Reduction,2026-08-30T21:43:41.512264Z
c9f0a5fddb17378a,OR,DOUBLETREE HOTEL,Doubletree Hotel,,PORTLAND,104,2004-01-02,2004-04-02,Reduction,2026-08-30T21:43:41.512264Z
a941ff8dd99f8c58,OR,VANGUARD MARKETING SERVICES,Vanguard Marketing Services,,PORTLAND,187,2003-12-29,2004-02-06,Reduction,2026-08-30T21:43:41.512264Z
7b9ddf96a2df0f9c,OR,"ALEXANDER MANUFACTURING, INC.",Alexander Manufacturing,,PORTLAND & GRESHAM,138,2003-12-18,2003-09-22,Reduction,2026-08-30T21:43:41.512264Z
2d67345fbbac682d,OR,WELLS FARGO HOME MORTGAGE,Wells Fargo Home Mortgage,,CLACKAMAS,60,2003-12-12,2004-02-12,Reduction,2026-08-30T21:43:41.512264Z
e9dad529273e21d6,OR,"KLAMATH FALLS, OR","Klamath Falls, Or",,,131,2003-11-03,2004-01-02,Reduction,2026-08-30T21:43:41.512264Z
2283d27e8234ea97,OR,EVANITE FIBER CORPORATION,Evanite Fiber,,CORVALLIS,62,2003-10-16,2003-10-24,Reduction,2026-08-30T21:43:41.512264Z
9f959c151ee99d6c,OR,VIKING INDUSTRIES INC.,Viking Industries,,PORTLAND,151,2003-10-07,2003-12-05,Reduction,2026-08-30T21:43:41.512264Z
7555a17333cd2a57,OR,TRUS JOIST - A WEYERHAEUSER BUSINESS,Trus Joist - a Weyerhaeuser Business,,JUNCTION CITY,120,2003-09-22,,Reduction,2026-08-30T21:43:41.512264Z
ff6daec379788dae,OR,FARMERS COOP CREAMERY,Farmers Coop Creamery,,,,2003-09-04,,Reduction,2026-08-30T21:43:41.512264Z
8e303371c9d66fe7,OR,CHEVRON,Chevron,,,239,2003-09-02,2003-10-29,Reduction,2026-08-30T21:43:41.512264Z
e65c0e3c16807d1f,OR,"LEBANON, OR","Lebanon, Or",,,62,2003-08-29,,Reduction,2026-08-30T21:43:41.512264Z
12e28a687f90f2a3,OR,"FAMILIAN NORTHWEST, INC",Familian Northwest,,PORTLAND,68,2003-08-27,,Large Layoff - 10 or more workers,2026-08-30T21:43:41.512264Z
06f81ef50ca12d41,OR,"SYKES ENTERPRISES, INC.",Sykes Enterprises,,KLAMATH FALLS,151,2003-08-27,2003-10-12,Large Layoff - 10 or more workers,2026-08-30T21:43:41.512264Z
d79474807a588ed3,OR,BLACKWELL BOOK SERVICE,Blackwell Book Service,,,80,2003-08-20,2003-12-31,Reduction,2026-08-30T21:43:41.512264Z
bd549cb03551f331,OR,"HORSFALL BEACH, NORTH BEND","Horsfall Beach, North Bend",,NORTH BEND,158,2003-08-18,2003-10-13,Reduction,2026-08-30T21:43:41.512264Z
e17a001a32c337ee,OR,FAIRFIELD RESORTS- MRKTNG CONTACT CENTE,Fairfield Resorts- Mrktng Contact Cente,,SALEM,221,2003-08-04,2003-10-03,Reduction,2026-08-30T21:43:41.512264Z
710df096ecef5cfa,OR,"PO BOX 1227, BEND, OR 97709","Po Box 1227, Bend, Or 97709",,,7,2003-07-28,,Reduction,2026-08-30T21:43:41.512264Z
c04d4f4d72667def,OR,SPRINGFIELD AND MEDFORD,Springfield and Medford,,,12,2003-07-14,,Reduction,2026-08-30T21:43:41.512264Z
266c94d9a160e462,OR,SPRINGFIELD,Springfield,,,30,2003-07-09,,Reduction,2026-08-30T21:43:41.512264Z
8a0e7a35679e3bd1,OR,PLYWOOD PLANT #3,Plywood,,ROSEBURG,220,2003-07-02,2003-10-01,Permanent closure,2026-08-30T21:43:41.512264Z
bcb9abd98c76d216,OR,"HILLSBORO, OR","Hillsboro, Or",,,30,2003-06-30,,Reduction,2026-08-30T21:43:41.512264Z
6a0cee66f8c94a56,OR,"MILTON-FREEWATER, OR","Milton-Freewater, Or",,,8,2003-06-30,,Reduction,2026-08-30T21:43:41.512264Z
0ad16fbd508bada9,OR,"ALBANY, OR","Albany, Or",,,57,2003-06-26,,Reduction,2026-08-30T21:43:41.512264Z
f99fda2ffbec954c,OR,FMS AMERICA INC,FMS America,,,4,2003-06-04,2003-07-31,Reduction,2026-08-30T21:43:41.512264Z
de1a5fe7bbdf88ac,OR,SUMCO,Sumco,,SOUTH AND NORTH SALEM,120,2003-06-02,2003-08-01,Reduction,2026-08-30T21:43:41.512264Z
d5a9c6dd6a75d11f,OR,"KLAMATH FALLS, OR","Klamath Falls, Or",,,8,2003-05-27,2003-05-27,Reduction,2026-08-30T21:43:41.512264Z
4fe7cda0c80b0219,OR,"1651 SOUTH F STREET, SPRINGFIELD, OR 97","1651 South F Street, Springfield, Or 97",,,87,2003-05-22,2003-05-16,Reduction,2026-08-30T21:43:41.512264Z
4c254fd646c4eb3c,OR,"RAINIER, OR","Rainier, Or",,,40,2003-05-22,,Reduction,2026-08-30T21:43:41.512264Z
1c4f84a55849f6e5,OR,REGENCE BLUE CROSS BLUE SHIELD,Regence Blue Cross Blue Shield,,KLAMATH FALLS,51,2003-05-06,2003-07-07,Reduction,2026-08-30T21:43:41.512264Z
72ebd343c14c06f4,OR,TSA SECURITY SCREENERS,Tsa Security Screeners,,,,2003-05-05,,Reduction,2026-08-30T21:43:41.512264Z
66a2b7b4d37ffe9f,OR,"US FOREST INDUSTRIES, INC",US Forest Industries,,GRANTS PASS,218,2003-05-05,2003-04-30,Reduction,2026-08-30T21:43:41.512264Z
677a3c78c82a94b8,OR,FIRST CONSUMERS NATIONAL BANK,First Consumers National Bank,,BEAVERTON,402,2003-05-01,2003-06-30,Reduction,2026-08-30T21:43:41.512264Z
3ec7c0138b6aeecb,OR,FRIESEN LUMBER CO.,Friesen Lumber,,ST HELENS,110,2003-05-01,2003-06-29,Reduction,2026-08-30T21:43:41.512264Z
7e4c987456eb365f,OR,SULZER,Sulzer,,,,2003-04-29,,Reduction,2026-08-30T21:43:41.512264Z
617f144e8e896c3c,OR,BROWN & WILLIAMSON TOBACCO,Brown & Williamson Tobacco,,EUGENE AND BEAVERTON,82,2003-04-11,2003-05-15,Reduction,2026-08-30T21:43:41.512264Z
9de20edb9e045304,OR,SONY DISC MANUFACTURING,Sony Disc Manufacturing,,SPRINGFIELD,281,2003-04-10,2003-06-01,Permanent closure,2026-08-30T21:43:41.512264Z
d509e10bbf094d90,OR,SMUCKERS,Smuckers,,WOODBURN,100,2003-04-07,2003-12-19,Reduction,2026-08-30T21:43:41.512264Z
1ad1752b06ae89e7,OR,DILLARD,Dillard,,,445,2003-04-01,,Reduction,2026-08-30T21:43:41.512264Z
bd1c36fda320cf43,OR,"STARWOOD HOTELS & RESORTS WORLDWIDE, IN","Starwood Hotels & Resorts Worldwide, in",,"SEATTLE, WA",,2003-03-20,,Reduction,2026-08-30T21:43:41.512264Z
8b1c7780f6ebf8eb,OR,MOLL INDUSTRIES,Moll Industries,,NEWBERG,86,2003-03-06,2003-04-25,Reduction,2026-08-30T21:43:41.512264Z
ed7130dfae9fba74,OR,SYMANTEC CORPORATION,Symantec,,BEAVERTON,69,2003-03-05,2003-05-05,Reduction,2026-08-30T21:43:41.512264Z
b909f36dc5f72341,OR,ATLAS COPCO WAGNER INC,Atlas Copco Wagner,,PORTLAND,210,2003-02-28,2003-04-28,Reduction,2026-08-30T21:43:41.512264Z
d0133984e99c5c03,OR,PORTLAND STEELWORKS,Portland Steelworks,,PORTLAND,270,2003-02-27,2003-05-06,Reduction,2026-08-30T21:43:41.512264Z
a56916b0473996a5,OR,METROPOLITAN PUBLIC DEFENDER SERVICES,Metropolitan Public Defender Services,,,138,2003-02-27,2003-04-13,Reduction,2026-08-30T21:43:41.512264Z
42740f1e74f6a3ce,OR,RFD PUBLICATIONS LLC,RFD Publications,,WILSONVILLE,71,2003-02-11,2003-04-11,Reduction,2026-08-30T21:43:41.512264Z
947ac5e246ec27f1,OR,QWEST COMMUNICATIONS AGENT SERVICES,Qwest Communications Agent Services,,,27,2003-02-07,2003-04-11,Reduction,2026-08-30T21:43:41.512264Z
bd7a422676e49aad,OR,EMPORIUM,Emporium,,EUGENE,123,2003-02-05,2003-03-27,Reduction,2026-08-30T21:43:41.512264Z
7b7a575c6394cc59,OR,AUSTIN POWDER CO.,Austin Powder,,,,2003-01-29,,Reduction,2026-08-30T21:43:41.512264Z
181504be75e9e62d,OR,ACTIVE USA INC,Active,,PORTLAND,161,2003-01-29,2003-03-24,Reduction,2026-08-30T21:43:41.512264Z
abe5b0eb6b639763,OR,"QWEST COMMUNICATIONS, AGENT SVCS","Qwest Communications, Agent Svcs",,CORVALLIS,54,2003-01-27,2003-04-11,Reduction,2026-08-30T21:43:41.512264Z
c112bdabb678ac93,OR,KMART-JANTZEN BEACH,Kmart-Jantzen Beach,,PORTLAND,200,2003-01-22,2003-03-21,Reduction,2026-08-30T21:43:41.512264Z
1a778fefeb733e62,OR,KMART-EUGENE,Kmart-Eugene,,EUGENE,100,2003-01-22,2003-03-21,Reduction,2026-08-30T21:43:41.512264Z
0e838d7bf705ea00,OR,GOTTSCHALKS,Gottschalks,,CORVALLIS,22,2002-12-27,2003-03-29,Reduction,2026-08-30T21:43:41.512264Z
c086f41cccfabf5b,OR,ROUGH & READY LUMBER,Rough & Ready Lumber,,CAVE JUNCTION,145,2002-12-18,2003-02-15,Reduction,2026-08-30T21:43:41.512264Z
811537fa3da20f98,OR,COPPERWELD,Copperweld,,PORTLAND,55,2002-12-10,2003-02-07,Reduction,2026-08-30T21:43:41.512264Z
9ff4d71fc5f01345,OR,"NEC ELUMINANT TECHNOLOGIES, INC.",Nec Eluminant Technologies,,HILLSBORO,62,2002-12-09,2003-02-06,Reduction,2026-08-30T21:43:41.512264Z
ca40ccfe0c8aa2ec,OR,IKON OFFICE SOLUTIONS,Ikon Office Solutions,,PORTLAND,44,2002-11-19,2003-01-17,Reduction,2026-08-30T21:43:41.512264Z
43542cc846df704b,OR,NATIONAL REFRACTORIES & MINERALS,National Refractories & Minerals,,"LIVERMORE, CA",1,2002-11-15,2003-01-15,Reduction,2026-08-30T21:43:41.512264Z
1d920589507e7740,OR,"3985 PORTLAND RD., SALEM, OR 97303","3985 Portland RD., Salem, Or 97303",,,25,2002-11-14,2002-12-31,Reduction,2026-08-30T21:43:41.512264Z
b427356ac33ed1ba,OR,PACIFICARE HEALTH SYSTEMS,Pacificare Health Systems,,LAKE OSWEGO,50,2002-11-05,2003-01-03,Reduction,2026-08-30T21:43:41.512264Z
2d7e597faa06678f,OR,"TREESOURCE INDUSTRIES, INC.",Treesource Industries,,TILLAMOOK,119,2002-11-05,2003-01-05,Reduction,2026-08-30T21:43:41.512264Z
f57d79b63885218d,OR,K-MART,K-Mart,,SPRINGFIELD,100,2002-10-31,2003-01-05,Reduction,2026-08-30T21:43:41.512264Z
cbafe3155295471e,OR,"CHIQUITA PROCESSED FOODS, LLC",Chiquita Processed Foods,,SALEM,664,2002-10-24,2002-12-24,Reduction,2026-08-30T21:43:41.512264Z
1d7c7c7f3baa441f,OR,GETRONICS,Getronics,,PORTLAND,2,2002-10-15,2002-11-30,Reduction,2026-08-30T21:43:41.512264Z
adc427a9ba535312,OR,GAGE INDUSTRIES INC,Gage Industries,,TIGARD,95,2002-09-09,2002-11-09,Reduction,2026-08-30T21:43:41.512264Z
7678482fa41b24f8,OR,CONSOLIDATED FREIGHTWAYS,Consolidated Freightways,,,315,2002-09-03,2002-09-01,Reduction,2026-08-30T21:43:41.512264Z
e5d1006b95ee3202,OR,SILVERCREST HOMES,Silvercrest Homes,,WOODBURN,45,2002-08-20,,Reduction,2026-08-30T21:43:41.512264Z
f0d38369f9bb4a8a,OR,DURAMETAL CORPORATION,Durametal,,TUALATIN,62,2002-08-15,2002-08-15,Reduction,2026-08-30T21:43:41.512264Z
8ec1783eb9bd9ddf,OR,HUNTLEIGH USA CORPORATION,Huntleigh,,PORTLAND,413,2002-07-29,2002-11-18,Reduction,2026-08-30T21:43:41.512264Z
51084bc38d589f00,OR,METALS USA,Metals,,PORTLAND,62,2002-07-29,2002-09-15,Reduction,2026-08-30T21:43:41.512264Z
1dccaeeb5751bcb8,OR,BEND,BEND,,,207,2002-07-25,2002-07-24,Reduction,2026-08-30T21:43:41.512264Z
cdc62204c8800df0,OR,QWEST OPER & INFO SVCS- LISTING SVCS GR,Qwest Oper & Info Svcs- Listing Svcs GR,,PORTLAND,89,2002-07-18,2002-09-23,Reduction,2026-08-30T21:43:41.512264Z
430eb5f6d3d1779f,OR,WIMER LOGGING COMPANY,Wimer Logging,,ALBANY,80,2002-07-15,2002-07-12,Reduction,2026-08-30T21:43:41.512264Z
69bba3904fc6ac93,OR,WEYERHAEUSER PORTLAND OFFICE,Weyerhaeuser Portland Office,,PORTLAND,200,2002-07-03,2002-09-01,Reduction,2026-08-30T21:43:41.512264Z
4c9b5f122da73c52,OR,ARTHUR ANDERSON LLP,Arthur Anderson,,PORTLAND,50,2002-07-01,2002-07-27,Reduction,2026-08-30T21:43:41.512264Z
feac734920537274,OR,MOLDED CONTAINER CORPORATION,Molded Container,,PORTLAND,98,2002-06-21,2002-08-30,Reduction,2026-08-30T21:43:41.512264Z
e600677836940caf,OR,TRUS JOIST WEYERHAEUSER,Trus Joist Weyerhaeuser,,STAYTON,49,2002-06-10,2002-06-10,Reduction,2026-08-30T21:43:41.512264Z
939fc2d88ba409f1,OR,WOODBURN PLANT,Woodburn Plant,,WOODBURN,58,2002-06-07,2002-06-06,Reduction,2026-08-30T21:43:41.512264Z
05dcb6b4ca23342d,OR,ROSEN PRODUCTS LLC,Rosen Products,,EUGENE,153,2002-06-04,,Reduction,2026-08-30T21:43:41.512264Z
86da409da76de4d7,OR,IBM,IBM,,BEAVERTON,287,2002-05-23,2002-07-23,Reduction,2026-08-30T21:43:41.512264Z
4383c5fc36be2b4e,OR,SYMANTEC,Symantec,,SPRINGFIELD,165,2002-05-20,2002-07-26,Reduction,2026-08-30T21:43:41.512264Z
a9377b9a9e3d0f4d,OR,NEW WEST FOODS,New West Foods,,SALEM,66,2002-05-14,,Reduction,2026-08-30T21:43:41.512264Z
f30a9e910a3accd1,OR,"ADVANCED TELCOM GROUP, INC",Advanced Telcom Group,,SALEM,112,2002-05-13,2002-05-15,Reduction,2026-08-30T21:43:41.512264Z
c62640e38cc632b8,OR,PORTLAND-32 LOCATIONS,Portland-32 Locations,,,425,2002-04-29,2002-06-30,Reduction,2026-08-30T21:43:41.512264Z
eb45d8a7908aee16,OR,SOLECTRON OREGON,Solectron Oregon,,HILLSBORO,271,2002-04-23,2002-06-28,Reduction,2026-08-30T21:43:41.512264Z
a231d9eaa06fe325,OR,KORPINE,Korpine,,BEND,137,2002-04-09,2002-04-15,Permanent closure,2026-08-30T21:43:41.512264Z
0a64f599d47837e8,OR,KMART STORE #9530,Kmart,,PENDLETON,60,2002-03-13,2002-05-07,Reduction,2026-08-30T21:43:41.512264Z
e6049035b4b85bbe,OR,JANTZEN SEWING FACTORY,Jantzen Sewing Factory,,PORTLAND,250,2002-03-05,2002-05-06,Reduction,2026-08-30T21:43:41.512264Z
57c81b4d60dc3a52,OR,FOURPLY INC,Fourply,,GRANTS PASS,80,2002-02-28,2002-04-30,Reduction,2026-08-30T21:43:41.512264Z
d965fe0a2df88f4c,OR,QUALITY COMPONENTS,Quality Components,,KLAMATH FALLS,63,2002-02-26,2002-02-26,Reduction,2026-08-30T21:43:41.512264Z
6254635e7ec88572,OR,PACIFICARE,Pacificare,,HILLSBORO,279,2002-02-21,2002-04-24,Permanent closure,2026-08-30T21:43:41.512264Z
df7c8021d7af0187,OR,COLONIAL PACIFIC LEASING (CPL),Colonial Pacific Leasing (CPL),,PORTLAND,195,2002-01-24,2002-03-29,Reduction,2026-08-30T21:43:41.512264Z
013cd86feecfcb4e,OR,FEDEX SUPPLY CHAIN SERVICES,Fedex Supply Chain Services,,CORVALLIS,63,2002-01-03,,Reduction,2026-08-30T21:43:41.512264Z
491e1d9087defc09,OR,"FUJITSU MICROELECTRONICS, INC (FMI)","Fujitsu Microelectronics, Inc (Fmi)",,GRESHAM,512,2001-12-04,2002-01-31,Reduction,2026-08-30T21:43:41.512264Z
8fe49894b55b1493,OR,INTEL CORPORATION,Intel,,HILLSBORO,175,2001-11-27,2002-01-09,Reduction,2026-08-30T21:43:41.512264Z
dd2accb413564795,OR,"CHIQUITA PROCESSED FOODS, LLC",Chiquita Processed Foods,,MILTON-FREEWATER,35,2001-11-15,2001-01-15,Reduction,2026-08-30T21:43:41.512264Z
52ca8280f4d4543d,OR,KENTROX,Kentrox,,HILLSBORO,76,2001-11-06,2001-12-28,Large Layoff - 10 or more workers,2026-08-30T21:43:41.512264Z
dc1312709062de1e,OR,METROPOLITAN PUBLIC DEFENDER,Metropolitan Public Defender,,PORTLAND,153,2001-11-02,2001-12-31,Reduction,2026-08-30T21:43:41.512264Z
6a6f37cce09c05f9,OR,RAINSWEET FRUITS & VEGETABLES,Rainsweet Fruits & Vegetables,,SALEM,,2001-10-30,,Reduction,2026-08-30T21:43:41.512264Z
e4399dcf3e53ae29,OR,PICTSWEET MUSHROOM FARMS,Pictsweet Mushroom Farms,,SALEM,317,2001-10-26,2001-11-17,Permanent closure,2026-08-30T21:43:41.512264Z
4690cbbbee20c08f,OR,LINNTON PLYWOOD ASSOCIATION,Linnton Plywood Association,,,,2001-10-22,,Reduction,2026-08-30T21:43:41.512264Z
b78eb1e00d8b02ef,OR,"WILLAMETTE INDUSTRIES, INC",Willamette Industries,,ALBANY,,2001-10-18,,Reduction,2026-08-30T21:43:41.512264Z
7be64bb1f7d3962b,OR,"SKY CHEFS, INC",Sky Chefs,,"ARLINGTON, TX",,2001-10-08,,Reduction,2026-08-30T21:43:41.512264Z
390647bdb7eb87e2,OR,PDX,PDX,,PORTLAND,20,2001-10-01,2001-09-24,Reduction,2026-08-30T21:43:41.512264Z
9fc0031e9554564e,OR,TWA,TWA,,PORTLAND,5,2001-09-25,2001-09-24,Reduction,2026-08-30T21:43:41.512264Z
ea17340c0686e522,OR,ADVANCED WOOD RESOURCES,Advanced Wood Resources,,BROWNSVILLE,60,2001-09-21,2001-11-20,Reduction,2026-08-30T21:43:41.512264Z
9a20b8d5dceff41e,OR,RED LION HOTEL,Red Lion Hotel,,PORTLAND,59,2001-08-30,2001-10-31,Permanent closure,2026-08-30T21:43:41.512264Z
97542c194054baf2,OR,MAIL-WELL ENVELOPE,Mail-Well Envelope,,PORTLAND,200,2001-08-15,2001-10-15,Permanent closure,2026-08-30T21:43:41.512264Z
a1a80de8ee53cd29,OR,WILLAMETTE INDUSTRIES,Willamette Industries,,BEND,52,2001-08-14,2001-09-14,Large Layoff - 10 or more workers,2026-08-30T21:43:41.512264Z
8ffad4ed9b3f05ff,OR,DYNAMIX,Dynamix,,EUGENE,97,2001-08-13,2001-11-15,Reduction,2026-08-30T21:43:41.512264Z
d5cb9c6d4306c825,OR,PW PIPE,PW Pipe,,HILLSBORO,67,2001-07-26,2001-09-28,Permanent closure,2026-08-30T21:43:41.512264Z
659474cb4ac116a3,OR,RPS PHARMACY INC,RPS Pharmacy,,BEAVERTON,210,2001-07-09,2001-09-01,Permanent closure,2026-08-30T21:43:41.512264Z
2dc10f7dd12eb907,OR,PACIFIC GATEWAY HOSPITAL,Pacific Gateway Hospital,,PORTLAND,137,2001-06-13,2001-06-07,Reduction,2026-08-30T21:43:41.512264Z
efb7d4d397fb6b96,OR,AT&T BROADBAND,AT&T Broadband,,BEAVERTON,101,2001-06-07,2001-08-08,Reduction,2026-08-30T21:43:41.512264Z
7d1c8917f95c0c3e,OR,OCHOCO LUMBER,Ochoco Lumber,,PRINEVILLE,81,2001-05-31,2001-07-31,Permanent closure,2026-08-30T21:43:41.512264Z
a3d572b5ddf95fe6,OR,ALCATEL SUBMARINE NETWORKS INC,Alcatel Submarine Networks,,PORTAND,443,2001-05-29,2001-05-29,Reduction,2026-08-30T21:43:41.512264Z
dacda91d066d6c31,OR,EPSON PORTLAND INC,Epson Portland,,HILLSBORO,462,2001-05-15,2001-04-30,Reduction,2026-08-30T21:43:41.512264Z
adac6d35b5e96146,OR,CALIFORNIA CEDAR PRODUCTS COMPANY,California Cedar Products,,ROSEBURG,55,2001-05-04,2001-07-01,Reduction,2026-08-30T21:43:41.512264Z
199325388daa1060,OR,TYCO ELECTRONICS,Tyco Electronics,,WHITE CITY,332,2001-05-04,2001-05-04,Reduction,2026-08-30T21:43:41.512264Z
26704b355a96cf6c,OR,INTEL CORPORATION,Intel,,HILLSBORO,198,2001-05-03,2001-07-02,Reduction,2026-08-30T21:43:41.512264Z
11a98a753bca83a6,OR,PROTECTION ONE ALARM MONITORING INC,Protection One Alarm Monitoring,,BEAVERTON,390,2001-04-27,2001-06-30,Reduction,2026-08-30T21:43:41.512264Z
9599d30dcff078f4,OR,BROWN & WILLIAMSON TOBACCO,Brown & Williamson Tobacco,,"LOUISVILLE, KY",5,2001-04-24,2001-06-27,Reduction,2026-08-30T21:43:41.512264Z
3328247ec02c5efa,OR,RADISYS,Radisys,,HILLSBORO,3,2001-04-24,2001-06-25,Reduction,2026-08-30T21:43:41.512264Z
fe21c8cea4e227a4,OR,KYSOR PANEL SYSTEMS,Kysor Panel Systems,,PORTLAND,107,2001-04-17,2001-06-15,Reduction,2026-08-30T21:43:41.512264Z
5d95abf11744183c,OR,KOZMO.COM,Kozmo.Com,,PORTLAND,27,2001-04-13,2001-04-27,Reduction,2026-08-30T21:43:41.512264Z
5cb26d8598c492cc,OR,GOTTSCHALKS,Gottschalks,,WARRENTON,15,2001-04-06,2001-06-04,Reduction,2026-08-30T21:43:41.512264Z
7ea79e4668e8036c,OR,"ATOFINA CHEMICALS, INC.",Atofina Chemicals,,PORTLAND,140,2001-03-30,2001-03-30,Reduction,2026-08-30T21:43:41.512264Z
00e4ac113a77712d,OR,THE NEW PORTLAND MEADOWS,New Portland Meadows,,PORTLAND,235,2001-03-21,2001-05-20,Reduction,2026-08-30T21:43:41.512264Z
66ae9866e4301466,OR,NORTH POWDER LUMBER COMPANY,North Powder Lumber,,NORTH POWDER,30,2001-03-16,2001-04-01,Permanent closure,2026-08-30T21:43:41.512264Z
29bcbc8e8ce8efbc,OR,FOSTER POULTRY FRAMS,Foster Poultry Frams,,CRESWELL,137,2001-02-26,2001-04-24,Reduction,2026-08-30T21:43:41.512264Z
f5a34e4c13aa0845,OR,GRAPHIC PACKAGING,Graphic Packaging,,PORTLAND,69,2001-02-16,2001-04-17,Large Layoff - 10 or more workers,2026-08-30T21:43:41.512264Z
6fb290cde00b527b,OR,NATIONAL INDUSTRIAL SERVICES INCORP,National Industrial Services Incorp,,"ST LOUIS, MO",,2001-02-06,,Reduction,2026-08-30T21:43:41.512264Z
26e7c4f4bc87767a,OR,GEM EQUIPMENT OF OREGON INC,Gem Equipment of Oregon,,MT ANGEL,71,2001-02-06,2001-01-31,Large Layoff - 10 or more workers,2026-08-30T21:43:41.512264Z
7a87bd1e289439b2,OR,DELTA AIRLINES GLOBAL SERVICES,Delta Airlines Global Services,,PORTLAND,79,2001-01-31,2001-04-01,Large Layoff - 10 or more workers,2026-08-30T21:43:41.512264Z
7094a569f94d2385,OR,TRUCK MANUFACTURING PLANT,Truck Manufacturing Plant,,PORTLAND,1085,2001-01-29,2001-03-30,Reduction,2026-08-30T21:43:41.512264Z
b7ca43fd6fc129b4,OR,OREMET,Oremet,,ALBANY,71,2001-01-24,2001-04-02,Large Layoff - 10 or more workers,2026-08-30T21:43:41.512264Z
5f4e471266e70133,OR,AGRIFROZEN FOODS,Agrifrozen Foods,,SALEM,851,2001-01-24,2001-03-23,Permanent closure,2026-08-30T21:43:41.512264Z
d7939c04441ef213,OR,CAE NEWNES INC,Cae Newnes,,SHERWOOD,68,2001-01-17,2001-03-19,Reduction,2026-08-30T21:43:41.512264Z
ab9bfd8afa45405e,OR,MONTGOMERY WARDS,Montgomery Wards,,,902,2001-01-17,2001-03-13,Reduction,2026-08-30T21:43:41.512264Z
0cdccf4309a190e4,OR,YORK INTERNATIONAL CORPORATION,York International,,PORTLAND,206,2001-01-17,2001-06-29,Reduction,2026-08-30T21:43:41.512264Z
f48129ec5129b85d,OR,TELEPORT,Teleport,,PORTLAND,53,2000-12-06,2001-01-31,Permanent closure,2026-08-30T21:43:41.512264Z
1ef4214144609183,OR,MARUS DENTAL INTERNATIONAL,Marus Dental International,,BEND,60,2000-12-04,2001-01-29,Large Layoff - 10 or more workers,2026-08-30T21:43:41.512264Z
1df629d0009bd0b7,OR,CONSOLIDATED METCO INC,Consolidated Metco,,PORTLAND,50,2000-12-01,2001-03-30,Reduction,2026-08-30T21:43:41.512264Z
557c7d9fce3e79ea,OR,"SPM UNITED PLASTICS GROUP, INC",SPM United Plastics Group,,HILLSBORO,170,2000-11-27,2001-02-01,Reduction,2026-08-30T21:43:41.512264Z
e70c06310607f95d,OR,"COACHMEN INDUSTRIES OF OREGON, INC",Coachmen Industries of Oregon,,GRANTS PASS,72,2000-11-08,2001-01-08,Reduction,2026-08-30T21:43:41.512264Z
e45974f1f406d1ac,OR,"M2NETWORX, INC",M2Networx,,LAKE OSWEGO,55,2000-11-02,2000-12-31,Reduction,2026-08-30T21:43:41.512264Z
2514e64dbaf04323,OR,ON-PREMISE MANAGEMENT,On-Premise Management,,"WOBURN, MA",4,2000-10-31,2000-12-31,Reduction,2026-08-30T21:43:41.512264Z
a0df84ba4e447a80,OR,NORTHWEST ALUMINUM COMPANY,Northwest Aluminum,,THE DALLES,205,2000-10-03,2000-11-13,Large Layoff - 10 or more workers,2026-08-30T21:43:41.512264Z
032b4246ac827e23,OR,US INTEC,US Intec,,CORVALLIS,25,2000-09-15,2000-11-13,Reduction,2026-08-30T21:43:41.512264Z
45b7a44b50709d2c,OR,S3 INCORPORATED,S3,,ALBANY,15,2000-09-08,2000-10-31,Large Layoff - 10 or more workers,2026-08-30T21:43:41.512264Z
0103f5a30f405201,OR,"CIT GROUP, INC",Cit Group,,LAKE OSWEGO,34,2000-09-01,2000-10-31,Permanent closure,2026-08-30T21:43:41.512264Z
54a8ca83924d0634,OR,COLLINS PRODUCTS LLC,Collins Products,,KLAMATH FALLS,279,2000-08-25,2000-10-25,Large Layoff - 10 or more workers,2026-08-30T21:43:41.512264Z
2b836e5491f39664,OR,TRUCK MANUFACTURING PLANT,Truck Manufacturing Plant,,PORTLAND,770,2000-08-14,2000-10-20,Large Layoff - 10 or more workers,2026-08-30T21:43:41.512264Z
db10ccd3273d2e23,OR,ROSEBUG FOREST PRODUCTS,Rosebug Forest Products,,ROSEBURG,172,2000-08-10,2000-10-06,Permanent closure,2026-08-30T21:43:41.512264Z
e2d813e4623663a7,OR,LOUISIANA PACIFIC CORPORATION,Louisiana Pacific,,HINES,151,2000-08-09,2000-09-22,Large Layoff - 10 or more workers,2026-08-30T21:43:41.512264Z
9f30cc83b8e325bf,OR,KMART #7377,Kmart,,BEND,50,2000-08-08,2000-10-05,Permanent closure,2026-08-30T21:43:41.512264Z
6746347849912691,OR,KMART #3999,Kmart,,WOODBURN,65,2000-08-08,2000-10-05,Permanent closure,2026-08-30T21:43:41.512264Z
49415903b8a338bd,OR,"ORIX CREDIT ALLIANCE, INC",Orix Credit Alliance,,BEAVERTON,84,2000-08-04,2000-08-01,Permanent closure,2026-08-30T21:43:41.512264Z
e1d0d50c232242af,OR,CENTRAL POINT LUMBER COMPANY,Central Point Lumber,,CENTRAL OREGON,94,2000-08-02,2000-08-31,Large Layoff - 10 or more workers,2026-08-30T21:43:41.512264Z
7dd627ee0d7494f1,OR,REYNOLDS METALS COMPANY,Reynolds Metals,,TROUTDALE,530,2000-07-27,2000-09-30,Permanent closure,2026-08-30T21:43:41.512264Z
1c5c35d4ca8f5660,OR,PROGRESSIVE CASUALTY INSURANCE COMPANY,Progressive Casualty Insurance,,TIGARD,49,2000-06-26,2000-09-01,Permanent closure,2026-08-30T21:43:41.512264Z
a67a9fc5f38e963b,OR,PUGET PLASTICS,Puget Plastics,,TUALATIN,160,2000-06-12,2000-11-17,Permanent closure,2026-08-30T21:43:41.512264Z
e8838394260e8f1c,OR,WONDER/HOSTESS BAKING COMPANY,Wonder/Hostess Baking,,PORTLAND,15,2000-05-17,2000-07-16,Permanent closure,2026-08-30T21:43:41.512264Z
b5a49b7c326fd5b5,OR,PILLSBURY,Pillsbury,,MCMINVILLE,95,2000-05-15,2000-05-15,Permanent closure,2026-08-30T21:43:41.512264Z
c7c653653bc112e5,OR,PACIFICORP,Pacificorp,,PORTLAND,1600,2000-05-05,,Large Layoff - 10 or more workers,2026-08-30T21:43:41.512264Z
30adff33d7f7cfb1,OR,FUJITSU COMPUTER PRODUCTS OF AMERICA,Fujitsu Computer Products of America,,HILLSBORO,175,2000-05-05,2000-06-30,Large Layoff - 10 or more workers,2026-08-30T21:43:41.512264Z
17450d58b1a54fef,OR,METROPOLITAN PUBLIC DEFENDER,Metropolitan Public Defender,,PORTLAND,147,2000-04-27,2000-06-30,Permanent closure,2026-08-30T21:43:41.512264Z
d9e74ca789951227,OR,WILLAMETTE IND/DALLAS PLYWOOD,Willamette Ind/Dallas Plywood,,DALLAS,174,2000-04-19,2000-06-23,Permanent closure,2026-08-30T21:43:41.512264Z
8bee8ec07a2159f5,OR,ROTH'S - CANBY STORE,Roth's - Canby Store,,CANBY,66,2000-03-31,2000-07-01,Permanent closure,2026-08-30T21:43:41.512264Z
cb1965b5e78eee0c,OR,POLY HI SOLIDUR,Poly Hi Solidur,,PORTLAND,96,2000-03-29,2000-06-15,Permanent closure,2026-08-30T21:43:41.512264Z
8d3c0dac887214a9,OR,MICROWAVE TOWER SERVICE INC,Microwave Tower Service,,SALEM,34,2000-03-23,2000-04-04,Large Layoff - 10 or more workers,2026-08-30T21:43:41.512264Z
855d1412f920db32,OR,DOUGLAS COMMUNITY MEDICAL CENTER,Douglas Community Medical Center,,ROSEBURG,259,2000-02-28,2000-03-28,Reduction,2026-08-30T21:43:41.512264Z
d0bed24acb9d0d36,OR,MATTELL OPERATIONS,Mattell Operations,,BEAVERTON,59,2000-02-22,2000-05-01,Permanent closure,2026-08-30T21:43:41.512264Z
c669d11c6171355f,OR,EMPIRE PACIFIC INDUSTRIES,Empire Pacific Industries,,EUGENE,91,2000-02-09,2000-04-08,Permanent closure,2026-08-30T21:43:41.512264Z
41bd4c6f4ac16962,OR,NORDIC ENTERPRISES,Nordic Enterprises,,HUBBARD,126,2000-01-06,2000-01-06,Permanent closure,2026-08-30T21:43:41.512264Z
15c3c4b95ad8c5f7,OR,FLETCHER'S FINE FOODS,Fletcher's Fine Foods,,PORTLAND,100,2000-01-03,2000-03-01,Permanent closure,2026-08-30T21:43:41.512264Z
eecce4fcea64370d,OR,WAUNA MILL,Wauna Mill,,CLATSKANIE,70,1999-12-20,2000-02-14,Permanent closure,2026-08-30T21:43:41.512264Z
e7f9a380cdc76ac6,OR,VARIOUS,Various,,MEDFORD,258,1999-12-08,2000-01-31,Permanent closure,2026-08-30T21:43:41.512264Z
e7046de0ec12af91,OR,WONDER/HOSTESS BAKING COMPANY,Wonder/Hostess Baking,,PORTLAND,119,1999-12-08,2000-02-08,Permanent closure,2026-08-30T21:43:41.512264Z
b41d277842db8f2b,OR,VARIOUS CLINICS,Various Clinics,,PORTLAND,123,1999-12-07,1999-12-31,Permanent closure,2026-08-30T21:43:41.512264Z
7c275d8eaa1e8d06,OR,SMURFIT NEWSPRINT COMPANY,Smurfit Newsprint,,,170,1999-11-17,2000-01-01,Reduction,2026-08-30T21:43:41.512264Z
7c5f04beb28ee0b1,OR,VARIOUS CLINICS,Various Clinics,,MEDFORD,378,1999-11-08,1999-12-18,Permanent closure,2026-08-30T21:43:41.512264Z
4d0cb63de3b716e2,OR,METROPOLITAN PUBLIC DEFENDER,Metropolitan Public Defender,,PORTLAND,147,1999-11-04,1999-12-31,Permanent closure,2026-08-30T21:43:41.512264Z
34bffe46be54fe2c,OR,ECHO SPRINGS DAIRY INC.,Echo Springs Dairy,,EUGENE,105,1999-11-02,,Reduction,2026-08-30T21:43:41.512264Z
885a8a80273c4470,OR,LITTON ADVANCED SYSTEMS,Litton Advanced Systems,,GRANTS PASS,120,1999-10-28,2000-01-28,Large Layoff - 10 or more workers,2026-08-30T21:43:41.512264Z
bee0523bb8255720,OR,LAIDLAW TRANSIT SERVICES INC,Laidlaw Transit Services,,PORTLAND,36,1999-10-15,1999-12-05,Reduction,2026-08-30T21:43:41.512264Z
a60e0af48799de8c,OR,RYDER/ATE INC.,Ryder/Ate,,PORTLAND,102,1999-10-07,1999-12-05,Reduction,2026-08-30T21:43:41.512264Z
0130da6893230393,OR,MASONITE PILOT ROCK FACILITY,Masonite Pilot Rock Facility,,PILOT ROCK,160,1999-10-06,1999-12-31,Permanent closure,2026-08-30T21:43:41.512264Z
0d84dec85c67eb23,OR,STONE MILL FOODS,Stone Mill Foods,,PORTLAND,60,1999-10-05,1999-12-01,Reduction,2026-08-30T21:43:41.512264Z
e834cdf4ee698d01,OR,DYNAMIX INC,Dynamix,,EUGENE,60,1999-09-20,1999-11-20,Large Layoff - 10 or more workers,2026-08-30T21:43:41.512264Z
5ddc66f814a75343,OR,KENTROX INDUSTRIES INC,Kentrox Industries,,PORTLAND,100,1999-08-03,1999-11-01,Large Layoff - 10 or more workers,2026-08-30T21:43:41.512264Z
b6a8473e04b6576b,OR,TROJAN NUCLEAR PLANT,Trojan Nuclear Plant,,,200,1999-08-01,2001-01-31,Large Layoff - 10 or more workers,2026-08-30T21:43:41.512264Z
4f087127bf0fbd7a,OR,INGRAM BOOKS,Ingram Books,,,240,1999-07-15,1999-08-01,Reduction,2026-08-30T21:43:41.512264Z
ee59706eb5cb390e,OR,PORTLAND AREA LOCATIONS,Portland Area Locations,,PORTLAND,823,1999-06-29,1999-09-01,Permanent closure,2026-08-30T21:43:41.512264Z
2dd8cb71449e081f,OR,JANTZEN,Jantzen,,PORTLAND,110,1999-05-11,1999-07-12,Large Layoff - 10 or more workers,2026-08-30T21:43:41.512264Z
c273b91c0eeec8d7,OR,MATERIALS HANDLING DIVISION,Materials Handling Division,,PORTLAND,90,1999-05-05,1999-06-30,Permanent closure,2026-08-30T21:43:41.512264Z
4198ce121484c7a8,OR,WILSONVILLE,Wilsonville,,,120,1999-05-05,,Large Layoff - 10 or more workers,2026-08-30T21:43:41.512264Z
39686e8aeafde9c0,OR,NORTHWEST RESOURCE RECYCLING,Northwest Resource Recycling,,EUGENE,27,1999-03-25,1999-04-09,Reduction,2026-08-30T21:43:41.512264Z
71d4ec838e651d30,OR,"EUGENE, OREGON CAR & LOCOMOTIVE","Eugene, Oregon Car & Locomotive",,EUGENE,93,1999-03-15,1999-07-01,Permanent closure,2026-08-30T21:43:41.512264Z
319b145ef67249c8,OR,YAMAMOTO,Yamamoto,,BEAVERTON,90,1999-03-09,1999-04-30,Permanent closure,2026-08-30T21:43:41.512264Z
6484d054f3edcd9e,OR,"IVC INDUSTRIES, INC.",Ivc Industries,,PORTLAND,62,1999-02-24,1999-05-04,Permanent closure,2026-08-30T21:43:41.512264Z
3015c46d40e9c351,OR,"IVC INDUSTRIES, INC.",Ivc Industries,,PORTLAND,156,1999-02-24,1999-05-15,Permanent closure,2026-08-30T21:43:41.512264Z
50452d3d828b3128,OR,"KOMATSU SILICON AMERICA, INC.",Komatsu Silicon America,,HILLSBORO,69,1999-02-22,1999-04-23,Large Layoff - 10 or more workers,2026-08-30T21:43:41.512264Z
94722dd613563914,OR,VANPORT MANUFACTURING,Vanport Manufacturing,,BORING,181,1999-02-16,1999-04-30,Permanent closure,2026-08-30T21:43:41.512264Z
ac891015d20f50f6,OR,BLITZ - WEINHARD BREWING COMPANY,Blitz - Weinhard Brewing,,PORTLAND,220,1999-02-11,1999-09-27,Permanent closure,2026-08-30T21:43:41.512264Z
ea2a186b7cf8bae5,OR,BUILDERS SQUARE STORES #1464 & #1466,Builders Square Stores #1464 &,,PORTLAND,147,1999-02-10,1999-04-11,Permanent closure,2026-08-30T21:43:41.512264Z
723ef4bcad04fdb8,OR,PACIFIC SOFTWOODS COMPANY,Pacific Softwoods,,PHILOMATH,70,1999-02-05,1998-11-01,Large Layoff - 10 or more workers,2026-08-30T21:43:41.512264Z
3fb608cf26a3eb92,OR,"KINZUA RESOURCES, LLC",Kinzua Resources,,HEPPNER,160,1999-01-19,1999-03-01,Permanent closure,2026-08-30T21:43:41.512264Z
a3de48cb6d62f448,OR,BANK OF THE WEST,Bank of the West,,PORTLAND,110,1998-12-21,1999-02-16,Large Layoff - 10 or more workers,2026-08-30T21:43:41.512264Z
fd8c27c490c21ffd,OR,PREPAID SERVICES,Prepaid Services,,PORTLAND,51,1998-12-16,1998-12-30,Reduction,2026-08-30T21:43:41.512264Z
03f3318d01b29fa0,OR,CENTRAL POINT LUMBER,Central Point Lumber,,CENTRAL POINT,92,1998-12-14,1999-02-10,Large Layoff - 10 or more workers,2026-08-30T21:43:41.512264Z
1e69637514bee1f0,OR,HYUNDAI FACILITY,Hyundai Facility,,,110,1998-12-04,1998-12-30,Large Layoff - 10 or more workers,2026-08-30T21:43:41.512264Z
387ae203b14f6161,OR,BEAVERTON & WILSONVILLE,Beaverton & Wilsonville,,,500,1998-11-02,,Reduction,2026-08-30T21:43:41.512264Z
52e79b5e208c47d9,OR,KINROSS DELAMAR MINING COMPANY,Kinross Delamar Mining,,JORDAN VALLEY,137,1998-10-29,1998-01-31,Permanent closure,2026-08-30T21:43:41.512264Z
0ecef58d9e3c84a9,OR,GARDINER MILL,Gardiner Mill,,GARDINER,297,1998-10-14,1998-12-14,Permanent closure,2026-08-30T21:43:41.512264Z
8120c0ff5ce601b5,OR,TRUSERV,Truserv,,PORTLAND,236,1998-10-05,1998-12-30,Large Layoff - 10 or more workers,2026-08-30T21:43:41.512264Z
0a7626178ffa6220,OR,FLEMING COMPANIES INC,Fleming,,PORTLAND,162,1998-09-17,1998-11-16,Permanent closure,2026-08-30T21:43:41.512264Z
17ffde1479400a4d,OR,"KOMATSU SILICON AMERICA, INC.",Komatsu Silicon America,,HILLSBORO,125,1998-09-08,1998-11-08,Large Layoff - 10 or more workers,2026-08-30T21:43:41.512264Z
2ad6c8c7cc512466,OR,FIRCREST FARMS,Fircrest Farms,,CRESWELL,130,1998-09-01,1998-10-30,Reduction,2026-08-30T21:43:41.512264Z
79c9f09a35f55161,OR,NORTHWEST AIRLINES,Northwest Airlines,,"ST. PAUL, MN",27500,1998-08-11,1998-08-29,Large Layoff - 10 or more workers,2026-08-30T21:43:41.512264Z
e489eaa26aaa20f6,OR,FUJITSU COMPUTER PRODUCTS OF AMERICA,Fujitsu Computer Products of America,,HILLSBORO,133,1998-08-03,1998-07-29,Permanent closure,2026-08-30T21:43:41.512264Z
ec4b36fee12472f7,OR,OKI SEMICONDUCTOR MANUFACTURING,Oki Semiconductor Manufacturing,,TUALATIN,126,1998-07-31,1998-08-31,Permanent closure,2026-08-30T21:43:41.512264Z
6348d8bcdbe6092d,OR,PHILOMATH FOREST PRODUCTS CO,Philomath Forest Products,,PHILOMATH,96,1998-07-30,1998-05-01,Large Layoff - 10 or more workers,2026-08-30T21:43:41.512264Z
7a8dd9d1b36100bf,OR,COTTAGE GROVE HEALTHCARE COMMUNITY,Cottage Grove Healthcare Community,,COTTAGE GROVE,230,1998-07-22,1998-09-15,Permanent closure,2026-08-30T21:43:41.512264Z
83d74d63a674b332,OR,HANDLEMAN COMPANY,Handleman,,TUALATIN,83,1998-06-12,1998-10-01,Permanent closure,2026-08-30T21:43:41.512264Z
3c4013d228b45a18,OR,SPALDING & SON INC.,Spalding & Son,,Grants Pass,154,1998-06-09,1998-08-07,Permanent closure,2026-08-30T21:43:41.512264Z
17f9ce64f51f2ccf,OR,WAREMART FOODS,Waremart Foods,,HILLSBORO,52,1998-06-02,1998-08-03,Permanent closure,2026-08-30T21:43:41.512264Z
8257cfdcb62a926b,OR,HANEL LUMBER COMPANY DIVISION,Hanel Lumber Company Division,,Hood River,117,1998-05-21,1998-07-18,Permanent closure,2026-08-30T21:43:41.512264Z
9897c6f77d7d53aa,OR,LYNDEN FARMS,Lynden Farms,,Portland,312,1998-05-12,1998-07-07,Permanent closure,2026-08-30T21:43:41.512264Z
49c16193985c9022,OR,THE STANDARD REGISTER COMPANY,Standard Register,,Roseburg,112,1998-04-29,1998-06-24,Permanent closure,2026-08-30T21:43:41.512264Z
303acf6c95a7c1cd,OR,J.C. PENNEY STORE LLOYD CENTER,J.C. Penney Store Lloyd Center,,Portland,30,1998-04-24,1998-06-30,Permanent closure,2026-08-30T21:43:41.512264Z
f249645f66486e31,OR,VERTEQ,Verteq,,Corvallis,100,1998-04-23,1998-05-05,Permanent closure,2026-08-30T21:43:41.512264Z
363963e8179238ef,OR,FUJITSU COMPUTER PRODUCTS OF AMERICA IN,Fujitsu Computer Products of America in,,Hillsboro,70,1998-03-26,1998-04-09,Large Layoff - 10 or more workers,2026-08-30T21:43:41.512264Z
d74da60beaafa84b,OR,TETRA AND AIR SOLE PRODUCTION,Tetra and Air Sole Production,,,1500,1998-02-28,1998-02-26,Large Layoff - 10 or more workers,2026-08-30T21:43:41.512264Z
a94a706186005630,OR,AMARON CONCRETE AND STEEL,Amaron Concrete and Steel,,"Portland, O",60,1998-02-15,1998-04-01,Permanent closure,2026-08-30T21:43:41.512264Z
c1eac19c7f18dbfa,OR,GLENBROOK NICKEL COMPANY,Glenbrook Nickel,,Riddle,305,1998-01-29,1998-03-30,Permanent closure,2026-08-30T21:43:41.512264Z
4afb75a2f4ff1953,OR,WEYERHAEUSER WOOD PRODUCTS,Weyerhaeuser Wood Products,,North Bend,345,1998-01-13,1998-01-13,Permanent closure,2026-08-30T21:43:41.512264Z
de299ba7493196b2,OR,EUGENE F. BURRILL LUMBER CO.,Eugene F. Burrill Lumber,,White City,120,1997-12-04,1998-01-31,Reduction,2026-08-30T21:43:41.512264Z
2c18a376fb9eb0f3,OR,METROPOLITAN PUBLIC DEFENDER SERVICES,Metropolitan Public Defender Services,,,138,1997-11-18,1998-01-01,Permanent closure,2026-08-30T21:43:41.512264Z
1028bff343fdcdeb,OR,PACIFIC HERITAGE ASSURANCE COMPANY,Pacific Heritage Assurance,,Portland,112,1997-11-05,1997-12-31,Permanent closure,2026-08-30T21:43:41.512264Z
ab672c78a43a171b,OR,LANE PLYWOOD INC.,Lane Plywood,,Eugene,225,1997-09-22,1997-12-03,Permanent closure,2026-08-30T21:43:41.512264Z
2bf43a5fc1681fa3,OR,ARROW TRANSPORTATION,Arrow Transportation,,Portland,267,1997-09-05,1997-10-09,Permanent closure,2026-08-30T21:43:41.512264Z
cb8df478a7f399f8,OR,NORTHWEST AGRICULTURAL COOPERATIVE,Northwest Agricultural Cooperative,,Ontario,138,1997-06-09,1997-08-06,Permanent closure,2026-08-30T21:43:41.512264Z
db4b810da62c1cd7,OR,ESTEY CORPORATION,Estey,,Portland,140,1997-06-04,1997-08-01,Large Layoff - 10 or more workers,2026-08-30T21:43:41.512264Z
af2b12617f0da87f,OR,NORTH SANTIAM PLYWOOD COMPANY,North Santiam Plywood,,Mill City,,1997-05-30,,Permanent closure,2026-08-30T21:43:41.512264Z
b7731e342ec2f185,OR,AETNA LIFE INSURANCE COMPANY,Aetna Life Insurance,,Portland,107,1997-05-12,1997-07-11,Permanent closure,2026-08-30T21:43:41.512264Z
e9686a1d96b2de96,OR,LANE SHELTER CARE,Lane Shelter Care,,Eugene,16,1997-04-30,,Large Layoff - 10 or more workers,2026-08-30T21:43:41.512264Z
2aa5332515a8407f,OR,ALTHIN MEDICAL INC.,Althin Medical,,Portland,180,1997-04-22,1997-07-30,Permanent closure,2026-08-30T21:43:41.512264Z
c5d04080a833dece,OR,OREGON COMMUNITY SUPPORT,Oregon Community Support,,Springfield,180,1997-02-28,1997-05-01,Reduction,2026-08-30T21:43:41.512264Z
713d49cb3552f1d6,OR,TECTON LAMINATES CORPORATION,Tecton Laminates,,Hines,200,1997-01-22,1997-02-15,Reduction,2026-08-30T21:43:41.512264Z
90bb7ab92a430124,OR,ASTORIA SEA PRODUCTS,Astoria Sea Products,,Astoria,123,1996-12-26,1997-02-28,Permanent closure,2026-08-30T21:43:41.512264Z
858452e4cebb32c2,OR,HEWLETT-PACKARD COMPANY,Hewlett-Packard,,McMinnville,152,1996-12-03,1997-02-28,Permanent closure,2026-08-30T21:43:41.512264Z
71ca7c1d3421c8c6,OR,THRIFTY- PAYLESS,Thrifty- Payless,,Wilsonville,670,1996-10-15,1997-02-12,Permanent closure,2026-08-30T21:43:41.512264Z
4cb442782bb35b59,OR,MEDITE CORPORATION,Medite,,MEDFORD,363,1996-10-09,,Reduction,2026-08-30T21:43:41.512264Z
0116728394726141,OR,US WEST,US West,,Portland,124,1996-09-27,1996-09-25,Permanent closure,2026-08-30T21:43:41.512264Z
89eda0b305630419,OR,US WEST INC.,US West,,Portland,145,1996-09-25,1996-11-20,Permanent closure,2026-08-30T21:43:41.512264Z
870d0409efbd465f,OR,SIMPSON PAPER COMPANY,Simpson Paper,,West Linn,385,1996-07-24,1996-09-22,Permanent closure,2026-08-30T21:43:41.512264Z
16a5dabdcef18bbb,OR,CROWN PACIFIC,Crown Pacific,,Redmond,213,1996-07-15,1996-09-10,Permanent closure,2026-08-30T21:43:41.512264Z
8540108602232c26,OR,REDMOND PLYWOOD,Redmond Plywood,,,241,1996-07-11,1996-09-10,Permanent closure,2026-08-30T21:43:41.512264Z
543e72c0b847d96f,OR,UNITED GROCERS MEDFORD DIVISION,United Grocers Medford Division,,Medford,150,1996-07-10,1998-01-31,Permanent closure,2026-08-30T21:43:41.512264Z
98d0c218b0d3699e,OR,ARMOUR SWIFT ECKRICH,Armour Swift Eckrich,,Portland,153,1996-05-16,1996-07-18,Permanent closure,2026-08-30T21:43:41.512264Z
0efa6ef04b34a081,OR,FENDER MUSICAL INSTRUMENTS,Fender Musical Instruments,,Lake Oswego,112,1996-05-09,1996-09-27,Permanent closure,2026-08-30T21:43:41.512264Z
55ba09fc930ee150,OR,PIERCE PACIFIC MANUFACTURING INC.,Pierce Pacific Manufacturing,,Tigard,134,1996-03-29,1996-05-27,Large Layoff - 10 or more workers,2026-08-30T21:43:41.512264Z
c8a228b4c20b1b40,OR,LOUISIANA PACIFIC CORPORATION,Louisiana Pacific,,Pilot Rock,130,1996-03-21,1996-05-20,Permanent closure,2026-08-30T21:43:41.512264Z
3d6febaed6253dc6,OR,ELLINGSON LUMBER COMPANY,Ellingson Lumber,,Baker City,139,1996-03-18,1995-11-17,Permanent closure,2026-08-30T21:43:41.512264Z
1a7026e2a778dc99,OR,KEY SERVICES CORPORATION,Key Services,,Tigard,93,1996-03-14,1996-05-17,Large Layoff - 10 or more workers,2026-08-30T21:43:41.512264Z
da66f8171aa9aad6,OR,INTERNATIONAL PAPER,International Paper,,Veneta,123,1996-03-12,1996-03-31,Permanent closure,2026-08-30T21:43:41.512264Z
a4ffe7ef0ce6e9e3,OR,FREIGHTLINER CORPORATION,Freightliner,,Portland,666,1996-03-04,1996-05-06,Large Layoff - 10 or more workers,2026-08-30T21:43:41.512264Z
61bfba6389f7934f,OR,BESS KAISER MEDICAL CENTER,Bess Kaiser Medical Center,,Portland,1000,1996-02-05,1996-03-31,Permanent closure,2026-08-30T21:43:41.512264Z
251fd21e17446845,OR,WEYERHAEUSER,Weyerhaeuser,,Klamath Falls,715,1995-12-18,1996-02-15,Reduction,2026-08-30T21:43:41.512264Z
54d1a2dbe24780db,OR,JAMES RIVER CORPORATION,James River,,Portland,210,1995-11-09,1996-01-06,Large Layoff - 10 or more workers,2026-08-30T21:43:41.512264Z
9c1885f5be12caf1,OR,ELLINGSON LUMBER CO,Ellingson Lumber,,Baker City,139,1995-11-06,1995-11-17,Permanent closure,2026-08-30T21:43:41.512264Z
04299a3d2fb91f30,OR,"METROPOLITAN PUBLIC DEFENDER SERVICES,",Metropolitan Public Defender Services,,Portland,159,1995-11-06,1996-01-01,Large Layoff - 10 or more workers,2026-08-30T21:43:41.512264Z
abb81a76adb4dcf3,OR,"AMERICAN HARDWOODS, INC.",American Hardwoods,,Tualatin,166,1995-10-19,1995-12-16,Permanent closure,2026-08-30T21:43:41.512264Z
5fd07fa717ea7e4e,OR,"PECO MANUFACTURING CO., INC",Peco Manufacturing,,Portland,153,1995-10-13,1995-12-13,Large Layoff - 10 or more workers,2026-08-30T21:43:41.512264Z
183f5e0e6354beb6,OR,SMITH'S HOME FURNISHINGS,Smith's Home Furnishings,,Wilsonville,,1995-08-28,,Permanent closure,2026-08-30T21:43:41.512264Z
3d0939698c8f0886,OR,RISBERG TRUCK LINE,Risberg Truck Line,,Portland,130,1995-06-16,1995-06-09,Permanent closure,2026-08-30T21:43:41.512264Z
ea451e700a750022,OR,KMART #7219,Kmart,,Grants Pass,63,1995-06-09,1995-08-08,Permanent closure,2026-08-30T21:43:41.512264Z
fa1b614e870a6f78,OR,EUGENE F. BURRILL LUMBER COMPANY,Eugene F. Burrill Lumber,,Medford,,1995-06-06,,Permanent closure,2026-08-30T21:43:41.512264Z
2fe4a94d0afef8fa,OR,CROWN PACIFIC,Crown Pacific,,Redmond,214,1995-05-24,1995-07-21,Large Layoff - 10 or more workers,2026-08-30T21:43:41.512264Z
a82382afe87954d6,OR,LAERDAL MANUFACTURING CORPORATION,Laerdal Manufacturing,,Tualatin,62,1995-05-16,1995-07-14,Permanent closure,2026-08-30T21:43:41.512264Z
657905eb457add8c,OR,CEDARAPIDS A RAYTHEON COMPANY,Cedarapids a Raytheon,,Eugene,302,1995-05-05,1995-07-08,Permanent closure,2026-08-30T21:43:41.512264Z
ddb1bea887f52d58,OR,CH2M HILL,Ch2M Hill,,Corvallis,158,1995-05-04,1995-07-14,Permanent closure,2026-08-30T21:43:41.512264Z
cd84d092a7daa2f0,OR,RFD PUBLICATIONS,RFD Publications,,Wilsonville,100,1995-05-01,1995-04-21,Permanent closure,2026-08-30T21:43:41.512264Z
1cc4c2e827971378,OR,BLUE BELL SNACK FOODS INC,Blue Bell Snack Foods,,Portland,269,1995-04-13,1995-06-10,Permanent closure,2026-08-30T21:43:41.512264Z
33848a899c0e3c2e,OR,WEYERHAEUSER-NORTH BEND,Weyerhaeuser-North Bend,,North Bend,,1995-04-11,,Permanent closure,2026-08-30T21:43:41.512264Z
6c460eacce411c5b,OR,"HANEL LUMBER COMPANY, INC.",Hanel Lumber,,Hood River,,1995-04-05,,Reduction,2026-08-30T21:43:41.512264Z
79979b76894b2d3e,OR,MODOC LUMBER COMPANY,Modoc Lumber,,Klamath Falls,169,1995-03-07,1995-05-01,Permanent closure,2026-08-30T21:43:41.512264Z
01b0ab6c57226ff5,OR,JOHN HANCOCK MUTUAL LIFE INSURANCE COMP,John Hancock Mutual Life Insurance Comp,,PORTLAND OR 97205,52,1995-02-21,1995-04-14,Permanent closure,2026-08-30T21:43:41.512264Z
a63734c390997c92,OR,GTE MOBILNET,Gte Mobilnet,,Portland,190,1995-02-07,1995-05-05,Large Layoff - 10 or more workers,2026-08-30T21:43:41.512264Z
18a59563db95a9f9,OR,WILLAMETTE INDUSTRIES COBURG TRUCKING,Willamette Industries Coburg Trucking,,Eugene,27,1995-01-11,1995-03-17,Permanent closure,2026-08-30T21:43:41.512264Z
1c6293b9394592e9,OR,"SNOW MOUNTAIN PINE, LTD.",Snow Mountain Pine,,Hines,182,1994-12-13,1995-03-31,Reduction,2026-08-30T21:43:41.512264Z
daab2b745cc6f4c4,OR,HOME BASE WAREHOUSE #71,Home Base Warehouse,,Eugene,79,1994-11-22,1995-01-16,Permanent closure,2026-08-30T21:43:41.512264Z
d71378bb1ed04542,OR,CHEF FRANCISCO,Chef Francisco,,Eugene,215,1994-11-14,1995-05-03,Permanent closure,2026-08-30T21:43:41.512264Z
823ead83dab4a3d5,OR,"RR DONNELLEY NORWEST, INC.",RR Donnelley Norwest,,Portland,124,1994-10-31,1995-01-01,Permanent closure,2026-08-30T21:43:41.512264Z
3843f02118901233,OR,"PIERCE PACIFIC MFG, INC.",Pierce Pacific MFG,,Tigard,95,1994-10-11,1994-10-10,Large Layoff - 10 or more workers,2026-08-30T21:43:41.512264Z
aa80f81ece41cc95,OR,WILLAMETTE INDUSTRIES SWEET HOME PLYWOO,Willamette Industries Sweet Home Plywoo,,ALBANY,160,1994-10-10,1994-10-28,Permanent closure,2026-08-30T21:43:41.512264Z
38167f9d4f121185,OR,US WEST COMMUNICATIONS,US West Communications,,"Denver, CO",577,1994-10-04,1994-12-02,Large Layoff - 10 or more workers,2026-08-30T21:43:41.512264Z
952a4233b5cbe482,OR,STONE FOREST INDUSTRIES,Stone Forest Industries,,SPRINGFIELD,317,1994-09-27,1994-09-28,Permanent closure,2026-08-30T21:43:41.512264Z
ddfe4160bdfaec1c,OR,KMART,Kmart,,McMinnville,53,1994-09-16,1994-12-26,Permanent closure,2026-08-30T21:43:41.512264Z
28be766fff1ff865,OR,WAGNERS SUPERMARKET PINEBROOK PLAZA,Wagners Supermarket Pinebrook Plaza,,Bend,315,1994-09-06,1994-11-06,Permanent closure,2026-08-30T21:43:41.512264Z
013a62ff24e70647,OR,CA ONE SERVICES,Ca One Services,,Portland,202,1994-08-02,1994-09-30,Permanent closure,2026-08-30T21:43:41.512264Z
42256dc3002625d6,OR,MERCO PRODUCTS INC,Merco Products,,Eugene,78,1994-06-29,1994-12-31,Permanent closure,2026-08-30T21:43:41.512264Z
a222e0c0ac9102de,OR,"JOHNSON CONTROLS, INC. BATTERY GROUP","Johnson Controls, Inc. Battery Group",,Canby,54,1994-06-08,1994-08-05,Permanent closure,2026-08-30T21:43:41.512264Z
0425f3110db539ac,OR,MORGAN MANUFACTURING,Morgan Manufacturing,,SPRINGFIELD,159,1994-05-25,1994-07-22,Permanent closure,2026-08-30T21:43:41.512264Z
8a91e46fb26eebdd,OR,NORM THOMPSON,Norm Thompson,,PORTLAND,108,1994-05-20,1994-07-18,Permanent closure,2026-08-30T21:43:41.512264Z
0e031e0869fc5154,OR,HANNAH ANDERSSON,Hannah Andersson,,Portland,50,1994-04-01,1994-07-01,Permanent closure,2026-08-30T21:43:41.512264Z
84a2863142f401b7,OR,TEKTRONIX,Tektronix,,Beaverton,60,1994-03-22,,Large Layoff - 10 or more workers,2026-08-30T21:43:41.512264Z
abf33e1e48221c81,OR,TIMBER & WOOD PRODUCTS SAWMILL,Timber & Wood Products Sawmill,,Joseph,52,1994-03-21,1994-05-27,Permanent closure,2026-08-30T21:43:41.512264Z
dbb55b37105e1745,OR,KINZUA CORPORATION,Kinzua,,Heppner,,1994-03-07,,Permanent closure,2026-08-30T21:43:41.512264Z
f50782196d18e509,OR,GUIDANCE AND CONTROL SYSTEMS,Guidance and Control Systems,,GRANTS PASS,69,1994-02-25,1994-04-29,Permanent closure,2026-08-30T21:43:41.512264Z
c0e0ae86d8a792da,OR,PORTLAND GENERAL ELECTRIC,Portland General Electric,,Rainer,6,1994-02-03,1994-01-28,Reduction,2026-08-30T21:43:41.512264Z
231a31ef68e8e87a,OR,"METROPOLITAN PUBLIC DEFENDER SERVICES,",Metropolitan Public Defender Services,,Portland,,1994-01-05,,Permanent closure,2026-08-30T21:43:41.512264Z
bfd30fabd045b491,OR,THE STOLLE CORPORATION,Stolle,,PHOENIX,71,1993-12-17,1994-02-15,Permanent closure,2026-08-30T21:43:41.512264Z
702b1f3661f43d55,OR,FRERES LUMBER COMPANY INC.,Freres Lumber,,Lyons,55,1993-12-01,1993-12-30,Permanent closure,2026-08-30T21:43:41.512264Z
455b2ca2a69ec8a3,OR,"CADRE TECHNOLOGIES, INC.",Cadre Technologies,,Beaverton,50,1993-11-24,1994-01-28,Permanent closure,2026-08-30T21:43:41.512264Z
30b9dee00e1ae451,OR,"PACE MEMBERSHIP WAREHOUSE, INC.",Pace Membership Warehouse,,SALEM,106,1993-11-16,1994-01-01,Permanent closure,2026-08-30T21:43:41.512264Z
39e4e720c53fba11,OR,"PIERCE PACIFIC MANUFACTURING, INC.",Pierce Pacific Manufacturing,,TUALATIN,44,1993-11-15,1993-12-30,Reduction,2026-08-30T21:43:41.512264Z
09ed93a99d2a8731,OR,CROWN PACIFIC,Crown Pacific,,Portland,141,1993-11-10,1994-01-10,Permanent closure,2026-08-30T21:43:41.512264Z
00c8e39eea0925c9,OR,METROPOLITAN PUBLIC DEFENDER SERVICE,Metropolitan Public Defender Service,,Portland,148,1993-11-03,1993-01-01,Reduction,2026-08-30T21:43:41.512264Z
7e85004bf5c4df7d,OR,UNITED AIRLINES,United Airlines,,PORTLAND,63,1993-10-28,1993-12-30,Reduction,2026-08-30T21:43:41.512264Z
5229d837fe3fd056,OR,WEYERHAEUSER,Weyerhaeuser,,COTTAGE GROVE,70,1993-10-19,1994-01-06,Reduction,2026-08-30T21:43:41.512264Z
cdff1906de8fa347,OR,FOURPLY INC,Fourply,,GRANTS PASS,67,1993-09-07,1993-10-08,Permanent closure,2026-08-30T21:43:41.512264Z
262ecef223cfcd25,OR,COMMUNITY PSYCHIATRIC CENTER - CEDAR HI,Community Psychiatric Center - Cedar Hi,,Portland,55,1993-08-09,1993-10-05,Reduction,2026-08-30T21:43:41.512264Z
a181d2df483b0f13,OR,FOURPLY PLYWOOD MANUFACTURING,Fourply Plywood Manufacturing,,Grants Pass,134,1993-06-28,1993-08-27,Permanent closure,2026-08-30T21:43:41.512264Z
73100bc02f41c1af,OR,"NERCO, INC.",Nerco,,"Portland,",140,1993-06-14,1993-08-16,Large Layoff - 10 or more workers,2026-08-30T21:43:41.512264Z
bc59174e504449e3,OR,GLENBROOK NICKEL COMPANY,Glenbrook Nickel,,Riddle,262,1993-05-25,1993-07-31,Large Layoff - 10 or more workers,2026-08-30T21:43:41.512264Z
38d2c3e7a5d64e61,OR,MOORE BUSINESS FORMS & SYSTEMS DIVISION,Moore Business Forms & Systems Division,,Salem,,1993-05-14,,Permanent closure,2026-08-30T21:43:41.512264Z
e6e04b0010e8bae1,OR,CLEAR PINE MOULDINGS,Clear Pine Mouldings,,Prineville,,1993-04-21,,Permanent closure,2026-08-30T21:43:41.512264Z
6078ad0b0275aa2b,OR,SUNLINE,Sunline,,Lake Oswego,107,1993-04-16,1993-06-11,Permanent closure,2026-08-30T21:43:41.512264Z
fa264861b12f566b,OR,"TEKTRONIX, INC./BEAVERTON","Tektronix, Inc./Beaverton",,Beaverton,150,1993-03-26,,Large Layoff - 10 or more workers,2026-08-30T21:43:41.512264Z
baaa15c9d9824c09,OR,"STANLEY SMITH SECURITY, INC",Stanley Smith Security,,"Portland,",,1993-02-08,,Large Layoff - 10 or more workers,2026-08-30T21:43:41.512264Z
b13891ac2dd87a78,OR,LSBO/TBO/SSBO/CROSSWHITE ANNEX,Lsbo/Tbo/Ssbo/Crosswhite Annex,,Portland & Clackamas,400,1993-01-19,1993-03-31,Large Layoff - 10 or more workers,2026-08-30T21:43:41.512264Z
07d2d52e7b06e2bc,OR,"TEKTRONIX, INC.",Tektronix,,,100,1993-01-15,1993-02-01,Large Layoff - 10 or more workers,2026-08-30T21:43:41.512264Z
9996fb7b934fcee8,OR,NORTHWEST AGRICULTURAL COOPERATIVE ASSO,Northwest Agricultural Cooperative Asso,,Ontario,156,1992-12-14,1993-02-08,Permanent closure,2026-08-30T21:43:41.512264Z
73985d0ba3292ab8,OR,PRECISION CASTPARTS CORPORATION,Precision Castparts,,Portland,500,1992-11-12,1992-03-31,Large Layoff - 10 or more workers,2026-08-30T21:43:41.512264Z
f79b39239162f2ca,OR,WEST COAST GROCERY,West Coast Grocery,,Salem,350,1992-11-02,1993-01-15,Reduction,2026-08-30T21:43:41.512264Z
bba85ac5c95f45a2,OR,MEDFORD CORPORATION,Medford,,Medford,260,1992-10-19,1992-12-18,Permanent closure,2026-08-30T21:43:41.512264Z
3cb4fa5dd5366065,OR,WILLAMETTE INDUSTRIES - COBURG VENEER P,Willamette Industries - Coburg Veneer P,,Coburg,224,1992-09-28,1992-12-18,Permanent closure,2026-08-30T21:43:41.512264Z
1f98ae981051a00b,OR,NW AGRICULTURAL COOPERATIVE,NW Agricultural Cooperative,,Ontario,195,1992-09-23,1992-11-25,Permanent closure,2026-08-30T21:43:41.512264Z
2b86aedf604b81ee,OR,NORTH WEST MARINE,North West Marine,,Portland,400,1992-09-10,1992-11-09,Permanent closure,2026-08-30T21:43:41.512264Z
eb19b9bb107f6c27,OR,WEYERHAEUSER'S LAMINATED BEAM BUSINESS,Weyerhaeuser's Laminated Beam Business,,"Cottage Grove,",165,1992-07-20,1992-09-20,Permanent closure,2026-08-30T21:43:41.512264Z
0775393a4f5e4e50,OR,SEARS,Sears,,"Tigard,",117,1992-07-01,1992-09-04,Permanent closure,2026-08-30T21:43:41.512264Z
5ca224fcaaee3e94,OR,"MAYWOOD, INC.",Maywood,,"Klamath Falls,",107,1992-06-25,1992-09-25,Permanent closure,2026-08-30T21:43:41.512264Z
82e97a1920054d30,OR,CHAMPION INTERNATIONAL CORP/PLYWOOD MAN,Champion International Corp/Plywood Man,,Roseburg,260,1992-06-03,1992-08-02,Permanent closure,2026-08-30T21:43:41.512264Z
5cb7cd8f108ab6f6,OR,DAW FOREST PRODUCTS COMPANY - BEND DIVI,Daw Forest Products Company - Bend Divi,,BEND,102,1992-03-30,1992-05-31,Large Layoff - 10 or more workers,2026-08-30T21:43:41.512264Z
3db1906a06ed8316,OR,WEYERHAEUSER FOREST PRODUCTS COMPANY,Weyerhaeuser Forest Products,,KLAMATH FALLS,351,1992-03-23,1992-05-29,Permanent closure,2026-08-30T21:43:41.512264Z
554bd0d06bf02f19,OR,PINE PRODUCTS CORPORATION,Pine Products,,PRINEVILLE,102,1992-02-19,1992-04-20,Permanent closure,2026-08-30T21:43:41.512264Z
622f42b882df3daa,OR,"FONE AMERICA, INC",Fone America,,PORTLAND,91,1992-02-13,1992-04-13,Large Layoff - 10 or more workers,2026-08-30T21:43:41.512264Z
c25f06c8520c7764,OR,DIAMOND-B LUMBER COMPANY,Diamond-B Lumber,,PHILOMATH,132,1992-01-24,1992-03-22,Permanent closure,2026-08-30T21:43:41.512264Z
a1be03968a4c4d97,OR,"METROPOLITAN PUBLIC DEFENDER SERVICES,",Metropolitan Public Defender Services,,PORTLAND,141,1992-01-13,1992-02-29,Permanent closure,2026-08-30T21:43:41.512264Z
3a952b1776c988a5,OR,MULTNOMAH PLYWOOD CORPORATION,Multnomah Plywood,,ST. HELENS,79,1991-12-20,1991-12-20,Large Layoff - 10 or more workers,2026-08-30T21:43:41.512264Z
d02251c0f6e26356,OR,FPS COMPUTING,FPS Computing,,BEAVERTON,125,1991-11-15,1991-11-09,Permanent closure,2026-08-30T21:43:41.512264Z
466e24cde855f522,OR,AERO DDL,Aero DDL,,Beaverton,131,1991-10-31,1994-12-29,Large Layoff - 10 or more workers,2026-08-30T21:43:41.512264Z
34e14c87dd1e33bb,OR,"BOHEMIA, INC.-ELKSIDE SAWMILL, GARDINER","Bohemia, Inc.-Elkside Sawmill, Gardiner",,GARDINER,294,1991-10-30,1992-01-12,Permanent closure,2026-08-30T21:43:41.512264Z
e6c448e4dfa6a225,OR,REYNOLDS METALS COMPANY,Reynolds Metals,,TROUTDALE,800,1991-09-30,1991-12-14,Large Layoff - 10 or more workers,2026-08-30T21:43:41.512264Z
3de512e4a61ff65b,OR,"GREGORY FOREST PRODUCTS, INC",Gregory Forest Products,,GLENDALE,351,1991-09-17,1991-11-19,Permanent closure,2026-08-30T21:43:41.512264Z
c982b41d85d48176,OR,BOHEMIA INC.,Bohemia,,DRAIN,181,1991-09-10,1991-11-11,Permanent closure,2026-08-30T21:43:41.512264Z
73aa31df8d9dff13,OR,JLFOODS,Jlfoods,,EUGENE,118,1991-08-28,1991-09-16,Large Layoff - 10 or more workers,2026-08-30T21:43:41.512264Z
ca1105b4beebc04b,OR,CHAMPION PLYWOOD OPERATION,Champion Plywood Operation,,ROSEBURG,100,1991-08-15,1991-08-31,Large Layoff - 10 or more workers,2026-08-30T21:43:41.512264Z
b37ff62c2a1f60d9,OR,JOHN DAY OPERATION,John Day Operation,,JOHN DAY,100,1991-08-13,1991-10-15,Permanent closure,2026-08-30T21:43:41.512264Z
f3a3e2070b0a5cc7,OR,"FABRICLAND, INC. WAREHOUSE","Fabricland, Inc. Warehouse",,PORTLAND,165,1991-07-29,1991-09-30,Permanent closure,2026-08-30T21:43:41.512264Z
0f8c7f186f57a7c9,OR,"MURPHY CO, SUTHERLIN","Murphy Co, Sutherlin",,SUTHERLIN,140,1991-05-31,1991-08-02,Permanent closure,2026-08-30T21:43:41.512264Z
6d0e03044699c83b,OR,GILCRIST TIMBER COMPANY,Gilcrist Timber,,GILCRIST,170,1991-05-30,1991-07-31,Permanent closure,2026-08-30T21:43:41.512264Z
324741c283b275ed,OR,"WILLAMETTE INDUSTRIES, INC.",Willamette Industries,,LEBANON,124,1991-05-29,1991-07-26,Permanent closure,2026-08-30T21:43:41.512264Z
120cfab18c148f54,OR,"ROSEBURG FOREST PRODUCTS, SAWMILL #2","Roseburg Forest Products, Sawmill",,ROSEBURG,121,1991-05-14,1991-09-15,Permanent closure,2026-08-30T21:43:41.512264Z
4111262a7995c41f,OR,"WEYERHAEUSER, IN SPRINGFIELD","Weyerhaeuser, in Springfield",,SPRINGFIELD,270,1991-05-06,1991-06-28,Permanent closure,2026-08-30T21:43:41.512264Z
480d1f036b885497,OR,CODE-A-PHONE,Code-A-Phone,,CLACKAMAS,69,1991-03-12,1991-05-08,Large Layoff - 10 or more workers,2026-08-30T21:43:41.512264Z
83ae994baac04d68,OR,MOUNTAIN FIR LUMBER COMPANY INC.,Mountain Fir Lumber,,SALEM,60,1991-02-11,1991-04-15,Permanent closure,2026-08-30T21:43:41.512264Z
3507c344cabfe638,OR,TEKTRONIX,Tektronix,,BEAVERTON,210,1991-02-01,1991-03-31,Large Layoff - 10 or more workers,2026-08-30T21:43:41.512264Z
8513c1bd379d3513,OR,MIDWAY FOREST PRODUCTS,Midway Forest Products,,CORVALLIS,50,1991-01-25,1991-04-30,Large Layoff - 10 or more workers,2026-08-30T21:43:41.512264Z
2b5f628a2ba025cd,OR,NORTH SANTIAM PLYWOOD COMPANY,North Santiam Plywood,,MILL CITY,175,1991-01-18,1991-03-09,Permanent closure,2026-08-30T21:43:41.512264Z
d1cd3e3169c3f48a,OR,BEAVERTON (SERVIO CORPORATION),Beaverton (Servio Corporation),,BEAVERTON,34,1991-01-17,1991-03-12,Large Layoff - 10 or more workers,2026-08-30T21:43:41.512264Z
18cfb4a7a5e6457e,OR,AUTOMOTIVE AND APPLIANCE CONTROLS DIV.,Automotive and Appliance Controls Div,,BEAVERTON,130,1991-01-16,1991-06-30,Permanent closure,2026-08-30T21:43:41.512264Z
0d993427af28f09e,OR,FREDERICK & NELSON,Frederick & Nelson,,TIGARD,143,1991-01-11,1991-03-13,Permanent closure,2026-08-30T21:43:41.512264Z
65cdc439536c62b0,OR,TAYLOR LUMBER AND TREATING INC.,Taylor Lumber and Treating,,Beaverton,80,1991-01-09,1991-03-01,Permanent closure,2026-08-30T21:43:41.512264Z
3545a3ee7825f753,OR,CRATER LAKE LUMBER CO.,Crater Lake Lumber,,CHILOQUIN OR. 97624,166,1990-12-07,1990-09-01,Large Layoff - 10 or more workers,2026-08-30T21:43:41.512264Z
48ec661fd318dece,OR,ROSEBURG FOREST PRODUCTS,Roseburg Forest Products,,Roseburg,58,1990-10-25,1990-12-20,Large Layoff - 10 or more workers,2026-08-30T21:43:41.512264Z
1868966c2a613ea2,OR,TEKTRONIX,Tektronix,,Beaverton,175,1990-10-11,1990-12-11,Permanent closure,2026-08-30T21:43:41.512264Z
16f5aa5ecf944fcc,OR,JAMES RIVER CORPORATION,James River,,West Linn,49,1990-09-17,1990-11-16,Permanent closure,2026-08-30T21:43:41.512264Z
5fe5e6e1e48fe593,OR,"NAPCO SCIENTIFIC, INC.",Napco Scientific,,"City of Tualatin, R",61,1990-09-07,1990-11-06,Permanent closure,2026-08-30T21:43:41.512264Z
44eccbead61514dc,OR,"PIERCE PACIFIC MANUFACTURING, INC.",Pierce Pacific Manufacturing,,Tualatin,73,1990-09-04,1991-08-23,Large Layoff - 10 or more workers,2026-08-30T21:43:41.512264Z
f021977a0685a59a,OR,GEORGIA-PACIFIC CORPORATION,Georgia-Pacific,,Eugene,340,1990-08-31,1990-09-04,Permanent closure,2026-08-30T21:43:41.512264Z
94f941f235c240c7,OR,WEYERHAEUSER,Weyerhaeuser,,Springfield,290,1990-08-28,1990-09-10,Large Layoff - 10 or more workers,2026-08-30T21:43:41.512264Z
07c391ccc4fc29c9,OR,FUTURE LOGGING COMPANY,Future Logging,,"Springfield,",92,1990-08-15,1990-10-03,Permanent closure,2026-08-30T21:43:41.512264Z
fe13d3569ab6ceb6,OR,EVANITE FIBER CORPORATION (#2),Evanite Fiber,,Corvallis,88,1990-07-11,1990-09-07,Large Layoff - 10 or more workers,2026-08-30T21:43:41.512264Z
36476fb473d2986b,OR,ST. HELEN'S HOSPITAL & HEALTH CENTER,ST. Helen's Hospital & Health Center,,St. Helens,149,1990-06-20,1990-08-07,Permanent closure,2026-08-30T21:43:41.512264Z
ceec2b7a11646c5f,OR,"FOURPLY, INC.",Fourply,,Grants Pass,205,1990-06-13,1990-08-12,Permanent closure,2026-08-30T21:43:41.512264Z
cf5c65de462bfa11,OR,MEDFORD CORPORATION,Medford,,Medford,80,1990-05-31,1990-07-29,Large Layoff - 10 or more workers,2026-08-30T21:43:41.512264Z
6eeb10ce032fef5c,OR,KOGAP MANUFACTURING COMPANY,Kogap Manufacturing,,Medford,70,1990-04-03,1990-06-02,Large Layoff - 10 or more workers,2026-08-30T21:43:41.512264Z
31eb00fe43050feb,OR,STANLEY-PROTO INDUSTRIAL TOOLS,Stanley-Proto Industrial Tools,,Portland,241,1989-11-20,1990-06-30,Permanent closure,2026-08-30T21:43:41.512264Z
480bd021fe840658,OR,AMERICAN NATIONAL CAN,American National Can,,Salem,42,1989-05-10,1989-09-15,Permanent closure,2026-08-30T21:43:41.512264Z
a9f16788f2dc744f,OR,"MACK TRUCKS, INC.",Mack Trucks,,Portland,50,1989-03-02,1989-05-01,Permanent closure,2026-08-30T21:43:41.512264Z
02d643948e568616,OR,JAMES RIVER CORPORATION,James River,,Halsey,147,1989-03-01,1989-05-01,Large Layoff - 10 or more workers,2026-08-30T21:43:41.512264Z
2829c21c02068125,OR,MIDWAY VENEER PLANT (WILLAMETTE INDUSTR,Midway Veneer Plant (Willamette Industr,,Albany,50,1988-11-28,1989-02-03,Large Layoff - 10 or more workers,2026-08-30T21:43:41.512264Z
