id,state,company,company_canonical,company_dba,location,employees_affected,notice_date,effective_date,notice_type,first_seen
05a91cb48a75aad9,CA,"Levine Management Group, Inc.",Levine Management Group,,Los Angeles County,72,2026-08-26,2026-08-17,Layoff Permanent,2026-08-30T21:43:41.512264Z
e46311065c49a8a6,CA,"BFG Supply Co., LLC",BFG Supply,,San Bernardino County,37,2026-08-24,2026-10-25,Layoff Permanent,2026-08-30T21:43:41.512264Z
84feef6b104018d8,CA,"BFG Supply Co., LLC",BFG Supply,,Yolo County,2,2026-08-24,2026-10-25,Layoff Permanent,2026-08-30T21:43:41.512264Z
fcd1faf525ba1e08,CA,Blue Shield of California,Blue Shield of California,,Los Angeles County,3,2026-08-21,2026-10-20,Layoff Permanent,2026-08-30T21:43:41.512264Z
f12c5749912735dd,CA,Blue Shield of California (Building B),Blue Shield of California (Building B),,El Dorado County,12,2026-08-21,2026-10-20,Layoff Permanent,2026-08-30T21:43:41.512264Z
f01ba9083b95dc9f,CA,Blue Shield of California,Blue Shield of California,,Alameda County,25,2026-08-21,2026-10-20,Layoff Permanent,2026-08-30T21:43:41.512264Z
e7fb05023f801fa3,CA,Blue Shield of California,Blue Shield of California,,Sacramento County,5,2026-08-21,2026-10-20,Layoff Permanent,2026-08-30T21:43:41.512264Z
e4e4b70572aff2cf,CA,Blue Shield of California,Blue Shield of California,,San Diego County,4,2026-08-21,2026-10-20,Layoff Permanent,2026-08-30T21:43:41.512264Z
d4b7131a49703a8a,CA,"Apple, Inc. - Sunnyvale","Apple, Inc. - Sunnyvale",,Santa Clara County,28,2026-08-21,2026-10-19,Layoff Permanent,2026-08-30T21:43:41.512264Z
c34a3754ba6b5e5f,CA,"Apple, Inc. - Maude Ave.","Apple, Inc. - Maude Ave",,Santa Clara County,40,2026-08-21,2026-10-19,Layoff Permanent,2026-08-30T21:43:41.512264Z
ba5aaad31b69a566,CA,Blue Shield of California,Blue Shield of California,,San Joaquin County,2,2026-08-21,2026-10-20,Layoff Permanent,2026-08-30T21:43:41.512264Z
af9684f25dbd4211,CA,Cellares Corporation,Cellares,,San Mateo County,100,2026-08-21,2026-10-20,Layoff Permanent,2026-08-30T21:43:41.512264Z
6d26b0409d382f18,CA,"Apple, Inc. - Cupertino","Apple, Inc. - Cupertino",,Santa Clara County,79,2026-08-21,2026-10-19,Layoff Permanent,2026-08-30T21:43:41.512264Z
4a32c7b82aa78ae9,CA,Blue Shield of California,Blue Shield of California,,Los Angeles County,8,2026-08-21,2026-10-20,Layoff Permanent,2026-08-30T21:43:41.512264Z
42ca7d81b33b15e0,CA,Jabil Inc.,Jabil,,Santa Clara County,382,2026-08-21,2026-11-23,Closure Temporary,2026-08-30T21:43:41.512264Z
2dd5671805e506a0,CA,Blue Shield of California (Building C),Blue Shield of California (Building C),,El Dorado County,1,2026-08-21,2026-10-20,Layoff Permanent,2026-08-30T21:43:41.512264Z
73cae0977f667422,CA,Silgan Containers,Silgan Containers,,Stanislaus County,120,2026-08-20,2026-10-12,Layoff Temporary,2026-08-30T21:43:41.512264Z
4598b4e9283f8bdb,CA,"Haas Automation, Inc.",Haas Automation,,Ventura County,73,2026-08-20,2026-11-02,Relocation Permanent,2026-08-30T21:43:41.512264Z
133d7bc60b698423,CA,"Flying Food Group, LLC",Flying Food Group,,San Mateo County,72,2026-08-20,2026-10-13,Closure Permanent,2026-08-30T21:43:41.512264Z
c5630d49c89e42e2,CA,"Stone Brewing Co., LLC - Harmony Grove","Stone Brewing Co., LLC - Harmony Grove",,San Diego County,2,2026-08-19,2026-10-19,Closure Permanent,2026-08-30T21:43:41.512264Z
95f3292ad6766662,CA,"Stone Brewing Co., LLC - Executive Place","Stone Brewing Co., LLC - Executive Place",,San Diego County,6,2026-08-19,2026-10-19,Closure Permanent,2026-08-30T21:43:41.512264Z
93210b37f7ef34f8,CA,"Stone Brewing CO., LLC - Citracado Parkway","Stone Brewing CO., LLC - Citracado Parkway",,San Diego County,50,2026-08-19,2026-10-19,Closure Permanent,2026-08-30T21:43:41.512264Z
b59703fcf163861b,CA,Corteva Agriscience LLC,Corteva Agriscience,,Contra Costa County,2,2026-08-18,2026-10-30,Layoff Permanent,2026-08-30T21:43:41.512264Z
977603e62e0d4a74,CA,Stockton Truss LLC,Stockton Truss,,San Joaquin County,65,2026-08-18,2026-10-18,Layoff Permanent,2026-08-30T21:43:41.512264Z
6dadf9d551061a0e,CA,"Volume Services, Inc. (Sodexo)","Volume Services, Inc. (Sodexo)",,Ventura County,93,2026-08-18,2026-10-16,Layoff Permanent,2026-08-30T21:43:41.512264Z
4f1e63c48e7e7fc0,CA,LeeMAH Electronics,LeeMAH Electronics,,San Mateo County,205,2026-08-17,2026-10-16,Closure Permanent,2026-08-30T21:43:41.512264Z
277b15df26caa4f5,CA,Roskam Baking Company dba Organic Milling,Roskam Baking,Organic Milling,Los Angeles County,115,2026-08-17,2026-10-02,Layoff Permanent,2026-08-30T21:43:41.512264Z
66c061f683d65858,CA,"Netflix, Inc.",Netflix,,Los Angeles County,59,2026-08-14,2026-07-14,Layoff Permanent,2026-08-30T21:43:41.512264Z
3e186b60f4f1749a,CA,Universal City Studios Productions LLLP,Universal City Studios Productions LLLP,,Los Angeles County,14,2026-08-13,2026-10-13,Layoff Permanent,2026-08-30T21:43:41.512264Z
e87dfbfaca31ce56,CA,EBALDC (120 Macdonald Ave),EBALDC (120 Macdonald Ave),,Contra Costa County,1,2026-08-12,2026-10-10,Layoff Permanent,2026-08-30T21:43:41.512264Z
e21b8408430340fa,CA,EBALDC (801 Pine Street),EBALDC (801 Pine Street),,Alameda County,4,2026-08-12,2026-10-10,Layoff Permanent,2026-08-30T21:43:41.512264Z
df65639434176843,CA,EBALDC (700 Willow Street),EBALDC (700 Willow Street),,Alameda County,2,2026-08-12,2026-10-10,Layoff Permanent,2026-08-30T21:43:41.512264Z
d767a34ec5aff1c0,CA,EBALDC (121 E 12th Street),EBALDC (121 E 12th Street),,Alameda County,2,2026-08-12,2026-10-10,Layoff Permanent,2026-08-30T21:43:41.512264Z
be3f3d75e3f6527b,CA,EBALDC (3501 San Pablo Ave),EBALDC (3501 San Pablo Ave),,Alameda County,9,2026-08-12,2026-10-10,Layoff Permanent,2026-08-30T21:43:41.512264Z
917bfae4de5a066f,CA,EBALDC (283 13th Street),EBALDC (283 13th Street),,Alameda County,4,2026-08-12,2026-10-10,Layoff Permanent,2026-08-30T21:43:41.512264Z
880a97f058da222a,CA,EBALDC (907 Lake Street),EBALDC (907 Lake Street),,Contra Costa County,2,2026-08-12,2026-10-10,Layoff Permanent,2026-08-30T21:43:41.512264Z
758144605251c290,CA,EBALDC (2946 International BLVD),EBALDC (2946 International BLVD),,Alameda County,2,2026-08-12,2026-10-10,Layoff Permanent,2026-08-30T21:43:41.512264Z
73d480660725d520,CA,EBALDC (1448 10th Street),EBALDC (1448 10th Street),,Alameda County,2,2026-08-12,2026-10-10,Layoff Permanent,2026-08-30T21:43:41.512264Z
6a4f038f83aca88a,CA,EBALDC (2555 International BLVD),EBALDC (2555 International BLVD),,Alameda County,5,2026-08-12,2026-10-10,Layoff Permanent,2026-08-30T21:43:41.512264Z
6317fb1a3b6d5010,CA,EBALDC (3850 San Pablo Ave),EBALDC (3850 San Pablo Ave),,Alameda County,1,2026-08-12,2026-10-10,Layoff Permanent,2026-08-30T21:43:41.512264Z
5710bf85a39af33f,CA,EBALDC (918 Clay Street),EBALDC (918 Clay Street),,Alameda County,2,2026-08-12,2026-10-10,Layoff Permanent,2026-08-30T21:43:41.512264Z
4e3af93cfe951e58,CA,"EBALDC (1825 San Pablo Ave., Suite 200)","EBALDC (1825 San Pablo Ave., Suite 200)",,Alameda County,20,2026-08-12,2026-10-10,Layoff Permanent,2026-08-30T21:43:41.512264Z
3e8a806cb147cf18,CA,EBALDC (1935 Seminary Ave),EBALDC (1935 Seminary Ave),,Alameda County,2,2026-08-12,2026-10-10,Layoff Permanent,2026-08-30T21:43:41.512264Z
3d558bd14697584b,CA,EBALDC (1955 San Pablo Ave),EBALDC (1955 San Pablo Ave),,Alameda County,9,2026-08-12,2026-10-10,Layoff Permanent,2026-08-30T21:43:41.512264Z
2f7accdf0e0b7e8a,CA,EBALDC (188 11th Street),EBALDC (188 11th Street),,Alameda County,4,2026-08-12,2026-10-10,Layoff Permanent,2026-08-30T21:43:41.512264Z
22c46b3cf5d301fd,CA,EBALDC (989 Brush Street),EBALDC (989 Brush Street),,Alameda County,2,2026-08-12,2026-10-10,Layoff Permanent,2026-08-30T21:43:41.512264Z
11d8e3a0da7e56d5,CA,EBALDC (2201 Brush St.),EBALDC (2201 Brush St.),,Alameda County,5,2026-08-12,2026-10-10,Layoff Permanent,2026-08-30T21:43:41.512264Z
0b07ea7baa375b36,CA,EBALDC (100 9th Street),EBALDC (100 9th Street),,Alameda County,4,2026-08-12,2026-10-10,Layoff Permanent,2026-08-30T21:43:41.512264Z
aad1c244485040b5,CA,"Bumble Bee Foods, LLC",Bumble Bee Foods,,Los Angeles County,197,2026-08-11,2026-11-19,Layoff Permanent,2026-08-30T21:43:41.512264Z
a08e646c33531b1d,CA,Sharp Metropolitan Medical Campus - Sharp Outpatient Pavilion,Sharp Metropolitan Medical Campus - Sharp Outpatient Pavilion,,San Diego County,5,2026-08-11,2026-10-10,Layoff Permanent,2026-08-30T21:43:41.512264Z
96ff31ecfb895ef9,CA,Sharp Metropolitan Medical Campus - Sharp Mesa Vista,Sharp Metropolitan Medical Campus - Sharp Mesa Vista,,San Diego County,134,2026-08-11,2026-10-10,Layoff Permanent,2026-08-30T21:43:41.512264Z
9526c4ec6d65bc85,CA,Sharp Metropolitan Medical Campus - Sharp Mary Birch Hospital,Sharp Metropolitan Medical Campus - Sharp Mary Birch Hospital,,San Diego County,7,2026-08-11,2026-10-10,Layoff Permanent,2026-08-30T21:43:41.512264Z
7b6714ea364d09bf,CA,Sharp Metropolitan Medical Group - Sharp McDonald Center,Sharp Metropolitan Medical Group - Sharp McDonald Center,,San Diego County,2,2026-08-11,2026-10-10,Layoff Permanent,2026-08-30T21:43:41.512264Z
77192b18410895a5,CA,Sharp Metropolitan Medical Campus - Sharp Memorial Hospital,Sharp Metropolitan Medical Campus - Sharp Memorial Hospital,,San Diego County,20,2026-08-11,2026-10-10,Layoff Permanent,2026-08-30T21:43:41.512264Z
7327741f0703e6ff,CA,Adventist Health Glendale,Adventist Health Glendale,,Los Angeles County,7,2026-08-11,2026-09-01,Layoff Permanent,2026-08-30T21:43:41.512264Z
53ba7a92b0b01604,CA,ZOLL Medical Corporation,ZOLL Medical,,Riverside County,78,2026-08-11,2027-02-01,Closure Permanent,2026-08-30T21:43:41.512264Z
9af96920197d504a,CA,G3 Enterprises,G3 Enterprises,,Stanislaus County,66,2026-08-10,2026-10-06,Layoff Permanent,2026-08-30T21:43:41.512264Z
1af3a699212aaff8,CA,Renteria Vineyard Management,Renteria Vineyard Management,,Napa County,91,2026-08-07,2026-10-15,Layoff Temporary,2026-08-30T21:43:41.512264Z
a8381cdad4c8caa8,CA,Silgan Containers,Silgan Containers,,Stanislaus County,60,2026-08-06,2026-07-21,Layoff Temporary,2026-08-30T21:43:41.512264Z
92687baa6a059b6c,CA,LAZ Parking California (5251 West 98th Street),LAZ Parking California (5251 West 98th Street),,Los Angeles County,50,2026-08-06,2026-10-06,Layoff Permanent,2026-08-30T21:43:41.512264Z
8fd5772656a8c6b7,CA,LAZ Parking California (5455 West 111th Street),LAZ Parking California (5455 West 111th Street),,Los Angeles County,58,2026-08-06,2026-10-06,Layoff Permanent,2026-08-30T21:43:41.512264Z
8249c70a807c5534,CA,Essendant Co.,Essendant,,Sacramento County,99,2026-08-06,2026-10-03,Closure Permanent,2026-08-30T21:43:41.512264Z
79a644bdceefb05e,CA,LAZ Parking California (9610 Sky Way),LAZ Parking California (9610 Sky Way),,Los Angeles County,139,2026-08-06,2026-10-06,Layoff Permanent,2026-08-30T21:43:41.512264Z
58a1c613e46193c0,CA,Essendant Co.,Essendant,,Riverside County,4,2026-08-06,2026-10-03,Closure Permanent,2026-08-30T21:43:41.512264Z
57ea3cc05cbddad7,CA,Staples Fulfillment Center,Staples Fulfillment Center,,Los Angeles County,109,2026-08-06,2026-10-09,Closure Permanent,2026-08-30T21:43:41.512264Z
ecb0fce63e1180c9,CA,"Salesforce, Inc.",Salesforce,,San Francisco County,74,2026-08-05,2026-10-05,Layoff Permanent,2026-08-30T21:43:41.512264Z
0737bd20cc766909,CA,"Eclipse Advantage, LLC",Eclipse Advantage,,San Bernardino County,18,2026-08-05,2026-10-05,Layoff Permanent,2026-08-30T21:43:41.512264Z
e7dad9794688052b,CA,"San Francisco Pretrial Diversion Project, Inc.",San Francisco Pretrial Diversion Project,,San Francisco County,82,2026-08-04,2026-11-13,Closure Permanent,2026-08-30T21:43:41.512264Z
5e7a58a96c4b2c38,CA,"Nutanix, Inc.",Nutanix,,Santa Clara County,65,2026-08-04,2026-10-05,Layoff Permanent,2026-08-30T21:43:41.512264Z
f91e3c36ee145938,CA,"TPE Acquisition, LLC - 5116",TPE Acquisition,,San Bernardino County,3,2026-08-03,2026-09-30,Closure Permanent,2026-08-30T21:43:41.512264Z
e6af30ff0c96cbdd,CA,"TPE Acquisition, LLC - 5026",TPE Acquisition,,San Bernardino County,12,2026-08-03,2026-09-30,Closure Permanent,2026-08-30T21:43:41.512264Z
c185f29c26a3f566,CA,"Chime Financial, Inc.",Chime Financial,,San Francisco County,135,2026-08-03,2026-09-30,Layoff Permanent,2026-08-30T21:43:41.512264Z
ec78e13d1d2ae2a7,CA,Visa,Visa,,San Mateo County,320,2026-07-31,2026-10-01,Layoff Permanent,2026-08-30T21:43:41.512264Z
e0fd1fbb5a0ac17e,CA,"WeDriveU, Inc.",WeDriveU,,Kern County,1,2026-07-31,2026-10-01,Closure Permanent,2026-08-30T21:43:41.512264Z
dc8e7c1365c3105b,CA,"WeDriveU, Inc.",WeDriveU,,Kern County,34,2026-07-31,2026-10-01,Closure Permanent,2026-08-30T21:43:41.512264Z
870bbdd924c3f52c,CA,"Veritone, Inc.",Veritone,,Orange County,10,2026-07-31,2026-09-28,Layoff Permanent,2026-08-30T21:43:41.512264Z
7584554aaad478d6,CA,"WeDriveU, Inc.",WeDriveU,,Kern County,15,2026-07-31,2026-10-01,Closure Permanent,2026-08-30T21:43:41.512264Z
29ba77e3dbddc1c8,CA,"WeDriveU, Inc.",WeDriveU,,Kern County,12,2026-07-31,2026-10-01,Closure Permanent,2026-08-30T21:43:41.512264Z
26f22169747290fe,CA,Yamaha Motor Finance Corporation U.S.A.,Yamaha Motor Finance Corporation U.S.A,,Orange County,61,2026-07-31,2026-10-01,Closure Permanent,2026-08-30T21:43:41.512264Z
fd737915691a38a0,CA,"International Rescue Committee, Inc.",International Rescue Committee,,Sacramento County,41,2026-07-30,2026-09-30,Layoff Permanent,2026-08-30T21:43:41.512264Z
345ac4cfcb776a36,CA,Sunnyside Restaurant and Lodge,Sunnyside Restaurant and Lodge,,Placer County,47,2026-07-30,2026-10-04,Closure Permanent,2026-08-30T21:43:41.512264Z
1b59ab2d4489936a,CA,"International Rescue Committee, Inc.",International Rescue Committee,,Stanislaus County,15,2026-07-30,2026-09-30,Layoff Permanent,2026-08-30T21:43:41.512264Z
f6cbe5193c851d9a,CA,Federal Express Corporation,Federal Express,,San Bernardino County,54,2026-07-29,2026-09-28,Closure Permanent,2026-08-30T21:43:41.512264Z
84f931511960661a,CA,Tencent America LLC,Tencent America,,Orange County,68,2026-07-29,2026-09-28,Layoff Permanent,2026-08-30T21:43:41.512264Z
83804796076ee568,CA,Federal Express Corporation,Federal Express,,Riverside County,62,2026-07-29,2026-09-29,Closure Permanent,2026-08-30T21:43:41.512264Z
fa53d4c30b165c9d,CA,"ServiceNow, Inc.",ServiceNow,,Santa Clara County,154,2026-07-28,2026-09-28,Layoff Permanent,2026-08-30T21:43:41.512264Z
f4629c146301c3ed,CA,"Yerba Mate Co., LLC - San Leandro","Yerba Mate Co., LLC - San Leandro",,Alameda County,4,2026-07-28,2026-09-01,Layoff Permanent,2026-08-30T21:43:41.512264Z
e5c177bca8053ccc,CA,"Yerba Mate Co., LLC - Petaluma","Yerba Mate Co., LLC - Petaluma",,Sonoma County,1,2026-07-28,2026-09-01,Layoff Permanent,2026-08-30T21:43:41.512264Z
e2c0e24c3ffd25b5,CA,"Yerba Mate Co., LLC",Yerba Mate,,Los Angeles County,6,2026-07-28,2026-09-01,Layoff Permanent,2026-08-30T21:43:41.512264Z
d2633b9e538a0a13,CA,"Yerba Mate Co., LLC - Sacramento","Yerba Mate Co., LLC - Sacramento",,Sacramento County,3,2026-07-28,2026-09-01,Layoff Permanent,2026-08-30T21:43:41.512264Z
cb4276932da170e6,CA,"Yerba Mate Co., LLC - San Fernando Valley","Yerba Mate Co., LLC - San Fernando Valley",,Los Angeles County,2,2026-07-28,2026-09-01,Layoff Permanent,2026-08-30T21:43:41.512264Z
a20ce8f6d72cec42,CA,"Yerba Mate Co., LLC - Santa Maria","Yerba Mate Co., LLC - Santa Maria",,Santa Barbara County,1,2026-07-28,2026-09-01,Layoff Permanent,2026-08-30T21:43:41.512264Z
9e872eebbeee61e6,CA,"Yerba Mate Co., LLC - South San Francisco","Yerba Mate Co., LLC - South San Francisco",,San Mateo County,1,2026-07-28,2026-09-01,Layoff Permanent,2026-08-30T21:43:41.512264Z
8a737005614135bc,CA,"Yerba Mate Co., LLC - Santa Cruz","Yerba Mate Co., LLC - Santa Cruz",,Santa Cruz County,1,2026-07-28,2026-09-01,Layoff Permanent,2026-08-30T21:43:41.512264Z
7d3410c82007a33f,CA,Sodexo,Sodexo,,Orange County,164,2026-07-28,2026-09-30,Closure Permanent,2026-08-30T21:43:41.512264Z
7d1266d0e881e36b,CA,"ServiceNow, Inc.",ServiceNow,,San Diego County,133,2026-07-28,2026-09-28,Layoff Permanent,2026-08-30T21:43:41.512264Z
543c2d0eca303759,CA,"Yerba Mate Co., LLC - Santa Rosa","Yerba Mate Co., LLC - Santa Rosa",,Sonoma County,1,2026-07-28,2026-09-01,Layoff Permanent,2026-08-30T21:43:41.512264Z
4b28a54f33cdd48b,CA,"Yerba Mate Co., LLC - Riverside","Yerba Mate Co., LLC - Riverside",,Riverside County,2,2026-07-28,2026-09-01,Layoff Permanent,2026-08-30T21:43:41.512264Z
43a4b910277cf964,CA,"Yerba Mate Co., LLC - Santa Barbara","Yerba Mate Co., LLC - Santa Barbara",,Santa Barbara County,1,2026-07-28,2026-09-01,Layoff Permanent,2026-08-30T21:43:41.512264Z
3c7d231042246790,CA,Silgan Containers,Silgan Containers,,Stanislaus County,55,2026-07-28,2026-09-21,Layoff Temporary,2026-08-30T21:43:41.512264Z
382138726d30fa85,CA,"Yerba Mate Co., LLC - Santa Ana","Yerba Mate Co., LLC - Santa Ana",,Orange County,1,2026-07-28,2026-09-01,Layoff Permanent,2026-08-30T21:43:41.512264Z
18db32719732ef43,CA,"Yerba Mate Co., LLC - Bakersfield/Fresno","Yerba Mate Co., LLC - Bakersfield/Fresno",,Kern County,1,2026-07-28,2026-09-01,Layoff Permanent,2026-08-30T21:43:41.512264Z
ee7db2d26a202b38,CA,PD Systems,PD Systems,,Monterey County,81,2026-07-27,2026-08-28,Layoff Permanent,2026-08-30T21:43:41.512264Z
e0c79067c58d1c93,CA,O'Brien's Market Inc.,O'Brien's Market,,Stanislaus County,50,2026-07-27,2026-09-26,Closure Permanent,2026-08-30T21:43:41.512264Z
b764fe8124cb3d70,CA,Intel Corporation - SC-9,Intel Corporation - SC-9,,Santa Clara County,10,2026-07-27,2026-08-15,Layoff Permanent,2026-08-30T21:43:41.512264Z
7c22357773ac9c33,CA,Intel Corporation - SC-12,Intel Corporation - SC-12,,Santa Clara County,67,2026-07-27,2026-08-15,Layoff Permanent,2026-08-30T21:43:41.512264Z
718dd7cb4a361457,CA,O'Briens Market Inc.,O'Briens Market,,Stanislaus County,67,2026-07-27,2026-09-27,Closure Permanent,2026-08-30T21:43:41.512264Z
5ab2645b065f65d8,CA,Intel Corporation - Robert Noyce Building,Intel Corporation - Robert Noyce Building,,Santa Clara County,24,2026-07-27,2026-08-15,Layoff Permanent,2026-08-30T21:43:41.512264Z
3917b9a1d3a71f59,CA,Intel Corporation - SC11,Intel Corporation - SC11,,Santa Clara County,2,2026-07-27,2026-08-15,Layoff Permanent,2026-08-30T21:43:41.512264Z
67240e5cab52ec53,CA,Chick-fil-A & Fig,Chick-fil-A & Fig,,Los Angeles County,77,2026-07-24,2026-09-27,Layoff Temporary,2026-08-30T21:43:41.512264Z
f01ecda6526dbfca,CA,Fortrex,Fortrex,,Imperial County,91,2026-07-23,2026-08-21,Layoff Permanent,2026-08-30T21:43:41.512264Z
ccd5f14f75a7facb,CA,"Uber Technologies, Inc. (Remote)","Uber Technologies, Inc. (Remote)",,San Francisco County,14,2026-07-23,2026-09-21,Layoff Permanent,2026-08-30T21:43:41.512264Z
239c2a58b36c454f,CA,"Uber Technologies, Inc. (1725 3rd St.)","Uber Technologies, Inc. (1725 3rd St.)",,San Francisco County,1,2026-07-23,2026-09-21,Layoff Permanent,2026-08-30T21:43:41.512264Z
0396dc2da1a7d1a8,CA,"Uber Technologies, Inc. (1655 3rd Street)","Uber Technologies, Inc. (1655 3rd Street)",,San Francisco County,26,2026-07-23,2026-09-21,Layoff Permanent,2026-08-30T21:43:41.512264Z
f4d2d2e3d261eac3,CA,"CraftForce Services, Inc. (2330 Circadian Way)","CraftForce Services, Inc. (2330 Circadian Way)",,Sonoma County,51,2026-07-22,2026-09-20,Closure Permanent,2026-08-30T21:43:41.512264Z
d29a39d3e8c3037f,CA,"CraftForce Services, Inc. (2753 Giffen Avenue)","CraftForce Services, Inc. (2753 Giffen Avenue)",,Sonoma County,7,2026-07-22,2026-09-20,Closure Permanent,2026-08-30T21:43:41.512264Z
80098f9069d6131e,CA,Pixar,Pixar,,Alameda County,108,2026-07-22,2026-09-26,Layoff Permanent,2026-08-30T21:43:41.512264Z
7b035bb164e7034c,CA,"New Leaf Community Markets, Inc.",New Leaf Community Markets,,Santa Clara County,61,2026-07-21,2026-09-20,Closure Permanent,2026-08-30T21:43:41.512264Z
b352e518584c7be7,CA,Queen City Staffing,Queen City Staffing,,Sonoma County,49,2026-07-20,2026-09-13,Closure Permanent,2026-08-30T21:43:41.512264Z
8bd3443448aad7de,CA,Wind & Sea Restaurant,Wind & Sea Restaurant,,Orange County,198,2026-07-20,2026-09-15,Closure Permanent,2026-08-30T21:43:41.512264Z
6426315cf9470119,CA,"Magic Leap, Inc.",Magic Leap,,Santa Clara County,76,2026-07-20,2026-10-01,Layoff Permanent,2026-08-30T21:43:41.512264Z
30a7f4f1259d77b2,CA,"DesigneRX Pharmaceuticals, Inc.",DesigneRX Pharmaceuticals,,Solano County,25,2026-07-20,2026-09-21,Layoff Permanent,2026-08-30T21:43:41.512264Z
ee8d16439909172c,CA,Ventura Coastal,Ventura Coastal,,Tulare County,71,2026-07-17,2026-09-18,Layoff Temporary,2026-08-30T21:43:41.512264Z
eb4a93bd73348c28,CA,"NBCUniversal Media, LLC -1440",NBCUniversal Media,,Los Angeles County,87,2026-07-17,2026-08-28,Layoff Permanent,2026-08-30T21:43:41.512264Z
a041719c4a6ea51a,CA,"NBCUniversal Media, LLC - 1460",NBCUniversal Media,,Los Angeles County,55,2026-07-17,2026-08-28,Layoff Permanent,2026-08-30T21:43:41.512264Z
74085466d868e167,CA,"NBCUniversal Media, LLC - 1360",NBCUniversal Media,,Los Angeles County,5,2026-07-17,2026-08-28,Layoff Permanent,2026-08-30T21:43:41.512264Z
67dc320b00ebdf68,CA,"Aramark Campus, LLC",Aramark Campus,,San Bernardino County,94,2026-07-17,2026-07-31,Layoff Permanent,2026-08-30T21:43:41.512264Z
342a9972600db283,CA,"Monterey Mushrooms, LLC",Monterey Mushrooms,,Santa Clara County,253,2026-07-17,2026-09-20,Layoff Permanent,2026-08-30T21:43:41.512264Z
12ea17dae8cfde90,CA,"NBCUniversal Media, LLC - 1320",NBCUniversal Media,,Los Angeles County,3,2026-07-17,2026-08-28,Layoff Permanent,2026-08-30T21:43:41.512264Z
72ccda8dd9f8f500,CA,Phillips 66,Phillips 66,,Los Angeles County,5,2026-07-16,2026-09-16,Closure Permanent,2026-08-30T21:43:41.512264Z
ac215af2ebe8b7df,CA,"Eargo, Inc.",Eargo,,Santa Clara County,57,2026-07-15,2026-09-14,Closure Permanent,2026-08-30T21:43:41.512264Z
7281bcf4505fa20f,CA,"ELC Beauty LLC (Too Faced Cosmetics, LLC)","ELC Beauty LLC (Too Faced Cosmetics, LLC)",,Orange County,67,2026-07-15,2026-09-30,Closure Permanent,2026-08-30T21:43:41.512264Z
58582d59be1bbf93,CA,Red Lobster Restaurants LLC,Red Lobster Restaurants,,Santa Barbara County,37,2026-07-15,2026-08-31,Closure Permanent,2026-08-30T21:43:41.512264Z
21417cfd48e27030,CA,"Coursera, Inc.",Coursera,,Santa Clara County,31,2026-07-15,2026-09-11,Layoff Permanent,2026-08-30T21:43:41.512264Z
db070af8dd395007,CA,"AWCS, LLC (Cottonwood Post-Acute Rehab","AWCS, LLC (Cottonwood Post-Acute Rehab",,Yolo County,158,2026-07-14,2026-09-11,Closure Temporary,2026-08-30T21:43:41.512264Z
d2d7c55f0235681a,CA,"GXO Logistics Worldwide, LLC",GXO Logistics Worldwide,,San Bernardino County,46,2026-07-14,2026-09-18,Closure Permanent,2026-08-30T21:43:41.512264Z
cda6dfa865117dc9,CA,"Udemy, Inc.",Udemy,,San Francisco County,28,2026-07-14,2026-09-11,Layoff Permanent,2026-08-30T21:43:41.512264Z
32fc15b13b7c8ada,CA,Conduent,Conduent,,Orange County,51,2026-07-14,2026-08-28,Layoff Permanent,2026-08-30T21:43:41.512264Z
12942a655f8887e7,CA,"GMRI, Inc. dba Yard House",GMRI,Yard House,Orange County,78,2026-07-14,2026-09-14,Closure Permanent,2026-08-30T21:43:41.512264Z
874aea7ab2f3a184,CA,GEODIS,Geodis,,San Bernardino County,81,2026-07-13,2026-09-03,Closure Permanent,2026-08-30T21:43:41.512264Z
3c6cb60da0c8e282,CA,The Vons Companies Inc.,The Vons,,Los Angeles County,55,2026-07-13,2026-09-05,Closure Permanent,2026-08-30T21:43:41.512264Z
fd21ae36820d29be,CA,Sentinel Restaurant & Hospitality Group LLC,Sentinel Restaurant & Hospitality Group,,Orange County,113,2026-07-10,2026-09-08,Closure Permanent,2026-08-30T21:43:41.512264Z
c8c02ee013f94ba5,CA,6th Street Center for Youth (Youth for Change),6th Street Center for Youth (Youth for Change),,Butte County,6,2026-07-10,2026-08-31,Closure Permanent,2026-08-30T21:43:41.512264Z
faad4039df1fe182,CA,OnPoint Logistics LLC,OnPoint Logistics,,San Francisco County,96,2026-07-09,2026-09-07,Closure Permanent,2026-08-30T21:43:41.512264Z
e5de433c2d8e3178,CA,Xpress Delivery LLC (DSJ9),Xpress Delivery LLC (DSJ9),,Alameda County,80,2026-07-09,2026-09-09,Closure Permanent,2026-08-30T21:43:41.512264Z
eb24d32f064d2a74,CA,LeeMAH Electronics,LeeMAH Electronics,,San Mateo County,212,2026-07-08,2026-09-08,Closure Permanent,2026-08-30T21:43:41.512264Z
5dd68513bd2707c1,CA,Chevron,Chevron,,Contra Costa County,180,2026-07-08,2026-09-01,Layoff Permanent,2026-08-30T21:43:41.512264Z
cc27dd4868c68264,CA,DHL Supply Chain,DHL Supply Chain,,Orange County,33,2026-07-07,2026-09-03,Closure Permanent,2026-08-30T21:43:41.512264Z
b5af288df9c31a52,CA,Obsidian,Obsidian,,Orange County,52,2026-07-07,2026-09-04,Layoff Permanent,2026-08-30T21:43:41.512264Z
fe4486a992211584,CA,"Kingdom Animalia, LLC (Hourglass Cosmetics)","Kingdom Animalia, LLC (Hourglass Cosmetics)",,Los Angeles County,7,2026-07-02,2026-09-15,Closure Permanent,2026-08-30T21:43:41.512264Z
f4c50a45a7aebb55,CA,Blue Diamond Growers,Blue Diamond Growers,,Sacramento County,31,2026-07-02,2026-09-04,Closure Permanent,2026-08-30T21:43:41.512264Z
93288e9a5e836a57,CA,"Genentech, Inc.",Genentech,,San Mateo County,103,2026-07-01,2026-07-29,Layoff Permanent,2026-08-30T21:43:41.512264Z
51527316a6048c8e,CA,Athwal FDS Corporation,Athwal FDS,,San Bernardino County,35,2026-07-01,2026-08-30,Layoff Permanent,2026-08-30T21:43:41.512264Z
34078bb39be7a352,CA,McDonald's Corporation,McDonald's,,Los Angeles County,2,2026-07-01,2026-09-01,Closure Permanent,2026-08-30T21:43:41.512264Z
e7d3c7623e0189a7,CA,Fox Sports En Espanol LLC,Fox Sports En Espanol,,Los Angeles County,133,2026-06-30,2026-09-01,Layoff Permanent,2026-08-30T21:43:41.512264Z
cf4421a37b959058,CA,Federal Express Corporation,Federal Express,,San Diego County,57,2026-06-30,2026-08-31,Closure Permanent,2026-08-30T21:43:41.512264Z
82b82116f7199636,CA,Dignity Health (California Hospital Medical Center),Dignity Health (California Hospital Medical Center),,Los Angeles County,82,2026-06-30,2026-08-03,Layoff Permanent,2026-08-30T21:43:41.512264Z
61afbf839bad9891,CA,Ballast Point Brewing Company,Ballast Point Brewing,,San Francisco County,19,2026-06-30,2026-06-29,Closure Permanent,2026-08-30T21:43:41.512264Z
05244ed6dad5c2ff,CA,Dignity Health (Bakersfield Memorial Hospital),Dignity Health (Bakersfield Memorial Hospital),,Kern County,57,2026-06-30,2026-08-03,Layoff Permanent,2026-08-30T21:43:41.512264Z
b46e047aed1d5f5d,CA,"Flagship Facilities Services, LLC",Flagship Facilities Services,,San Mateo County,5,2026-06-29,2026-07-19,Layoff Permanent,2026-08-30T21:43:41.512264Z
07dea1a1b4dfcea7,CA,VCA Corporate Support Office,VCA Corporate Support Office,,Los Angeles County,100,2026-06-29,2026-09-01,Layoff Permanent,2026-08-30T21:43:41.512264Z
046406a6ec76efda,CA,"Robinhood Markets, Inc.",Robinhood Markets,,San Mateo County,63,2026-06-29,2026-09-01,Layoff Permanent,2026-08-30T21:43:41.512264Z
fb61f860df22476d,CA,Adventist Health Roseville,Adventist Health Roseville,,Placer County,2,2026-06-26,2026-07-03,Layoff Permanent,2026-08-30T21:43:41.512264Z
f8c3a2a7302ff3c1,CA,Adventist Health St. Helena,Adventist Health St. Helena,,Napa County,3,2026-06-26,2026-07-03,Layoff Permanent,2026-08-30T21:43:41.512264Z
f66a6851c7f90064,CA,Adventist Health Sierra Vista,Adventist Health Sierra Vista,,San Luis Obispo County,5,2026-06-26,2026-07-03,Layoff Permanent,2026-08-30T21:43:41.512264Z
eb429fb365019b49,CA,Adventist Health Delano,Adventist Health Delano,,Kern County,3,2026-06-26,2026-07-03,Layoff Permanent,2026-08-30T21:43:41.512264Z
e6b45139fe1480d1,CA,Adventist Health Bakersfield,Adventist Health Bakersfield,,Kern County,15,2026-06-26,2026-07-03,Layoff Permanent,2026-08-30T21:43:41.512264Z
c5871f2258443539,CA,Adventist Health Mendocino Coast,Adventist Health Mendocino Coast,,Mendocino County,3,2026-06-26,2026-07-03,Layoff Permanent,2026-08-30T21:43:41.512264Z
c563364685b78e12,CA,Adventist Health Twin Cities,Adventist Health Twin Cities,,San Luis Obispo County,4,2026-06-26,2026-07-03,Layoff Permanent,2026-08-30T21:43:41.512264Z
c09fa9b6f286a181,CA,Adventist Health Ukiah Valley,Adventist Health Ukiah Valley,,Mendocino County,5,2026-06-26,2026-07-03,Layoff Permanent,2026-08-30T21:43:41.512264Z
beadf2e0cb3114cc,CA,"Flagship Facilities Services, LLC",Flagship Facilities Services,,Santa Clara County,2,2026-06-26,2026-07-19,Layoff Permanent,2026-08-30T21:43:41.512264Z
b4eb6d21100880ef,CA,Adventist Health Glendale,Adventist Health Glendale,,Los Angeles County,12,2026-06-26,2026-07-03,Layoff Permanent,2026-08-30T21:43:41.512264Z
b0d3ee0f971e058a,CA,Adventist Health Clear Lake,Adventist Health Clear Lake,,Lake County,4,2026-06-26,2026-07-03,Layoff Permanent,2026-08-30T21:43:41.512264Z
a8c306bdd626d7d9,CA,Adventist Health Hanford,Adventist Health Hanford,,Kings County,12,2026-06-26,2026-07-03,Layoff Permanent,2026-08-30T21:43:41.512264Z
93df87e3c9e2865c,CA,International Paper Company,International Paper,,Sacramento County,130,2026-06-26,2026-08-28,Closure Permanent,2026-08-30T21:43:41.512264Z
87714797c7620bb9,CA,Adventist Health Specialty Bakersfield,Adventist Health Specialty Bakersfield,,Kern County,1,2026-06-26,2026-07-03,Layoff Permanent,2026-08-30T21:43:41.512264Z
71b97da75629725c,CA,Adventist Health Vallejo,Adventist Health Vallejo,,Solano County,3,2026-06-26,2026-07-03,Layoff Permanent,2026-08-30T21:43:41.512264Z
60d33f7fef731fbe,CA,Adventist Health Lodi Memorial,Adventist Health Lodi Memorial,,San Joaquin County,7,2026-06-26,2026-07-03,Layoff Permanent,2026-08-30T21:43:41.512264Z
50fc079b29dc3e7f,CA,Adventist Health Simi Valley,Adventist Health Simi Valley,,Ventura County,7,2026-06-26,2026-07-03,Layoff Permanent,2026-08-30T21:43:41.512264Z
4583b74eacd02850,CA,Adventist Health Sonora,Adventist Health Sonora,,Tuolumne County,8,2026-06-26,2026-07-03,Layoff Permanent,2026-08-30T21:43:41.512264Z
3637417bfff4e38b,CA,Adventist Health Tehachapi Valley,Adventist Health Tehachapi Valley,,Kern County,3,2026-06-26,2026-07-03,Layoff Permanent,2026-08-30T21:43:41.512264Z
32b75b96dbd10e1a,CA,Adventist Health Howard Memorial,Adventist Health Howard Memorial,,Mendocino County,6,2026-06-26,2026-07-03,Layoff Permanent,2026-08-30T21:43:41.512264Z
28c25a63953db11a,CA,Blue Diamond Growers,Blue Diamond Growers,,Sacramento County,93,2026-06-26,2026-08-28,Closure Permanent,2026-08-30T21:43:41.512264Z
2242bb66c6bc815f,CA,Adventist Health White Memorial Cesar E. Chavez,Adventist Health White Memorial Cesar E. Chavez,,Los Angeles County,11,2026-06-26,2026-07-03,Layoff Permanent,2026-08-30T21:43:41.512264Z
1cba923c8f051ee7,CA,Adventist Health White Memorial Montebello,Adventist Health White Memorial Montebello,,Los Angeles County,2,2026-06-26,2026-07-03,Layoff Permanent,2026-08-30T21:43:41.512264Z
039ccd1796a39959,CA,"Flagship Facilities Services, LLC",Flagship Facilities Services,,San Francisco County,13,2026-06-26,2026-07-19,Layoff Permanent,2026-08-30T21:43:41.512264Z
013775bbdaef1c67,CA,Adventist Health and Rideout,Adventist Health and Rideout,,Yuba County,9,2026-06-26,2026-07-03,Layoff Permanent,2026-08-30T21:43:41.512264Z
fad4548e2604ccd6,CA,"Nestle USA, Inc.",Nestle,,Stanislaus County,57,2026-06-24,2026-08-31,Closure Temporary,2026-08-30T21:43:41.512264Z
c7bf5c0221a2aa75,CA,"Cisco Systems, Inc.",Cisco Systems,,Santa Clara County,236,2026-06-24,2026-07-13,Layoff Permanent,2026-08-30T21:43:41.512264Z
b31e648872642bc5,CA,ODS Technologies LP and Betfair Interactive US LLC,ODS Technologies LP and Betfair Interactive US,,Los Angeles County,28,2026-06-24,2026-08-04,Layoff Permanent,2026-08-30T21:43:41.512264Z
88f258be8455ae7c,CA,"BILL Operations, LLC",BILL Operations,,Santa Clara County,129,2026-06-24,2026-08-24,Layoff Permanent,2026-08-30T21:43:41.512264Z
0c874332b50b3b4d,CA,Raytheon,Raytheon,,Los Angeles County,1,2026-06-24,2026-08-28,Layoff Permanent,2026-08-30T21:43:41.512264Z
e3a7e10688274a05,CA,Frick Paper Company (Paper Mart),Frick Paper Company (Paper Mart),,Orange County,78,2026-06-23,2026-08-28,Closure Permanent,2026-08-30T21:43:41.512264Z
dafad7411a11f49e,CA,Valley Children's Hospital,Valley Children's Hospital,,Madera County,88,2026-06-23,2026-08-31,Layoff Permanent,2026-08-30T21:43:41.512264Z
cff3d217393ce07b,CA,"Cisco Systems, Inc.",Cisco Systems,,San Francisco County,81,2026-06-23,2026-07-13,Layoff Permanent,2026-08-30T21:43:41.512264Z
7f6b20debd3084c3,CA,Corteva Agriscience,Corteva Agriscience,,Contra Costa County,1,2026-06-23,2026-08-28,Layoff Permanent,2026-08-30T21:43:41.512264Z
5a147e87f55fd1ce,CA,Walmart,Walmart,,San Mateo County,88,2026-06-23,2026-08-21,Layoff Permanent,2026-08-30T21:43:41.512264Z
571816566db100ef,CA,"Cisco Systems, Inc.",Cisco Systems,,Santa Clara County,154,2026-06-23,2026-07-13,Layoff Permanent,2026-08-30T21:43:41.512264Z
45db45d588c0e2b5,CA,"Sangamo Therapeutics, Inc.",Sangamo Therapeutics,,Contra Costa County,47,2026-06-23,2026-06-22,Layoff Permanent,2026-08-30T21:43:41.512264Z
3147c3885ea33b82,CA,"Sangamo Therapeutics, Inc.",Sangamo Therapeutics,,San Mateo County,4,2026-06-23,2026-06-22,Layoff Permanent,2026-08-30T21:43:41.512264Z
d5801a915237e7c4,CA,"Vine Hospitality (Blue Rock Restaurant Partners, LP)","Vine Hospitality (Blue Rock Restaurant Partners, LP)",,Marin County,54,2026-06-22,2026-06-23,Closure Permanent,2026-08-30T21:43:41.512264Z
b101ca169b16220a,CA,"Vine Hospitality (Left Bank Tiburon, LP)","Vine Hospitality (Left Bank Tiburon, LP)",,Marin County,20,2026-06-22,2026-06-23,Closure Permanent,2026-08-30T21:43:41.512264Z
95f337bf17911068,CA,"Vine Hospitality (Left Bank Menlo Park Partners, LP)","Vine Hospitality (Left Bank Menlo Park Partners, LP)",,San Mateo County,42,2026-06-22,2026-06-23,Closure Permanent,2026-08-30T21:43:41.512264Z
90a825131469e6e6,CA,"Vine Hospitality (Vine Dining Enterprises, Inc)","Vine Hospitality (Vine Dining Enterprises, Inc)",,Santa Clara County,12,2026-06-22,2026-06-23,Closure Permanent,2026-08-30T21:43:41.512264Z
7dd91f94ef7097b8,CA,"GXO Logistics Worldwide, LLC",GXO Logistics Worldwide,,San Bernardino County,53,2026-06-22,2026-08-02,Closure Permanent,2026-08-30T21:43:41.512264Z
59ce2f2efd84aa02,CA,"Vine Hospitality (La Rive Gauche San Jose, LLC)","Vine Hospitality (La Rive Gauche San Jose, LLC)",,Santa Clara County,73,2026-06-22,2026-06-23,Closure Permanent,2026-08-30T21:43:41.512264Z
53505aacf53262cf,CA,"Lucid Group, Inc.",Lucid Group,,Alameda County,136,2026-06-22,2026-08-21,Layoff Permanent,2026-08-30T21:43:41.512264Z
4f6531785af92752,CA,"Vine Hospitality (LB Steak Bishop Ranch, LP)","Vine Hospitality (LB Steak Bishop Ranch, LP)",,Contra Costa County,51,2026-06-22,2026-06-23,Closure Permanent,2026-08-30T21:43:41.512264Z
4029efa72599d043,CA,Keywords International Limited Group,Keywords International Limited Group,,San Francisco County,128,2026-06-22,2026-08-22,Layoff Permanent,2026-08-30T21:43:41.512264Z
349aa5979b4988cb,CA,"Vine Hospitality (Meso Santana Row, LP)","Vine Hospitality (Meso Santana Row, LP)",,Santa Clara County,54,2026-06-22,2026-06-23,Closure Permanent,2026-08-30T21:43:41.512264Z
321b9f03ed45be75,CA,"Vine Hospitality (Santana Grill Partners, LP)","Vine Hospitality (Santana Grill Partners, LP)",,Santa Clara County,59,2026-06-22,2026-06-23,Closure Permanent,2026-08-30T21:43:41.512264Z
f3e6cd6c95ee94f5,CA,Walmart (1395 Crossman Ave.),Walmart (1395 Crossman Ave.),,Santa Clara County,68,2026-06-19,2026-08-21,Layoff Permanent,2026-08-30T21:43:41.512264Z
f2179f9e310fee86,CA,Walmart (1375 Crossman Ave.),Walmart (1375 Crossman Ave.),,Santa Clara County,63,2026-06-19,2026-08-21,Layoff Permanent,2026-08-30T21:43:41.512264Z
a5cfa5a78645912d,CA,Walmart (840 W California Ave),Walmart (840 W California Ave),,Santa Clara County,1,2026-06-19,2026-08-21,Layoff Permanent,2026-08-30T21:43:41.512264Z
897b7723509c7016,CA,Walmart (860 W California Ave),Walmart (860 W California Ave),,Santa Clara County,1,2026-06-19,2026-08-21,Layoff Permanent,2026-08-30T21:43:41.512264Z
68d1b62e30ac4b79,CA,Walmart (1345 Crossman Ave.),Walmart (1345 Crossman Ave.),,Santa Clara County,67,2026-06-19,2026-08-21,Layoff Permanent,2026-08-30T21:43:41.512264Z
6634c43fcebbd5cc,CA,Walmart (640 W. California Ave.),Walmart (640 W. California Ave.),,Santa Clara County,3,2026-06-19,2026-08-21,Layoff Permanent,2026-08-30T21:43:41.512264Z
396e615f04767407,CA,Walmart (809 11th Ave),Walmart (809 11th Ave),,Santa Clara County,49,2026-06-19,2026-08-21,Layoff Permanent,2026-08-30T21:43:41.512264Z
00424091705c7d7e,CA,Walmart (815 Eleventh Ave),Walmart (815 Eleventh Ave),,Santa Clara County,54,2026-06-19,2026-08-21,Layoff Permanent,2026-08-30T21:43:41.512264Z
e514d22e664ee951,CA,"Uber Technologies, Inc. (1725 3rd St.)","Uber Technologies, Inc. (1725 3rd St.)",,San Francisco County,22,2026-06-18,2026-08-03,Layoff Permanent,2026-08-30T21:43:41.512264Z
e35bb20cb6d4ab30,CA,"Comedy Club Oxnard, LLC",Comedy Club Oxnard,,Ventura County,69,2026-06-18,2026-08-17,Closure Permanent,2026-08-30T21:43:41.512264Z
85dc92d5c5b707b2,CA,"Uber Technologies, Inc. (Remote)","Uber Technologies, Inc. (Remote)",,San Francisco County,5,2026-06-18,2026-08-03,Layoff Permanent,2026-08-30T21:43:41.512264Z
6ec6523982000bdc,CA,"Uber Technologies, Inc. (1655 3rd Street)","Uber Technologies, Inc. (1655 3rd Street)",,San Francisco County,2,2026-06-18,2026-08-03,Layoff Permanent,2026-08-30T21:43:41.512264Z
67be93823d991275,CA,Chick-fil-A,Chick-fil-A,,San Diego County,147,2026-06-18,2026-08-15,Closure Temporary,2026-08-30T21:43:41.512264Z
5fef223146d934bd,CA,Blue Diamond Growers,Blue Diamond Growers,,Sacramento County,56,2026-06-18,2026-08-21,Closure Permanent,2026-08-30T21:43:41.512264Z
b4a7b1ce65f83666,CA,Lumileds LLC,Lumileds,,Santa Clara County,11,2026-06-17,2026-08-31,Closure Permanent,2026-08-30T21:43:41.512264Z
b54628f8717da7ff,CA,United Natural Foods West,United Natural Foods West,,Los Angeles County,11,2026-06-16,2026-08-17,Closure Permanent,2026-08-30T21:43:41.512264Z
f10d7b2f9837af23,CA,"Uber Technologies, Inc.",Uber Technologies,,San Francisco County,3,2026-06-15,2026-08-11,Layoff Permanent,2026-08-30T21:43:41.512264Z
9a6d78ec002847ad,CA,Leggett & Platt,Leggett & Platt,,San Bernardino County,125,2026-06-15,2026-08-14,Closure Permanent,2026-08-30T21:43:41.512264Z
b73ea29444f7529f,CA,Hy-Tek Intralogistics,Hy-Tek Intralogistics,,San Bernardino County,200,2026-06-11,2026-08-10,Layoff Permanent,2026-08-30T21:43:41.512264Z
abcf58cbc765dc46,CA,"ServiceNow, Inc.",ServiceNow,,San Diego County,63,2026-06-10,2026-08-17,Layoff Permanent,2026-08-30T21:43:41.512264Z
9fc7a02c62a79c3e,CA,"ServiceNow, Inc.",ServiceNow,,Santa Clara County,54,2026-06-10,2026-08-17,Layoff Permanent,2026-08-30T21:43:41.512264Z
77e5f78a018cf05a,CA,"Veritone, Inc.",Veritone,,Orange County,31,2026-06-10,2026-08-10,Layoff Permanent,2026-08-30T21:43:41.512264Z
733be3ebc9dbb368,CA,Ubisoft,Ubisoft,,San Francisco County,93,2026-06-10,2026-08-10,Layoff Permanent,2026-08-30T21:43:41.512264Z
f53611f63ff55120,CA,Verily Health Inc.,Verily Health,,San Mateo County,58,2026-06-08,2026-08-07,Layoff Permanent,2026-08-30T21:43:41.512264Z
984e7e75c14f7332,CA,"Salesforce, Inc.",Salesforce,,San Francisco County,86,2026-06-08,2026-08-07,Layoff Permanent,2026-08-30T21:43:41.512264Z
e2319ebbc1887137,CA,"Dwyer Instruments, LLC",Dwyer Instruments,,Los Angeles County,53,2026-06-05,2026-08-07,Closure Permanent,2026-08-30T21:43:41.512264Z
d4cf987c7b79d41a,CA,"CAT Restaurant Management, LLC",CAT Restaurant Management,,Los Angeles County,57,2026-06-05,2026-07-03,Closure Permanent,2026-08-30T21:43:41.512264Z
cb979f7f2704fb3b,CA,"St. Vincent de Paul Society of Lane County, Inc.",St. Vincent de Paul Society of Lane County,,San Joaquin County,8,2026-06-05,2026-07-11,Closure Permanent,2026-08-30T21:43:41.512264Z
a7eafde9cef66493,CA,Morgan Advance Ceramics Inc.,Morgan Advance Ceramics,,Alameda County,96,2026-06-05,2026-08-08,Closure Permanent,2026-08-30T21:43:41.512264Z
a7cc3e2c7e9062ac,CA,Blue Diamond Growers,Blue Diamond Growers,,Sacramento County,40,2026-06-05,2026-08-07,Closure Permanent,2026-08-30T21:43:41.512264Z
4ea457a081e17670,CA,"Quizlet, Inc.",Quizlet,,San Francisco County,79,2026-06-04,2026-06-05,Layoff Permanent,2026-08-30T21:43:41.512264Z
ffc8acf18bc15d57,CA,"Off Duty Officers, Inc. (3477 E. Gage Ave.)","Off Duty Officers, Inc. (3477 E. Gage Ave.)",,Los Angeles County,2,2026-06-03,2026-07-30,Layoff Permanent,2026-08-30T21:43:41.512264Z
f136ebf85b164224,CA,Highlands Community Charter and Technical Schools (2520 33rd Street),Highlands Community Charter and Technical Schools (2520 33rd Street),,Sacramento County,1,2026-06-03,2026-07-30,Layoff Permanent,2026-08-30T21:43:41.512264Z
e9ffa32684baf021,CA,Highlands Community Charter and Technical Schools (5655 Hillsdale Blvd),Highlands Community Charter and Technical Schools (5655 Hillsdale Blvd),,Sacramento County,5,2026-06-03,2026-07-30,Layoff Permanent,2026-08-30T21:43:41.512264Z
e829127d1d179c31,CA,Highlands Community Charter and Technical Schools (3727 Marconi Ave),Highlands Community Charter and Technical Schools (3727 Marconi Ave),,Sacramento County,10,2026-06-03,2026-07-30,Layoff Permanent,2026-08-30T21:43:41.512264Z
d9794ae298cf8d2c,CA,"Off Duty Officers, Inc. (1196 3rd Ave.)","Off Duty Officers, Inc. (1196 3rd Ave.)",,San Diego County,1,2026-06-03,2026-07-30,Layoff Permanent,2026-08-30T21:43:41.512264Z
d46dd9f64ae047ba,CA,"Off Duty Officers, Inc. (8 Crestwood Rd.)","Off Duty Officers, Inc. (8 Crestwood Rd.)",,San Diego County,1,2026-06-03,2026-07-30,Layoff Permanent,2026-08-30T21:43:41.512264Z
cdcd94887d7edef4,CA,"Off Duty Officers, Inc. (151 Van Houten Ave.)","Off Duty Officers, Inc. (151 Van Houten Ave.)",,San Diego County,3,2026-06-03,2026-07-30,Layoff Permanent,2026-08-30T21:43:41.512264Z
ccc1db5297243ebd,CA,"Off Duty Officers, Inc. (3439 Via Montebello)","Off Duty Officers, Inc. (3439 Via Montebello)",,San Diego County,4,2026-06-03,2026-07-30,Layoff Permanent,2026-08-30T21:43:41.512264Z
c74872fc2629ee71,CA,"Off Duty Officers, Inc. (10615 Tierrasanta Blvd.)","Off Duty Officers, Inc. (10615 Tierrasanta Blvd.)",,San Diego County,2,2026-06-03,2026-07-30,Layoff Permanent,2026-08-30T21:43:41.512264Z
bd7b061718354978,CA,"Telecare Corporation - Brighter Tomorrow, Program 162 &quot;Casa B&quot;","Telecare Corporation - Brighter Tomorrow, Program 162 &quot;Casa B&quot;",,Ventura County,25,2026-06-03,2026-06-30,Closure Permanent,2026-08-30T21:43:41.512264Z
bb984dcedf0a8df0,CA,Highlands Community Charter and Technical Schools (901 Arden Way),Highlands Community Charter and Technical Schools (901 Arden Way),,Sacramento County,1,2026-06-03,2026-07-30,Layoff Permanent,2026-08-30T21:43:41.512264Z
bb152159cac0a8cd,CA,"Off Duty Officers, Inc. (262 North El Camino Real)","Off Duty Officers, Inc. (262 North El Camino Real)",,San Diego County,3,2026-06-03,2026-07-30,Layoff Permanent,2026-08-30T21:43:41.512264Z
b37494024594f606,CA,"Off Duty Officers, Inc. (105-133 North El Camino Real)","Off Duty Officers, Inc. (105-133 North El Camino Real)",,San Diego County,2,2026-06-03,2026-07-30,Layoff Permanent,2026-08-30T21:43:41.512264Z
a94980a9c1c5d4ae,CA,"Off Duty Officers, Inc. (8725 Ariva Ct.)","Off Duty Officers, Inc. (8725 Ariva Ct.)",,San Diego County,3,2026-06-03,2026-07-30,Layoff Permanent,2026-08-30T21:43:41.512264Z
a7386aa73df489bc,CA,Highlands Community Charter and Technical Schools (1111 Howe Ave),Highlands Community Charter and Technical Schools (1111 Howe Ave),,Sacramento County,43,2026-06-03,2026-07-30,Layoff Permanent,2026-08-30T21:43:41.512264Z
a5f606eb32d9a380,CA,Highlands Community Charter and Technical Schools (800 Todhunter Ave),Highlands Community Charter and Technical Schools (800 Todhunter Ave),,Sacramento County,5,2026-06-03,2026-07-30,Layoff Permanent,2026-08-30T21:43:41.512264Z
a2ee9d55f28c4278,CA,"Off Duty Officers, Inc. (4873 Lone Tree Way)","Off Duty Officers, Inc. (4873 Lone Tree Way)",,Contra Costa County,5,2026-06-03,2026-07-30,Layoff Permanent,2026-08-30T21:43:41.512264Z
99cc32c05977242b,CA,"Telecare Corporation - House of Transitions, Program 163 &quot;Casa C&quot;","Telecare Corporation - House of Transitions, Program 163 &quot;Casa C&quot;",,Ventura County,15,2026-06-03,2026-06-30,Closure Permanent,2026-08-30T21:43:41.512264Z
988c03d273abbf2f,CA,"Off Duty Officers, Inc. (13533 Seal Beach Blvd.)","Off Duty Officers, Inc. (13533 Seal Beach Blvd.)",,Orange County,8,2026-06-03,2026-07-30,Layoff Permanent,2026-08-30T21:43:41.512264Z
95f095f3d75771d7,CA,"Off Duty Officers, Inc. (1250 Delevan Dr.)","Off Duty Officers, Inc. (1250 Delevan Dr.)",,San Diego County,5,2026-06-03,2026-07-30,Layoff Permanent,2026-08-30T21:43:41.512264Z
95885cf4f896c9a4,CA,"Telecare Corproation - Stonehenge, Program 165 &quot;Casa E&quot;","Telecare Corproation - Stonehenge, Program 165 &quot;Casa E&quot;",,Ventura County,18,2026-06-03,2026-06-30,Closure Permanent,2026-08-30T21:43:41.512264Z
8f317387cc041868,CA,"Off Duty Officers, Inc. (1500-1552 Encinitas Blvd.)","Off Duty Officers, Inc. (1500-1552 Encinitas Blvd.)",,San Diego County,2,2026-06-03,2026-07-30,Layoff Permanent,2026-08-30T21:43:41.512264Z
7cc8c5eb79f563b4,CA,"Telecare Corporation - Recovery Starship, Program 164 &quot;Casa D&quot;","Telecare Corporation - Recovery Starship, Program 164 &quot;Casa D&quot;",,Ventura County,18,2026-06-03,2026-06-30,Closure Permanent,2026-08-30T21:43:41.512264Z
72a2a80656a8adf8,CA,Highlands Community Charter and Technical Schools (8180 Industrial Parkway),Highlands Community Charter and Technical Schools (8180 Industrial Parkway),,Sacramento County,1,2026-06-03,2026-07-30,Layoff Permanent,2026-08-30T21:43:41.512264Z
71d9c47ca4c0b137,CA,"Off Duty Officers, Inc. (12855 Black Mountain Rd.)","Off Duty Officers, Inc. (12855 Black Mountain Rd.)",,San Diego County,2,2026-06-03,2026-07-30,Layoff Permanent,2026-08-30T21:43:41.512264Z
628bec59bf84ac12,CA,"GXO Logistics Worldwide, LLC",GXO Logistics Worldwide,,San Bernardino County,31,2026-06-03,2026-08-02,Closure Permanent,2026-08-30T21:43:41.512264Z
5e75c5c65cad6707,CA,Highlands Community Charter and Technical Schools (3301 37th Ave),Highlands Community Charter and Technical Schools (3301 37th Ave),,Sacramento County,2,2026-06-03,2026-07-30,Layoff Permanent,2026-08-30T21:43:41.512264Z
594ac89e8aadd1c8,CA,"Off Duty Officers, Inc. (3333 National Ave.)","Off Duty Officers, Inc. (3333 National Ave.)",,San Diego County,2,2026-06-03,2026-07-30,Layoff Permanent,2026-08-30T21:43:41.512264Z
4de85e20a6159f9a,CA,Highlands Community Charter and Technical Schools (7817 Old Auburn Road),Highlands Community Charter and Technical Schools (7817 Old Auburn Road),,Sacramento County,1,2026-06-03,2026-07-30,Layoff Permanent,2026-08-30T21:43:41.512264Z
4056f1b106e531f2,CA,"Trifecta JLS, Inc./Plank","Trifecta JLS, Inc./Plank",,Alameda County,70,2026-06-03,2026-08-02,Closure Permanent,2026-08-30T21:43:41.512264Z
3b9e69c33f8d970c,CA,Highlands Community Charter and Technical Schools (5961 Franklin Blvd),Highlands Community Charter and Technical Schools (5961 Franklin Blvd),,Sacramento County,9,2026-06-03,2026-07-30,Layoff Permanent,2026-08-30T21:43:41.512264Z
35090231c930599f,CA,"Off Duty Officers, Inc. (375 M St.)","Off Duty Officers, Inc. (375 M St.)",,Del Norte County,1,2026-06-03,2026-07-30,Layoff Permanent,2026-08-30T21:43:41.512264Z
346d6822b0cec968,CA,"Off Duty Officers, Inc. (789 W Harbor Dr.)","Off Duty Officers, Inc. (789 W Harbor Dr.)",,San Diego County,5,2026-06-03,2026-07-30,Layoff Permanent,2026-08-30T21:43:41.512264Z
296ecbb7b92213b3,CA,"Off Duty Officers, Inc. (4058 Willows Rd.)","Off Duty Officers, Inc. (4058 Willows Rd.)",,San Diego County,1,2026-06-03,2026-07-30,Layoff Permanent,2026-08-30T21:43:41.512264Z
288adc1038d352f4,CA,Highlands Community Charter and Technical Schools (4541 College Oak Drive),Highlands Community Charter and Technical Schools (4541 College Oak Drive),,Sacramento County,1,2026-06-03,2026-07-30,Layoff Permanent,2026-08-30T21:43:41.512264Z
1995cbca8cb09cdf,CA,"Off Duty Officers, Inc. (1081-1139 South Mission Rd.)","Off Duty Officers, Inc. (1081-1139 South Mission Rd.)",,San Diego County,2,2026-06-03,2026-07-30,Layoff Permanent,2026-08-30T21:43:41.512264Z
18edb02cafbfc303,CA,"Off Duty Officers, Inc. (123 35th St.)","Off Duty Officers, Inc. (123 35th St.)",,San Diego County,2,2026-06-03,2026-07-30,Layoff Permanent,2026-08-30T21:43:41.512264Z
08a6e6a240703997,CA,"Off Duty Officers, Inc. (999 Woodlake Dr.)","Off Duty Officers, Inc. (999 Woodlake Dr.)",,San Diego County,1,2026-06-03,2026-07-30,Layoff Permanent,2026-08-30T21:43:41.512264Z
f45b5ee94fa62ce0,CA,"Optum Care, Inc.",Optum Care,,Los Angeles County,2,2026-06-02,2026-07-31,Layoff Permanent,2026-08-30T21:43:41.512264Z
90603699c07bc7d5,CA,"HealthCare Partners Group, P.C.",HealthCare Partners Group,,Los Angeles County,1,2026-06-02,2026-08-28,Layoff Permanent,2026-08-30T21:43:41.512264Z
4f025364a0c56e01,CA,"Optum Care, Inc.",Optum Care,,Ventura County,80,2026-06-02,2026-10-03,Layoff Permanent,2026-08-30T21:43:41.512264Z
d10c77f1ecfd17ba,CA,"Optum Care, Inc.",Optum Care,,Los Angeles County,1,2026-06-01,2026-07-31,Layoff Permanent,2026-08-30T21:43:41.512264Z
cc974caff2f99b4d,CA,"HealthCare Partners Medical Group, P.C.",HealthCare Partners Medical Group,,Los Angeles County,4,2026-06-01,2026-08-28,Layoff Permanent,2026-08-30T21:43:41.512264Z
adf147f9ce3a07c6,CA,"HealthCare Partners Medical Group, P.C.",HealthCare Partners Medical Group,,Los Angeles County,2,2026-06-01,2026-08-28,Layoff Permanent,2026-08-30T21:43:41.512264Z
aa77b23e8e6864c9,CA,"HealthCare Partners Medical Group, P.C.",HealthCare Partners Medical Group,,Los Angeles County,1,2026-06-01,2026-08-28,Layoff Permanent,2026-08-30T21:43:41.512264Z
5cc7c9871854e2a1,CA,IntelliPower Inc.,IntelliPower,,Orange County,40,2026-06-01,2026-07-31,Closure Permanent,2026-08-30T21:43:41.512264Z
48edb7a129f5ac12,CA,Acumen LLC & The SPHERE,Acumen LLC & The SPHERE,,San Mateo County,58,2026-06-01,2026-07-26,Layoff Permanent,2026-08-30T21:43:41.512264Z
1c38c4ba207a090b,CA,"Bylt, LLC",Bylt,,Orange County,67,2026-06-01,2026-07-31,Closure Permanent,2026-08-30T21:43:41.512264Z
027e48d01f3af03b,CA,Acumen LLC & The SPHERE,Acumen LLC & The SPHERE,,Los Angeles County,11,2026-06-01,2026-07-26,Layoff Permanent,2026-08-30T21:43:41.512264Z
f364275d0697d003,CA,"Sunrise Brands, Warehousing Facility LLC","Sunrise Brands, Warehousing Facility",,Kern County,83,2026-05-29,2026-07-31,Layoff Permanent,2026-08-30T21:43:41.512264Z
cd6e744d7dcf522f,CA,Centria Autism,Centria Autism,,Fresno County,48,2026-05-29,2026-07-31,Layoff Permanent,2026-08-30T21:43:41.512264Z
c7ffde941cb09d6b,CA,Blue Shield of California,Blue Shield of California,,Los Angeles County,24,2026-05-29,2026-07-28,Layoff Permanent,2026-08-30T21:43:41.512264Z
be0724890ebb9c5b,CA,Blue Shield of California (Building C),Blue Shield of California (Building C),,El Dorado County,4,2026-05-29,2026-07-28,Layoff Permanent,2026-08-30T21:43:41.512264Z
880066ab6b88c538,CA,Blue Shield of California,Blue Shield of California,,Alameda County,3,2026-05-29,2026-07-28,Layoff Permanent,2026-08-30T21:43:41.512264Z
7f37bda8cb6626ba,CA,Blue Shield of California (Building B),Blue Shield of California (Building B),,El Dorado County,5,2026-05-29,2026-07-28,Layoff Permanent,2026-08-30T21:43:41.512264Z
543cf7a49560e8fb,CA,Blue Shield of California,Blue Shield of California,,San Joaquin County,4,2026-05-29,2026-07-28,Layoff Permanent,2026-08-30T21:43:41.512264Z
348506b9d902f03e,CA,Blue Shield of California,Blue Shield of California,,San Diego County,8,2026-05-29,2026-07-28,Layoff Permanent,2026-08-30T21:43:41.512264Z
30e6456d5707be22,CA,Blue Shield of California,Blue Shield of California,,Los Angeles County,9,2026-05-29,2026-07-28,Layoff Permanent,2026-08-30T21:43:41.512264Z
1ab79863f1a60d08,CA,"NYDJ Apparel, LLC",NYDJ Apparel,,Kern County,2,2026-05-29,2026-07-31,Layoff Permanent,2026-08-30T21:43:41.512264Z
19f32a8ad7fc97d7,CA,Blue Shield of California,Blue Shield of California,,Shasta County,12,2026-05-29,2026-07-28,Layoff Permanent,2026-08-30T21:43:41.512264Z
0c63185973d7f04d,CA,"Tricor Industrial, Inc DBA Astrolite Alloys",Tricor Industrial,Astrolite Alloys,Ventura County,6,2026-05-29,2026-07-31,Closure Permanent,2026-08-30T21:43:41.512264Z
d44b437549bcfc03,CA,"CHW Entertainment, Inc. dba The Shout! House and Garage",CHW Entertainment,The Shout! House and Garage,San Diego County,77,2026-05-28,2026-08-03,Layoff Permanent,2026-08-30T21:43:41.512264Z
e8bb2f2569130734,CA,"Transdev Services, Inc.",Transdev Services,,Yolo County,84,2026-05-27,2026-07-31,Closure Permanent,2026-08-30T21:43:41.512264Z
e2940ef03879e5fa,CA,KBR Services LLC,KBR Services,,San Bernardino County,650,2026-05-27,2026-08-01,Layoff Temporary,2026-08-30T21:43:41.512264Z
d9f89aed8ea63553,CA,"Meta Platforms, Inc.",Meta Platforms,,San Mateo County,2212,2026-05-26,2026-07-22,Layoff Permanent,2026-08-30T21:43:41.512264Z
8d180792dcc70471,CA,"Meta Platforms, Inc.",Meta Platforms,,Santa Clara County,313,2026-05-26,2026-07-22,Layoff Permanent,2026-08-30T21:43:41.512264Z
61e53b03df1c9d2c,CA,"Meta Platforms, Inc.",Meta Platforms,,Los Angeles County,74,2026-05-26,2026-07-22,Layoff Permanent,2026-08-30T21:43:41.512264Z
fef74d0d1aa5338b,CA,"Meta Platforms, Inc.",Meta Platforms,,Alameda County,81,2026-05-22,2026-07-22,Layoff Permanent,2026-08-30T21:43:41.512264Z
d43515e35c6ac30c,CA,"Meta Platforms, Inc.",Meta Platforms,,San Francisco County,252,2026-05-22,2026-07-22,Layoff Permanent,2026-08-30T21:43:41.512264Z
966b84335957d86c,CA,"Meta Platforms, Inc.",Meta Platforms,,San Mateo County,338,2026-05-22,2026-07-22,Layoff Permanent,2026-08-30T21:43:41.512264Z
dfcc031a7d5cd365,CA,"National Distribution Centers, LLC (19688 Van Ness Ave)","National Distribution Centers, LLC (19688 Van Ness Ave)",,Los Angeles County,1,2026-05-21,2026-07-17,Closure Permanent,2026-08-30T21:43:41.512264Z
bbb231a46294b9fb,CA,"NetApp, Inc.",NetApp,,Santa Clara County,77,2026-05-21,2026-07-18,Layoff Permanent,2026-08-30T21:43:41.512264Z
76b3b7476885cca0,CA,Intuit Inc.,Intuit,,San Francisco County,50,2026-05-21,2026-07-31,Layoff Permanent,2026-08-30T21:43:41.512264Z
52f15887ff237bd5,CA,Intuit Inc.,Intuit,,San Diego County,277,2026-05-21,2026-07-31,Layoff Permanent,2026-08-30T21:43:41.512264Z
4f6cd194e1f388fb,CA,Intuit Inc.,Intuit,,Los Angeles County,90,2026-05-21,2026-07-31,Layoff Permanent,2026-08-30T21:43:41.512264Z
30c33b4b71603a8b,CA,"National Distribution Centers, LLC (19788 Van Ness Ave)","National Distribution Centers, LLC (19788 Van Ness Ave)",,Los Angeles County,89,2026-05-21,2026-07-17,Closure Permanent,2026-08-30T21:43:41.512264Z
fba040fa6461bc71,CA,Alliance (Gertz-Ressler),Alliance (Gertz-Ressler),,Los Angeles County,1,2026-05-20,2026-06-30,Layoff Permanent,2026-08-30T21:43:41.512264Z
ef6defb66dede7cf,CA,"Flagship Facilities Services, LLC",Flagship Facilities Services,,San Francisco County,178,2026-05-20,2026-07-19,Layoff Permanent,2026-08-30T21:43:41.512264Z
ec907b7fe0b53ef8,CA,Alliance (Piera Barbaglia Shaheen Health),Alliance (Piera Barbaglia Shaheen Health),,Los Angeles County,4,2026-05-20,2026-06-30,Layoff Permanent,2026-08-30T21:43:41.512264Z
d557074ad85c5a5f,CA,Alliance (Ouchi-O Donovan),Alliance (Ouchi-O Donovan),,Los Angeles County,2,2026-05-20,2026-06-30,Layoff Permanent,2026-08-30T21:43:41.512264Z
d4abd06d6e5707ab,CA,Alliance (Patti & Peter Neuwirth),Alliance (Patti & Peter Neuwirth),,Los Angeles County,2,2026-05-20,2026-06-30,Layoff Permanent,2026-08-30T21:43:41.512264Z
d052180922814b74,CA,Alliance (College-Ready Public Schools),Alliance (College-Ready Public Schools),,Los Angeles County,5,2026-05-20,2026-06-30,Layoff Permanent,2026-08-30T21:43:41.512264Z
cf1487fdb57852f3,CA,Alliance (Marine - Innovation),Alliance (Marine - Innovation),,Los Angeles County,6,2026-05-20,2026-06-30,Layoff Permanent,2026-08-30T21:43:41.512264Z
c7579701a825b62a,CA,Alliance (Margaret M. Bloomfield),Alliance (Margaret M. Bloomfield),,Los Angeles County,1,2026-05-20,2026-06-30,Layoff Permanent,2026-08-30T21:43:41.512264Z
ab26df5001b47d5f,CA,Alliance (Ted K. Tajima),Alliance (Ted K. Tajima),,Los Angeles County,3,2026-05-20,2026-06-30,Layoff Permanent,2026-08-30T21:43:41.512264Z
a8224fc090b0d8e2,CA,Alliance (College-Ready Middle),Alliance (College-Ready Middle),,Los Angeles County,2,2026-05-20,2026-06-30,Layoff Permanent,2026-08-30T21:43:41.512264Z
9f4407c2d3a8d90c,CA,Alliance (Kory Hunter),Alliance (Kory Hunter),,Los Angeles County,2,2026-05-20,2026-06-30,Layoff Permanent,2026-08-30T21:43:41.512264Z
859e9e7cbfdecb82,CA,Alliance (Leichtman-Levine Family),Alliance (Leichtman-Levine Family),,Los Angeles County,12,2026-05-20,2026-06-30,Layoff Permanent,2026-08-30T21:43:41.512264Z
852d59ca3bd00c18,CA,"Credit Karma, LLC",Credit Karma,,Alameda County,117,2026-05-20,2026-07-31,Layoff Permanent,2026-08-30T21:43:41.512264Z
7c62e7434421b434,CA,Alliance (Susan and Eric Smidt),Alliance (Susan and Eric Smidt),,Los Angeles County,4,2026-05-20,2026-06-30,Layoff Permanent,2026-08-30T21:43:41.512264Z
7abe2992e8789617,CA,Alliance (Virgil Roberts),Alliance (Virgil Roberts),,Los Angeles County,1,2026-05-20,2026-06-30,Layoff Permanent,2026-08-30T21:43:41.512264Z
6fc219092f7d5f23,CA,Intuit Inc.,Intuit,,Santa Clara County,493,2026-05-20,2026-07-31,Layoff Permanent,2026-08-30T21:43:41.512264Z
453cbed5dadbf443,CA,Alliance (Collins Family College),Alliance (Collins Family College),,Los Angeles County,2,2026-05-20,2026-06-30,Layoff Permanent,2026-08-30T21:43:41.512264Z
26c3c02c7cc60ba6,CA,Alliance (Jack H. Skirball),Alliance (Jack H. Skirball),,Los Angeles County,4,2026-05-20,2026-06-30,Layoff Permanent,2026-08-30T21:43:41.512264Z
1e06f90de55201aa,CA,Alliance (Cindy & Bill Simon),Alliance (Cindy & Bill Simon),,Los Angeles County,5,2026-05-20,2026-06-30,Layoff Permanent,2026-08-30T21:43:41.512264Z
11cbb18cbac99333,CA,Alliance (Dr. Olga Mohan),Alliance (Dr. Olga Mohan),,Los Angeles County,6,2026-05-20,2026-06-30,Layoff Permanent,2026-08-30T21:43:41.512264Z
b4acf99aee509a19,CA,"Bayless Manufacturing, LLC",Bayless Manufacturing,,Los Angeles County,3,2026-05-19,2026-07-15,Layoff Permanent,2026-08-30T21:43:41.512264Z
b1a8643694140290,CA,"ACT Lighting, Inc.",ACT Lighting,,Los Angeles County,9,2026-05-19,2026-07-31,Closure Permanent,2026-08-30T21:43:41.512264Z
a5784403ccbab901,CA,"Bayless Manufacturing, LLC",Bayless Manufacturing,,Los Angeles County,16,2026-05-19,2026-07-15,Layoff Permanent,2026-08-30T21:43:41.512264Z
92dfb1e1bde0f38e,CA,AbbVie Inc.,AbbVie,,Orange County,85,2026-05-19,2026-07-20,Layoff Permanent,2026-08-30T21:43:41.512264Z
887dc30d0281df86,CA,TeamOne,TeamOne,,Riverside County,725,2026-05-19,2026-06-13,Layoff Permanent,2026-08-30T21:43:41.512264Z
57cf38e41002f82c,CA,"Bayless Manufacturing, LLC",Bayless Manufacturing,,Los Angeles County,43,2026-05-19,2026-07-15,Layoff Permanent,2026-08-30T21:43:41.512264Z
433dd14d41f2a721,CA,Canteen Vending Services,Canteen Vending Services,,Alameda County,110,2026-05-19,2026-07-19,Layoff Permanent,2026-08-30T21:43:41.512264Z
f550616491bde1cc,CA,"NBC Manteca Merchants, Inc.",NBC Manteca Merchants,,San Joaquin County,68,2026-05-18,2026-07-17,Closure Permanent,2026-08-30T21:43:41.512264Z
cac60e5e2267a75f,CA,"Eclipse Advantage, LLC",Eclipse Advantage,,Los Angeles County,6,2026-05-18,2026-07-17,Closure Permanent,2026-08-30T21:43:41.512264Z
f63a752553248e4d,CA,City National Bank,City National Bank,,Los Angeles County,2,2026-05-15,2026-06-26,Layoff Permanent,2026-08-30T21:43:41.512264Z
e3185d4d93b21bf9,CA,LinkedIn Corporation,LinkedIn,,Santa Clara County,352,2026-05-15,2026-07-13,Layoff Permanent,2026-08-30T21:43:41.512264Z
c33d5d1ea952ca39,CA,LinkedIn Corporation,LinkedIn,,Santa Barbara County,21,2026-05-15,2026-07-13,Layoff Permanent,2026-08-30T21:43:41.512264Z
86a584acd198c743,CA,City National Bank - Flower Street,City National Bank - Flower Street,,Los Angeles County,1,2026-05-15,2026-06-26,Layoff Permanent,2026-08-30T21:43:41.512264Z
7c1f23e5a6c4d6f9,CA,LinkedIn Corporation,LinkedIn,,San Francisco County,108,2026-05-15,2026-07-13,Layoff Permanent,2026-08-30T21:43:41.512264Z
65787869760bf788,CA,Blue Diamond Growers,Blue Diamond Growers,,Sacramento County,7,2026-05-15,2026-07-17,Closure Permanent,2026-08-30T21:43:41.512264Z
24a79e25ba5248e4,CA,LinkedIn Corporation (Home Office),LinkedIn Corporation (Home Office),,Santa Clara County,66,2026-05-15,2026-07-13,Layoff Permanent,2026-08-30T21:43:41.512264Z
0a04398d713e3f31,CA,LinkedIn Corporation,LinkedIn,,Santa Clara County,59,2026-05-15,2026-07-13,Layoff Permanent,2026-08-30T21:43:41.512264Z
fcfbd61f628657f5,CA,Boys and Girls Club of the LA Harbor - Fries Ave Elementary,Boys and Girls Club of the LA Harbor - Fries Ave Elementary,,Los Angeles County,4,2026-05-14,2026-06-10,Layoff Temporary,2026-08-30T21:43:41.512264Z
fc3a61804ff0d58c,CA,Boys & Girls Club at the LA Harbor - Narbonne High School,Boys & Girls Club at the LA Harbor - Narbonne High School,,Los Angeles County,2,2026-05-14,2026-06-10,Layoff Temporary,2026-08-30T21:43:41.512264Z
e8f805f66b69a908,CA,Boys & Girls Club of LA Harbor - Wilmington Park ES,Boys & Girls Club of LA Harbor - Wilmington Park ES,,Los Angeles County,3,2026-05-14,2026-06-10,Layoff Temporary,2026-08-30T21:43:41.512264Z
e05fbbaef1e80e2e,CA,Boys & Girls Club of the LA Harbor - Taper Ave. Elementary,Boys & Girls Club of the LA Harbor - Taper Ave. Elementary,,Los Angeles County,8,2026-05-14,2026-06-10,Layoff Temporary,2026-08-30T21:43:41.512264Z
bf93078adaae0fca,CA,Boys & Girls Club of the LA Harbor - Fleming Middle School,Boys & Girls Club of the LA Harbor - Fleming Middle School,,Los Angeles County,7,2026-05-14,2026-06-10,Layoff Temporary,2026-08-30T21:43:41.512264Z
aa02ee51dc725ff2,CA,Stepping Stone,Stepping Stone,,Los Angeles County,8,2026-05-14,2026-06-30,Closure Permanent,2026-08-30T21:43:41.512264Z
a7b8e7e86d2a8e7f,CA,Boys & Girls Club of LA Harbor - Harry Bridges Span School,Boys & Girls Club of LA Harbor - Harry Bridges Span School,,Los Angeles County,3,2026-05-14,2026-06-10,Layoff Temporary,2026-08-30T21:43:41.512264Z
a56d6e507ec58352,CA,Boys & Girls Club of the LA Harbor - Gulf Ave Elementary,Boys & Girls Club of the LA Harbor - Gulf Ave Elementary,,Los Angeles County,1,2026-05-14,2026-06-10,Layoff Temporary,2026-08-30T21:43:41.512264Z
92023ff9a7977883,CA,Boys & Girls Club of the LA Harbor - Environmental Charter MS,Boys & Girls Club of the LA Harbor - Environmental Charter MS,,Los Angeles County,4,2026-05-14,2026-06-10,Layoff Temporary,2026-08-30T21:43:41.512264Z
8e037047adfde822,CA,Boy& Girls Club of the LA Harbor - White Point Elementary,Boy& Girls Club of the LA Harbor - White Point Elementary,,Los Angeles County,5,2026-05-14,2026-06-10,Layoff Temporary,2026-08-30T21:43:41.512264Z
883174f9347d597d,CA,Boys & Girls Club of the La Harbor - Cheryl Green/Torrance Club,Boys & Girls Club of the La Harbor - Cheryl Green/Torrance Club,,Los Angeles County,1,2026-05-14,2026-06-10,Layoff Temporary,2026-08-30T21:43:41.512264Z
864441089e52bff4,CA,Boys & Girls Club of the LA Harbor - Banning High,Boys & Girls Club of the LA Harbor - Banning High,,Los Angeles County,5,2026-05-14,2026-06-10,Layoff Temporary,2026-08-30T21:43:41.512264Z
72a51dd3b49681ab,CA,Boys & Girls Club of the LA Harbor - Dana Middle School,Boys & Girls Club of the LA Harbor - Dana Middle School,,Los Angeles County,3,2026-05-14,2026-06-10,Layoff Temporary,2026-08-30T21:43:41.512264Z
6be275b86c9c8394,CA,Durham School Services,Durham School Services,,Los Angeles County,51,2026-05-14,2026-07-31,Layoff Permanent,2026-08-30T21:43:41.512264Z
6b13065c1bb7fa9b,CA,Boys & Girls Club of the LA Harbor - South Shores Elementary,Boys & Girls Club of the LA Harbor - South Shores Elementary,,Los Angeles County,3,2026-05-14,2026-06-10,Layoff Temporary,2026-08-30T21:43:41.512264Z
6648c7073fb99e66,CA,Boys & Girls Club of the LA Harbor - Harbor Teacher Prep Academy,Boys & Girls Club of the LA Harbor - Harbor Teacher Prep Academy,,Los Angeles County,7,2026-05-14,2026-06-10,Layoff Temporary,2026-08-30T21:43:41.512264Z
64937ed00a494dbd,CA,Boys & Girls Club of the LA Harbor - Park Western Elementary,Boys & Girls Club of the LA Harbor - Park Western Elementary,,Los Angeles County,8,2026-05-14,2026-06-10,Layoff Temporary,2026-08-30T21:43:41.512264Z
5d132190aeafc350,CA,Carnegie Science Institution of Washington,Carnegie Science Institution of Washington,,Santa Clara County,27,2026-05-14,2026-06-30,Closure Permanent,2026-08-30T21:43:41.512264Z
535e9db771b14df1,CA,Boys & Girls Club of the LA Harbor - Barton Hill Elementary,Boys & Girls Club of the LA Harbor - Barton Hill Elementary,,Los Angeles County,3,2026-05-14,2026-06-10,Layoff Temporary,2026-08-30T21:43:41.512264Z
31bfd561481e5d2a,CA,Boys & Girls Club of LA Harbor - Point Fermin Elementary,Boys & Girls Club of LA Harbor - Point Fermin Elementary,,Los Angeles County,5,2026-05-14,2026-06-10,Layoff Temporary,2026-08-30T21:43:41.512264Z
15f7f49d518cd6d0,CA,Boys &Girls Club of the La Harbor - Harbor City Elementary School,Boys &Girls Club of the La Harbor - Harbor City Elementary School,,Los Angeles County,10,2026-05-14,2026-06-10,Layoff Temporary,2026-08-30T21:43:41.512264Z
105a294e4c073ab2,CA,Boys & Girls Club of the LA Harbor - Wilmington Club,Boys & Girls Club of the LA Harbor - Wilmington Club,,Los Angeles County,3,2026-05-14,2026-06-10,Layoff Temporary,2026-08-30T21:43:41.512264Z
89cdf54e374b6350,CA,Liberty Healthcare Corporation,Liberty Healthcare,,San Bernardino County,113,2026-05-13,2026-07-08,Layoff Permanent,2026-08-30T21:43:41.512264Z
5e4d79eba7a0fb22,CA,PET CLUB,Pet Club,,Placer County,6,2026-05-13,2026-07-18,Closure Permanent,2026-08-30T21:43:41.512264Z
eb2b3830b9350bcc,CA,"National Distribution Centers, LLC",National Distribution Centers,,Los Angeles County,50,2026-05-12,2026-07-05,Closure Permanent,2026-08-30T21:43:41.512264Z
da3efcc79bdd6ef8,CA,"Kidango, Inc. - Castlemont Center","Kidango, Inc. - Castlemont Center",,Alameda County,2,2026-05-12,2026-07-01,Layoff Permanent,2026-08-30T21:43:41.512264Z
81a1b9e859218843,CA,Alain LeRoyLocke College Preparatory Academy (Green Dot Public Schools),Alain LeRoyLocke College Preparatory Academy (Green Dot Public Schools),,Los Angeles County,113,2026-05-12,2026-06-30,Closure Permanent,2026-08-30T21:43:41.512264Z
788a2bcf5475bbd6,CA,"Kidango, Inc. - CCELC Center","Kidango, Inc. - CCELC Center",,Santa Clara County,6,2026-05-12,2026-07-01,Layoff Permanent,2026-08-30T21:43:41.512264Z
4e8a13c6896f9d66,CA,"Kidango, Inc. - Peixoto Center","Kidango, Inc. - Peixoto Center",,Alameda County,6,2026-05-12,2026-07-01,Layoff Permanent,2026-08-30T21:43:41.512264Z
2d7c72cc63a8cf65,CA,"Kidango, Inc. - Skyway Office","Kidango, Inc. - Skyway Office",,Alameda County,59,2026-05-12,2026-07-01,Layoff Permanent,2026-08-30T21:43:41.512264Z
9d100004b09bab2c,CA,The People Concern - Nest 2,People Concern - Nest 2,,Los Angeles County,15,2026-05-11,2026-06-30,Layoff Permanent,2026-08-30T21:43:41.512264Z
937025064ddd7d57,CA,The People Concern - 316 W,People Concern - 316 W,,Los Angeles County,5,2026-05-11,2026-06-30,Layoff Permanent,2026-08-30T21:43:41.512264Z
40c8a0988d55b4a0,CA,The People Concern - Admin,People Concern - Admin,,Los Angeles County,3,2026-05-11,2026-06-30,Layoff Permanent,2026-08-30T21:43:41.512264Z
4020b3d6686564fc,CA,Transdev,Transdev,,Tulare County,126,2026-05-11,2026-06-30,Closure Permanent,2026-08-30T21:43:41.512264Z
16e2a277cb1cabb8,CA,The People Concern - Arlington HQ,People Concern - Arlington HQ,,Los Angeles County,5,2026-05-11,2026-06-30,Layoff Permanent,2026-08-30T21:43:41.512264Z
05c450a1ea7da8d2,CA,The People Concern - Cloverfield,People Concern - Cloverfield,,Los Angeles County,20,2026-05-11,2026-06-30,Layoff Permanent,2026-08-30T21:43:41.512264Z
77030ad3f9b98cb5,CA,"Mercedes-Benz Research & Development North America, Inc.",Mercedes-Benz Research & Development North America,,Los Angeles County,72,2026-05-08,2026-07-06,Closure Permanent,2026-08-30T21:43:41.512264Z
3ecb33a51de4505e,CA,"Reyes Coca-Cola Bottling, L.L.C.",Reyes Coca-Cola Bottling,,Ventura County,85,2026-05-08,2026-07-10,Closure Permanent,2026-08-30T21:43:41.512264Z
242a48c6d2200840,CA,"Cloudflare, Inc.",Cloudflare,,San Francisco County,224,2026-05-08,2026-05-15,Layoff Permanent,2026-08-30T21:43:41.512264Z
b5b24aa293b8d303,CA,GladUDid LLC (Chick-fil-A),GladUDid LLC (Chick-fil-A),,San Bernardino County,98,2026-05-07,2026-07-11,Closure Temporary,2026-08-30T21:43:41.512264Z
36bb3f114b3c465f,CA,"Fresh Venture Foods, LLC",Fresh Venture Foods,,Santa Barbara County,185,2026-05-07,2026-07-10,Closure Permanent,2026-08-30T21:43:41.512264Z
0efcd36376c04929,CA,"Streamland Media Midco, LLC",Streamland Media Midco,,Los Angeles County,71,2026-05-07,2026-07-06,Closure Permanent,2026-08-30T21:43:41.512264Z
4a9d787f0dee3dda,CA,"FM Restaurants HQ, LLC",FM Restaurants HQ,,Orange County,56,2026-05-06,2026-06-10,Closure Permanent,2026-08-30T21:43:41.512264Z
184f6aa0c6fb9dc6,CA,"Eclipse Advantage, LLC",Eclipse Advantage,,San Bernardino County,10,2026-05-06,2026-05-30,Closure Permanent,2026-08-30T21:43:41.512264Z
077c0449f99f4479,CA,Geodis,Geodis,,San Bernardino County,238,2026-05-05,2026-07-03,Layoff Permanent,2026-08-30T21:43:41.512264Z
499c464085e0bf85,CA,Zenlen Inc. (Native),Zenlen Inc. (Native),,San Francisco County,53,2026-05-04,2026-09-01,Closure Permanent,2026-08-30T21:43:41.512264Z
42c8fbd780ad2d8e,CA,Five Guys Operations - Store No. 1323,Five Guys Operations - Store No. 1323,,Los Angeles County,13,2026-05-04,2026-05-25,Closure Permanent,2026-08-30T21:43:41.512264Z
0a56e89f7032231b,CA,Five Guys Operations - Store No. 1795,Five Guys Operations - Store No. 1795,,Kings County,14,2026-05-04,2026-07-02,Closure Permanent,2026-08-30T21:43:41.512264Z
ef7750122b8ac912,CA,Quixote Studio Services - Sylmar South,Quixote Studio Services - Sylmar South,,Los Angeles County,3,2026-05-01,2026-06-29,Layoff Permanent,2026-08-30T21:43:41.512264Z
c68bf4d78d552377,CA,Quixote Studio Services - West Hollywood,Quixote Studio Services - West Hollywood,,Los Angeles County,10,2026-05-01,2026-06-29,Layoff Permanent,2026-08-30T21:43:41.512264Z
b4bfd9304a1fbdbd,CA,Quixote Studio Services - Griffith Park,Quixote Studio Services - Griffith Park,,Los Angeles County,2,2026-05-01,2026-06-29,Layoff Permanent,2026-08-30T21:43:41.512264Z
9b4dc366dbaa04aa,CA,Children's Institute Inc.,Children's Institute,,Los Angeles County,47,2026-05-01,2026-06-30,Layoff Permanent,2026-08-30T21:43:41.512264Z
83614dcfae3f713f,CA,Quixote Studio Services - North Valley Campus A,Quixote Studio Services - North Valley Campus A,,Los Angeles County,9,2026-05-01,2026-06-29,Layoff Permanent,2026-08-30T21:43:41.512264Z
6d609c8dce177e44,CA,Quixote Studio Services - Sun valley,Quixote Studio Services - Sun valley,,Los Angeles County,4,2026-05-01,2026-06-29,Layoff Permanent,2026-08-30T21:43:41.512264Z
561b513a7017f7e8,CA,Brite Horizons Nonpublic School (Abrite),Brite Horizons Nonpublic School (Abrite),,Santa Cruz County,59,2026-05-01,2026-06-30,Closure Permanent,2026-08-30T21:43:41.512264Z
502f42856f3b87f7,CA,First Student,First Student,,Fresno County,170,2026-05-01,2026-07-01,Layoff Permanent,2026-08-30T21:43:41.512264Z
4ca6e9d13ff26c5f,CA,Quixote Studio Services - Sylmar North,Quixote Studio Services - Sylmar North,,Los Angeles County,17,2026-05-01,2026-06-29,Layoff Permanent,2026-08-30T21:43:41.512264Z
430e254d176aba78,CA,Quixote Studio Services - North Valley,Quixote Studio Services - North Valley,,Los Angeles County,7,2026-05-01,2026-06-29,Layoff Permanent,2026-08-30T21:43:41.512264Z
25b610b65803df6d,CA,"Gilead Sciences, Inc.",Gilead Sciences,,San Mateo County,108,2026-05-01,2026-06-30,Layoff Permanent,2026-08-30T21:43:41.512264Z
095b929aa4a8a8f8,CA,"Skyline Avatar House, LP",Skyline Avatar House,,Santa Clara County,49,2026-05-01,2026-06-30,Layoff Permanent,2026-08-30T21:43:41.512264Z
fda05ff06d4190b9,CA,Manteca District Ambulance Service - Hwy 49,Manteca District Ambulance Service - Hwy 49,,Tuolumne County,6,2026-04-30,2026-06-30,Layoff Permanent,2026-08-30T21:43:41.512264Z
ed0fc182d01cbddf,CA,Manteca District Ambulance Service - Powder House,Manteca District Ambulance Service - Powder House,,Tuolumne County,6,2026-04-30,2026-06-30,Layoff Permanent,2026-08-30T21:43:41.512264Z
cde9be6062505d4b,CA,Manteca District Ambulance Service - Jamestown,Manteca District Ambulance Service - Jamestown,,Tuolumne County,6,2026-04-30,2026-06-30,Layoff Permanent,2026-08-30T21:43:41.512264Z
cd3386f5e4035058,CA,Manteca District Ambulance Service - Striker Court,Manteca District Ambulance Service - Striker Court,,Tuolumne County,18,2026-04-30,2026-06-30,Layoff Permanent,2026-08-30T21:43:41.512264Z
cc5542fcf778a89b,CA,Manteca District Ambulance Service,Manteca District Ambulance Service,,Tuolumne County,6,2026-04-30,2026-06-30,Layoff Permanent,2026-08-30T21:43:41.512264Z
bfee876d1ca0f374,CA,California Academy of Sciences,California Academy of Sciences,,San Francisco County,53,2026-04-30,2026-06-29,Layoff Permanent,2026-08-30T21:43:41.512264Z
7d2f12bd3c9358d4,CA,Five Guys Operations,Five Guys Operations,,Los Angeles County,15,2026-04-30,2026-05-26,Closure Permanent,2026-08-30T21:43:41.512264Z
4f5490f60696d048,CA,Altura Management Services,Altura Management Services,,Los Angeles County,113,2026-04-30,2026-06-30,Layoff Permanent,2026-08-30T21:43:41.512264Z
129b888b786aa58a,CA,"C&K Market, Inc.",C&K Market,,Lake County,32,2026-04-30,2026-06-30,Closure Permanent,2026-08-30T21:43:41.512264Z
08e9a0ba7f165255,CA,Propark Mobility,Propark Mobility,,Riverside County,123,2026-04-30,2026-06-30,Layoff Permanent,2026-08-30T21:43:41.512264Z
ddb23a215c06b02e,CA,The Primary School (750 Fargo Ave),Primary School (750 Fargo Ave),,Alameda County,25,2026-04-29,2026-06-30,Closure Permanent,2026-08-30T21:43:41.512264Z
cf8ed7e1c8fb1f81,CA,The Primary School (2086 Clarke Ave),Primary School (2086 Clarke Ave),,San Mateo County,100,2026-04-29,2026-06-30,Closure Permanent,2026-08-30T21:43:41.512264Z
c9b69f6e0e0526cc,CA,"Raytheon, An RTX Business","Raytheon, An RTX Business",,Los Angeles County,1,2026-04-29,2026-07-03,Layoff Permanent,2026-08-30T21:43:41.512264Z
53dcc1ca9a708188,CA,Dudek,Dudek,,Butte County,36,2026-04-29,2026-06-29,Closure Permanent,2026-08-30T21:43:41.512264Z
0cc17673b538d74a,CA,The Primary School (1765 East Bayshore Rd. Ste. 111),Primary School (1765 East Bayshore Rd. Ste. 111),,San Mateo County,22,2026-04-29,2026-06-30,Closure Permanent,2026-08-30T21:43:41.512264Z
f9203a54d2239f84,CA,"Satco, Inc.",Satco,,Los Angeles County,34,2026-04-28,2026-06-10,Closure Permanent,2026-08-30T21:43:41.512264Z
f7730ae7272dc225,CA,"First Transit, Inc.",First Transit,,Contra Costa County,194,2026-04-28,2026-06-30,Closure Permanent,2026-08-30T21:43:41.512264Z
6e5d199eabae9882,CA,"Five Guys Operations, LLC",Five Guys Operations,,Merced County,13,2026-04-28,2026-06-26,Closure Permanent,2026-08-30T21:43:41.512264Z
fd3ab7805ed56854,CA,"FM Restaurants HQ, LLC",FM Restaurants HQ,,Orange County,43,2026-04-27,2026-04-30,Closure Permanent,2026-08-30T21:43:41.512264Z
e94f0a04aa117501,CA,"Lodging Dynamics Hospitality Group, LLC",Lodging Dynamics Hospitality Group,,Santa Clara County,42,2026-04-27,2026-06-27,Layoff Permanent,2026-08-30T21:43:41.512264Z
9e8486a0afc94936,CA,"FreshRealm, Inc.",FreshRealm,,San Joaquin County,228,2026-04-27,2026-06-27,Closure Permanent,2026-08-30T21:43:41.512264Z
5f084172311b6865,CA,Black Tiger Medical Transportation,Black Tiger Medical Transportation,,San Diego County,82,2026-04-27,2026-06-28,Layoff Permanent,2026-08-30T21:43:41.512264Z
5b866cb96c5459d8,CA,"Aramark Campus, LLC",Aramark Campus,,Kern County,49,2026-04-27,2026-06-11,Layoff Permanent,2026-08-30T21:43:41.512264Z
4b190cc1e1b7e674,CA,Veritiv Visual,Veritiv Visual,,Orange County,46,2026-04-27,2026-06-24,Closure Permanent,2026-08-30T21:43:41.512264Z
0c0b3161aa7756fa,CA,Apple Inc.,Apple,,San Diego County,57,2026-04-27,2026-06-24,Closure Permanent,2026-08-30T21:43:41.512264Z
f953dfe75b14e62d,CA,Blue Diamond Growers,Blue Diamond Growers,,Sacramento County,3,2026-04-24,2026-06-26,Closure Permanent,2026-08-30T21:43:41.512264Z
6035153d0d8761a8,CA,"Constellation Brands, Inc.",Constellation Brands,,Sonoma County,7,2026-04-24,2026-06-25,Closure Permanent,2026-08-30T21:43:41.512264Z
db94da93ad9c4cb8,CA,Epic Games Inc. (Remote Employees in El Segundo),Epic Games Inc. (Remote Employees in El Segundo),,San Diego County,2,2026-04-23,2026-03-27,Layoff Permanent,2026-08-30T21:43:41.512264Z
bf6d034ee501d4f5,CA,Epic Games Inc.,Epic Games,,Marin County,16,2026-04-23,2026-03-27,Layoff Permanent,2026-08-30T21:43:41.512264Z
909cf57eb5d307d1,CA,Epic Games Inc.,Epic Games,,San Diego County,28,2026-04-23,2026-03-27,Layoff Permanent,2026-08-30T21:43:41.512264Z
860e9f89c4bbe3fe,CA,Epic Games Inc. (Remote Employees in Los Angeles),Epic Games Inc. (Remote Employees in Los Angeles),,San Diego County,61,2026-04-23,2026-03-27,Layoff Permanent,2026-08-30T21:43:41.512264Z
47c8af72699d95c2,CA,Epic Games Inc. (Remote Employees in San Francisco),Epic Games Inc. (Remote Employees in San Francisco),,San Diego County,28,2026-04-23,2026-03-27,Layoff Permanent,2026-08-30T21:43:41.512264Z
ea5184279c200cac,CA,Paramount Skydance Corporation,Paramount Skydance,,Los Angeles County,2,2026-04-22,2026-01-02,Layoff Permanent,2026-08-30T21:43:41.512264Z
dccdac415ea0d0b8,CA,ODS Technologies LP and Betfair Interactive US LLC,ODS Technologies LP and Betfair Interactive US,,Los Angeles County,174,2026-04-22,2026-06-30,Layoff Permanent,2026-08-30T21:43:41.512264Z
cd662ae509bb771e,CA,Freudenberg Medical LLC,Freudenberg Medical,,Santa Barbara County,80,2026-04-22,2026-06-24,Layoff Permanent,2026-08-30T21:43:41.512264Z
c559f6f7252622d1,CA,Joe's Crab Shack,Joe's Crab Shack,,Orange County,44,2026-04-22,2026-06-21,Closure Permanent,2026-08-30T21:43:41.512264Z
b83cf4c5bae9ce4f,CA,Next Stop Logistics Inc.,Next Stop Logistics,,Los Angeles County,80,2026-04-22,2026-04-16,Closure Permanent,2026-08-30T21:43:41.512264Z
58d8ed900934afc7,CA,Paramount Skydance Corporation - 1575 N. Gower,Paramount Skydance Corporation - 1575 N. Gower,,Los Angeles County,5,2026-04-22,2026-01-02,Layoff Permanent,2026-08-30T21:43:41.512264Z
66cd7abc35c85b1a,CA,City National Bank,City National Bank,,Los Angeles County,1,2026-04-21,2026-06-22,Layoff Permanent,2026-08-30T21:43:41.512264Z
369dfd98739b4735,CA,"Ample Joy ABA Consulting Services, LLC",Ample Joy ABA Consulting Services,,Riverside County,100,2026-04-21,2026-02-02,Layoff Permanent,2026-08-30T21:43:41.512264Z
0e71b3992a9166fa,CA,Corteva Agriscience LLC,Corteva Agriscience,,Contra Costa County,2,2026-04-21,2026-07-03,Layoff Permanent,2026-08-30T21:43:41.512264Z
f1489cb26af25efd,CA,YMCA Rice Elementary School,YMCA Rice Elementary School,,Santa Barbara County,11,2026-04-20,2026-06-09,Layoff Permanent,2026-08-30T21:43:41.512264Z
eee2edeea26a9380,CA,"Premier Berry Farms, LLC",Premier Berry Farms,,Ventura County,74,2026-04-20,2026-06-06,Closure Permanent,2026-08-30T21:43:41.512264Z
e5fb8fc94d9cc7ed,CA,"Guayabito Farms, LLC",Guayabito Farms,,Ventura County,98,2026-04-20,2026-06-06,Closure Permanent,2026-08-30T21:43:41.512264Z
e22c4a2881d08284,CA,YMCA Oakley Elementary School,YMCA Oakley Elementary School,,Santa Barbara County,9,2026-04-20,2026-06-09,Layoff Permanent,2026-08-30T21:43:41.512264Z
cd6c84020c62bdc5,CA,YMCA Roberto & Dr. Francisco Jimenez Elementary School,YMCA Roberto & Dr. Francisco Jimenez Elementary School,,Santa Barbara County,12,2026-04-20,2026-06-09,Layoff Permanent,2026-08-30T21:43:41.512264Z
a7ad28d6ee8bbc89,CA,YMCA Arellanes Elementary School,YMCA Arellanes Elementary School,,Santa Barbara County,6,2026-04-20,2026-06-09,Layoff Permanent,2026-08-30T21:43:41.512264Z
a57c0ccb8c6b454b,CA,YMCA Tunnel Elementary School,YMCA Tunnel Elementary School,,Santa Barbara County,10,2026-04-20,2026-06-09,Layoff Permanent,2026-08-30T21:43:41.512264Z
a5682bf6634fc051,CA,YMCA Liberty Elementary School,YMCA Liberty Elementary School,,Santa Barbara County,9,2026-04-20,2026-06-09,Layoff Permanent,2026-08-30T21:43:41.512264Z
89a92d426ecbfbd0,CA,YMCA Arellanes Junior High,YMCA Arellanes Junior High,,Santa Barbara County,4,2026-04-20,2026-06-09,Layoff Permanent,2026-08-30T21:43:41.512264Z
86d890b00b688d0a,CA,YMCA Sanchez Elementary School,YMCA Sanchez Elementary School,,Santa Barbara County,8,2026-04-20,2026-06-09,Layoff Permanent,2026-08-30T21:43:41.512264Z
7f68e570909a2467,CA,YMCA Taylor Elementary School,YMCA Taylor Elementary School,,Santa Barbara County,10,2026-04-20,2026-06-09,Layoff Permanent,2026-08-30T21:43:41.512264Z
754c94236b57ab82,CA,YMCA Bonita Elementary School,YMCA Bonita Elementary School,,Santa Barbara County,6,2026-04-20,2026-06-09,Layoff Permanent,2026-08-30T21:43:41.512264Z
6f92117ce30ceae2,CA,Yanfeng International Automotive Technology,Yanfeng International Automotive Technology,,Alameda County,17,2026-04-20,2026-06-22,Closure Permanent,2026-08-30T21:43:41.512264Z
6810e73d1916e20f,CA,YMCA El Camino Jr. High School,YMCA El Camino Jr. High School,,Santa Barbara County,3,2026-04-20,2026-06-09,Layoff Permanent,2026-08-30T21:43:41.512264Z
613da8605d7fc486,CA,YMCA Tommie Kunst Jr. High School,YMCA Tommie Kunst Jr. High School,,Santa Barbara County,3,2026-04-20,2026-06-09,Layoff Permanent,2026-08-30T21:43:41.512264Z
5de1ffb71db4d012,CA,YMCA Robert Bruce Elementary School,YMCA Robert Bruce Elementary School,,Santa Barbara County,8,2026-04-20,2026-06-09,Layoff Permanent,2026-08-30T21:43:41.512264Z
46fbf87d7cd91a76,CA,YMCA Fesler Jr. High School,YMCA Fesler Jr. High School,,Santa Barbara County,3,2026-04-20,2026-06-09,Layoff Permanent,2026-08-30T21:43:41.512264Z
17f5d3394fd1d63f,CA,YMCA Fairlawn Elementary School,YMCA Fairlawn Elementary School,,Santa Barbara County,6,2026-04-20,2026-06-09,Layoff Permanent,2026-08-30T21:43:41.512264Z
120f041e4b956016,CA,YMCA Bill Libbon Elementary School,YMCA Bill Libbon Elementary School,,Santa Barbara County,11,2026-04-20,2026-06-09,Layoff Permanent,2026-08-30T21:43:41.512264Z
074a73d7e4d174e5,CA,YMCA Santa Maria Valley,YMCA Santa Maria Valley,,Santa Barbara County,7,2026-04-20,2026-06-09,Layoff Permanent,2026-08-30T21:43:41.512264Z
0177c63ab791f5ae,CA,YMCA Juan Pacifico Ontiveros Elementary School,YMCA Juan Pacifico Ontiveros Elementary School,,Santa Barbara County,10,2026-04-20,2026-06-09,Layoff Permanent,2026-08-30T21:43:41.512264Z
d927a821cca73aa8,CA,"FM Restaurants HQ, LLC",FM Restaurants HQ,,Orange County,49,2026-04-17,2026-04-19,Closure Permanent,2026-08-30T21:43:41.512264Z
acc4eca4b6b22fb5,CA,"Best Formulations PC, LLC",Best Formulations,,Orange County,32,2026-04-17,2026-06-15,Closure Permanent,2026-08-30T21:43:41.512264Z
f6b2ae8dde4a8881,CA,"Noa Technologies, Inc.",Noa Technologies,,Santa Clara County,69,2026-04-16,2026-06-01,Layoff Permanent,2026-08-30T21:43:41.512264Z
f34c588316e55bbf,CA,Paramount Skydance Corporation (1575 N. Gower Street),Paramount Skydance Corporation (1575 N. Gower Street),,Los Angeles County,2,2026-04-16,2026-01-02,Layoff Permanent,2026-08-30T21:43:41.512264Z
a4653f2098b4d8c0,CA,Disney Entertainment Operations LLC,Disney Entertainment Operations,,Los Angeles County,53,2026-04-16,2026-06-20,Layoff Permanent,2026-08-30T21:43:41.512264Z
9ef85df8bca8aaa1,CA,The Primary School,Primary School,,Alameda County,147,2026-04-16,2026-06-12,Closure Permanent,2026-08-30T21:43:41.512264Z
59c19ce89d2b9aca,CA,Snap Inc.,Snap,,Santa Clara County,73,2026-04-16,2026-04-16,Layoff Permanent,2026-08-30T21:43:41.512264Z
0df703c1746cb6ab,CA,Paramount Skydance Corporation (5555 Melrose Avenue),Paramount Skydance Corporation (5555 Melrose Avenue),,Los Angeles County,5,2026-04-16,2026-01-02,Layoff Permanent,2026-08-30T21:43:41.512264Z
d18c8dda9188bf6a,CA,Snap Inc.,Snap,,Los Angeles County,247,2026-04-15,2026-04-16,Layoff Permanent,2026-08-30T21:43:41.512264Z
229bf9927fd0d9ef,CA,Block by Block,Block by Block,,San Francisco County,47,2026-04-15,2026-06-13,Layoff Permanent,2026-08-30T21:43:41.512264Z
e09b38924f5be21f,CA,McGee Air Services,McGee Air Services,,Los Angeles County,29,2026-04-14,2026-06-14,Layoff Permanent,2026-08-30T21:43:41.512264Z
c5dfcc986aa098bd,CA,Ventura Coastal,Ventura Coastal,,Tulare County,69,2026-04-14,2026-06-15,Layoff Temporary,2026-08-30T21:43:41.512264Z
663dc232f532c6d0,CA,Chen-Tech Industries LLC,Chen-Tech Industries,,Orange County,98,2026-04-14,2026-04-02,Layoff Permanent,2026-08-30T21:43:41.512264Z
4dd69b200a3bcfe0,CA,Redding Cement Plant,Redding Cement Plant,,Shasta County,53,2026-04-14,2026-06-15,Layoff Temporary,2026-08-30T21:43:41.512264Z
4280cab8e825cc65,CA,Blue Diamond Growers,Blue Diamond Growers,,Sacramento County,49,2026-04-14,2026-06-12,Closure Permanent,2026-08-30T21:43:41.512264Z
2a4ad548cd13d663,CA,The Gambrinus Company (Trumer Brewery and Taproom),Gambrinus Company (Trumer Brewery and Taproom),,Alameda County,6,2026-04-14,2026-05-29,Layoff Permanent,2026-08-30T21:43:41.512264Z
069e1142a42eb388,CA,"Trumer Brewery, Comeback Brewing II dba Trumer Brewery","Trumer Brewery, Comeback Brewing II",Trumer Brewery,Alameda County,27,2026-04-14,2026-05-29,Closure Permanent,2026-08-30T21:43:41.512264Z
cddb2f5ec503cba2,CA,Boeing Company,Boeing,,Los Angeles County,13,2026-04-13,2026-06-12,Closure Permanent,2026-08-30T21:43:41.512264Z
ca4b528db9fb4a6b,CA,Boeing Company - Edwards AFB,Boeing Company - Edwards AFB,,Kern County,2,2026-04-13,2026-06-12,Layoff Permanent,2026-08-30T21:43:41.512264Z
33ac0d6df0de6fd9,CA,Boeing Company - Huntington Beach,Boeing Company - Huntington Beach,,Orange County,1,2026-04-13,2026-06-12,Layoff Permanent,2026-08-30T21:43:41.512264Z
335d53af8df70cb9,CA,Boeing Company - San Diego,Boeing Company - San Diego,,San Diego County,1,2026-04-13,2026-06-12,Layoff Permanent,2026-08-30T21:43:41.512264Z
0ca3697a8e10fd29,CA,Boeing Company - El Segundo,Boeing Company - El Segundo,,Los Angeles County,2,2026-04-13,2026-06-12,Layoff Permanent,2026-08-30T21:43:41.512264Z
e7928d7bb9969ced,CA,Phillips 66,Phillips 66,,Los Angeles County,10,2026-04-10,2026-06-10,Closure Permanent,2026-08-30T21:43:41.512264Z
9737cac4df2c6974,CA,Phillips 66,Phillips 66,,Los Angeles County,6,2026-04-10,2026-06-10,Closure Permanent,2026-08-30T21:43:41.512264Z
30dccd910f1e0045,CA,Mills College Children's School at Northwestern University,Mills College Children's School at Northwestern University,,Alameda County,21,2026-04-10,2026-06-10,Closure Permanent,2026-08-30T21:43:41.512264Z
2246f8e283ee8a2b,CA,eBay Inc.,eBay,,San Francisco County,198,2026-04-10,2026-09-30,Closure Permanent,2026-08-30T21:43:41.512264Z
1f1520f29a5c70c6,CA,Sumisho Air Lease Corporation,Sumisho Air Lease,,Los Angeles County,53,2026-04-10,2026-06-08,Layoff Permanent,2026-08-30T21:43:41.512264Z
eb9db61461b39205,CA,Qualcomm Incorporated (10145 Pacific Heights Blvd.),Qualcomm Incorporated (10145 Pacific Heights Blvd.),,San Diego County,3,2026-04-09,2026-06-08,Layoff Permanent,2026-08-30T21:43:41.512264Z
e5cc90a4ba3ca2b9,CA,Del Monte Foods Corporation II Inc.,Del Monte Foods Corporation II,,Stanislaus County,25,2026-04-09,2026-04-07,Closure Permanent,2026-08-30T21:43:41.512264Z
cd3a40879ff34626,CA,Sony Pictures Entertainment Inc.,Sony Pictures Entertainment,,Los Angeles County,111,2026-04-09,2026-06-12,Layoff Permanent,2026-08-30T21:43:41.512264Z
c84150882796182a,CA,Qualcomm Incorporated (6455 Lusk Blvd.),Qualcomm Incorporated (6455 Lusk Blvd.),,San Diego County,2,2026-04-09,2026-06-08,Layoff Permanent,2026-08-30T21:43:41.512264Z
aef6d67f4353e0e8,CA,Qualcomm Incorporated (5525 Morehouse Drive),Qualcomm Incorporated (5525 Morehouse Drive),,San Diego County,11,2026-04-09,2026-06-08,Layoff Permanent,2026-08-30T21:43:41.512264Z
92915c775580e4a0,CA,Sony Pictures Entertainment Inc.,Sony Pictures Entertainment,,Los Angeles County,7,2026-04-09,2026-06-12,Layoff Permanent,2026-08-30T21:43:41.512264Z
75d49b4638378772,CA,Qualcomm Incorporated (5745 Pacific Center Blvd.),Qualcomm Incorporated (5745 Pacific Center Blvd.),,San Diego County,2,2026-04-09,2026-06-08,Layoff Permanent,2026-08-30T21:43:41.512264Z
4e405201e7451680,CA,Sony Pictures Entertainment Inc.,Sony Pictures Entertainment,,Los Angeles County,9,2026-04-09,2026-06-12,Layoff Permanent,2026-08-30T21:43:41.512264Z
4a4d1a3813c7aaad,CA,Qualcomm Incorporated (10160 Pacific Mesa Blvd.),Qualcomm Incorporated (10160 Pacific Mesa Blvd.),,San Diego County,1,2026-04-09,2026-06-08,Layoff Permanent,2026-08-30T21:43:41.512264Z
3999af4337f12c68,CA,Qualcomm Incorporated (5565 Morehouse Drive),Qualcomm Incorporated (5565 Morehouse Drive),,San Diego County,10,2026-04-09,2026-06-08,Layoff Permanent,2026-08-30T21:43:41.512264Z
33f6eda87b8b3916,CA,Qualcomm Incorporated (5665 Morehouse Drive),Qualcomm Incorporated (5665 Morehouse Drive),,San Diego County,6,2026-04-09,2026-06-08,Layoff Permanent,2026-08-30T21:43:41.512264Z
236fa9c2eb868057,CA,Qualcomm Incorporated (10445 Pacific Center Court),Qualcomm Incorporated (10445 Pacific Center Court),,San Diego County,2,2026-04-09,2026-06-08,Layoff Permanent,2026-08-30T21:43:41.512264Z
2243cf17d3abf148,CA,Sony Pictures Entertainment Inc.,Sony Pictures Entertainment,,Los Angeles County,6,2026-04-09,2026-06-12,Layoff Permanent,2026-08-30T21:43:41.512264Z
06b42ba8bcaeb953,CA,Qualcomm Incorporated (10185 McKellar Ct.),Qualcomm Incorporated (10185 McKellar Ct.),,San Diego County,1,2026-04-09,2026-06-08,Layoff Permanent,2026-08-30T21:43:41.512264Z
0eb86e61b47f1fc1,CA,"Montessori West, Inc.",Montessori West,,Alameda County,35,2026-04-08,2026-06-15,Closure Permanent,2026-08-30T21:43:41.512264Z
053bab5579001057,CA,"Gossamer Bio, Inc.",Gossamer Bio,,San Diego County,65,2026-04-08,2026-05-15,Layoff Permanent,2026-08-30T21:43:41.512264Z
d3eb7262cf9b6a35,CA,South Coast Behavioral Health,South Coast Behavioral Health,,Orange County,36,2026-04-07,2026-05-29,Closure Permanent,2026-08-30T21:43:41.512264Z
bef88ee0acf18617,CA,South Coast Behavioral Health,South Coast Behavioral Health,,Orange County,1,2026-04-07,2026-05-29,Closure Permanent,2026-08-30T21:43:41.512264Z
b706297c38280a19,CA,Wellpath and CFMG - Placer Jail - Auburn,Wellpath and CFMG - Placer Jail - Auburn,,Placer County,50,2026-04-07,2026-06-30,Closure Permanent,2026-08-30T21:43:41.512264Z
99152d287da8c82b,CA,Wellpath and CFMG - South Placer Jail,Wellpath and CFMG - South Placer Jail,,Placer County,35,2026-04-07,2026-06-30,Closure Permanent,2026-08-30T21:43:41.512264Z
96b6890df57b54dd,CA,America's Finest Charter School - High School Program,America's Finest Charter School - High School Program,,San Diego County,10,2026-04-07,2026-06-30,Closure Permanent,2026-08-30T21:43:41.512264Z
4bbfd73ceec754a6,CA,Wellpath and CFMG - Placer Juvi Detention,Wellpath and CFMG - Placer Juvi Detention,,Placer County,4,2026-04-07,2026-06-30,Closure Permanent,2026-08-30T21:43:41.512264Z
1b2ae86b7cc9fcf4,CA,Prepa Tec Los Angeles campus,Prepa Tec Los Angeles campus,,Los Angeles County,42,2026-04-07,2026-06-30,Closure Permanent,2026-08-30T21:43:41.512264Z
157d716e26fceb79,CA,JPMorgan Chase,JPMorgan Chase,,San Francisco County,53,2026-04-07,2026-05-21,Layoff Permanent,2026-08-30T21:43:41.512264Z
7b31e77b96f3940b,CA,Amethod Public Schools,Amethod Public Schools,,Alameda County,17,2026-04-06,2026-06-05,Closure Permanent,2026-08-30T21:43:41.512264Z
3a4ce9268be8cc0b,CA,Partnerships to Uplift Communities Los Angeles,Partnerships to Uplift Communities Los Angeles,,Los Angeles County,26,2026-04-06,2026-06-05,Closure Permanent,2026-08-30T21:43:41.512264Z
096cd20e2491f730,CA,PUC eCALS,Puc Ecals,,Los Angeles County,22,2026-04-06,2026-06-05,Closure Permanent,2026-08-30T21:43:41.512264Z
ff9442777be5a548,CA,Good Sports Plus Ltd. dba Arc - Phoenix Rising/Desert Oasis High School,Good Sports Plus,Arc - Phoenix Rising/Desert Oasis High School,Imperial County,2,2026-04-03,2026-06-04,Layoff Permanent,2026-08-30T21:43:41.512264Z
e5df638c68909bac,CA,Good Sports Plus Ltd. dba Brawley Union High School,Good Sports Plus,Brawley Union High School,Imperial County,6,2026-04-03,2026-06-04,Layoff Permanent,2026-08-30T21:43:41.512264Z
e1b7e5cf7150d7f5,CA,Good Sports Plus dba Arc - Padilla-Pace Middle School,Good Sports Plus,Arc - Padilla-Pace Middle School,Imperial County,7,2026-04-03,2026-06-04,Layoff Permanent,2026-08-30T21:43:41.512264Z
de155b72782d235c,CA,Good Sports Plus Ltd. dba Arc - Southwest High School,Good Sports Plus,Arc - Southwest High School,Imperial County,4,2026-04-03,2026-06-04,Layoff Permanent,2026-08-30T21:43:41.512264Z
a5bada3788cbfa44,CA,Super 7,Super 7,,Napa County,6,2026-04-03,2026-05-29,Closure Permanent,2026-08-30T21:43:41.512264Z
93f3f323722dd14a,CA,Good Sports Plus dba Arc - Myron D. Witter Elementary School,Good Sports Plus,Arc - Myron D. Witter Elementary School,Imperial County,15,2026-04-03,2026-06-04,Layoff Permanent,2026-08-30T21:43:41.512264Z
6e45a5c2702dd0fc,CA,Good Sports Plus Ltd. dba Arc - Central Union High School,Good Sports Plus,Arc - Central Union High School,Imperial County,3,2026-04-03,2026-06-04,Layoff Permanent,2026-08-30T21:43:41.512264Z
4a233eb52f6e123d,CA,"Good Sports Plus, Ltd. dba Arc - J.W. Oakley Elementary School",Good Sports Plus,Arc - J.W. Oakley Elementary School,Imperial County,15,2026-04-03,2026-06-04,Layoff Permanent,2026-08-30T21:43:41.512264Z
315ecdaf899beaa8,CA,"Good Sports Plus, Ltd dba ARC - Barbara Worth Junior High School",Good Sports Plus,ARC - Barbara Worth Junior High School,Imperial County,5,2026-04-03,2026-06-04,Layoff Permanent,2026-08-30T21:43:41.512264Z
26fd1f00085c0232,CA,Good Sports Plus Ltd. dba Arc,Good Sports Plus,Arc,Imperial County,4,2026-04-03,2026-06-04,Layoff Permanent,2026-08-30T21:43:41.512264Z
1056bcc2d80ae0b4,CA,"Good Sports Plus Ltd, dba Arc Phil D. Swing Elementary School",Good Sports Plus,Arc Phil D. Swing Elementary School,Imperial County,13,2026-04-03,2026-06-04,Layoff Permanent,2026-08-30T21:43:41.512264Z
0bc3606de514933b,CA,"Good Sports Plus, Ltd. dba Arc - Miguel Hidalgo Elementary School",Good Sports Plus,Arc - Miguel Hidalgo Elementary School,Imperial County,5,2026-04-03,2026-06-04,Layoff Permanent,2026-08-30T21:43:41.512264Z
0950167ed062d30f,CA,Good Sports Plus Ltd. dba Arc - Desert Valley High School,Good Sports Plus,Arc - Desert Valley High School,Imperial County,3,2026-04-03,2026-06-04,Layoff Permanent,2026-08-30T21:43:41.512264Z
03c6c69c6aef606d,CA,ProYouth,ProYouth,,Tulare County,81,2026-04-03,2026-06-05,Layoff Permanent,2026-08-30T21:43:41.512264Z
ff7a0f0a9637f534,CA,Crittenton (100 E. Valley View),Crittenton (100 E. Valley View),,Orange County,81,2026-04-02,2026-03-31,Closure Permanent,2026-08-30T21:43:41.512264Z
fc4e5d656c8cfe78,CA,"Oracle America, Inc.",Oracle America,,Los Angeles County,50,2026-04-02,2026-06-01,Layoff Permanent,2026-08-30T21:43:41.512264Z
f7a5094322c868d6,CA,Union of Pan Asian Communities - Positive Solutions and Elder Multicultural Access & Support Service,Union of Pan Asian Communities - Positive Solutions and Elder Multicultural Access & Support Service,,San Diego County,14,2026-04-02,2026-06-30,Layoff Permanent,2026-08-30T21:43:41.512264Z
f4961a71c5a7234a,CA,Qualcomm Incorporated (6455 Lusk Blvd),Qualcomm Incorporated (6455 Lusk Blvd),,San Diego County,5,2026-04-02,2026-05-26,Layoff Permanent,2026-08-30T21:43:41.512264Z
cf8d7afd6a101a55,CA,Think Together,Think Together,,Riverside County,114,2026-04-02,2026-06-12,Layoff Permanent,2026-08-30T21:43:41.512264Z
cd668d210bc2bf9b,CA,Qualcomm Incorporated (5535 Morehouse Drive),Qualcomm Incorporated (5535 Morehouse Drive),,San Diego County,2,2026-04-02,2026-05-26,Layoff Permanent,2026-08-30T21:43:41.512264Z
bdac08211dda97d3,CA,Qualcomm Incorporated (10350 Sorrento Valley Road),Qualcomm Incorporated (10350 Sorrento Valley Road),,San Diego County,3,2026-04-02,2026-05-26,Layoff Permanent,2026-08-30T21:43:41.512264Z
a5ce14c08b7b74a0,CA,Qualcomm Incorporated (10185 McKellar Court),Qualcomm Incorporated (10185 McKellar Court),,San Diego County,4,2026-04-02,2026-05-26,Layoff Permanent,2026-08-30T21:43:41.512264Z
9d7ef31b137e432b,CA,Qualcomm Incorporated (5745 Pacific Center Blvd),Qualcomm Incorporated (5745 Pacific Center Blvd),,San Diego County,2,2026-04-02,2026-05-26,Layoff Permanent,2026-08-30T21:43:41.512264Z
92ac260a160a7e8b,CA,Qualcomm Incorporated (5545 Morehouse Drive),Qualcomm Incorporated (5545 Morehouse Drive),,San Diego County,15,2026-04-02,2026-05-26,Layoff Permanent,2026-08-30T21:43:41.512264Z
8d852947ec82341f,CA,Crittenton (201 W. Amerige Ave),Crittenton (201 W. Amerige Ave),,Orange County,37,2026-04-02,2026-03-31,Closure Permanent,2026-08-30T21:43:41.512264Z
79ee181d074a7537,CA,"Oracle America, Inc.",Oracle America,,San Mateo County,310,2026-04-02,2026-06-01,Layoff Permanent,2026-08-30T21:43:41.512264Z
6b119e9db84d2366,CA,Qualcomm Incorporated (10001 Pacific Heights Blvd),Qualcomm Incorporated (10001 Pacific Heights Blvd),,San Diego County,2,2026-04-02,2026-05-26,Layoff Permanent,2026-08-30T21:43:41.512264Z
6aa7d2ab29aef12b,CA,Qualcomm Incorporated (5775 Morehouse Drive),Qualcomm Incorporated (5775 Morehouse Drive),,San Diego County,19,2026-04-02,2026-05-26,Layoff Permanent,2026-08-30T21:43:41.512264Z
597cc1ecb51d61ee,CA,Qualcomm Incorporated (5737 Pacific Center Blvd),Qualcomm Incorporated (5737 Pacific Center Blvd),,San Diego County,1,2026-04-02,2026-05-26,Layoff Permanent,2026-08-30T21:43:41.512264Z
53bc428657c46dea,CA,"Oracle America, Inc.",Oracle America,,Alameda County,158,2026-04-02,2026-06-01,Layoff Permanent,2026-08-30T21:43:41.512264Z
3ee62d870e7a1959,CA,Crittenton (600 N. Harbor Blvd),Crittenton (600 N. Harbor Blvd),,Orange County,26,2026-04-02,2026-03-31,Closure Permanent,2026-08-30T21:43:41.512264Z
2d574aca8896bdf8,CA,Consolidated Entertainment LLC (Reading Cinemas,Consolidated Entertainment LLC (Reading Cinemas,,San Diego County,63,2026-04-02,2026-05-31,Closure Permanent,2026-08-30T21:43:41.512264Z
27c3191c6e96e344,CA,Qualcomm Incorporated (5565 Morehouse Drive),Qualcomm Incorporated (5565 Morehouse Drive),,San Diego County,13,2026-04-02,2026-05-26,Layoff Permanent,2026-08-30T21:43:41.512264Z
26c8a0c133bbdda2,CA,Victoria Nursery,Victoria Nursery,,Ventura County,62,2026-04-02,2026-06-01,Closure Permanent,2026-08-30T21:43:41.512264Z
260a3749bfd73ab2,CA,Morgan Technical Ceramics,Morgan Technical Ceramics,,Alameda County,94,2026-04-02,2026-06-01,Closure Permanent,2026-08-30T21:43:41.512264Z
257160dac1e8a30a,CA,Qualcomm Incorporated (4243 Campus Point Ct),Qualcomm Incorporated (4243 Campus Point Ct),,San Diego County,1,2026-04-02,2026-05-26,Layoff Permanent,2026-08-30T21:43:41.512264Z
1ad7d712a7e9b225,CA,Union of Pan Asian Communities - East Wind Clubhouse,Union of Pan Asian Communities - East Wind Clubhouse,,San Diego County,5,2026-04-02,2026-06-30,Layoff Permanent,2026-08-30T21:43:41.512264Z
096b0e25d6b73fb3,CA,"Oracle America, Inc.",Oracle America,,Santa Clara County,184,2026-04-02,2026-06-01,Layoff Permanent,2026-08-30T21:43:41.512264Z
f2a81160e6ec4753,CA,John Adams Academy,John Adams Academy,,Placer County,13,2026-04-01,2026-06-01,Closure Permanent,2026-08-30T21:43:41.512264Z
b6d34b6c929c63f6,CA,"Meta Platforms, Inc.",Meta Platforms,,San Mateo County,124,2026-04-01,2026-05-22,Layoff Permanent,2026-08-30T21:43:41.512264Z
9317850e65ee9446,CA,Experian,Experian,,Orange County,3,2026-04-01,2026-05-22,Layoff Permanent,2026-08-30T21:43:41.512264Z
76391be785a71ca0,CA,"Meta Platforms, Inc.",Meta Platforms,,Santa Clara County,74,2026-04-01,2026-05-29,Layoff Permanent,2026-08-30T21:43:41.512264Z
6c5a32d67dce51be,CA,John Adams Academy - El Dorado,John Adams Academy - El Dorado,,El Dorado County,6,2026-04-01,2026-06-01,Layoff Permanent,2026-08-30T21:43:41.512264Z
462c99a3f989d4c8,CA,John Adams academy,John Adams academy,,Placer County,49,2026-04-01,2026-06-01,Layoff Permanent,2026-08-30T21:43:41.512264Z
f39aa5c94868728e,CA,"Sentinel Transportation, LLC",Sentinel Transportation,,Yolo County,8,2026-03-30,2026-05-31,Layoff Permanent,2026-08-30T21:43:41.512264Z
e33c2cbbb7784dec,CA,F10 Oceanside LLC,F10 Oceanside,,San Diego County,58,2026-03-30,2026-05-14,Closure Permanent,2026-08-30T21:43:41.512264Z
cfe4a4e5c463f60d,CA,"Sentinel Transportation, LLC",Sentinel Transportation,,Merced County,1,2026-03-30,2026-05-31,Layoff Permanent,2026-08-30T21:43:41.512264Z
93d202c70cba2212,CA,"Sentinel Transportation, LLC",Sentinel Transportation,,Solano County,4,2026-03-30,2026-05-31,Layoff Permanent,2026-08-30T21:43:41.512264Z
936379d4344d7ff7,CA,"Sentinel Transportation, LLC",Sentinel Transportation,,Shasta County,5,2026-03-30,2026-05-31,Layoff Permanent,2026-08-30T21:43:41.512264Z
3103c03e0d1feb06,CA,"Sentinel Transportation, LLC",Sentinel Transportation,,Sacramento County,24,2026-03-30,2026-05-31,Layoff Permanent,2026-08-30T21:43:41.512264Z
231af6ce4a66fd7b,CA,"Sentinel Transportation, LLC",Sentinel Transportation,,Contra Costa County,7,2026-03-30,2026-05-31,Layoff Permanent,2026-08-30T21:43:41.512264Z
1dd6df2d51136a05,CA,"Sentinel Transportation, LLC",Sentinel Transportation,,Calaveras County,3,2026-03-30,2026-05-31,Layoff Permanent,2026-08-30T21:43:41.512264Z
1cf847e74c2e1780,CA,"Sentinel Transportation, LLC",Sentinel Transportation,,Butte County,10,2026-03-30,2026-05-31,Layoff Permanent,2026-08-30T21:43:41.512264Z
016bb340362de15b,CA,"Sentinel Transportation, LLC",Sentinel Transportation,,El Dorado County,2,2026-03-30,2026-05-31,Layoff Permanent,2026-08-30T21:43:41.512264Z
bfb63fb7436527b9,CA,Welcome Palm Springs LLC dba Riviera Resort & Spa Palm Springs,Welcome Palm Springs,Riviera Resort & Spa Palm Springs,Riverside County,233,2026-03-27,2026-05-31,Layoff Permanent,2026-08-30T21:43:41.512264Z
175c3a6ebdf85d20,CA,Rb Wine Associates LLC dba Rack & Riddle,Rb Wine Associates,Rack & Riddle,San Joaquin County,32,2026-03-27,2026-05-29,Closure Permanent,2026-08-30T21:43:41.512264Z
e29ac61d0a30abc0,CA,"Kay and Associates, Inc.",Kay and Associates,,San Diego County,103,2026-03-26,2026-04-30,Layoff Permanent,2026-08-30T21:43:41.512264Z
e075d1b15ae13848,CA,"Gilead Sciences, Inc.",Gilead Sciences,,San Mateo County,51,2026-03-26,2026-05-29,Layoff Permanent,2026-08-30T21:43:41.512264Z
46a395ed8776f176,CA,DASH Industries,DASH Industries,,Sacramento County,80,2026-03-26,2026-03-31,Closure Permanent,2026-08-30T21:43:41.512264Z
f8512677fab20c16,CA,"Bedabox, LLC (dba ShipMonk)",Bedabox,ShipMonk,San Bernardino County,145,2026-03-25,2026-06-30,Closure Permanent,2026-08-30T21:43:41.512264Z
e1604264e50217fb,CA,Nob Hill Foods,Nob Hill Foods,,Santa Clara County,50,2026-03-25,2026-05-29,Closure Permanent,2026-08-30T21:43:41.512264Z
87909957580db2b4,CA,"MAG Brand Group, LLC",MAG Brand Group,,Los Angeles County,53,2026-03-25,2026-08-01,Closure Permanent,2026-08-30T21:43:41.512264Z
86abb5bd507cd169,CA,Comprehensive Autism Center,Comprehensive Autism Center,,Riverside County,27,2026-03-25,2026-05-31,Closure Permanent,2026-08-30T21:43:41.512264Z
50647c228cd360ec,CA,Experian,Experian,,Orange County,35,2026-03-25,2026-05-22,Layoff Permanent,2026-08-30T21:43:41.512264Z
3061a5847e94fa75,CA,Comprehensive Autism Center,Comprehensive Autism Center,,San Diego County,35,2026-03-25,2026-05-31,Closure Permanent,2026-08-30T21:43:41.512264Z
e7ac6e86c6ccf3d0,CA,Pernod Ricard Kenwood Holding LLC,Pernod Ricard Kenwood Holding,,Sonoma County,14,2026-03-24,2026-03-31,Closure Permanent,2026-08-30T21:43:41.512264Z
a7e1d390e4e3e352,CA,"Mattel, Inc.",Mattel,,Los Angeles County,65,2026-03-24,2026-05-22,Layoff Permanent,2026-08-30T21:43:41.512264Z
dbef8e4baf8152e1,CA,City National Bank (350 S. Grand Ave.),City National Bank (350 S. Grand Ave.),,Los Angeles County,3,2026-03-23,2026-05-29,Layoff Not known at this time,2026-08-30T21:43:41.512264Z
d6a4a1e9dc66991c,CA,"Synopsys, Inc.",Synopsys,,Santa Clara County,55,2026-03-23,2026-05-26,Layoff Permanent,2026-08-30T21:43:41.512264Z
b12b996d4827d055,CA,City National Bank (555 S. Flower Street),City National Bank (555 S. Flower Street),,Los Angeles County,9,2026-03-23,2026-05-29,Layoff Not known at this time,2026-08-30T21:43:41.512264Z
72f827d5bd88237a,CA,"Summit Funding, Inc.",Summit Funding,,Sacramento County,163,2026-03-23,2026-05-17,Layoff Permanent,2026-08-30T21:43:41.512264Z
c76da591d5561292,CA,Waymakers,Waymakers,,Orange County,3,2026-03-20,2026-06-30,Layoff Permanent,2026-08-30T21:43:41.512264Z
b71b57b86c96622c,CA,Waymakers,Waymakers,,Orange County,67,2026-03-20,2026-06-30,Layoff Permanent,2026-08-30T21:43:41.512264Z
88225cd91c9f63c5,CA,"ERN Services, Inc.",ERN Services,,Los Angeles County,74,2026-03-20,2026-04-24,Layoff Permanent,2026-08-30T21:43:41.512264Z
6fc0805a42b81825,CA,NSI-Lynn Electronics,NSI-Lynn Electronics,,Orange County,52,2026-03-20,2026-05-22,Closure Permanent,2026-08-30T21:43:41.512264Z
6127122716ba5fe6,CA,SSP America,SSP America,,Sacramento County,44,2026-03-20,2026-05-19,Closure Permanent,2026-08-30T21:43:41.512264Z
5fc8c29959a832f6,CA,"Primo Brands, Inc.",Primo Brands,,Orange County,23,2026-03-20,2026-07-01,Layoff Permanent,2026-08-30T21:43:41.512264Z
f52034ad4b03862a,CA,"Lodging Dynamics Hospitality Group, LLC (Residence Inn)","Lodging Dynamics Hospitality Group, LLC (Residence Inn)",,Los Angeles County,43,2026-03-19,2026-05-20,Layoff Permanent,2026-08-30T21:43:41.512264Z
e98d6ee87b4afc3e,CA,Total Storage Solutions (Beaumont Self Storage),Total Storage Solutions (Beaumont Self Storage),,Riverside County,3,2026-03-19,2026-05-18,Layoff Permanent,2026-08-30T21:43:41.512264Z
e88757b43da88000,CA,Total Storage Solutions (Sun City Mini Storage),Total Storage Solutions (Sun City Mini Storage),,Riverside County,3,2026-03-19,2026-05-18,Layoff Permanent,2026-08-30T21:43:41.512264Z
d448498e1bfcfb34,CA,Total Storage Solutions (Citrus Plaza Self Storage),Total Storage Solutions (Citrus Plaza Self Storage),,San Diego County,2,2026-03-19,2026-05-18,Layoff Permanent,2026-08-30T21:43:41.512264Z
c97f02146f541db0,CA,"Lodging Dynamics Hospitality Group, LLC (Courtyard & TownePlace Suites)","Lodging Dynamics Hospitality Group, LLC (Courtyard & TownePlace Suites)",,Los Angeles County,97,2026-03-19,2026-05-20,Layoff Permanent,2026-08-30T21:43:41.512264Z
c3bdf2e382334a00,CA,Total Storage Solutions (Airport Mini Storage),Total Storage Solutions (Airport Mini Storage),,Riverside County,3,2026-03-19,2026-05-18,Layoff Permanent,2026-08-30T21:43:41.512264Z
bca0f9f265fb495a,CA,Total Storage Solutions (Crenshaw Self Storage),Total Storage Solutions (Crenshaw Self Storage),,Los Angeles County,2,2026-03-19,2026-05-18,Layoff Permanent,2026-08-30T21:43:41.512264Z
b96b4606301cc4b5,CA,"Lodging Dynamics Hospitality Group, LLC (Homewood Suites)","Lodging Dynamics Hospitality Group, LLC (Homewood Suites)",,Los Angeles County,51,2026-03-19,2026-05-20,Layoff Permanent,2026-08-30T21:43:41.512264Z
9a4551a37a57c0ba,CA,Total Storage Solutions (El Monte Stor It Now),Total Storage Solutions (El Monte Stor It Now),,Los Angeles County,3,2026-03-19,2026-05-18,Layoff Permanent,2026-08-30T21:43:41.512264Z
7b6a0a7f95cfff9a,CA,Total Storage Solutions (Townsend Self Storage),Total Storage Solutions (Townsend Self Storage),,Orange County,3,2026-03-19,2026-05-18,Layoff Permanent,2026-08-30T21:43:41.512264Z
7971669cbdaed8e3,CA,Total Storage Solutions (Western States Self Storage),Total Storage Solutions (Western States Self Storage),,Riverside County,3,2026-03-19,2026-05-18,Layoff Permanent,2026-08-30T21:43:41.512264Z
712a865239ec9c05,CA,Total Storage Solutions (Studebaker Self Storage),Total Storage Solutions (Studebaker Self Storage),,Los Angeles County,3,2026-03-19,2026-05-18,Layoff Permanent,2026-08-30T21:43:41.512264Z
6420dcef6372cf59,CA,Total Storage Solutions (Garden Grove Secured Storage),Total Storage Solutions (Garden Grove Secured Storage),,Orange County,3,2026-03-19,2026-05-18,Layoff Permanent,2026-08-30T21:43:41.512264Z
5b9a1d9777e7c0d0,CA,Total Storage Solutions (Jefferson Self Storage),Total Storage Solutions (Jefferson Self Storage),,Riverside County,4,2026-03-19,2026-05-18,Layoff Permanent,2026-08-30T21:43:41.512264Z
59f753981edd8369,CA,Total Storage Solutions (Tri-City Self Storage),Total Storage Solutions (Tri-City Self Storage),,Riverside County,3,2026-03-19,2026-05-18,Layoff Permanent,2026-08-30T21:43:41.512264Z
501350a4a558f2d0,CA,"Lodging Dynamics Hospitality Group, LLC (Midici Restaurant)","Lodging Dynamics Hospitality Group, LLC (Midici Restaurant)",,Los Angeles County,9,2026-03-19,2026-05-20,Layoff Permanent,2026-08-30T21:43:41.512264Z
4f3e64ac793cd1b0,CA,Total Storage Solutions (Aware Self Storage),Total Storage Solutions (Aware Self Storage),,Riverside County,2,2026-03-19,2026-05-18,Layoff Permanent,2026-08-30T21:43:41.512264Z
4bb08234615ecc0a,CA,Total Storage Solutions (E Street Self Storage),Total Storage Solutions (E Street Self Storage),,San Bernardino County,2,2026-03-19,2026-05-18,Layoff Permanent,2026-08-30T21:43:41.512264Z
488655c5ae34fee3,CA,Total Storage Solutions (Beaumont RV & Self Storage),Total Storage Solutions (Beaumont RV & Self Storage),,Riverside County,3,2026-03-19,2026-05-18,Layoff Permanent,2026-08-30T21:43:41.512264Z
3d507ebf3247989e,CA,Total Storage Solutions (All Size Laguna Niguel),Total Storage Solutions (All Size Laguna Niguel),,Orange County,3,2026-03-19,2026-05-18,Layoff Permanent,2026-08-30T21:43:41.512264Z
39714c5772f97c4b,CA,Total Storage Solutions (All Size Self Storage),Total Storage Solutions (All Size Self Storage),,Orange County,3,2026-03-19,2026-05-18,Layoff Permanent,2026-08-30T21:43:41.512264Z
38f1cc475b7064d9,CA,Total Storage Solutions (Riverside Self Storage),Total Storage Solutions (Riverside Self Storage),,Riverside County,4,2026-03-19,2026-05-18,Layoff Permanent,2026-08-30T21:43:41.512264Z
28acfe1337a73d3c,CA,"Lodging Dynamics Hospitality Group, LLC (Hilton Garden Inn)","Lodging Dynamics Hospitality Group, LLC (Hilton Garden Inn)",,Los Angeles County,36,2026-03-19,2026-05-20,Layoff Permanent,2026-08-30T21:43:41.512264Z
25173ff21bf10e4f,CA,Total Storage Solutions (Arcadia 210 Self Storage),Total Storage Solutions (Arcadia 210 Self Storage),,Los Angeles County,1,2026-03-19,2026-05-18,Layoff Permanent,2026-08-30T21:43:41.512264Z
18e4c7229e5f51fc,CA,Total Storage Solutions (Best RV & Self Storage),Total Storage Solutions (Best RV & Self Storage),,Los Angeles County,3,2026-03-19,2026-05-18,Layoff Permanent,2026-08-30T21:43:41.512264Z
fbd5a0a6e192f320,CA,Heritage Bank of Commerce (Walnut Creek),Heritage Bank of Commerce (Walnut Creek),,Contra Costa County,4,2026-03-17,2026-04-17,Layoff Permanent,2026-08-30T21:43:41.512264Z
cfd7939c2cff4084,CA,Heritage Bank of Commerce (Morgan Hill),Heritage Bank of Commerce (Morgan Hill),,Santa Clara County,1,2026-03-17,2026-04-17,Layoff Permanent,2026-08-30T21:43:41.512264Z
cc9f3fae911dcf9f,CA,Heritage Bank of Commerce (Livermore),Heritage Bank of Commerce (Livermore),,Alameda County,1,2026-03-17,2026-04-17,Layoff Permanent,2026-08-30T21:43:41.512264Z
c35b353cbd970c03,CA,Heritage Bank of Commerce (San Jose),Heritage Bank of Commerce (San Jose),,Santa Clara County,85,2026-03-17,2026-04-17,Layoff Permanent,2026-08-30T21:43:41.512264Z
bb6dca1e68ed33d6,CA,Heritage Bank of Commerce (San Rafael),Heritage Bank of Commerce (San Rafael),,Marin County,3,2026-03-17,2026-04-17,Layoff Permanent,2026-08-30T21:43:41.512264Z
9ee381fdd56073d0,CA,Heritage Bank of Commerce (Oakland),Heritage Bank of Commerce (Oakland),,Alameda County,1,2026-03-17,2026-04-17,Layoff Permanent,2026-08-30T21:43:41.512264Z
83be9251f5a1dde0,CA,Corteva Agriscience,Corteva Agriscience,,Contra Costa County,3,2026-03-17,2026-06-05,Layoff Permanent,2026-08-30T21:43:41.512264Z
703bee80f2317644,CA,Heritage Bank of Commerce (San Francisco),Heritage Bank of Commerce (San Francisco),,San Francisco County,3,2026-03-17,2026-04-17,Layoff Permanent,2026-08-30T21:43:41.512264Z
63feb38149f4ec1a,CA,Heritage Bank of Commerce (Los Altos),Heritage Bank of Commerce (Los Altos),,Santa Clara County,1,2026-03-17,2026-04-17,Layoff Permanent,2026-08-30T21:43:41.512264Z
59114b24d34d5509,CA,Heritage Bank of Commerce (Danville),Heritage Bank of Commerce (Danville),,Contra Costa County,4,2026-03-17,2026-04-17,Layoff Permanent,2026-08-30T21:43:41.512264Z
2eb16bae5c9cbe97,CA,Heritage Bank of Commerce (Mateo),Heritage Bank of Commerce (Mateo),,San Mateo County,5,2026-03-17,2026-04-17,Layoff Permanent,2026-08-30T21:43:41.512264Z
251515e0ef7fa4f3,CA,Heritage Bank of Commerce (Remote-San Jose),Heritage Bank of Commerce (Remote-San Jose),,Santa Clara County,12,2026-03-17,2026-04-17,Layoff Permanent,2026-08-30T21:43:41.512264Z
135023b99b558565,CA,Experian (Experian Health and Experian Information Solutions),Experian (Experian Health and Experian Information Solutions),,Orange County,5,2026-03-17,2026-05-18,Layoff Permanent,2026-08-30T21:43:41.512264Z
0c3da7b1dd3e2dc5,CA,Heritage Bank of Commerce (Hollister),Heritage Bank of Commerce (Hollister),,San Benito County,1,2026-03-17,2026-04-17,Layoff Permanent,2026-08-30T21:43:41.512264Z
dda8d8629b0a7256,CA,Blue Shield of California (Building B),Blue Shield of California (Building B),,El Dorado County,7,2026-03-16,2026-04-08,Layoff Permanent,2026-08-30T21:43:41.512264Z
d2f713976a50872f,CA,Blue Shield of California,Blue Shield of California,,San Diego County,3,2026-03-16,2026-04-08,Layoff Permanent,2026-08-30T21:43:41.512264Z
d1e8298c1591af59,CA,Calvary Murrieta Christian School,Calvary Murrieta Christian School,,Riverside County,74,2026-03-16,2026-05-29,Closure Permanent,2026-08-30T21:43:41.512264Z
c8230cfeba1ca00b,CA,Blue Shield of California,Blue Shield of California,,Los Angeles County,8,2026-03-16,2026-04-08,Layoff Permanent,2026-08-30T21:43:41.512264Z
b08ff371e65f4407,CA,Blue Shield of California,Blue Shield of California,,Shasta County,2,2026-03-16,2026-04-08,Layoff Permanent,2026-08-30T21:43:41.512264Z
9b8f1d08a34e1508,CA,Blue Shield of California,Blue Shield of California,,San Joaquin County,17,2026-03-16,2026-04-08,Layoff Permanent,2026-08-30T21:43:41.512264Z
8674ebc104a145de,CA,Blue Shield of California,Blue Shield of California,,Los Angeles County,14,2026-03-16,2026-04-08,Layoff Permanent,2026-08-30T21:43:41.512264Z
852ae2ee4027a088,CA,Blue Shield of California,Blue Shield of California,,Alameda County,7,2026-03-16,2026-04-08,Layoff Permanent,2026-08-30T21:43:41.512264Z
692625d1402a4f19,CA,Blue Shield of California (Building C),Blue Shield of California (Building C),,El Dorado County,5,2026-03-16,2026-04-08,Layoff Permanent,2026-08-30T21:43:41.512264Z
6495cad2e017e0d2,CA,Blue Shield of California,Blue Shield of California,,Sacramento County,6,2026-03-16,2026-04-08,Layoff Permanent,2026-08-30T21:43:41.512264Z
65b435b48c959be6,CA,Sanitation Specialists,Sanitation Specialists,,San Mateo County,15,2026-03-13,2026-05-22,Closure Permanent,2026-08-30T21:43:41.512264Z
5f9615b95e9f38d0,CA,American Eagle Flights (Santa Maria Airport),American Eagle Flights (Santa Maria Airport),,Santa Barbara County,20,2026-03-13,2026-05-06,Closure Permanent,2026-08-30T21:43:41.512264Z
184aefa6343d39fd,CA,Westside Equipment Co. (OXBO),Westside Equipment Co. (OXBO),,Stanislaus County,2,2026-03-13,2026-05-11,Closure Permanent,2026-08-30T21:43:41.512264Z
9212232c1f612c4a,CA,Sanitation Specialists,Sanitation Specialists,,Alameda County,21,2026-03-12,2026-05-22,Closure Permanent,2026-08-30T21:43:41.512264Z
7b8c0dfefefbdd3e,CA,"Atlassian US, Inc.",Atlassian US,,San Francisco County,252,2026-03-12,2026-03-13,Layoff Permanent,2026-08-30T21:43:41.512264Z
31280ab42594cb98,CA,Union of Pan Asian Communities (Neighborhood Enterprise Center),Union of Pan Asian Communities (Neighborhood Enterprise Center),,San Diego County,16,2026-03-12,2026-05-10,Closure Permanent,2026-08-30T21:43:41.512264Z
032282c6263ce476,CA,Experian,Experian,,Orange County,28,2026-03-11,2026-12-11,Layoff Permanent,2026-08-30T21:43:41.512264Z
d609a1704a2c4064,CA,Sky Chefs' Customer Service Center,Sky Chefs' Customer Service Center,,San Bernardino County,14,2026-03-10,2026-05-07,Closure Permanent,2026-08-30T21:43:41.512264Z
a98ee567c93539ec,CA,Endologix LLC,Endologix,,Santa Clara County,2,2026-03-09,2026-05-29,Closure Permanent,2026-08-30T21:43:41.512264Z
56680c91b3973f4f,CA,Endologix LLC,Endologix,,Santa Clara County,6,2026-03-09,2026-05-15,Closure Permanent,2026-08-30T21:43:41.512264Z
1c0b8066d0bec9ea,CA,Endologix LLC,Endologix,,Santa Clara County,23,2026-03-09,2026-05-06,Closure Permanent,2026-08-30T21:43:41.512264Z
ee7f7ed23da01a03,CA,Saks & Company LLC,Saks &,,Orange County,76,2026-03-06,2026-05-06,Closure Permanent,2026-08-30T21:43:41.512264Z
df22654beb61490a,CA,Saks & Company LLC,Saks &,,Los Angeles County,97,2026-03-06,2026-05-06,Closure Permanent,2026-08-30T21:43:41.512264Z
bd5487a483b0a34a,CA,Saks & Company LLC,Saks &,,Riverside County,58,2026-03-06,2026-05-06,Closure Permanent,2026-08-30T21:43:41.512264Z
b66b16ea79188250,CA,Liberty Dental Plan Corporation,Liberty Dental Plan,,Orange County,16,2026-03-06,2026-05-04,Layoff Permanent,2026-08-30T21:43:41.512264Z
756940ec6f2dce73,CA,KBR Services LLC,KBR Services,,San Bernardino County,758,2026-03-06,2026-05-06,Layoff Permanent,2026-08-30T21:43:41.512264Z
8bd4ab65b11d183d,CA,Foreside Home Care & Nursing,Foreside Home Care & Nursing,,Orange County,300,2026-03-05,2026-03-27,Closure Permanent,2026-08-30T21:43:41.512264Z
15311070d5c38d65,CA,Kintetsu World Express,Kintetsu World Express,,San Diego County,5,2026-03-05,2026-03-31,Closure Permanent,2026-08-30T21:43:41.512264Z
b8223ec9f8c7b5df,CA,Wells Fargo,Wells Fargo,,San Francisco County,6,2026-03-04,2026-05-02,Layoff Permanent,2026-08-30T21:43:41.512264Z
6d5fbc80cdf4b996,CA,"MedImpact Healthcare Systems, Inc.",MedImpact Healthcare Systems,,San Diego County,125,2026-03-04,2026-03-04,Layoff Permanent,2026-08-30T21:43:41.512264Z
c8387e82c1512199,CA,"Salesforce, Inc.",Salesforce,,San Francisco County,51,2026-03-03,2026-05-01,Layoff Permanent,2026-08-30T21:43:41.512264Z
9d454aeff3f13e99,CA,David & Margaret,David & Margaret,,Los Angeles County,83,2026-03-03,2026-03-31,Layoff Permanent,2026-08-30T21:43:41.512264Z
fdae2bc26a1a0d53,CA,"Supernal, LLC",Supernal,,Kern County,13,2026-03-02,2026-04-28,Layoff Permanent,2026-08-30T21:43:41.512264Z
eca192559c9e7e47,CA,"Supernal, LLC",Supernal,,Kern County,1,2026-03-02,2026-04-28,Layoff Permanent,2026-08-30T21:43:41.512264Z
ebcb50e0cb9c38c5,CA,"Supernal, LLC (15555 Laguna Canyon Road)","Supernal, LLC (15555 Laguna Canyon Road)",,Orange County,176,2026-03-02,2026-04-28,Layoff Permanent,2026-08-30T21:43:41.512264Z
d37fb6177589ff05,CA,Foods Co #371,Foods,,Sacramento County,58,2026-03-02,2026-03-14,Closure Permanent,2026-08-30T21:43:41.512264Z
ab6e397f9a795694,CA,"IPIC Theaters, LLC - Westwood","IPIC Theaters, LLC - Westwood",,Los Angeles County,103,2026-03-02,2026-04-28,Closure Permanent,2026-08-30T21:43:41.512264Z
a98d6bd6b6b91aef,CA,"IPIC Theaters, LLC - Pasadena","IPIC Theaters, LLC - Pasadena",,Los Angeles County,91,2026-03-02,2026-04-28,Closure Permanent,2026-08-30T21:43:41.512264Z
a3931d9320d5b14c,CA,"Supernal, LLC",Supernal,,Alameda County,48,2026-03-02,2026-04-28,Layoff Permanent,2026-08-30T21:43:41.512264Z
5ea340730382760a,CA,Food 4 Less #364,Food 4 Less,,Los Angeles County,64,2026-03-02,2026-03-28,Closure Permanent,2026-08-30T21:43:41.512264Z
386627db52363cbe,CA,The Vons Companies Inc.,The Vons,,San Diego County,65,2026-03-02,2026-05-01,Closure Permanent,2026-08-30T21:43:41.512264Z
32eb23cec3929ee0,CA,Foods Co #784,Foods,,Fresno County,49,2026-03-02,2026-03-14,Closure Permanent,2026-08-30T21:43:41.512264Z
2d818b20ee6db7ca,CA,"Supernal, LLC. (117 Waterworks Way)","Supernal, LLC. (117 Waterworks Way)",,Orange County,58,2026-03-02,2026-04-28,Layoff Permanent,2026-08-30T21:43:41.512264Z
ed331d9b18ec9141,CA,Raytheon,Raytheon,,Los Angeles County,55,2026-02-27,2026-05-01,Layoff Permanent,2026-08-30T21:43:41.512264Z
d924bd5c5446fd2a,CA,"Monroe Operations, LLC dba Newport Healthcare",Monroe Operations,Newport Healthcare,Alameda County,16,2026-02-27,2026-04-24,Closure Permanent,2026-08-30T21:43:41.512264Z
958067144ed5ef6b,CA,"CJ Logistics America, LLC",CJ Logistics America,,San Bernardino County,71,2026-02-27,2026-04-30,Layoff Permanent,2026-08-30T21:43:41.512264Z
89845d1b412d14b7,CA,FreshKO Produce Services LLC,FreshKO Produce Services,,Fresno County,58,2026-02-27,2026-03-07,Closure Permanent,2026-08-30T21:43:41.512264Z
4090c0fedefb3b6c,CA,"Monroe Operations, LLC dba Newport Healthcare",Monroe Operations,Newport Healthcare,Alameda County,30,2026-02-27,2026-04-24,Closure Permanent,2026-08-30T21:43:41.512264Z
9943717e44796f26,CA,Anaheim Transportation Network,Anaheim Transportation Network,,Orange County,132,2026-02-26,2026-03-31,Closure Permanent,2026-08-30T21:43:41.512264Z
671f6983eb893a14,CA,Del Monte Foods Corporation II Inc.,Del Monte Foods Corporation II,,Stanislaus County,21,2026-02-26,2026-05-01,Layoff Permanent,2026-08-30T21:43:41.512264Z
bbe0d15db92e12d8,CA,"Med-Pharmex, Inc.",Med-Pharmex,,Los Angeles County,130,2026-02-25,2026-03-06,Closure Permanent,2026-08-30T21:43:41.512264Z
a43b94a541f2d8b6,CA,Angel City Brewery,Angel City Brewery,,Los Angeles County,66,2026-02-25,2026-04-30,Closure Permanent,2026-08-30T21:43:41.512264Z
43ff382ba7c6d983,CA,eBay - San Francisco,eBay - San Francisco,,San Francisco County,28,2026-02-25,2026-02-25,Layoff Permanent,2026-08-30T21:43:41.512264Z
37ff467247bd549c,CA,eBay Inc.,eBay,,Santa Clara County,243,2026-02-25,2026-02-25,Layoff Permanent,2026-08-30T21:43:41.512264Z
119584602171b31e,CA,Riot Games,Riot Games,,Los Angeles County,26,2026-02-25,2026-04-27,Layoff Permanent,2026-08-30T21:43:41.512264Z
c6d23d6ba28c6742,CA,Lumileds LLC,Lumileds,,Santa Clara County,24,2026-02-24,2026-05-01,Closure Permanent,2026-08-30T21:43:41.512264Z
a4c6d371b2ffecd3,CA,VCA Bay Area Veterinary Specialists & Emergency Hospital,VCA Bay Area Veterinary Specialists & Emergency Hospital,,Alameda County,91,2026-02-24,2026-04-25,Closure Permanent,2026-08-30T21:43:41.512264Z
0a0ab0df7a0d0533,CA,Commute is Great Logistics LLC,Commute is Great Logistics,,Kern County,132,2026-02-24,2026-02-03,Closure Permanent,2026-08-30T21:43:41.512264Z
ed5f7ead4944da4c,CA,"C3.ai, Inc.",C3.ai,,San Mateo County,71,2026-02-23,2026-04-26,Layoff Permanent,2026-08-30T21:43:41.512264Z
e0921fb4f954d82c,CA,Ferrara Candy Company (Courage Drive),Ferrara Candy Company (Courage Drive),,Solano County,1,2026-02-23,2026-06-01,Layoff Permanent,2026-08-30T21:43:41.512264Z
8c08b8e75f64a5bf,CA,Ferrara Candy Company (2400),Ferrara Candy,,Solano County,17,2026-02-23,2026-06-01,Layoff Permanent,2026-08-30T21:43:41.512264Z
89bf0c4272fe7652,CA,Ferrara Candy Company (One Jelly Belly),Ferrara Candy Company (One Jelly Belly),,Solano County,2,2026-02-23,2026-06-01,Layoff Permanent,2026-08-30T21:43:41.512264Z
5f7dc0a942d76d29,CA,Raley's,Raley's,,Contra Costa County,43,2026-02-23,2026-04-28,Closure Permanent,2026-08-30T21:43:41.512264Z
54f0f6c921438977,CA,Ferrara Candy Company (2500),Ferrara Candy,,Solano County,33,2026-02-23,2026-06-01,Layoff Permanent,2026-08-30T21:43:41.512264Z
40f8479660b26094,CA,Ferrara Candy Company (2385),Ferrara Candy,,Solano County,16,2026-02-23,2026-06-01,Layoff Permanent,2026-08-30T21:43:41.512264Z
3c50ca6d38de0869,CA,"Safari West, Inc.",Safari West,,Sonoma County,134,2026-02-23,2026-04-21,Closure Permanent,2026-08-30T21:43:41.512264Z
66a1edde29681c7f,CA,Wells Fargo,Wells Fargo,,San Francisco County,21,2026-02-20,2026-04-21,Layoff Permanent,2026-08-30T21:43:41.512264Z
62c0dd9d0b2f28b7,CA,"Lucid Group, Inc.",Lucid Group,,Alameda County,319,2026-02-20,2026-04-21,Layoff Permanent,2026-08-30T21:43:41.512264Z
3a768cea8b7f9a85,CA,Tony's Fine Foods,Tony's Fine Foods,,Riverside County,24,2026-02-20,2026-05-01,Closure Permanent,2026-08-30T21:43:41.512264Z
f54443fb63b27b2e,CA,Wescom Financial,Wescom Financial,,Los Angeles County,1,2026-02-19,2026-04-21,Layoff Permanent,2026-08-30T21:43:41.512264Z
e71441cc52a8eb19,CA,Wescom Financial,Wescom Financial,,Monterey County,2,2026-02-19,2026-04-21,Layoff Permanent,2026-08-30T21:43:41.512264Z
b5c401c0abb947c6,CA,Wescom Financial,Wescom Financial,,Los Angeles County,15,2026-02-19,2026-04-21,Layoff Permanent,2026-08-30T21:43:41.512264Z
5f3cdaa47c2e701f,CA,Jackson Family Wines (Carneros Hills Winery),Jackson Family Wines (Carneros Hills Winery),,Sonoma County,13,2026-02-19,2026-04-17,Closure Permanent,2026-08-30T21:43:41.512264Z
32c8ea70323cc4a9,CA,Wescom Financial,Wescom Financial,,Orange County,40,2026-02-19,2026-04-21,Layoff Permanent,2026-08-30T21:43:41.512264Z
f57bb8f1f23a981f,CA,De La Pena Eye Clinic - DLP Santa Ana,De La Pena Eye Clinic - DLP Santa Ana,,Orange County,6,2026-02-18,2026-03-13,Closure Permanent,2026-08-30T21:43:41.512264Z
f06461231688c8ba,CA,Corteva Agriscience LLC,Corteva Agriscience,,Contra Costa County,3,2026-02-18,2026-04-24,Closure Permanent,2026-08-30T21:43:41.512264Z
d17048b8932c124d,CA,De La Pena Eye Clinic - DLP Los Angeles,De La Pena Eye Clinic - DLP Los Angeles,,Los Angeles County,12,2026-02-18,2026-03-13,Closure Permanent,2026-08-30T21:43:41.512264Z
d07d1dd247ede4a8,CA,De La Pena Eye Clinic - DLP Van Nuys,De La Pena Eye Clinic - DLP Van Nuys,,Los Angeles County,19,2026-02-18,2026-03-13,Closure Permanent,2026-08-30T21:43:41.512264Z
76941d3551462a32,CA,De La Pena Eye Clinic - DLP Long Beach,De La Pena Eye Clinic - DLP Long Beach,,Los Angeles County,3,2026-02-18,2026-03-13,Closure Permanent,2026-08-30T21:43:41.512264Z
59406e08d252d9a9,CA,De La Pena Eye Clinic - DLP El Monte,De La Pena Eye Clinic - DLP El Monte,,Los Angeles County,5,2026-02-18,2026-03-13,Closure Permanent,2026-08-30T21:43:41.512264Z
501b14ca1bfd2d1f,CA,De La Pena Eye Clinic - DLP Montebello,De La Pena Eye Clinic - DLP Montebello,,Los Angeles County,38,2026-02-18,2026-03-13,Closure Permanent,2026-08-30T21:43:41.512264Z
4d10022efd3a09b2,CA,De La Pena Eye Clinic - DLP Commerce,De La Pena Eye Clinic - DLP Commerce,,Los Angeles County,38,2026-02-18,2026-03-13,Closure Permanent,2026-08-30T21:43:41.512264Z
485342db531625cc,CA,De La Pena Eye Clinic - DLP Huntington Park,De La Pena Eye Clinic - DLP Huntington Park,,Los Angeles County,15,2026-02-18,2026-03-13,Closure Permanent,2026-08-30T21:43:41.512264Z
442a895136dac255,CA,Med-Laser Surgical Center LLC,Med-Laser Surgical Center,,Los Angeles County,22,2026-02-18,2026-04-14,Closure Permanent,2026-08-30T21:43:41.512264Z
d413c9b0a1e1b6a5,CA,Renova Energy Corporation,Renova Energy,,Riverside County,49,2026-02-17,2026-04-10,Closure Permanent,2026-08-30T21:43:41.512264Z
ba4827afe583a8b6,CA,Topanga Social Manager. LLC - Topanga Social Food Hall,Topanga Social Manager. LLC - Topanga Social Food Hall,,Los Angeles County,131,2026-02-17,2026-04-14,Closure Permanent,2026-08-30T21:43:41.512264Z
ab13dab1ca21807a,CA,"Red O La Jolla, LCC","Red O La Jolla, LCC",,San Diego County,91,2026-02-17,2026-04-20,Closure Permanent,2026-08-30T21:43:41.512264Z
6f0841b5392de41c,CA,California Resources Corporation (Ming),California Resources Corporation (Ming),,Kern County,9,2026-02-17,2026-02-14,Layoff Permanent,2026-08-30T21:43:41.512264Z
11f05af8e8a4b02a,CA,California Resources Corporation - (River Run),California Resources Corporation - (River Run),,Kern County,46,2026-02-17,2026-02-14,Layoff Permanent,2026-08-30T21:43:41.512264Z
f8927b7a74bc20cf,CA,LPL Financial LLC,LPL Financial,,San Diego County,72,2026-02-13,2026-04-17,Layoff Permanent,2026-08-30T21:43:41.512264Z
f79920e0ba2873fc,CA,"Harbinger Production, Inc.",Harbinger Production,,Solano County,290,2026-02-13,2026-04-13,Layoff Permanent,2026-08-30T21:43:41.512264Z
d311d5107054714d,CA,E.J. Gallo Winery - Louis M. Martini Winery,E.J. Gallo Winery - Louis M. Martini Winery,,Napa County,15,2026-02-13,2026-04-15,Layoff Permanent,2026-08-30T21:43:41.512264Z
bbb29053b9469027,CA,E. J. Gallo Wineries - J Vineyards & Winery,E. J. Gallo Wineries - J Vineyards & Winery,,Sonoma County,11,2026-02-13,2026-04-15,Layoff Permanent,2026-08-30T21:43:41.512264Z
84dc20c165d253ef,CA,E. J. Gallo Wineries - Frei Ranch,E. J. Gallo Wineries - Frei Ranch,,Sonoma County,9,2026-02-13,2026-04-15,Layoff Permanent,2026-08-30T21:43:41.512264Z
7e144e4b5163d1a9,CA,"Main Street Sports Group, LLC",Main Street Sports Group,,Los Angeles County,97,2026-02-13,2026-04-14,Closure Permanent,2026-08-30T21:43:41.512264Z
49c3553a0a9dc769,CA,Outdoor Research,Outdoor Research,,Los Angeles County,50,2026-02-13,2026-04-14,Closure Permanent,2026-08-30T21:43:41.512264Z
31a933b91b0984f8,CA,E. J. Gallo Wineries - Orin Swift Tasting Room,E. J. Gallo Wineries - Orin Swift Tasting Room,,Napa County,2,2026-02-13,2026-04-15,Layoff Permanent,2026-08-30T21:43:41.512264Z
d1fd7050418af588,CA,E.J. Gallo Winery - The Ranch Winery,E.J. Gallo Winery - The Ranch Winery,,Napa County,56,2026-02-12,2026-04-15,Closure Permanent,2026-08-30T21:43:41.512264Z
d1aed3cd1cd9ba82,CA,"Frito-Lay, Inc.",Frito-Lay,,San Bernardino County,248,2026-02-12,2026-06-06,Closure Permanent,2026-08-30T21:43:41.512264Z
67212b32368c78a0,CA,"Molina Healthcare, Inc.",Molina Healthcare,,Los Angeles County,156,2026-02-11,2026-04-05,Layoff Permanent,2026-08-30T21:43:41.512264Z
0bdecfe000b2cd99,CA,Yanfeng International Automotive Technology US I LLC,Yanfeng International Automotive Technology US I,,Alameda County,43,2026-02-11,2026-04-13,Layoff Permanent,2026-08-30T21:43:41.512264Z
deed8f611c164397,CA,Johns Manville,Johns Manville,,Glenn County,90,2026-02-10,2026-04-19,Closure Temporary,2026-08-30T21:43:41.512264Z
664809bba10fad55,CA,Clari Inc.,Clari,,Santa Clara County,76,2026-02-10,2026-04-11,Layoff Permanent,2026-08-30T21:43:41.512264Z
1a32b6c3595e2459,CA,Riot Games,Riot Games,,Los Angeles County,56,2026-02-10,2026-04-10,Layoff Permanent,2026-08-30T21:43:41.512264Z
4b8455819317a4eb,CA,Fender Musical Instruments Corporation,Fender Musical Instruments,,Riverside County,60,2026-02-09,2026-04-07,Layoff Permanent,2026-08-30T21:43:41.512264Z
5fb46a31916e1783,CA,Searles Valley Minerals,Searles Valley Minerals,,San Bernardino County,270,2026-02-06,2026-04-07,Layoff Permanent,2026-08-30T21:43:41.512264Z
09d05a968e07d43a,CA,"Super A Foods, Inc.",Super A Foods,,Los Angeles County,20,2026-02-06,2026-03-24,Closure Permanent,2026-08-30T21:43:41.512264Z
ef86e7343c37fe3f,CA,Del Monte Foods Corporation II Inc - Modesto,Del Monte Foods Corporation II Inc - Modesto,,Stanislaus County,765,2026-02-05,2026-04-07,Closure Permanent,2026-08-30T21:43:41.512264Z
e46f11e1fd2b451d,CA,"Liberty Dental Plan of California, Inc.",Liberty Dental Plan of California,,Orange County,22,2026-02-05,2026-04-06,Layoff Permanent,2026-08-30T21:43:41.512264Z
c716338e7d803a73,CA,RSVC Company (3051 Myers Street),RSVC Company (3051 Myers Street),,Riverside County,13,2026-02-05,2026-04-06,Closure Permanent,2026-08-30T21:43:41.512264Z
a8089f61bf50cdbb,CA,RSVC Company (1825 Chicago Avenue),RSVC Company (1825 Chicago Avenue),,Riverside County,114,2026-02-05,2026-04-06,Closure Permanent,2026-08-30T21:43:41.512264Z
9ddf062b80c3eb7a,CA,"Natron Energy, Inc.",Natron Energy,,Santa Clara County,58,2026-02-05,2025-09-03,Closure Permanent,2026-08-30T21:43:41.512264Z
743c1f0b430c21f3,CA,Workday Inc.,Workday,,Alameda County,154,2026-02-05,2026-04-06,Layoff Permanent,2026-08-30T21:43:41.512264Z
103e99c4f032b4e6,CA,"Medtronic, Inc.",Medtronic,,Los Angeles County,81,2026-02-05,2026-04-07,Layoff Permanent,2026-08-30T21:43:41.512264Z
0e36c5507ebaeea0,CA,Del Monte Foods Corporation II Inc. - Hughson,Del Monte Foods Corporation II Inc. - Hughson,,Stanislaus County,11,2026-02-05,2026-04-07,Closure Permanent,2026-08-30T21:43:41.512264Z
f706fd0d80ec4740,CA,HRL Laboratories,HRL Laboratories,,Los Angeles County,50,2026-02-04,2026-04-03,Layoff Permanent,2026-08-30T21:43:41.512264Z
f4cfa9c718532434,CA,"genentech, Inc.",genentech,,San Mateo County,141,2026-02-04,2025-08-18,Layoff Permanent,2026-08-30T21:43:41.512264Z
9e79a31749413de2,CA,HRL Laboratories,HRL Laboratories,,Ventura County,4,2026-02-04,2026-04-03,Layoff Permanent,2026-08-30T21:43:41.512264Z
7d4ee6823e1b80ee,CA,HRL Laboratories,HRL Laboratories,,Ventura County,35,2026-02-04,2026-04-03,Layoff Permanent,2026-08-30T21:43:41.512264Z
795803093bfb6129,CA,HRL Laboratories,HRL Laboratories,,Los Angeles County,21,2026-02-04,2026-04-03,Layoff Permanent,2026-08-30T21:43:41.512264Z
4a7fced76030d50b,CA,"Small Precision Tools California, Inc.",Small Precision Tools California,,Sonoma County,30,2026-02-04,2026-04-17,Layoff Permanent,2026-08-30T21:43:41.512264Z
3c457d5fbbaff598,CA,San Bruno CityNet Services,San Bruno CityNet Services,,San Mateo County,13,2026-02-04,2025-11-15,Closure Permanent,2026-08-30T21:43:41.512264Z
36fc9a4cde252033,CA,HRL Laboratories,HRL Laboratories,,Los Angeles County,258,2026-02-04,2026-04-03,Layoff Permanent,2026-08-30T21:43:41.512264Z
0fff3e558c107da8,CA,HRL Laboratories (Remote),HRL Laboratories (Remote),,Los Angeles County,8,2026-02-04,2026-04-03,Layoff Permanent,2026-08-30T21:43:41.512264Z
d8d5822d825f90b4,CA,City National Bank,City National Bank,,Los Angeles County,9,2026-02-03,2026-04-03,Layoff Not known at this time,2026-08-30T21:43:41.512264Z
bdc398e29731af51,CA,"Meta Platforms, Inc. - 1 Hacker","Meta Platforms, Inc. - 1 Hacker",,San Mateo County,6,2026-02-03,2026-03-20,Layoff Permanent,2026-08-30T21:43:41.512264Z
728a48667fe11bb1,CA,"Meta Platforms, Inc. - 180 Jefferson","Meta Platforms, Inc. - 180 Jefferson",,San Mateo County,2,2026-02-03,2026-03-20,Layoff Permanent,2026-08-30T21:43:41.512264Z
5e5b675319c15261,CA,"Meta Platforms, Inc. - 305 Constitution","Meta Platforms, Inc. - 305 Constitution",,San Mateo County,39,2026-02-03,2026-03-20,Layoff Permanent,2026-08-30T21:43:41.512264Z
59c432fce0b96518,CA,"Constellation Brands, Inc.",Constellation Brands,,Madera County,212,2026-02-03,2026-04-03,Layoff Permanent,2026-08-30T21:43:41.512264Z
2e5454d24aecb275,CA,"Meta Platforms, Inc. - 190 Jefferson","Meta Platforms, Inc. - 190 Jefferson",,San Mateo County,1,2026-02-03,2026-03-20,Layoff Permanent,2026-08-30T21:43:41.512264Z
1d6274301d4bb332,CA,"Meta Platforms, Inc. - 220 Jefferson","Meta Platforms, Inc. - 220 Jefferson",,San Mateo County,2,2026-02-03,2026-03-20,Layoff Permanent,2026-08-30T21:43:41.512264Z
1c80274433c41040,CA,"Western Digital Technologies, Inc.",Western Digital Technologies,,Santa Clara County,47,2026-02-03,2026-01-27,Layoff Permanent,2026-08-30T21:43:41.512264Z
02d84a511aac9dd2,CA,"Meta Platforms, Inc.",Meta Platforms,,Santa Clara County,52,2026-02-03,2026-03-20,Layoff Permanent,2026-08-30T21:43:41.512264Z
00fbabe43115b8c3,CA,"First Brands Group, LLC",First Brands Group,,Stanislaus County,98,2026-02-03,2026-04-04,Closure Permanent,2026-08-30T21:43:41.512264Z
eb14edde965e70f7,CA,"Intrepid Studios, Inc.",Intrepid Studios,,San Diego County,123,2026-02-02,2026-02-02,Closure Permanent,2026-08-30T21:43:41.512264Z
ea74ebd98807d464,CA,Legacy Supply Chain,Legacy Supply Chain,,San Diego County,14,2026-02-02,2026-04-01,Layoff Permanent,2026-08-30T21:43:41.512264Z
d1e66eda701d5711,CA,Legacy Supply Chain,Legacy Supply Chain,,San Bernardino County,11,2026-02-02,2026-04-01,Layoff Permanent,2026-08-30T21:43:41.512264Z
bdaf18fae6bfd227,CA,Legacy Supply Chain,Legacy Supply Chain,,Los Angeles County,8,2026-02-02,2026-04-01,Layoff Permanent,2026-08-30T21:43:41.512264Z
acd21f638be73d15,CA,Phillips 66,Phillips 66,,Los Angeles County,40,2026-02-02,2026-04-03,Closure Permanent,2026-08-30T21:43:41.512264Z
9e8df1421e210c52,CA,V2X - NASA Armstrong Flight Research Center MS 1714,V2X - NASA Armstrong Flight Research Center MS 1714,,Kern County,62,2026-02-02,2026-03-01,Closure Permanent,2026-08-30T21:43:41.512264Z
9beb2df81a650be9,CA,Legacy Supply Chain,Legacy Supply Chain,,Riverside County,4,2026-02-02,2026-04-01,Layoff Permanent,2026-08-30T21:43:41.512264Z
9aab9f914739741d,CA,Legacy Supply Chain,Legacy Supply Chain,,Orange County,92,2026-02-02,2026-04-01,Layoff Permanent,2026-08-30T21:43:41.512264Z
840463d04d57fa6f,CA,"American Eagle Outfitters, Inc.",American Eagle Outfitters,,Orange County,108,2026-02-02,2026-04-03,Closure Permanent,2026-08-30T21:43:41.512264Z
71b0cc41061c0256,CA,Phillips 66,Phillips 66,,Los Angeles County,82,2026-02-02,2026-04-03,Closure Permanent,2026-08-30T21:43:41.512264Z
56b106f6961b141b,CA,Medical Device Components LLC dba Lighteum Medical,Medical Device Components,Lighteum Medical,San Diego County,83,2026-02-02,2026-04-03,Layoff Permanent,2026-08-30T21:43:41.512264Z
385987850221674d,CA,Regal Rexnord,Regal Rexnord,,Fresno County,3,2026-02-02,2026-04-10,Closure Permanent,2026-08-30T21:43:41.512264Z
fa5831d2cbe9ce55,CA,"Chan Zuckerberg Initiative, LLC",Chan Zuckerberg Initiative,,San Mateo County,38,2026-01-30,2026-03-30,Layoff Permanent,2026-08-30T21:43:41.512264Z
e40500b3eb4a7045,CA,Amazon (LAX16),Amazon (LAX16),,Los Angeles County,46,2026-01-30,2026-04-28,Layoff Permanent,2026-08-30T21:43:41.512264Z
d6bf4f86f1eb6cc1,CA,Amazon,Amazon,,Santa Clara County,81,2026-01-30,2026-04-28,Layoff Permanent,2026-08-30T21:43:41.512264Z
cf405ec65f687743,CA,Amazon - SNA 3,Amazon - SNA 3,,Orange County,34,2026-01-30,2026-04-28,Layoff Permanent,2026-08-30T21:43:41.512264Z
cb8a6af571789651,CA,Amazon (SJC38),Amazon (SJC38),,Santa Clara County,141,2026-01-30,2026-04-28,Layoff Permanent,2026-08-30T21:43:41.512264Z
bdc52ae577ec9732,CA,Amazon,Amazon,,Santa Clara County,58,2026-01-30,2026-04-28,Layoff Permanent,2026-08-30T21:43:41.512264Z
bcbf298c57006bd3,CA,Amazon - SFO 28,Amazon - SFO 28,,San Francisco County,84,2026-01-30,2026-04-28,Layoff Permanent,2026-08-30T21:43:41.512264Z
abb6b19e3dbc92c6,CA,Amazon,Amazon,,Santa Clara County,11,2026-01-30,2026-04-28,Layoff Permanent,2026-08-30T21:43:41.512264Z
958ccc4b7100994f,CA,Amazon,Amazon,,Santa Clara County,89,2026-01-30,2026-04-28,Layoff Permanent,2026-08-30T21:43:41.512264Z
92d1e43e176b8cc9,CA,Amazon - SAN 18,Amazon - SAN 18,,San Diego County,13,2026-01-30,2026-04-28,Layoff Permanent,2026-08-30T21:43:41.512264Z
90171a47e8b0c971,CA,Amazon (LAX10),Amazon (LAX10),,Los Angeles County,2,2026-01-30,2026-04-28,Layoff Permanent,2026-08-30T21:43:41.512264Z
7d24e58621511b57,CA,Amazon,Amazon,,Santa Clara County,3,2026-01-30,2026-04-28,Layoff Permanent,2026-08-30T21:43:41.512264Z
78768158fc5fa3dc,CA,"MINACT, Inc.",Minact,,San Francisco County,118,2026-01-30,2026-03-31,Layoff Temporary,2026-08-30T21:43:41.512264Z
6c7eb119ec8b739f,CA,Amazon - SAN 21,Amazon - SAN 21,,San Diego County,2,2026-01-30,2026-04-28,Layoff Permanent,2026-08-30T21:43:41.512264Z
68f83c7c87e3c610,CA,Amazon - SAN 3,Amazon - SAN 3,,San Diego County,1,2026-01-30,2026-04-28,Layoff Permanent,2026-08-30T21:43:41.512264Z
6652e00754e8083c,CA,Amazon (LAX78),Amazon (LAX78),,Los Angeles County,45,2026-01-30,2026-04-28,Layoff Permanent,2026-08-30T21:43:41.512264Z
638cfc7fc98e06c4,CA,Amazon - SAN 13,Amazon - SAN 13,,San Diego County,38,2026-01-30,2026-04-28,Layoff Permanent,2026-08-30T21:43:41.512264Z
60157117cfe466e4,CA,"Chan Zuckerberg Biohub, Inc.",Chan Zuckerberg Biohub,,San Francisco County,1,2026-01-30,2026-03-30,Layoff Permanent,2026-08-30T21:43:41.512264Z
5e3830b96719a3ad,CA,Amazon (SJC25),Amazon (SJC25),,Santa Clara County,43,2026-01-30,2026-04-28,Layoff Permanent,2026-08-30T21:43:41.512264Z
56e18b577e5057e4,CA,Amazon - SAN 15,Amazon - SAN 15,,San Diego County,1,2026-01-30,2026-04-28,Layoff Permanent,2026-08-30T21:43:41.512264Z
50ec247e014ef433,CA,Amazon,Amazon,,Santa Clara County,32,2026-01-30,2026-04-28,Layoff Permanent,2026-08-30T21:43:41.512264Z
3ff8b6331df1cbac,CA,Amazon - SNA 20,Amazon - SNA 20,,Orange County,25,2026-01-30,2026-04-28,Layoff Permanent,2026-08-30T21:43:41.512264Z
3dc6dd1dfb64831f,CA,Amazon - SNA 16,Amazon - SNA 16,,Orange County,24,2026-01-30,2026-04-28,Layoff Permanent,2026-08-30T21:43:41.512264Z
3d9abb47be0fd029,CA,Amazon (SJC44),Amazon (SJC44),,Santa Clara County,49,2026-01-30,2026-04-28,Layoff Permanent,2026-08-30T21:43:41.512264Z
3bce1c5584338198,CA,Amazon,Amazon,,Santa Clara County,87,2026-01-30,2026-04-28,Layoff Permanent,2026-08-30T21:43:41.512264Z
3783ca60602ed949,CA,Amazon - SNA12,Amazon - SNA12,,Orange County,5,2026-01-30,2026-04-28,Layoff Permanent,2026-08-30T21:43:41.512264Z
2ae1a21696703e9b,CA,Amazon - SNA 17,Amazon - SNA 17,,Orange County,1,2026-01-30,2026-04-28,Layoff Permanent,2026-08-30T21:43:41.512264Z
26a833307fca7fb2,CA,Amazon - SFO 13,Amazon - SFO 13,,San Francisco County,19,2026-01-30,2026-04-28,Layoff Permanent,2026-08-30T21:43:41.512264Z
1f99dde2f3653821,CA,Amazon - SAN 17,Amazon - SAN 17,,San Diego County,19,2026-01-30,2026-04-28,Layoff Permanent,2026-08-30T21:43:41.512264Z
1897e4c646a78162,CA,"Chan Zuckerberg Initiative, LLC - Remote","Chan Zuckerberg Initiative, LLC - Remote",,San Mateo County,32,2026-01-30,2026-03-30,Layoff Permanent,2026-08-30T21:43:41.512264Z
177daf74edc5512d,CA,"Mercury Systems, Inc.",Mercury Systems,,Alameda County,18,2026-01-30,2026-03-31,Closure Permanent,2026-08-30T21:43:41.512264Z
137fc9dfa23c0132,CA,Amazon,Amazon,,Santa Clara County,72,2026-01-30,2026-04-28,Layoff Permanent,2026-08-30T21:43:41.512264Z
e85075b180ea002b,CA,Shell Recharge Solutions,Shell Recharge Solutions,,Los Angeles County,29,2026-01-29,2026-03-31,Layoff Permanent,2026-08-30T21:43:41.512264Z
7f7981488f48824d,CA,"Innovation Bakers, LLC",Innovation Bakers,,Orange County,117,2026-01-29,2026-03-31,Layoff Permanent,2026-08-30T21:43:41.512264Z
7494ee5f5a146ca6,CA,First Foundation Inc.,First Foundation,,Orange County,98,2026-01-29,2026-03-31,Layoff Permanent,2026-08-30T21:43:41.512264Z
fb5e59c3df0d0602,CA,Pinterest Inc. (CA Remote),Pinterest Inc. (CA Remote),,San Francisco County,4,2026-01-28,2026-03-31,Layoff Permanent,2026-08-30T21:43:41.512264Z
de824e89c14509ce,CA,Amazon - MAF9,Amazon - MAF9,,Los Angeles County,155,2026-01-28,2026-04-28,Closure Permanent,2026-08-30T21:43:41.512264Z
d61103079226d422,CA,Amazon - MAK9,Amazon - MAK9,,Los Angeles County,134,2026-01-28,2026-04-28,Closure Permanent,2026-08-30T21:43:41.512264Z
d17be889c45f29b2,CA,Amazon - MAF3,Amazon - MAF3,,Los Angeles County,201,2026-01-28,2026-04-28,Closure Permanent,2026-08-30T21:43:41.512264Z
ccd0ac50c34438c9,CA,Amazon - MAH8,Amazon - MAH8,,Riverside County,172,2026-01-28,2026-04-28,Closure Permanent,2026-08-30T21:43:41.512264Z
c6c5ed61172455c1,CA,Amazon - MAM9,Amazon - MAM9,,Sacramento County,179,2026-01-28,2026-04-28,Closure Permanent,2026-08-30T21:43:41.512264Z
bd6948d48ea31817,CA,Pinterest Inc. (Palo Alto),Pinterest Inc. (Palo Alto),,Santa Clara County,16,2026-01-28,2026-03-31,Layoff Permanent,2026-08-30T21:43:41.512264Z
b921ba7875a9bbec,CA,Amazon - MAG1,Amazon - MAG1,,Los Angeles County,185,2026-01-28,2026-04-28,Closure Permanent,2026-08-30T21:43:41.512264Z
b7212bc7ea41a918,CA,Amazon - MAB9,Amazon - MAB9,,Orange County,191,2026-01-28,2026-04-28,Closure Permanent,2026-08-30T21:43:41.512264Z
817f21f8a57c1a5c,CA,Amazon - MAQ8,Amazon - MAQ8,,Sacramento County,163,2026-01-28,2026-04-28,Closure Permanent,2026-08-30T21:43:41.512264Z
809008fbee662e28,CA,Amazon - MAC2,Amazon - MAC2,,Orange County,175,2026-01-28,2026-04-28,Closure Permanent,2026-08-30T21:43:41.512264Z
7b49335c035c58e7,CA,Amazon - MBA6,Amazon - MBA6,,Orange County,181,2026-01-28,2026-04-28,Closure Permanent,2026-08-30T21:43:41.512264Z
6c04165e8fbc3fa9,CA,Pinterest Inc. (San Francisco),Pinterest Inc. (San Francisco),,San Francisco County,98,2026-01-28,2026-03-31,Layoff Permanent,2026-08-30T21:43:41.512264Z
69e2780baf053693,CA,Amazon - MAB5,Amazon - MAB5,,Los Angeles County,184,2026-01-28,2026-04-28,Closure Permanent,2026-08-30T21:43:41.512264Z
640b6804b51e35c5,CA,Amazon - MAI8,Amazon - MAI8,,Riverside County,182,2026-01-28,2026-04-28,Closure Permanent,2026-08-30T21:43:41.512264Z
63ec255fe0fcc097,CA,Amazon - MAB8,Amazon - MAB8,,Orange County,191,2026-01-28,2026-04-28,Closure Permanent,2026-08-30T21:43:41.512264Z
5e7b11dc977d4211,CA,Amazon - MAF5,Amazon - MAF5,,San Bernardino County,190,2026-01-28,2026-04-28,Closure Permanent,2026-08-30T21:43:41.512264Z
5835c7467b041c6f,CA,Amazon - MAQ9,Amazon - MAQ9,,Placer County,174,2026-01-28,2026-04-28,Closure Permanent,2026-08-30T21:43:41.512264Z
55aa92d211d1570a,CA,Amazon - MAF8,Amazon - MAF8,,Los Angeles County,196,2026-01-28,2026-04-28,Closure Permanent,2026-08-30T21:43:41.512264Z
5513541a6d0df36d,CA,Amazon - MAJ8,Amazon - MAJ8,,Riverside County,160,2026-01-28,2026-04-28,Closure Permanent,2026-08-30T21:43:41.512264Z
520f00b2d7f3917a,CA,Amazon - MAO6,Amazon - MAO6,,San Bernardino County,189,2026-01-28,2026-04-28,Closure Permanent,2026-08-30T21:43:41.512264Z
45ecc8a6c7442e8c,CA,Amazon - MAM7,Amazon - MAM7,,Ventura County,139,2026-01-28,2026-04-28,Closure Permanent,2026-08-30T21:43:41.512264Z
2a457c26e80cf14f,CA,Amazon - MAC9,Amazon - MAC9,,Los Angeles County,168,2026-01-28,2026-04-28,Closure Permanent,2026-08-30T21:43:41.512264Z
233cc315ea0a9d11,CA,Amazon - MAB1,Amazon - MAB1,,Los Angeles County,215,2026-01-28,2026-04-28,Closure Permanent,2026-08-30T21:43:41.512264Z
129e0986682baa87,CA,BEN Group. Inc (BENlabs),BEN Group. Inc (BENlabs),,Los Angeles County,75,2026-01-28,2026-03-06,Closure Permanent,2026-08-30T21:43:41.512264Z
01d445debaf832dc,CA,Amazon - MAB4,Amazon - MAB4,,Los Angeles County,131,2026-01-28,2026-04-28,Closure Permanent,2026-08-30T21:43:41.512264Z
ff9c71f97875d42b,CA,"Catholic Charities, Diocese of San Diego - Mission Valley ASIP","Catholic Charities, Diocese of San Diego - Mission Valley ASIP",,San Diego County,45,2026-01-27,2026-03-31,Layoff Permanent,2026-08-30T21:43:41.512264Z
f6dad1e3f2bc08c0,CA,Google (MP2),Google (MP2),,Santa Clara County,3,2026-01-27,2026-03-22,Layoff Permanent,2026-08-30T21:43:41.512264Z
ee48a766dcb10d5e,CA,Google (MPD237),Google (MPD237),,Santa Clara County,19,2026-01-27,2026-03-15,Layoff Permanent,2026-08-30T21:43:41.512264Z
ea4a66ad761a228b,CA,"Schultz Industrial Services, Inc.",Schultz Industrial Services,,Los Angeles County,66,2026-01-27,2026-03-31,Closure Permanent,2026-08-30T21:43:41.512264Z
c30524aaea54bcdd,CA,"Catholic Charities, Diocese of San Diego - MG Suite A","Catholic Charities, Diocese of San Diego - MG Suite A",,San Diego County,7,2026-01-27,2026-03-31,Layoff Permanent,2026-08-30T21:43:41.512264Z
b7b679de45adc95a,CA,JBT Marel Corporation,JBT Marel,,Madera County,59,2026-01-27,2026-09-18,Closure Permanent,2026-08-30T21:43:41.512264Z
ac34cfd9e04972f9,CA,Google (MP3),Google (MP3),,Santa Clara County,27,2026-01-27,2026-03-29,Layoff Permanent,2026-08-30T21:43:41.512264Z
a8cf13c501bb5937,CA,"Catholic Charities, Diocese of San Diego - Pastoral Center","Catholic Charities, Diocese of San Diego - Pastoral Center",,San Diego County,6,2026-01-27,2026-03-31,Layoff Permanent,2026-08-30T21:43:41.512264Z
82f9800f299bee8d,CA,Google (MP1),Google (MP1),,Santa Clara County,2,2026-01-27,2026-03-29,Layoff Permanent,2026-08-30T21:43:41.512264Z
813333f0f4981b13,CA,"Catholic Charities, Diocese of San Diego - San Diego Migrant Shelter","Catholic Charities, Diocese of San Diego - San Diego Migrant Shelter",,San Diego County,7,2026-01-27,2026-03-31,Layoff Permanent,2026-08-30T21:43:41.512264Z
65783f831abe7b63,CA,Thermo Fisher Scientific,Thermo Fisher Scientific,,San Diego County,173,2026-01-27,2026-03-18,Layoff Temporary,2026-08-30T21:43:41.512264Z
61fdb27c4074135f,CA,"Catholic Charities, Diocese of San Diego - MG Suite B","Catholic Charities, Diocese of San Diego - MG Suite B",,San Diego County,11,2026-01-27,2026-03-31,Layoff Permanent,2026-08-30T21:43:41.512264Z
5866cc6759862014,CA,Google (HMBLT3),Google (HMBLT3),,Santa Clara County,1,2026-01-27,2026-03-29,Layoff Permanent,2026-08-30T21:43:41.512264Z
488deab17b87c0cd,CA,Google (BRGAS1265),Google (BRGAS1265),,Santa Clara County,1,2026-01-27,2026-04-12,Layoff Permanent,2026-08-30T21:43:41.512264Z
318ecabae9799a77,CA,Google (MP4),Google (MP4),,Santa Clara County,24,2026-01-27,2026-03-15,Layoff Permanent,2026-08-30T21:43:41.512264Z
b5018bc3da0e05c7,CA,Phillips 66 - Wilmington,Phillips 66 - Wilmington,,Los Angeles County,111,2026-01-26,2026-12-01,Closure Permanent,2026-08-30T21:43:41.512264Z
89ffbee3a5c33244,CA,Phillips 66,Phillips 66,,Los Angeles County,44,2026-01-26,2026-12-01,Closure Permanent,2026-08-30T21:43:41.512264Z
d8ea77a2111db3f4,CA,"Illumina, Inc Worldwide Headquarters","Illumina, Inc Worldwide Headquarters",,San Diego County,1,2026-01-23,2026-03-09,Layoff Permanent,2026-08-30T21:43:41.512264Z
404730b6f1451c79,CA,"Illumina, Inc. Worldwide Headquarters","Illumina, Inc. Worldwide Headquarters",,San Diego County,4,2026-01-23,2026-03-16,Layoff Permanent,2026-08-30T21:43:41.512264Z
3ef575c7331f6a11,CA,Corteva Agriscience,Corteva Agriscience,,Contra Costa County,1,2026-01-23,2026-02-27,Layoff Permanent,2026-08-30T21:43:41.512264Z
1f664d7080c51706,CA,Autodesk,Autodesk,,San Francisco County,104,2026-01-23,2026-04-01,Layoff Permanent,2026-08-30T21:43:41.512264Z
16edb0955434dcb0,CA,"Gilead Sciences, Inc.",Gilead Sciences,,San Diego County,34,2026-01-22,2026-03-27,Layoff Permanent,2026-08-30T21:43:41.512264Z
d5d2205f4f8a15bb,CA,"Meta Platforms, Inc.",Meta Platforms,,Los Angeles County,53,2026-01-21,2026-03-20,Layoff Permanent,2026-08-30T21:43:41.512264Z
b2effb32bfb07429,CA,"Meta Platforms, Inc.",Meta Platforms,,San Mateo County,219,2026-01-21,2026-03-20,Layoff Permanent,2026-08-30T21:43:41.512264Z
a63a05f4cc8176eb,CA,McGee Air Services,McGee Air Services,,Alameda County,32,2026-01-21,2026-03-06,Closure Permanent,2026-08-30T21:43:41.512264Z
978035a2c8ba838a,CA,"Primo Brands, Inc.",Primo Brands,,San Diego County,19,2026-01-21,2026-03-17,Layoff Permanent,2026-08-30T21:43:41.512264Z
453649561bfd0781,CA,Western Digital Technologies,Western Digital Technologies,,Santa Clara County,87,2026-01-21,2026-01-20,Layoff Permanent,2026-08-30T21:43:41.512264Z
425914e9ee2e555c,CA,"Pioneer Custom Electrical Products, LLC",Pioneer Custom Electrical Products,,Los Angeles County,47,2026-01-21,2026-03-31,Closure Permanent,2026-08-30T21:43:41.512264Z
dab324c5d5b2744b,CA,"Resonetics, LLC",Resonetics,,San Mateo County,61,2026-01-20,2026-04-21,Closure Permanent,2026-08-30T21:43:41.512264Z
ffa59c23b26cf74a,CA,Sealed Air Corporation,Sealed Air,,Los Angeles County,51,2026-01-16,2026-04-30,Closure Permanent,2026-08-30T21:43:41.512264Z
ed0793d697a37e17,CA,UKG Inc.,UKG,,Orange County,209,2026-01-16,2026-03-16,Closure Permanent,2026-08-30T21:43:41.512264Z
d3e5ad8ec0b7afd4,CA,Best Buy,Best Buy,,San Diego County,46,2026-01-16,2026-03-17,Closure Permanent,2026-08-30T21:43:41.512264Z
b4f379d34ee0df42,CA,DHL Supply Chain,DHL Supply Chain,,Alameda County,74,2026-01-16,2026-03-20,Layoff Permanent,2026-08-30T21:43:41.512264Z
957ee0c3a4ceab8d,CA,Best Buy,Best Buy,,Santa Clara County,60,2026-01-16,2026-03-17,Closure Permanent,2026-08-30T21:43:41.512264Z
7a4e1a9047f3cb95,CA,GCOM Software LLC dba Voyatek,GCOM Software,Voyatek,Sacramento County,8,2026-01-16,2026-03-20,Layoff Permanent,2026-08-30T21:43:41.512264Z
67cbe4b8802adbaf,CA,"Nationstar Mortgage, LLC d/b/a Mr. Cooper",Nationstar Mortgage,Mr. Cooper,Orange County,8,2026-01-16,2026-01-16,Layoff Permanent,2026-08-30T21:43:41.512264Z
566e275bef6ce707,CA,Albertsons Companies LLC,Albertsons,,Riverside County,75,2026-01-16,2026-03-19,Closure Permanent,2026-08-30T21:43:41.512264Z
527549f771ccefb7,CA,The Vons Companies Inc.,The Vons,,San Bernardino County,70,2026-01-16,2026-03-19,Closure Permanent,2026-08-30T21:43:41.512264Z
41f7d4e33b0a4b74,CA,"Lakeshore Learning Materials, LLC",Lakeshore Learning Materials,,Los Angeles County,163,2026-01-16,2026-03-16,Layoff Permanent,2026-08-30T21:43:41.512264Z
2e49323db7fe8de5,CA,James Hardie Fontana Manufacturing,James Hardie Fontana Manufacturing,,San Bernardino County,94,2026-01-16,2026-03-16,Closure Permanent,2026-08-30T21:43:41.512264Z
e7cb339f1f261226,CA,Valero Refining Company,Valero Refining,,Solano County,237,2026-01-15,2026-03-15,Layoff Permanent,2026-08-30T21:43:41.512264Z
c4dffbd115498a3d,CA,RR Donnelley,RR Donnelley,,Alameda County,70,2026-01-15,2026-03-31,Closure Permanent,2026-08-30T21:43:41.512264Z
282b6ceea7e75250,CA,Amy's Drive-Thru,Amy's Drive-Thru,,Sonoma County,55,2026-01-15,2026-03-08,Closure Permanent,2026-08-30T21:43:41.512264Z
edf9c57454710f25,CA,"Copan Diagnostics, Inc.",Copan Diagnostics,,San Diego County,79,2026-01-14,2026-03-13,Closure Permanent,2026-08-30T21:43:41.512264Z
d119421018eb2a6c,CA,Informatica LLC,Informatica,,San Mateo County,35,2026-01-14,2026-02-28,Layoff Permanent,2026-08-30T21:43:41.512264Z
7995f5bc01bf993a,CA,"Nestle USA, Inc. Mira Loma Distribution Center","Nestle USA, Inc. Mira Loma Distribution Center",,Riverside County,88,2026-01-14,2026-03-13,Closure Permanent,2026-08-30T21:43:41.512264Z
5595fde1dcd87145,CA,Wabash National LP,Wabash National,,Riverside County,94,2026-01-14,2026-03-06,Layoff Permanent,2026-08-30T21:43:41.512264Z
3ead6bda8c242e8b,CA,Wabash National LP,Wabash National,,Riverside County,6,2026-01-14,2026-03-06,Layoff Permanent,2026-08-30T21:43:41.512264Z
c9c836e89d208d2e,CA,Pomona Hospital Medical Center (300),Pomona Hospital Medical Center,,Los Angeles County,4,2026-01-13,2026-03-08,Layoff Permanent,2026-08-30T21:43:41.512264Z
88536a8fd1bab530,CA,Pomona Hospital Medical Center (1798),Pomona Hospital Medical Center,,Los Angeles County,108,2026-01-13,2026-03-08,Layoff Permanent,2026-08-30T21:43:41.512264Z
71c307488ed93478,CA,Pomona Hospital Medical Center (1601),Pomona Hospital Medical Center,,Los Angeles County,1,2026-01-13,2026-03-08,Layoff Permanent,2026-08-30T21:43:41.512264Z
2a6eaea1314dbea2,CA,Hupp Draft Services,Hupp Draft Services,,Butte County,75,2026-01-13,2026-02-27,Closure Permanent,2026-08-30T21:43:41.512264Z
f60cb0ccefb06ba1,CA,Macy's,Macy's,,San Diego County,77,2026-01-12,2026-03-18,Closure Permanent,2026-08-30T21:43:41.512264Z
7de244e701cbf3c7,CA,Local Initiative Health Authority for Los Angeles County dba L.A. Care Health Plan,Local Initiative Health Authority for Los Angeles County,L.A. Care Health Plan,Los Angeles County,225,2026-01-12,2026-03-13,Layoff Permanent,2026-08-30T21:43:41.512264Z
0aebfe2b6a726480,CA,Cucina Enoteca Del Mar,Cucina Enoteca Del Mar,,San Diego County,43,2026-01-12,2026-03-11,Layoff Permanent,2026-08-30T21:43:41.512264Z
e9e042995017d142,CA,Alameda Health System - John George Hospital,Alameda Health System - John George Hospital,,Alameda County,16,2026-01-08,2026-03-09,Layoff Permanent,2026-08-30T21:43:41.512264Z
e7357ec6d18a53af,CA,Alameda Health System - Park Bridge,Alameda Health System - Park Bridge,,Alameda County,3,2026-01-08,2026-03-09,Layoff Permanent,2026-08-30T21:43:41.512264Z
cec05f3eddda0420,CA,Alameda Health System - Wilma Chan Highland Hospital,Alameda Health System - Wilma Chan Highland Hospital,,Alameda County,128,2026-01-08,2026-03-09,Layoff Permanent,2026-08-30T21:43:41.512264Z
6f89db1f4094bc49,CA,Alameda Health System - San Leandro Hospital,Alameda Health System - San Leandro Hospital,,Alameda County,22,2026-01-08,2026-03-09,Layoff Permanent,2026-08-30T21:43:41.512264Z
3c8edc4de2269e86,CA,Alameda Health System - Alameda Hospital,Alameda Health System - Alameda Hospital,,Alameda County,9,2026-01-08,2026-03-09,Layoff Permanent,2026-08-30T21:43:41.512264Z
1cde8a23f630db01,CA,Alameda Health System - System Support Center,Alameda Health System - System Support Center,,Alameda County,18,2026-01-08,2026-03-09,Layoff Permanent,2026-08-30T21:43:41.512264Z
1966c4033e4c9015,CA,Alameda Health System - Fairmont Rehabilitation and Wellness,Alameda Health System - Fairmont Rehabilitation and Wellness,,Alameda County,44,2026-01-08,2026-03-09,Layoff Permanent,2026-08-30T21:43:41.512264Z
ee6c23a62eedaa98,CA,"Bonduelle Americas dba Ready Pac Foods, Inc.",Bonduelle Americas,"Ready Pac Foods, Inc",Los Angeles County,62,2026-01-07,2026-02-01,Layoff Permanent,2026-08-30T21:43:41.512264Z
ce2fdfa888c9edcc,CA,"FormFactor, Inc.",FormFactor,,San Diego County,107,2026-01-06,2026-12-18,Closure Permanent,2026-08-30T21:43:41.512264Z
9bf5eee92dcc4f3c,CA,"FormFactor, Inc.",FormFactor,,Los Angeles County,113,2026-01-06,2026-01-30,Closure Permanent,2026-08-30T21:43:41.512264Z
58d7cd0fd7831c05,CA,"Advanced Uniform Dust Control & Linen, LLC",Advanced Uniform Dust Control & Linen,,Stanislaus County,89,2026-01-06,2026-03-06,Closure Permanent,2026-08-30T21:43:41.512264Z
2722c97fc31fb84a,CA,"Advanced Uniform Dust Control & Linen, LLC",Advanced Uniform Dust Control & Linen,,Monterey County,4,2026-01-05,2026-03-06,Closure Permanent,2026-08-30T21:43:41.512264Z
b78ee7749d6d4357,CA,"Mare Island Dry Dock, LLC",Mare Island Dry Dock,,Solano County,84,2025-12-30,2025-12-29,Closure Permanent,2026-08-30T21:43:41.512264Z
082b0e258a5d8f31,CA,Fullstack Modular LLC,Fullstack Modular,,Los Angeles County,200,2025-12-24,2026-02-23,Layoff Not known at this time,2026-08-30T21:43:41.512264Z
ddaef19f438412fc,CA,"Illumina, Inc.",Illumina,,San Diego County,1,2025-12-23,2025-12-22,Layoff Permanent,2026-08-30T21:43:41.512264Z
d19355d980537579,CA,Collins Pine Company,Collins Pine,,Plumas County,79,2025-12-23,2026-02-20,Layoff Temporary,2026-08-30T21:43:41.512264Z
a3f23338e7babef0,CA,Warner Music Inc.,Warner Music,,Los Angeles County,5,2025-12-18,2026-02-16,Layoff Permanent,2026-08-30T21:43:41.512264Z
5c3821cbe378de74,CA,Leprino Foods Company,Leprino Foods,,Kings County,100,2025-12-17,2026-12-30,Closure Permanent,2026-08-30T21:43:41.512264Z
9fec1a506cbe1be3,CA,"Primo Brands, Inc.",Primo Brands,,Orange County,1,2025-12-15,2026-02-13,Layoff Permanent,2026-08-30T21:43:41.512264Z
526bdf0581c74f51,CA,"Primo Brands, Inc.",Primo Brands,,Riverside County,2,2025-12-15,2026-02-13,Layoff Permanent,2026-08-30T21:43:41.512264Z
1747ee971694962d,CA,Raytheon,Raytheon,,Los Angeles County,1,2025-12-15,2026-02-13,Layoff Permanent,2026-08-30T21:43:41.512264Z
81c9aa612178c92d,CA,"Anheuser-Busch Commercial Strategy, LLC",Anheuser-Busch Commercial Strategy,,Solano County,238,2025-12-12,2026-02-09,Closure Permanent,2026-08-30T21:43:41.512264Z
24f83e7779b8b647,CA,"Illumina, Inc.",Illumina,,San Diego County,7,2025-12-12,2025-12-08,Layoff Permanent,2026-08-30T21:43:41.512264Z
dc14972cd6e37b0c,CA,"G&C Staffing, LLC (Gold Flora) (1695 S 7th Street)","G&C Staffing, LLC (Gold Flora) (1695 S 7th Street)",,Santa Clara County,36,2025-12-11,2026-02-10,Closure Permanent,2026-08-30T21:43:41.512264Z
8d779088e6d3c9b7,CA,"G&C Staffing, LLC (Gold Flora) (1190 Coleman Avenue)","G&C Staffing, LLC (Gold Flora) (1190 Coleman Avenue)",,Santa Clara County,6,2025-12-11,2026-02-10,Closure Permanent,2026-08-30T21:43:41.512264Z
3b8c4411792593af,CA,"G&C Staffing, LLC (Gold Flora)","G&C Staffing, LLC (Gold Flora)",,Riverside County,12,2025-12-11,2026-02-10,Closure Permanent,2026-08-30T21:43:41.512264Z
273a559d54483dd5,CA,Zebra Technologies Corporation,Zebra Technologies,,Santa Clara County,75,2025-12-11,2026-02-09,Closure Permanent,2026-08-30T21:43:41.512264Z
088b2c11c18a99eb,CA,"bioMerieux, Inc.",bioMerieux,,Santa Clara County,121,2025-12-11,2026-04-03,Closure Permanent,2026-08-30T21:43:41.512264Z
beeb221299131182,CA,Blue Diamond Growers,Blue Diamond Growers,,Sacramento County,1,2025-12-10,2025-09-01,Closure Permanent,2026-08-30T21:43:41.512264Z
9a76ddd04542a582,CA,AARP,AARP,,Los Angeles County,18,2025-12-10,2026-01-09,Closure Permanent,2026-08-30T21:43:41.512264Z
34291ead58bbbfd6,CA,Wells Fargo,Wells Fargo,,Sacramento County,114,2025-12-10,2026-02-06,Layoff Permanent,2026-08-30T21:43:41.512264Z
f3f038f07f778e55,CA,Terzo Enterprises Incorporated,Terzo Enterprises,,Kern County,58,2025-12-09,2026-01-30,Closure Permanent,2026-08-30T21:43:41.512264Z
e693ff35038814cd,CA,"Nationstar Mortgage, LLC dba Mr. Cooper",Nationstar Mortgage,Mr. Cooper,Orange County,14,2025-12-09,2026-01-16,Layoff Permanent,2026-08-30T21:43:41.512264Z
17886fedd74d42b9,CA,Bluewater Grill,Bluewater Grill,,Santa Barbara County,47,2025-12-09,2026-02-05,Closure Permanent,2026-08-30T21:43:41.512264Z
139c9d77c2e01afe,CA,"Jabil, Inc.",Jabil,,Solano County,21,2025-12-08,2026-02-06,Closure Permanent,2026-08-30T21:43:41.512264Z
9dd63142f91150a5,CA,Intel Corporation (Robert Noyce Building),Intel Corporation (Robert Noyce Building),,Santa Clara County,45,2025-12-05,2025-11-30,Layoff Permanent,2026-08-30T21:43:41.512264Z
86ea7b7df965b5ba,CA,Intel Corporation (SC-2),Intel Corporation (SC-2),,Santa Clara County,2,2025-12-05,2025-11-30,Layoff Permanent,2026-08-30T21:43:41.512264Z
85abed901f945bf6,CA,Intel Corporation (SC-1),Intel Corporation (SC-1),,Santa Clara County,1,2025-12-05,2025-11-30,Layoff Permanent,2026-08-30T21:43:41.512264Z
8231821778887891,CA,Intel Corporation (SC-12),Intel Corporation (SC-12),,Santa Clara County,10,2025-12-05,2025-11-30,Layoff Permanent,2026-08-30T21:43:41.512264Z
37595cd9499ea7e7,CA,Intel Corporation (SC-9),Intel Corporation (SC-9),,Santa Clara County,1,2025-12-05,2025-11-30,Layoff Permanent,2026-08-30T21:43:41.512264Z
a063c556e8386d1d,CA,"Illumina, Inc.",Illumina,,San Diego County,3,2025-12-04,2026-02-17,Layoff Permanent,2026-08-30T21:43:41.512264Z
345ccad6dfd766de,CA,Swift Beef Company,Swift Beef,,Riverside County,374,2025-12-04,2026-02-02,Closure Permanent,2026-08-30T21:43:41.512264Z
f01007f8e919ddcb,CA,Shell Recharge Solutions,Shell Recharge Solutions,,Los Angeles County,2,2025-12-03,2026-01-31,Closure Permanent,2026-08-30T21:43:41.512264Z
dce905dd6e3cfbf9,CA,FreshRealm,FreshRealm,,Orange County,53,2025-12-03,2026-01-31,Closure Permanent,2026-08-30T21:43:41.512264Z
b66a80cea60ec40d,CA,"CRST Expedited, Inc. dba CRST The Transportation Solution",CRST Expedited,CRST The Transportation Solution,Riverside County,4,2025-12-03,2026-02-02,Layoff Permanent,2026-08-30T21:43:41.512264Z
929027e02c719296,CA,"CRST Expedited, Inc. dba CRST The Transportation Solution, Inc.",CRST Expedited,"CRST The Transportation Solution, Inc",San Joaquin County,1,2025-12-03,2026-02-02,Layoff Permanent,2026-08-30T21:43:41.512264Z
701d45569f115848,CA,Palo Verde Hospital,Palo Verde Hospital,,Riverside County,99,2025-12-03,2026-01-24,Layoff Permanent,2026-08-30T21:43:41.512264Z
6950fc716217d24c,CA,Roseburg Forest Product Co Weed Veneer,Roseburg Forest Product Co Weed Veneer,,Siskiyou County,147,2025-12-03,2026-02-01,Closure Permanent,2026-08-30T21:43:41.512264Z
0cc728489c8e558b,CA,Cell Margue Corporation,Cell Margue,,Placer County,68,2025-12-02,2026-02-06,Closure Permanent,2026-08-30T21:43:41.512264Z
d34b242757bdbec5,CA,Waldorf Astoria Employer LLC dba Waldorf Astoria Beverly Hills,Waldorf Astoria Employer,Waldorf Astoria Beverly Hills,Los Angeles County,57,2025-12-01,2026-02-02,Layoff Temporary,2026-08-30T21:43:41.512264Z
71fb6410cb9ace91,CA,"Ovations FanFare, L.P. dba OVG Hospitality",Ovations FanFare,OVG Hospitality,Santa Clara County,90,2025-12-01,2026-02-01,Layoff Permanent,2026-08-30T21:43:41.512264Z
5619415019b69ce3,CA,Panasonic Well LLC,Panasonic Well,,Santa Clara County,46,2025-11-26,2026-01-31,Layoff Permanent,2026-08-30T21:43:41.512264Z
e973d16c662684b3,CA,"Shake Shack Enterprises, LLC",Shake Shack Enterprises,,San Francisco County,26,2025-11-25,2025-12-18,Closure Permanent,2026-08-30T21:43:41.512264Z
c77c24b0e52675e9,CA,"Zimeno, Inc. dba Monarch Tractor (Lawrence)",Zimeno,Monarch Tractor (Lawrence,Alameda County,89,2025-11-21,2025-11-19,Layoff Not known at this time,2026-08-30T21:43:41.512264Z
89c1592286bc37b8,CA,Verizon,Verizon,,Contra Costa County,54,2025-11-21,2026-01-23,Layoff Permanent,2026-08-30T21:43:41.512264Z
78ec900b4d3289c0,CA,Henkel Corporation,Henkel,,Solano County,7,2025-11-21,2026-04-30,Closure Permanent,2026-08-30T21:43:41.512264Z
6cc9f18c06867bfc,CA,Henkel Corporation,Henkel,,Contra Costa County,13,2025-11-21,2026-01-30,Closure Permanent,2026-08-30T21:43:41.512264Z
681498f4ab6e523f,CA,"Van Law Food Products, Inc.",Van Law Food Products,,Orange County,50,2025-11-21,2026-01-23,Layoff Permanent,2026-08-30T21:43:41.512264Z
67d38c178ab79cd3,CA,University of Southern California,University of Southern California,,Los Angeles County,60,2025-11-21,2025-12-29,Layoff Permanent,2026-08-30T21:43:41.512264Z
3c9f20625b1fad72,CA,Verizon,Verizon,,Orange County,139,2025-11-21,2026-01-23,Layoff Permanent,2026-08-30T21:43:41.512264Z
03918583c6485bc0,CA,"Zimeno, Inc. dba Monarch Tractor",Zimeno,Monarch Tractor,Alameda County,8,2025-11-21,2025-11-19,Layoff Not known at this time,2026-08-30T21:43:41.512264Z
01924d68fc037679,CA,"Illumina, Inc.",Illumina,,San Diego County,7,2025-11-21,2026-01-19,Layoff Permanent,2026-08-30T21:43:41.512264Z
f065dc71041afa76,CA,Building Materials Manufacturing LLC (a/k/a GAF),Building Materials Manufacturing,GAF,Kern County,69,2025-11-20,2026-01-24,Closure Permanent,2026-08-30T21:43:41.512264Z
ecee2552f5e0ff83,CA,Galleher LLC,Galleher,,Los Angeles County,86,2025-11-20,2026-01-20,Closure Permanent,2026-08-30T21:43:41.512264Z
c4654e01f9bd74ab,CA,"CRST Expedited, Inc.",CRST Expedited,,Los Angeles County,12,2025-11-20,2026-01-19,Closure Permanent,2026-08-30T21:43:41.512264Z
2728fd787c7fc520,CA,"The French Gourmet, Inc.",French Gourmet,,San Diego County,102,2025-11-20,2026-01-01,Closure Permanent,2026-08-30T21:43:41.512264Z
933eb52d4f9b8019,CA,Lumileds LLC,Lumileds,,Santa Clara County,60,2025-11-19,2026-01-30,Layoff Permanent,2026-08-30T21:43:41.512264Z
833f2c7ef5877026,CA,Blue Shield of California (Woodland Hills),Blue Shield of California (Woodland Hills),,Los Angeles County,1,2025-11-19,2026-01-27,Layoff Permanent,2026-08-30T21:43:41.512264Z
6e8da38bc1a87abd,CA,Blue Shield of California (San Diego),Blue Shield of California (San Diego),,San Diego County,1,2025-11-19,2026-01-27,Layoff Permanent,2026-08-30T21:43:41.512264Z
302a53c4fc347886,CA,"McDonald&rsquo;s Restaurants of California, Inc.",McDonald&rsquo;s Restaurants of California,,Los Angeles County,80,2025-11-19,2026-01-26,Closure Temporary,2026-08-30T21:43:41.512264Z
203d6c4f253b115a,CA,Blue Shield of California (Rancho Cordova),Blue Shield of California (Rancho Cordova),,Sacramento County,5,2025-11-19,2026-01-27,Layoff Permanent,2026-08-30T21:43:41.512264Z
7a1b535ea244e492,CA,Corteva Agriscience LLC,Corteva Agriscience,,Contra Costa County,4,2025-11-18,2026-02-27,Layoff Permanent,2026-08-30T21:43:41.512264Z
4bec47db6a69516e,CA,"Nationstar Mortgage, LLC d/b/a Mr. Cooper",Nationstar Mortgage,Mr. Cooper,Orange County,88,2025-11-18,2026-01-16,Layoff Permanent,2026-08-30T21:43:41.512264Z
45389feb7af9d731,CA,"R.C. Packing, LLC",R.C. Packing,,Monterey County,161,2025-11-18,2025-11-16,Closure Permanent,2026-08-30T21:43:41.512264Z
d4ab43599944a089,CA,HRL Laboratories (Remote Employees),HRL Laboratories (Remote Employees),,Los Angeles County,7,2025-11-17,2026-01-16,Layoff Permanent,2026-08-30T21:43:41.512264Z
d0b27ace59bbf205,CA,"Mettler-Toledo Rainin, LLC",Mettler-Toledo Rainin,,Alameda County,89,2025-11-17,2026-01-17,Layoff Permanent,2026-08-30T21:43:41.512264Z
61013d197727004d,CA,"HRL Laboratories, Lost Hills Campus","HRL Laboratories, Lost Hills Campus",,Los Angeles County,4,2025-11-17,2026-01-16,Layoff Permanent,2026-08-30T21:43:41.512264Z
5fe676979a064d3c,CA,"Braga Fresh Foods, LLC",Braga Fresh Foods,,Monterey County,260,2025-11-17,2026-01-14,Closure Permanent,2026-08-30T21:43:41.512264Z
5636f022467b534f,CA,"HRL Laboratories, Camarillo Campus","HRL Laboratories, Camarillo Campus",,Ventura County,3,2025-11-17,2026-01-16,Layoff Permanent,2026-08-30T21:43:41.512264Z
2b63b873bc8f685e,CA,"HRL Laboratories, Westlake Campus","HRL Laboratories, Westlake Campus",,Ventura County,10,2025-11-17,2026-01-16,Layoff Permanent,2026-08-30T21:43:41.512264Z
28aaaecb62802b08,CA,"HRL Laboratories, Malibu Campus","HRL Laboratories, Malibu Campus",,Los Angeles County,34,2025-11-17,2026-01-16,Layoff Permanent,2026-08-30T21:43:41.512264Z
f71d87baeb25c252,CA,"Lakeshore Learning Materials, LLC (2649)",Lakeshore Learning Materials,,Los Angeles County,48,2025-11-14,2026-01-12,Closure Permanent,2026-08-30T21:43:41.512264Z
e59e22846a93eae5,CA,"Lakeshore Learning Materials, LLC (2161)",Lakeshore Learning Materials,,Los Angeles County,69,2025-11-14,2026-01-12,Closure Permanent,2026-08-30T21:43:41.512264Z
e29748c0c0d07c71,CA,"Illumina, Inc. Worldwide Headquarters","Illumina, Inc. Worldwide Headquarters",,San Diego County,8,2025-11-14,2025-11-11,Layoff Permanent,2026-08-30T21:43:41.512264Z
ddd771e970222740,CA,International Paper,International Paper,,Los Angeles County,128,2025-11-14,2026-01-14,Closure Permanent,2026-08-30T21:43:41.512264Z
6ae883439e65d57a,CA,GUESS?,Guess?,,Los Angeles County,100,2025-11-14,2025-12-08,Layoff Not known at this time,2026-08-30T21:43:41.512264Z
0fd9443411afacdc,CA,SLO Brewing Co. LLC,SLO Brewing,,San Luis Obispo County,61,2025-11-14,2026-01-13,Layoff Permanent,2026-08-30T21:43:41.512264Z
00e1fccdd4297925,CA,Middlebury Institute of International Studies at Monterey,Middlebury Institute of International Studies at Monterey,,Monterey County,123,2025-11-14,2026-01-16,Closure Permanent,2026-08-30T21:43:41.512264Z
e0ffc5fdd86f758f,CA,NBCUniversal (Bldg. 2375),NBCUniversal (Bldg. 2375),,Los Angeles County,4,2025-11-13,2025-11-28,Layoff Permanent,2026-08-30T21:43:41.512264Z
c22139afa4f2eea3,CA,AbbVie,AbbVie,,Alameda County,2,2025-11-13,2026-01-09,Closure Permanent,2026-08-30T21:43:41.512264Z
8e0f78d4b6741795,CA,"Mattel, Inc.",Mattel,,Los Angeles County,89,2025-11-13,2026-01-12,Layoff Permanent,2026-08-30T21:43:41.512264Z
8dca597da22b70e7,CA,"National Distribution Centers, LLC (NDC)","National Distribution Centers, LLC (NDC)",,Los Angeles County,17,2025-11-13,2025-12-22,Layoff Not known at this time,2026-08-30T21:43:41.512264Z
4b2c09051ec427e2,CA,NBCUniversal (Bldgs. 1126 and 1440),NBCUniversal (Bldgs. 1126 and 1440),,Los Angeles County,101,2025-11-13,2025-11-28,Layoff Permanent,2026-08-30T21:43:41.512264Z
2af0e13b2b274093,CA,"Couchbase, Inc.",Couchbase,,Santa Clara County,48,2025-11-13,2026-01-12,Layoff Permanent,2026-08-30T21:43:41.512264Z
183bd8de984fb041,CA,AbbVie,AbbVie,,Alameda County,9,2025-11-13,2026-01-09,Closure Permanent,2026-08-30T21:43:41.512264Z
1285f1e7335742d7,CA,AbbVie,AbbVie,,Alameda County,48,2025-11-13,2026-01-09,Closure Permanent,2026-08-30T21:43:41.512264Z
03b14c2c948a60b0,CA,"NBCUniversal (Bldgs. 1280, 1320, 1360, and 4250)","NBCUniversal (Bldgs. 1280, 1320, 1360, and 4250)",,Los Angeles County,32,2025-11-13,2025-11-28,Layoff Permanent,2026-08-30T21:43:41.512264Z
dfc2218ae25e9c98,CA,"Gilead Sciences, Inc.",Gilead Sciences,,San Diego County,17,2025-11-12,2026-01-16,Layoff Permanent,2026-08-30T21:43:41.512264Z
70d4f9070b37501a,CA,"Synopsys, Inc.",Synopsys,,Santa Clara County,172,2025-11-12,2026-01-12,Layoff Permanent,2026-08-30T21:43:41.512264Z
0083457f6426fc2e,CA,"Synopsys, Inc.",Synopsys,,Santa Clara County,1,2025-11-12,2026-01-12,Layoff Permanent,2026-08-30T21:43:41.512264Z
d2ff39f14c5f6f67,CA,Paramount Skydance Corporation (Melrose),Paramount Skydance Corporation (Melrose),,Los Angeles County,116,2025-11-10,2025-10-29,Layoff Permanent,2026-08-30T21:43:41.512264Z
9b4c788fc32d8ab1,CA,Paramount Skydance Corporation (Gower),Paramount Skydance Corporation (Gower),,Los Angeles County,81,2025-11-10,2025-10-29,Layoff Permanent,2026-08-30T21:43:41.512264Z
f34d8f61f8aa0953,CA,Ceryx Management LLC (Figueroa),Ceryx Management LLC (Figueroa),,Los Angeles County,8,2025-11-07,2025-10-03,Layoff Permanent,2026-08-30T21:43:41.512264Z
e52b681efd4b2765,CA,Ceryx Management LLC (Hoover),Ceryx Management LLC (Hoover),,Los Angeles County,3,2025-11-07,2025-10-03,Layoff Permanent,2026-08-30T21:43:41.512264Z
df81fe18ab1c2e77,CA,Ceryx Management LLC (7111 S Hoover),Ceryx Management LLC (7111 S Hoover),,Los Angeles County,1,2025-11-07,2025-10-03,Layoff Permanent,2026-08-30T21:43:41.512264Z
b45c8f8c6a1ff08e,CA,"Illumina, Inc.",Illumina,,San Diego County,28,2025-11-07,2026-01-05,Layoff Permanent,2026-08-30T21:43:41.512264Z
94b4e10eaff8d79b,CA,Ceryx Management LLC (7310 S. Figueroa),Ceryx Management LLC (7310 S. Figueroa),,Los Angeles County,9,2025-11-07,2025-10-03,Layoff Permanent,2026-08-30T21:43:41.512264Z
903b197442be1252,CA,Ceryx Management LLC (7617 S. Figueroa),Ceryx Management LLC (7617 S. Figueroa),,Los Angeles County,5,2025-11-07,2025-10-03,Layoff Permanent,2026-08-30T21:43:41.512264Z
4ba8a6afe039f699,CA,Ceryx Management LLC (Blackstone),Ceryx Management LLC (Blackstone),,Fresno County,39,2025-11-07,2025-10-03,Layoff Permanent,2026-08-30T21:43:41.512264Z
45aa0c1191ab942d,CA,Five Guys Operations Broadstone Marketplace,Five Guys Operations Broadstone Marketplace,,Sacramento County,16,2025-11-07,2025-11-25,Closure Permanent,2026-08-30T21:43:41.512264Z
3c51249480f47ecb,CA,Ceryx Management LLC (Vermont),Ceryx Management LLC (Vermont),,Los Angeles County,8,2025-11-07,2025-10-03,Layoff Permanent,2026-08-30T21:43:41.512264Z
34ccd4f5a4799ba8,CA,Ceryx Management LLC (Western),Ceryx Management LLC (Western),,Los Angeles County,13,2025-11-07,2025-10-03,Layoff Permanent,2026-08-30T21:43:41.512264Z
2f368f1f7572c08b,CA,Ceryx Management LLC (8320 S. Figueroa),Ceryx Management LLC (8320 S. Figueroa),,Los Angeles County,1,2025-11-07,2025-10-03,Layoff Permanent,2026-08-30T21:43:41.512264Z
2db6008a076b2127,CA,Ceryx Management LLC (7226 S. Figueroa),Ceryx Management LLC (7226 S. Figueroa),,Los Angeles County,12,2025-11-07,2025-10-03,Layoff Permanent,2026-08-30T21:43:41.512264Z
2a6769b1828668d5,CA,Ceryx Management LLC (1540 S St. Andrews),Ceryx Management LLC (1540 S St. Andrews),,Los Angeles County,18,2025-11-07,2025-10-03,Layoff Permanent,2026-08-30T21:43:41.512264Z
20fc13b9f68761ee,CA,Ceryx Management LLC (1904 E 113th),Ceryx Management LLC (1904 E 113th),,Los Angeles County,1,2025-11-07,2025-10-03,Layoff Permanent,2026-08-30T21:43:41.512264Z
0c7cf41e8640f1ee,CA,Ceryx Management LLC (801 W 70th),Ceryx Management LLC (801 W 70th),,Los Angeles County,9,2025-11-07,2025-10-03,Layoff Permanent,2026-08-30T21:43:41.512264Z
0749724b23d3ad09,CA,Ceryx Management LLC (Sepulveda),Ceryx Management LLC (Sepulveda),,Los Angeles County,4,2025-11-07,2025-10-03,Layoff Permanent,2026-08-30T21:43:41.512264Z
0438223441c08956,CA,Coca-Cola Company,Coca-Cola,,Napa County,45,2025-11-07,2025-12-31,Closure Permanent,2026-08-30T21:43:41.512264Z
039f70de7572f5a5,CA,Ceryx Management LLC (9519 S. Figueroa),Ceryx Management LLC (9519 S. Figueroa),,Los Angeles County,1,2025-11-07,2025-10-03,Layoff Permanent,2026-08-30T21:43:41.512264Z
a427e1ae83872b4b,CA,Mojave Food Corporation,Mojave Food,,Los Angeles County,86,2025-11-06,2026-05-08,Closure Permanent,2026-08-30T21:43:41.512264Z
71adb196aff69f7c,CA,"Illumina, Inc. Worldwide Headquarters","Illumina, Inc. Worldwide Headquarters",,San Diego County,4,2025-11-06,2026-01-05,Layoff Permanent,2026-08-30T21:43:41.512264Z
3489f67b6cb2302a,CA,Clari Inc.,Clari,,Santa Clara County,96,2025-11-06,2026-01-05,Layoff Permanent,2026-08-30T21:43:41.512264Z
f96564698f479a3e,CA,Safeway,Safeway,,Alameda County,76,2025-11-05,2026-02-02,Closure Permanent,2026-08-30T21:43:41.512264Z
9474b9dbc261431e,CA,University of Southern California,University of Southern California,,Los Angeles County,5,2025-11-05,2025-12-31,Layoff Permanent,2026-08-30T21:43:41.512264Z
8ad9c4bd0449b4a0,CA,Consolidated Hospitality Supplies,Consolidated Hospitality Supplies,,San Bernardino County,22,2025-11-05,2026-01-04,Closure Permanent,2026-08-30T21:43:41.512264Z
82d2d63564cf8500,CA,Blue Plate Oysterette LLC,Blue Plate Oysterette,,Los Angeles County,45,2025-11-05,2026-01-07,Closure Permanent,2026-08-30T21:43:41.512264Z
01fb79cb705a0e46,CA,"Dairyland Produce, LLC",Dairyland Produce,,Santa Clara County,21,2025-11-05,2025-12-24,Closure Permanent,2026-08-30T21:43:41.512264Z
f5117b7b5518c36d,CA,International Business Machines Corporation,International Business Machines,,Santa Clara County,75,2025-11-04,2025-01-05,Layoff Permanent,2026-08-30T21:43:41.512264Z
d5587ac05fe57da2,CA,Infineon,Infineon,,Orange County,1,2025-11-04,2025-11-14,Layoff Permanent,2026-08-30T21:43:41.512264Z
9936ed512250fc51,CA,Infineon,Infineon,,San Diego County,3,2025-11-04,2025-11-14,Layoff Permanent,2026-08-30T21:43:41.512264Z
979a687caf68b626,CA,"Retail Service WIS Corporation, DBA WIS International",Retail Service WIS,WIS International,San Diego County,10,2025-11-04,2026-01-01,Layoff Permanent,2026-08-30T21:43:41.512264Z
914527b47c94c37e,CA,Infineon,Infineon,,Santa Clara County,46,2025-11-04,2025-11-14,Layoff Permanent,2026-08-30T21:43:41.512264Z
6220906cb1e2c499,CA,"Becton, Dickinson and Company (BD) (3750 Torrey View Court)","Becton, Dickinson and Company (BD) (3750 Torrey View Court)",,San Diego County,59,2025-11-04,2025-10-01,Layoff Permanent,2026-08-30T21:43:41.512264Z
5d1db50398bdb34e,CA,"Becton, Dickinson and Company (BD) (10020 Pacific Mesa Boulevard)","Becton, Dickinson and Company (BD) (10020 Pacific Mesa Boulevard)",,San Diego County,7,2025-11-04,2025-10-01,Layoff Permanent,2026-08-30T21:43:41.512264Z
56ea35e90cd73546,CA,"Dairyland Produce, LLC",Dairyland Produce,,San Mateo County,22,2025-11-04,2025-12-24,Layoff Permanent,2026-08-30T21:43:41.512264Z
4a0339eb9439ce87,CA,Infineon,Infineon,,Los Angeles County,15,2025-11-04,2025-11-14,Layoff Permanent,2026-08-30T21:43:41.512264Z
41e00c343b8a1e59,CA,Infineon,Infineon,,Riverside County,7,2025-11-04,2025-11-14,Layoff Permanent,2026-08-30T21:43:41.512264Z
27b20cf4da208392,CA,"AFC Cable Systems, Inc.",AFC Cable Systems,,San Bernardino County,54,2025-11-04,2025-12-26,Layoff Permanent,2026-08-30T21:43:41.512264Z
fb1edc01ad6f1be3,CA,CommUnify - Jardin de Suenos,CommUnify - Jardin de Suenos,,Santa Barbara County,6,2025-11-03,2026-01-02,Layoff Permanent,2026-08-30T21:43:41.512264Z
fb09d34ae051e02f,CA,Fresno Economic Opportunities Commission (2117 W. McKinley Ave),Fresno Economic Opportunities Commission (2117 W. McKinley Ave),,Fresno County,8,2025-11-03,2026-01-01,Layoff Temporary,2026-08-30T21:43:41.512264Z
f5b7563c9bc6afeb,CA,CommUnify - Chestnut Office,CommUnify - Chestnut Office,,Santa Barbara County,11,2025-11-03,2026-01-02,Layoff Permanent,2026-08-30T21:43:41.512264Z
f50f2df675524a7f,CA,Fresno Economic Opportunities Commission (745 N. First St),Fresno Economic Opportunities Commission (745 N. First St),,Fresno County,4,2025-11-03,2026-01-01,Layoff Temporary,2026-08-30T21:43:41.512264Z
ee03298d0ed6111d,CA,CommUnify - JC Washington Center,CommUnify - JC Washington Center,,Santa Barbara County,3,2025-11-03,2026-01-02,Layoff Permanent,2026-08-30T21:43:41.512264Z
e21bbe955e4b5126,CA,Fresno Economic Opportunities Commission (4156 E. Dakota Ave),Fresno Economic Opportunities Commission (4156 E. Dakota Ave),,Fresno County,28,2025-11-03,2026-01-01,Layoff Temporary,2026-08-30T21:43:41.512264Z
d8f68bda0b314285,CA,CommUnify - Meridian Center,CommUnify - Meridian Center,,Santa Barbara County,2,2025-11-03,2026-01-02,Layoff Permanent,2026-08-30T21:43:41.512264Z
d7ce06417c939aa4,CA,Fresno Economic Opportunities Commission (1350 E. Annadale),Fresno Economic Opportunities Commission (1350 E. Annadale),,Fresno County,7,2025-11-03,2026-01-01,Layoff Temporary,2026-08-30T21:43:41.512264Z
d71f9199516445bf,CA,Fresno Economic Opportunities Commission (1189 Martin St),Fresno Economic Opportunities Commission (1189 Martin St),,Fresno County,2,2025-11-03,2026-01-01,Layoff Temporary,2026-08-30T21:43:41.512264Z
ced7ade24f162199,CA,CommUnify - Coronel Center,CommUnify - Coronel Center,,Santa Barbara County,1,2025-11-03,2026-01-02,Layoff Permanent,2026-08-30T21:43:41.512264Z
c723acc96fa4c752,CA,Fresno Economic Opportunities Commission (8535 S 9th Street),Fresno Economic Opportunities Commission (8535 S 9th Street),,Fresno County,4,2025-11-03,2026-01-01,Layoff Temporary,2026-08-30T21:43:41.512264Z
c6ceb052278dafc2,CA,Fresno Economic Opportunities Commission (4995 E. Balch Ave),Fresno Economic Opportunities Commission (4995 E. Balch Ave),,Fresno County,18,2025-11-03,2026-01-01,Layoff Temporary,2026-08-30T21:43:41.512264Z
c62e09dbc98b21c3,CA,Fresno Economic Opportunities Commission (2529 Willow Ave),Fresno Economic Opportunities Commission (2529 Willow Ave),,Fresno County,5,2025-11-03,2026-01-01,Layoff Temporary,2026-08-30T21:43:41.512264Z
c605c824ca1995a4,CA,Fresno Economic Opportunities Commission (7171 N. Sugarpine Ave),Fresno Economic Opportunities Commission (7171 N. Sugarpine Ave),,Fresno County,4,2025-11-03,2026-01-01,Layoff Temporary,2026-08-30T21:43:41.512264Z
c354ab6a635cd6ec,CA,Fresno Economic Opportunities Commission (2121 N. Van Ness Ave),Fresno Economic Opportunities Commission (2121 N. Van Ness Ave),,Fresno County,9,2025-11-03,2026-01-01,Layoff Temporary,2026-08-30T21:43:41.512264Z
c15bdf58a9198832,CA,DJI Services LLC,DJI Services,,Los Angeles County,37,2025-11-03,2025-11-07,Layoff Permanent,2026-08-30T21:43:41.512264Z
c13e7bc84300775e,CA,Fresno Economic Opportunities Commission (5550 N. Fresno St),Fresno Economic Opportunities Commission (5550 N. Fresno St),,Fresno County,8,2025-11-03,2026-01-01,Layoff Temporary,2026-08-30T21:43:41.512264Z
c07ed8ba0bf782b6,CA,Fresno Economic Opportunities Commission (1189 Martin St),Fresno Economic Opportunities Commission (1189 Martin St),,Fresno County,33,2025-11-03,2026-01-01,Layoff Temporary,2026-08-30T21:43:41.512264Z
bf8e1b7e09d5bce0,CA,Fresno Economic Opportunities Commission (1620 W. Fairmont),Fresno Economic Opportunities Commission (1620 W. Fairmont),,Fresno County,19,2025-11-03,2026-01-01,Layoff Temporary,2026-08-30T21:43:41.512264Z
bb8f4f607c0b7cc4,CA,Fresno Economic Opportunities Commission (3110 W. Nielsen),Fresno Economic Opportunities Commission (3110 W. Nielsen),,Fresno County,4,2025-11-03,2026-01-01,Layoff Temporary,2026-08-30T21:43:41.512264Z
baca3a342d316e27,CA,Fresno Economic Opportunities Commission (388 S. Brawley Ave),Fresno Economic Opportunities Commission (388 S. Brawley Ave),,Fresno County,8,2025-11-03,2026-01-01,Layoff Temporary,2026-08-30T21:43:41.512264Z
b2e591ddc5cf0886,CA,Fresno Economic Opportunities Commission (510 Barstow Ave),Fresno Economic Opportunities Commission (510 Barstow Ave),,Fresno County,4,2025-11-03,2026-01-01,Layoff Temporary,2026-08-30T21:43:41.512264Z
b13c6b45f0ff3b6f,CA,CommUnify - Alvin Center,CommUnify - Alvin Center,,Santa Barbara County,6,2025-11-03,2026-01-02,Layoff Permanent,2026-08-30T21:43:41.512264Z
b08df3dd4aef4a44,CA,Fresno Economic Opportunities Commission (3257 E. Shields Ave),Fresno Economic Opportunities Commission (3257 E. Shields Ave),,Fresno County,12,2025-11-03,2026-01-01,Layoff Temporary,2026-08-30T21:43:41.512264Z
a47c9bc3b67d0d26,CA,Fresno Economic Opportunities Commission (2420 W. Clemenceau Ave),Fresno Economic Opportunities Commission (2420 W. Clemenceau Ave),,Fresno County,5,2025-11-03,2026-01-01,Layoff Temporary,2026-08-30T21:43:41.512264Z
9ea2ca5d4d7d5442,CA,CommUnify - Adam Center,CommUnify - Adam Center,,Santa Barbara County,4,2025-11-03,2026-01-02,Layoff Permanent,2026-08-30T21:43:41.512264Z
9c9d3a49f360320d,CA,CommUnify - Oak Valley Center,CommUnify - Oak Valley Center,,Santa Barbara County,1,2025-11-03,2026-01-02,Layoff Permanent,2026-08-30T21:43:41.512264Z
9ab7ff2311e7c92c,CA,CommUnify - Filmore Center,CommUnify - Filmore Center,,Santa Barbara County,4,2025-11-03,2026-01-02,Layoff Permanent,2026-08-30T21:43:41.512264Z
9aa309b6e7246189,CA,Fresno Economic Opportunities Commission (4856 E. Cesar Chavez Blvd),Fresno Economic Opportunities Commission (4856 E. Cesar Chavez Blvd),,Fresno County,15,2025-11-03,2026-01-01,Layoff Temporary,2026-08-30T21:43:41.512264Z
92901232b201ed17,CA,CommUnify - Chapel Office,CommUnify - Chapel Office,,Santa Barbara County,13,2025-11-03,2026-01-02,Layoff Permanent,2026-08-30T21:43:41.512264Z
923449e63549d86b,CA,CommUnify - Los Padres Center,CommUnify - Los Padres Center,,Santa Barbara County,4,2025-11-03,2026-01-02,Layoff Permanent,2026-08-30T21:43:41.512264Z
7eef2ce9cc941809,CA,CommUnify - Maggie Espinoza Center,CommUnify - Maggie Espinoza Center,,Santa Barbara County,5,2025-11-03,2026-01-02,Layoff Permanent,2026-08-30T21:43:41.512264Z
7751019fa558f4d8,CA,Fresno Economic Opportunities Commission (719 S. Madera Ave),Fresno Economic Opportunities Commission (719 S. Madera Ave),,Fresno County,4,2025-11-03,2026-01-01,Layoff Temporary,2026-08-30T21:43:41.512264Z
7735f10d36542435,CA,CommUnify - Little Village Center,CommUnify - Little Village Center,,Santa Barbara County,8,2025-11-03,2026-01-02,Layoff Permanent,2026-08-30T21:43:41.512264Z
7628204963cc950f,CA,Fresno Economic Opportunities Commission (1240 E. Washington),Fresno Economic Opportunities Commission (1240 E. Washington),,Fresno County,14,2025-11-03,2026-01-01,Layoff Temporary,2026-08-30T21:43:41.512264Z
7569c4ec3baa3fdb,CA,CommUnify - South County HS Office,CommUnify - South County HS Office,,Santa Barbara County,1,2025-11-03,2026-01-02,Layoff Permanent,2026-08-30T21:43:41.512264Z
732098dca971e2c4,CA,Fresno Economic Opportunities Commission (16641 Palmer St.),Fresno Economic Opportunities Commission (16641 Palmer St.),,Fresno County,10,2025-11-03,2026-01-01,Layoff Temporary,2026-08-30T21:43:41.512264Z
6ead13ee9ecebedd,CA,Fresno Economic Opportunities Commission (710 N. Hughes Ave),Fresno Economic Opportunities Commission (710 N. Hughes Ave),,Fresno County,8,2025-11-03,2026-01-01,Layoff Temporary,2026-08-30T21:43:41.512264Z
6ce8c802ee895e5e,CA,Fresno Economic Opportunities Commission (1504 N. Webser),Fresno Economic Opportunities Commission (1504 N. Webser),,Fresno County,9,2025-11-03,2026-01-01,Layoff Temporary,2026-08-30T21:43:41.512264Z
6b1a584a21ac3c99,CA,Fresno Economic Opportunities Commission (2063 S. Cedar Ave),Fresno Economic Opportunities Commission (2063 S. Cedar Ave),,Fresno County,8,2025-11-03,2026-01-01,Layoff Temporary,2026-08-30T21:43:41.512264Z
6852cf395d4f60fd,CA,CommUnify - Maple Center,CommUnify - Maple Center,,Santa Barbara County,3,2025-11-03,2026-01-02,Layoff Permanent,2026-08-30T21:43:41.512264Z
63c74eea070adde8,CA,Fresno Economic Opportunities Commission (13660 E. Manning Ave),Fresno Economic Opportunities Commission (13660 E. Manning Ave),,Fresno County,7,2025-11-03,2026-01-01,Layoff Temporary,2026-08-30T21:43:41.512264Z
57d5656cf15a4185,CA,"Fresno Economic Opportunities Commission (1101 E. Annandale, 101)","Fresno Economic Opportunities Commission (1101 E. Annandale, 101)",,Fresno County,6,2025-11-03,2026-01-01,Layoff Temporary,2026-08-30T21:43:41.512264Z
56b1243f7af3ebd7,CA,CommUnify - Sierra Madre Center,CommUnify - Sierra Madre Center,,Santa Barbara County,5,2025-11-03,2026-01-02,Layoff Permanent,2026-08-30T21:43:41.512264Z
5595745c9b1c0ee8,CA,"Fresno Economic Opportunities Commission (4273 W. Richert, Ave, 107)","Fresno Economic Opportunities Commission (4273 W. Richert, Ave, 107)",,Fresno County,15,2025-11-03,2026-01-01,Layoff Temporary,2026-08-30T21:43:41.512264Z
55096a55601cca6f,CA,Fresno Economic Opportunities Commission (112 - 4th St.),Fresno Economic Opportunities Commission (112 - 4th St.),,Fresno County,7,2025-11-03,2026-01-01,Layoff Temporary,2026-08-30T21:43:41.512264Z
53b3daa39f5a611b,CA,CommUnify - Cuyama Center,CommUnify - Cuyama Center,,Santa Barbara County,2,2025-11-03,2026-01-02,Layoff Permanent,2026-08-30T21:43:41.512264Z
4d1ea6bbbfa96d2a,CA,Fresno Economic Opportunities Commission (788 W. Shaw Ave),Fresno Economic Opportunities Commission (788 W. Shaw Ave),,Fresno County,10,2025-11-03,2026-01-01,Layoff Temporary,2026-08-30T21:43:41.512264Z
4390b41d989f29f8,CA,Fresno Economic Opportunities Commission (2751 Fig Street),Fresno Economic Opportunities Commission (2751 Fig Street),,Fresno County,7,2025-11-03,2026-01-01,Layoff Temporary,2026-08-30T21:43:41.512264Z
401b821962593bce,CA,Fresno Economic Opportunities Commission (1441 Divisadero),Fresno Economic Opportunities Commission (1441 Divisadero),,Fresno County,17,2025-11-03,2026-01-01,Layoff Temporary,2026-08-30T21:43:41.512264Z
39e52f34cda692f5,CA,Fresno Economic Opportunities Commission (3037 S. Orchid Ave),Fresno Economic Opportunities Commission (3037 S. Orchid Ave),,Fresno County,12,2025-11-03,2026-01-01,Layoff Temporary,2026-08-30T21:43:41.512264Z
3852f0c6fa55b698,CA,Fresno Economic Opportunities Commission (5104 N. West),Fresno Economic Opportunities Commission (5104 N. West),,Fresno County,11,2025-11-03,2026-01-01,Layoff Temporary,2026-08-30T21:43:41.512264Z
34dbde7e18734492,CA,Fresno Economic Opportunities Commission (5244 E. Pine Ave),Fresno Economic Opportunities Commission (5244 E. Pine Ave),,Fresno County,5,2025-11-03,2026-01-01,Layoff Temporary,2026-08-30T21:43:41.512264Z
349c108f7d81083b,CA,Fresno Economic Opportunities Commission (1420 Second St.),Fresno Economic Opportunities Commission (1420 Second St.),,Fresno County,4,2025-11-03,2026-01-01,Layoff Temporary,2026-08-30T21:43:41.512264Z
2c7b5247d5069043,CA,"Transdev Services, Inc.",Transdev Services,,San Mateo County,77,2025-11-03,2025-12-31,Closure Permanent,2026-08-30T21:43:41.512264Z
2b0d57ed3a19f10a,CA,Fresno Economic Opportunities Commission (1325 Stillman St.),Fresno Economic Opportunities Commission (1325 Stillman St.),,Fresno County,4,2025-11-03,2026-01-01,Layoff Temporary,2026-08-30T21:43:41.512264Z
222981c3c2e044d7,CA,Fresno Economic Opportunities Commission (1920 Mariposa Street),Fresno Economic Opportunities Commission (1920 Mariposa Street),,Fresno County,263,2025-11-03,2026-01-01,Layoff Temporary,2026-08-30T21:43:41.512264Z
1f6a3b5845733409,CA,Fresno Economic Opportunities Commission (1701 Alton St.),Fresno Economic Opportunities Commission (1701 Alton St.),,Fresno County,9,2025-11-03,2026-01-01,Layoff Temporary,2026-08-30T21:43:41.512264Z
19cc1ebae7fe6ab9,CA,CommUnify - Los Adobes Center,CommUnify - Los Adobes Center,,Santa Barbara County,1,2025-11-03,2026-01-02,Layoff Permanent,2026-08-30T21:43:41.512264Z
17d39d314e32efea,CA,Fresno Economic Opportunities Commission (295 W. Tuft St),Fresno Economic Opportunities Commission (295 W. Tuft St),,Fresno County,9,2025-11-03,2026-01-01,Layoff Temporary,2026-08-30T21:43:41.512264Z
0d686241dc2d33f5,CA,CommUnify - Betty Sanchez Center,CommUnify - Betty Sanchez Center,,Santa Barbara County,1,2025-11-03,2026-01-02,Layoff Permanent,2026-08-30T21:43:41.512264Z
083c914f584147dc,CA,CommUnify - Goleta Center,CommUnify - Goleta Center,,Santa Barbara County,2,2025-11-03,2026-01-02,Layoff Permanent,2026-08-30T21:43:41.512264Z
072994c474c07105,CA,CommUnify - Westgate Center,CommUnify - Westgate Center,,Santa Barbara County,7,2025-11-03,2026-01-02,Layoff Permanent,2026-08-30T21:43:41.512264Z
059bb2fd9b5a49eb,CA,CommUnify - I Center,CommUnify - I Center,,Santa Barbara County,6,2025-11-03,2026-01-02,Layoff Permanent,2026-08-30T21:43:41.512264Z
0395c81ab2f2d02b,CA,Fresno Economic Opportunities Commission (115 W. Belmont Ave),Fresno Economic Opportunities Commission (115 W. Belmont Ave),,Fresno County,3,2025-11-03,2026-01-01,Layoff Temporary,2026-08-30T21:43:41.512264Z
00832d742e762d76,CA,DJI Services LLC,DJI Services,,Los Angeles County,61,2025-11-03,2025-11-07,Layoff Permanent,2026-08-30T21:43:41.512264Z
a0a6d1326a1cbf83,CA,J & J Snack Foods,J & J Snack Foods,,San Bernardino County,129,2025-10-31,2025-12-30,Closure Permanent,2026-08-30T21:43:41.512264Z
88fc13cc756bd7bc,CA,SEMSA/Riggs Ambulance Service,SEMSA/Riggs Ambulance Service,,Merced County,181,2025-10-31,2025-12-31,Closure Permanent,2026-08-30T21:43:41.512264Z
2456297bc18e7f5a,CA,"Hitachi Vantara, LLC",Hitachi Vantara,,Santa Clara County,129,2025-10-31,2025-12-31,Layoff Permanent,2026-08-30T21:43:41.512264Z
ef5931c4bcb664f8,CA,Cepheid B5,Cepheid B5,,Santa Clara County,4,2025-10-30,2025-12-31,Layoff Permanent,2026-08-30T21:43:41.512264Z
e4fc5e31c165637b,CA,Cepheid B7,Cepheid B7,,Santa Clara County,1,2025-10-30,2025-12-31,Layoff Permanent,2026-08-30T21:43:41.512264Z
e25234069b8882ac,CA,Warner Music Inc.,Warner Music,,Los Angeles County,2,2025-10-30,2026-01-02,Layoff Permanent,2026-08-30T21:43:41.512264Z
e14ccfea90e2d5e4,CA,Eastside Management Company,Eastside Management,,Stanislaus County,59,2025-10-30,2025-12-31,Closure Permanent,2026-08-30T21:43:41.512264Z
ab20aefa0b412e9f,CA,Cepheid B7+,Cepheid B7+,,Santa Clara County,9,2025-10-30,2025-12-31,Layoff Permanent,2026-08-30T21:43:41.512264Z
7dced1748ed7280d,CA,Cepheid B4,Cepheid B4,,Santa Cruz County,2,2025-10-30,2025-12-31,Layoff Permanent,2026-08-30T21:43:41.512264Z
5f75088087a6f99f,CA,Cepheid B6,Cepheid B6,,Santa Clara County,1,2025-10-30,2025-12-31,Layoff Permanent,2026-08-30T21:43:41.512264Z
58b451b20b91413a,CA,Hewlett Packard Enterprise Company (HPE),Hewlett Packard Enterprise Company (HPE),,Santa Clara County,52,2025-10-30,2025-10-17,Layoff Permanent,2026-08-30T21:43:41.512264Z
4a4a478033226130,CA,Cepheid B8,Cepheid B8,,Santa Clara County,2,2025-10-30,2025-12-31,Layoff Permanent,2026-08-30T21:43:41.512264Z
4511ecf182d7514d,CA,Cepheid B3,Cepheid B3,,Santa Clara County,1,2025-10-30,2025-12-31,Layoff Permanent,2026-08-30T21:43:41.512264Z
19c5dc01413d9b4f,CA,Cepheid B1,Cepheid B1,,Santa Clara County,15,2025-10-30,2025-12-31,Layoff Permanent,2026-08-30T21:43:41.512264Z
00a5fbccf54a24db,CA,Educational Testing Service (ETS),Educational Testing Service (ETS),,Sacramento County,757,2025-10-30,2025-12-31,Layoff Permanent,2026-08-30T21:43:41.512264Z
fafbdf898ef68523,CA,Amazon (SFO28),Amazon (SFO28),,San Francisco County,71,2025-10-29,2026-01-26,Layoff Permanent,2026-08-30T21:43:41.512264Z
f8e15348dbd9a64f,CA,Amazon LAX16,Amazon LAX16,,Los Angeles County,3,2025-10-29,2026-01-26,Layoff Permanent,2026-08-30T21:43:41.512264Z
f87614ad1fe11948,CA,Amazon SJC44,Amazon SJC44,,Santa Clara County,18,2025-10-29,2026-01-26,Layoff Permanent,2026-08-30T21:43:41.512264Z
f85e9277b8e7679c,CA,Amazon (ONM212),Amazon (ONM212),,San Francisco County,3,2025-10-29,2026-01-26,Layoff Permanent,2026-08-30T21:43:41.512264Z
f8083ef5cb254be4,CA,Amazon SFO24,Amazon SFO24,,Santa Clara County,75,2025-10-29,2026-01-26,Layoff Permanent,2026-08-30T21:43:41.512264Z
f2c88df5eae16d86,CA,Amazon (SAN 5),Amazon (SAN 5),,San Diego County,1,2025-10-29,2026-01-26,Layoff Permanent,2026-08-30T21:43:41.512264Z
e433357c44427ee5,CA,Amazon SFO12,Amazon SFO12,,Santa Clara County,18,2025-10-29,2026-01-26,Layoff Permanent,2026-08-30T21:43:41.512264Z
da252a34df4cae4a,CA,Amazon (SJC31),Amazon (SJC31),,Santa Clara County,27,2025-10-29,2026-01-26,Layoff Permanent,2026-08-30T21:43:41.512264Z
d45175972d81e7d5,CA,Twelve Benefit Corporation (1135 Atlantic Ave),Twelve Benefit Corporation (1135 Atlantic Ave),,Alameda County,24,2025-10-29,2025-10-29,Layoff Permanent,2026-08-30T21:43:41.512264Z
d37a807564fcc2e5,CA,Amazon SFO22,Amazon SFO22,,Santa Clara County,69,2025-10-29,2026-01-26,Layoff Permanent,2026-08-30T21:43:41.512264Z
c8bc6756d8e83045,CA,Perikinetics Inc.,Perikinetics,,Santa Clara County,2,2025-10-29,2025-02-01,Closure Permanent,2026-08-30T21:43:41.512264Z
bec14e1122d2c9d5,CA,Amazon SNA16,Amazon SNA16,,Orange County,64,2025-10-29,2026-01-26,Layoff Permanent,2026-08-30T21:43:41.512264Z
b84faf4e01a0d8f2,CA,Amazon (SFO13),Amazon (SFO13),,San Francisco County,41,2025-10-29,2026-01-26,Layoff Permanent,2026-08-30T21:43:41.512264Z
b1bfe5538bef4f5f,CA,Amazon SNA12,Amazon SNA12,,Orange County,17,2025-10-29,2026-01-26,Layoff Permanent,2026-08-30T21:43:41.512264Z
a5d9627e10d7bec6,CA,Amazon LAX 35,Amazon LAX 35,,Los Angeles County,37,2025-10-29,2025-01-26,Layoff Permanent,2026-08-30T21:43:41.512264Z
a4064382408a1e33,CA,Amazon (SJC10),Amazon (SJC10),,Santa Clara County,138,2025-10-29,2026-01-26,Layoff Permanent,2026-08-30T21:43:41.512264Z
a2b5de1cde88f566,CA,Amazon (SFO19),Amazon (SFO19),,San Francisco County,18,2025-10-29,2026-01-26,Layoff Permanent,2026-08-30T21:43:41.512264Z
9e2da138b7862fbb,CA,Amazon (SFO38),Amazon (SFO38),,San Francisco County,3,2025-10-29,2026-01-26,Layoff Permanent,2026-08-30T21:43:41.512264Z
9d9d2646d4f8315d,CA,Smurfit WestRock,Smurfit WestRock,,Los Angeles County,141,2025-10-29,2025-12-14,Closure Permanent,2026-08-30T21:43:41.512264Z
8bc110352558a538,CA,Amazon SJC38,Amazon SJC38,,Santa Clara County,50,2025-10-29,2026-01-26,Layoff Permanent,2026-08-30T21:43:41.512264Z
8a50b035aa0833d1,CA,Amazon SNA11,Amazon SNA11,,Orange County,178,2025-10-29,2026-01-26,Layoff Permanent,2026-08-30T21:43:41.512264Z
88db7d5127d959e8,CA,Amazon (SAN 3),Amazon (SAN 3),,San Diego County,1,2025-10-29,2026-01-26,Layoff Permanent,2026-08-30T21:43:41.512264Z
87a57bca55c492ba,CA,Amazon (SAN 21),Amazon (SAN 21),,San Diego County,5,2025-10-29,2026-01-26,Layoff Permanent,2026-08-30T21:43:41.512264Z
822909e54e353428,CA,Amazon LAX78,Amazon LAX78,,Los Angeles County,65,2025-10-29,2026-01-26,Layoff Permanent,2026-08-30T21:43:41.512264Z
80ccd0b20c2fadb1,CA,Amazon SJC25,Amazon SJC25,,Santa Clara County,8,2025-10-29,2026-01-26,Layoff Permanent,2026-08-30T21:43:41.512264Z
7b6330a7369b39a0,CA,Amazon (SJC14),Amazon (SJC14),,Santa Clara County,80,2025-10-29,2026-01-26,Layoff Permanent,2026-08-30T21:43:41.512264Z
7062eca2df3bd4eb,CA,Amazon (SJC11),Amazon (SJC11),,Santa Clara County,28,2025-10-29,2026-01-26,Layoff Permanent,2026-08-30T21:43:41.512264Z
7018a980b6dcc284,CA,Amazon SNA18,Amazon SNA18,,Orange County,1,2025-10-29,2026-01-26,Layoff Permanent,2026-08-30T21:43:41.512264Z
5564aa28dec71a7c,CA,Amazon SNA3,Amazon SNA3,,Orange County,45,2025-10-29,2026-01-26,Layoff Permanent,2026-08-30T21:43:41.512264Z
55573cfc159150c7,CA,Amazon (SAN 17),Amazon (SAN 17),,San Diego County,61,2025-10-29,2026-01-26,Layoff Permanent,2026-08-30T21:43:41.512264Z
523d276bcd451300,CA,Amazon SNA19,Amazon SNA19,,Orange County,16,2025-10-29,2026-01-26,Layoff Permanent,2026-08-30T21:43:41.512264Z
50a317161721fba4,CA,Amazon LAX22,Amazon LAX22,,Los Angeles County,65,2025-10-29,2026-01-26,Layoff Permanent,2026-08-30T21:43:41.512264Z
437a09297f5505e7,CA,Amazon LAX21,Amazon LAX21,,Los Angeles County,43,2025-10-29,2026-01-26,Layoff Permanent,2026-08-30T21:43:41.512264Z
3ac61c8112a47076,CA,Amazon LAX10,Amazon LAX10,,Los Angeles County,62,2025-10-29,2026-01-26,Layoff Permanent,2026-08-30T21:43:41.512264Z
394edf418acc7f54,CA,Amazon SFO36,Amazon SFO36,,Santa Clara County,12,2025-10-29,2026-01-26,Layoff Permanent,2026-08-30T21:43:41.512264Z
3824fcf0798ece67,CA,Amazon (SJC13),Amazon (SJC13),,Santa Clara County,33,2025-10-29,2026-01-26,Layoff Permanent,2026-08-30T21:43:41.512264Z
2ff833da97df5112,CA,Amazon LAX18,Amazon LAX18,,Los Angeles County,7,2025-10-29,2025-01-26,Layoff Permanent,2026-08-30T21:43:41.512264Z
28f2e28ff1217bc4,CA,WIS International,WIS International,,San Diego County,10,2025-10-29,2026-01-01,Layoff Permanent,2026-08-30T21:43:41.512264Z
17592517543710ce,CA,Amazon (ONM213),Amazon (ONM213),,San Francisco County,1,2025-10-29,2026-01-26,Layoff Permanent,2026-08-30T21:43:41.512264Z
152b583a3adc4f62,CA,Twelve Benefit Corporation (614 Bancroft Way Suite H),Twelve Benefit Corporation (614 Bancroft Way Suite H),,Alameda County,52,2025-10-29,2025-10-29,Layoff Permanent,2026-08-30T21:43:41.512264Z
0f3ced1ee128168c,CA,Amazon SFO39,Amazon SFO39,,Santa Clara County,2,2025-10-29,2026-01-26,Layoff Permanent,2026-08-30T21:43:41.512264Z
0d212c2615a728d4,CA,Amazon (SAN 13),Amazon (SAN 13),,San Diego County,24,2025-10-29,2026-01-26,Layoff Permanent,2026-08-30T21:43:41.512264Z
0d049411ab52a560,CA,Amazon SNA17,Amazon SNA17,,Orange County,12,2025-10-29,2026-01-26,Layoff Permanent,2026-08-30T21:43:41.512264Z
0d024c7e30d860e9,CA,Amazon (SJC32),Amazon (SJC32),,Santa Clara County,85,2025-10-29,2026-01-26,Layoff Permanent,2026-08-30T21:43:41.512264Z
0ab9cf34cfd3e59a,CA,Amazon (SAN 15),Amazon (SAN 15),,San Diego County,50,2025-10-29,2026-01-26,Layoff Permanent,2026-08-30T21:43:41.512264Z
03091c875e970ca0,CA,Amazon (SAN 18),Amazon (SAN 18),,San Diego County,3,2025-10-29,2026-01-26,Layoff Permanent,2026-08-30T21:43:41.512264Z
edcdd890035ddcdf,CA,University of Southern California,University of Southern California,,Los Angeles County,259,2025-10-28,2025-10-31,Layoff Permanent,2026-08-30T21:43:41.512264Z
62eb802639823d31,CA,Fleur Room,Fleur Room,,Los Angeles County,26,2025-10-28,2025-12-31,Closure Permanent,2026-08-30T21:43:41.512264Z
5e1f4f8a47fe12fd,CA,Disneyland Resort,Disneyland Resort,,Orange County,72,2025-10-28,2025-12-30,Layoff Permanent,2026-08-30T21:43:41.512264Z
555d62b480560bd8,CA,TAO Group Hospitality,TAO Group Hospitality,,Los Angeles County,8,2025-10-28,2025-12-31,Layoff Permanent,2026-08-30T21:43:41.512264Z
29f49af5c0bb3628,CA,LAVO Los Angeles,LAVO Los Angeles,,Los Angeles County,100,2025-10-28,2025-12-31,Closure Permanent,2026-08-30T21:43:41.512264Z
242770d3b4521551,CA,Louis Vuitton USA Inc.,Louis Vuitton,,San Diego County,9,2025-10-28,2026-01-25,Closure Permanent,2026-08-30T21:43:41.512264Z
108eaeee220c8e20,CA,San Diego Imaging - Kearny Mesa,San Diego Imaging - Kearny Mesa,,San Diego County,32,2025-10-28,2025-12-29,Layoff Permanent,2026-08-30T21:43:41.512264Z
0aab3b79d3df656f,CA,"San Diego Imaging - Chula Vista, LLC",San Diego Imaging - Chula Vista,,San Diego County,63,2025-10-28,2025-12-29,Layoff Permanent,2026-08-30T21:43:41.512264Z
eff8102e708aa0b3,CA,"Communications Test Design, Inc. (CTDI)","Communications Test Design, Inc. (CTDI)",,San Bernardino County,15,2025-10-27,2025-12-31,Layoff Permanent,2026-08-30T21:43:41.512264Z
df5af8ae29b53f0f,CA,"Genentech, Inc.",Genentech,,San Mateo County,118,2025-10-27,2025-11-28,Layoff Permanent,2026-08-30T21:43:41.512264Z
51e8e7d1daf318bd,CA,Wellpath,Wellpath,,Monterey County,72,2025-10-27,2025-12-31,Layoff Permanent,2026-08-30T21:43:41.512264Z
4251f6c007a1b08a,CA,"Communications Test Design, Inc. (CTDI)","Communications Test Design, Inc. (CTDI)",,San Bernardino County,64,2025-10-27,2025-12-31,Layoff Permanent,2026-08-30T21:43:41.512264Z
fd3e333b80d6878f,CA,"Applied Materials, Inc. (930 E. Arques Ave)","Applied Materials, Inc. (930 E. Arques Ave)",,Santa Clara County,1,2025-10-24,2025-12-23,Layoff Permanent,2026-08-30T21:43:41.512264Z
f9d0c6f8fff86981,CA,"Applied Materials, Inc. (3225 Oakmead Village Dr)","Applied Materials, Inc. (3225 Oakmead Village Dr)",,Santa Clara County,16,2025-10-24,2025-12-23,Layoff Permanent,2026-08-30T21:43:41.512264Z
f72c87e25541c53d,CA,"Applied Materials, Inc. (Remote)","Applied Materials, Inc. (Remote)",,Santa Clara County,15,2025-10-24,2025-12-23,Layoff Permanent,2026-08-30T21:43:41.512264Z
da49b9a499623ce9,CA,"Applied Materials, Inc. (3325 Scott Blvd)","Applied Materials, Inc. (3325 Scott Blvd)",,Santa Clara County,52,2025-10-24,2025-12-23,Layoff Permanent,2026-08-30T21:43:41.512264Z
cd55175529f274ae,CA,"Applied Materials, Inc. (3320 Scott Blvd)","Applied Materials, Inc. (3320 Scott Blvd)",,Santa Clara County,36,2025-10-24,2025-12-23,Layoff Permanent,2026-08-30T21:43:41.512264Z
c51cccfc16a7183d,CA,"Applied Materials, Inc. (3050 Bowers Ave)","Applied Materials, Inc. (3050 Bowers Ave)",,Santa Clara County,38,2025-10-24,2025-12-23,Layoff Permanent,2026-08-30T21:43:41.512264Z
a81c676fd9bf749a,CA,"Applied Materials, Inc. (545 Oakmead Pkwy)","Applied Materials, Inc. (545 Oakmead Pkwy)",,Santa Clara County,7,2025-10-24,2025-12-23,Layoff Permanent,2026-08-30T21:43:41.512264Z
9fa059f0078eae86,CA,"Applied Materials, Inc. (3101 Scott Blvd)","Applied Materials, Inc. (3101 Scott Blvd)",,Santa Clara County,20,2025-10-24,2025-12-23,Layoff Permanent,2026-08-30T21:43:41.512264Z
9e3da2aff3191edc,CA,Silgan Containers,Silgan Containers,,Stanislaus County,180,2025-10-24,2025-10-27,Layoff Temporary,2026-08-30T21:43:41.512264Z
7fc255282654562f,CA,"Applied Materials, Inc. (974 E. Arques Ave)","Applied Materials, Inc. (974 E. Arques Ave)",,Santa Clara County,41,2025-10-24,2025-12-23,Layoff Permanent,2026-08-30T21:43:41.512264Z
7b65bd2fd8d414ae,CA,"Applied Materials, Inc. (3330 Scott Blvd)","Applied Materials, Inc. (3330 Scott Blvd)",,Santa Clara County,6,2025-10-24,2025-12-23,Layoff Permanent,2026-08-30T21:43:41.512264Z
5524e8399b62dcad,CA,"Applied Materials, Inc. (1140 E Arques Ave)","Applied Materials, Inc. (1140 E Arques Ave)",,Santa Clara County,26,2025-10-24,2025-12-23,Layoff Permanent,2026-08-30T21:43:41.512264Z
48e01550818b998d,CA,"Applied Materials, Inc. (557 E. California Ave)","Applied Materials, Inc. (557 E. California Ave)",,Santa Clara County,4,2025-10-24,2025-12-23,Layoff Permanent,2026-08-30T21:43:41.512264Z
31369791fde73295,CA,"Applied Materials, Inc. (3100 Bowers Ave)","Applied Materials, Inc. (3100 Bowers Ave)",,Santa Clara County,21,2025-10-24,2025-12-23,Layoff Permanent,2026-08-30T21:43:41.512264Z
2387c8698aa2661f,CA,"New Punch Bowl Sacramento, LLC",New Punch Bowl Sacramento,,Sacramento County,83,2025-10-24,2025-12-24,Closure Permanent,2026-08-30T21:43:41.512264Z
1a918b5774014bd9,CA,"Applied Materials, Inc. (978 E. Arques Ave)","Applied Materials, Inc. (978 E. Arques Ave)",,Santa Clara County,7,2025-10-24,2025-12-23,Layoff Permanent,2026-08-30T21:43:41.512264Z
1865a7fb27e52274,CA,"Applied Materials, Inc. (3333 Scott Blvd)","Applied Materials, Inc. (3333 Scott Blvd)",,Santa Clara County,73,2025-10-24,2025-12-23,Layoff Permanent,2026-08-30T21:43:41.512264Z
0a753cf5a19c9228,CA,"Peabody Engineering & Supply, Inc.",Peabody Engineering & Supply,,Riverside County,19,2025-10-24,2025-12-12,Closure Permanent,2026-08-30T21:43:41.512264Z
f66cda48f4c50a02,CA,"Meta Platforms, Inc. (1 Meta Way)","Meta Platforms, Inc. (1 Meta Way)",,San Mateo County,261,2025-10-23,2025-12-22,Layoff Permanent,2026-08-30T21:43:41.512264Z
e82e43a3608101da,CA,"Meta Platforms, Inc. (190 Jefferson Drive)","Meta Platforms, Inc. (190 Jefferson Drive)",,San Mateo County,21,2025-10-23,2025-12-22,Layoff Permanent,2026-08-30T21:43:41.512264Z
cc0e7ce4620c1bbf,CA,"Meta Platforms, Inc. (1 Hacker Way)","Meta Platforms, Inc. (1 Hacker Way)",,San Mateo County,22,2025-10-23,2025-12-22,Layoff Permanent,2026-08-30T21:43:41.512264Z
8fba53cf4bce2728,CA,"Meta Platforms, Inc. (305 Constitution Drive)","Meta Platforms, Inc. (305 Constitution Drive)",,San Mateo County,3,2025-10-23,2025-12-22,Layoff Permanent,2026-08-30T21:43:41.512264Z
8adaa322b50fa45a,CA,California College of ASU,California College of ASU,,Los Angeles County,75,2025-10-23,2025-12-19,Closure Permanent,2026-08-30T21:43:41.512264Z
84a6400907e49893,CA,"Hydro Extrusion USA, LLC",Hydro Extrusion,,Los Angeles County,128,2025-10-23,2025-12-23,Closure Temporary,2026-08-30T21:43:41.512264Z
3c72df19e0e3e1cc,CA,Leprino Foods Company,Leprino Foods,,Kings County,268,2025-10-23,2026-01-09,Layoff Permanent,2026-08-30T21:43:41.512264Z
3ab6799a5c9d58d1,CA,"Meta Platforms, Inc. (180 Jefferson Drive)","Meta Platforms, Inc. (180 Jefferson Drive)",,San Mateo County,1,2025-10-23,2025-12-22,Layoff Permanent,2026-08-30T21:43:41.512264Z
f9f85a3972115807,CA,"Science of Skincare, LLC (3333 N San Fernando Blvd)","Science of Skincare, LLC (3333 N San Fernando Blvd)",,Los Angeles County,37,2025-10-22,2025-12-30,Layoff Permanent,2026-08-30T21:43:41.512264Z
bd6ce26ec1118178,CA,Alector LLC,Alector,,San Mateo County,75,2025-10-22,2025-12-22,Layoff Permanent,2026-08-30T21:43:41.512264Z
7b5db551597acb3c,CA,"Science of Skincare, LLC (7525 N Lockheed Dr)","Science of Skincare, LLC (7525 N Lockheed Dr)",,Los Angeles County,26,2025-10-22,2025-12-30,Layoff Permanent,2026-08-30T21:43:41.512264Z
1bae83b492e42d76,CA,RAND Corporation,RAND,,Los Angeles County,73,2025-10-22,2025-11-02,Layoff Permanent,2026-08-30T21:43:41.512264Z
ca85982a739a01c4,CA,Adventist Health Glendale,Adventist Health Glendale,,Los Angeles County,25,2025-10-21,2025-08-07,Layoff Permanent,2026-08-30T21:43:41.512264Z
7db6e598a040f273,CA,"L3Harris Technologies, Inc.",L3Harris Technologies,,Los Angeles County,32,2025-10-21,2025-12-18,Closure Permanent,2026-08-30T21:43:41.512264Z
4b3f6ce895a232e0,CA,Anthony International,Anthony International,,Los Angeles County,398,2025-10-21,2026-03-31,Closure Permanent,2026-08-30T21:43:41.512264Z
4755afde2fc1bf27,CA,Ojai Valley Inn,Ojai Valley Inn,,Ventura County,773,2025-10-21,2026-01-04,Closure Temporary,2026-08-30T21:43:41.512264Z
2ba8a320e44e3142,CA,Corteva Agriscience LLC,Corteva Agriscience,,Contra Costa County,3,2025-10-21,2026-01-02,Layoff Permanent,2026-08-30T21:43:41.512264Z
1ee0f3fcac9f0907,CA,Kinetics Equipment Solutions Group,Kinetics Equipment Solutions Group,,Alameda County,23,2025-10-21,2025-12-26,Closure Permanent,2026-08-30T21:43:41.512264Z
e7df1747c4a3f549,CA,Broadcom Inc.,Broadcom,,Santa Clara County,247,2025-10-20,2025-12-19,Layoff Permanent,2026-08-30T21:43:41.512264Z
dd2a98c827dd4a73,CA,University of Southern California,University of Southern California,,Los Angeles County,2,2025-10-20,2025-10-08,Layoff Permanent,2026-08-30T21:43:41.512264Z
d333e786afea8181,CA,The University Corporation at Monterey Bay,University Corporation at Monterey Bay,,Monterey County,134,2025-10-20,2025-12-16,Layoff Not known at this time,2026-08-30T21:43:41.512264Z
879d6314a00b43f4,CA,"ReCircle Solutions, Inc. (Oroville Flexible Grocery Bags LLC and Oroville Flexible Packaging LLC)","ReCircle Solutions, Inc. (Oroville Flexible Grocery Bags LLC and Oroville Flexible Packaging LLC)",,Butte County,24,2025-10-20,2025-12-19,Layoff Permanent,2026-08-30T21:43:41.512264Z
6ffa3b576cab385a,CA,"Magnesium Alloy Products Co., Inc.",Magnesium Alloy Products,,Los Angeles County,61,2025-10-20,2025-11-26,Closure Permanent,2026-08-30T21:43:41.512264Z
5e7cec1d508cde9d,CA,"Centene Management Company, LLC",Centene Management,,Sacramento County,5,2025-10-20,2025-12-19,Closure Permanent,2026-08-30T21:43:41.512264Z
385b0bc36f352161,CA,"Judco Manufacturing, Inc.",Judco Manufacturing,,Los Angeles County,53,2025-10-20,2025-12-16,Closure Permanent,2026-08-30T21:43:41.512264Z
d6202cf644eaab94,CA,"Marshalls of CA, LLC",Marshalls of CA,,Santa Clara County,64,2025-10-17,2026-01-05,Closure Permanent,2026-08-30T21:43:41.512264Z
af78405a58166863,CA,"Marshalls of CA, LLC",Marshalls of CA,,Los Angeles County,62,2025-10-17,2026-01-05,Closure Permanent,2026-08-30T21:43:41.512264Z
fc55d036a5a4ecdc,CA,"Nitto Avecia Pharma Services, Inc.",Nitto Avecia Pharma Services,,Orange County,24,2025-10-16,2025-12-16,Closure Permanent,2026-08-30T21:43:41.512264Z
9085cf786e46301c,CA,RTX,RTX,,Los Angeles County,1,2025-10-16,2026-01-02,Layoff Permanent,2026-08-30T21:43:41.512264Z
6cddd6031cbbde99,CA,Kaiser Foundation Hospitals,Kaiser Foundation Hospitals,,Solano County,1,2025-10-16,2025-10-10,Layoff Permanent,2026-08-30T21:43:41.512264Z
57ed551c6543fb8f,CA,Kaiser Foundation Hospitals,Kaiser Foundation Hospitals,,Alameda County,3,2025-10-16,2025-10-10,Layoff Permanent,2026-08-30T21:43:41.512264Z
418d846a706cd428,CA,"Bumble Bee Foods, LLC",Bumble Bee Foods,,Los Angeles County,56,2025-10-16,2025-12-18,Layoff Permanent,2026-08-30T21:43:41.512264Z
00eaf1653ac81cd0,CA,Kaiser Foundation Hospitals,Kaiser Foundation Hospitals,,Marin County,2,2025-10-16,2025-10-10,Layoff Permanent,2026-08-30T21:43:41.512264Z
fbfa00c6be53c877,CA,"BILL Operations, LLC",BILL Operations,,Santa Clara County,84,2025-10-15,2025-12-15,Layoff Permanent,2026-08-30T21:43:41.512264Z
e939145e3096a66e,CA,Raytheon,Raytheon,,Los Angeles County,2,2025-10-15,2025-12-15,Layoff Permanent,2026-08-30T21:43:41.512264Z
ae99aea7d85e551e,CA,"National Distribution Centers, LLC (NDC)","National Distribution Centers, LLC (NDC)",,San Bernardino County,45,2025-10-15,2025-12-14,Closure Permanent,2026-08-30T21:43:41.512264Z
8faa23d076fcb368,CA,Georg Fischer Signet LLC,Georg Fischer Signet,,Los Angeles County,100,2025-10-15,2025-12-22,Layoff Temporary,2026-08-30T21:43:41.512264Z
3bf3c08d6d111317,CA,Stryder Corp. dba Handshake,Stryder,Handshake,San Francisco County,96,2025-10-15,2025-10-15,Layoff Permanent,2026-08-30T21:43:41.512264Z
e5bbd3226cfeecf8,CA,Warner Music Inc. (777),Warner Music,,Los Angeles County,32,2025-10-14,2025-12-24,Layoff Permanent,2026-08-30T21:43:41.512264Z
e5036fbb4d3c8569,CA,Omnicare,Omnicare,,Sacramento County,64,2025-10-14,2025-12-14,Closure Permanent,2026-08-30T21:43:41.512264Z
bdc086c3d3f8f815,CA,Warner Music Inc. (11261),Warner Music,,Los Angeles County,3,2025-10-14,2025-12-24,Layoff Permanent,2026-08-30T21:43:41.512264Z
8fbbf1151ac7e2a1,CA,Hilton San Diego Bayfront,Hilton San Diego Bayfront,,San Diego County,394,2025-10-14,2025-12-13,Layoff Temporary,2026-08-30T21:43:41.512264Z
5622f015321c6916,CA,Chevron,Chevron,,Kern County,52,2025-10-14,2025-10-23,Layoff Permanent,2026-08-30T21:43:41.512264Z
48d53f4a4206db6b,CA,Chevron,Chevron,,Contra Costa County,68,2025-10-14,2025-10-23,Layoff Permanent,2026-08-30T21:43:41.512264Z
1a27c29f445bf038,CA,Jet Propulsion Laboratory (California Institute of Technology),Jet Propulsion Laboratory (California Institute of Technology),,Los Angeles County,543,2025-10-14,2025-12-13,Layoff Permanent,2026-08-30T21:43:41.512264Z
d219007407eaf158,CA,Blue shield of California 601,Blue shield of California 601,,Alameda County,31,2025-10-13,2025-12-02,Layoff Permanent,2026-08-30T21:43:41.512264Z
cbe18158cd9a77d7,CA,"Planned Parenthood/Orange and San Bernardino Counties, Inc. 14372","Planned Parenthood/Orange and San Bernardino Counties, Inc. 14372",,Orange County,6,2025-10-13,2025-12-13,Layoff Permanent,2026-08-30T21:43:41.512264Z
cac2ddf31c73c384,CA,Lucile Salter Packard Children's Hospital,Lucile Salter Packard Children's Hospital,,Santa Clara County,87,2025-10-13,2025-12-12,Layoff Permanent,2026-08-30T21:43:41.512264Z
c2086f70b5739039,CA,"Planned Parenthood/Orange and San Bernardino Counties, Inc. 1520","Planned Parenthood/Orange and San Bernardino Counties, Inc. 1520",,Orange County,6,2025-10-13,2025-12-13,Layoff Permanent,2026-08-30T21:43:41.512264Z
b807d61961250638,CA,Planned Parenthood/Orange and San Bernardino Inc. 1873,Planned Parenthood/Orange and San Bernardino Inc. 1873,,San Bernardino County,5,2025-10-13,2025-12-13,Layoff Permanent,2026-08-30T21:43:41.512264Z
aeb5860bd7ab14c8,CA,"Planned Parenthood/Orange and San Bernardino Counties, Inc. 1421","Planned Parenthood/Orange and San Bernardino Counties, Inc. 1421",,Orange County,8,2025-10-13,2025-12-13,Layoff Permanent,2026-08-30T21:43:41.512264Z
aa6d9582431053db,CA,Blue Shield of California Building C,Blue Shield of California Building C,,El Dorado County,18,2025-10-13,2025-12-02,Layoff Permanent,2026-08-30T21:43:41.512264Z
a9b00c29bd721dc3,CA,Blue Shield of California 4700,Blue Shield of California 4700,,Shasta County,11,2025-10-13,2025-12-02,Layoff Permanent,2026-08-30T21:43:41.512264Z
a501a9913f407a89,CA,"Planned Parenthood/Orange and San Bernardino Counties, Inc. 801","Planned Parenthood/Orange and San Bernardino Counties, Inc. 801",,Orange County,25,2025-10-13,2025-12-13,Layoff Permanent,2026-08-30T21:43:41.512264Z
87441355394d84e9,CA,Blue Shield of California 3131,Blue Shield of California 3131,,San Diego County,4,2025-10-13,2025-12-02,Layoff Permanent,2026-08-30T21:43:41.512264Z
845c3a9f140395ab,CA,Blue Shield of California 6300,Blue Shield of California 6300,,Los Angeles County,17,2025-10-13,2025-12-02,Layoff Permanent,2026-08-30T21:43:41.512264Z
6cb1113f4e64c73b,CA,"Planned Parenthood/Orange and San Bernardino Counties, Inc. 700","Planned Parenthood/Orange and San Bernardino Counties, Inc. 700",,Orange County,7,2025-10-13,2025-12-13,Layoff Permanent,2026-08-30T21:43:41.512264Z
5ab91e21a9db3a72,CA,Blue Shield of California 3300,Blue Shield of California 3300,,Sacramento County,13,2025-10-13,2025-12-02,Layoff Permanent,2026-08-30T21:43:41.512264Z
55c427485fc7d3e8,CA,"Planned Parenthood/Orange and San Bernardino Counties, Inc. 26137","Planned Parenthood/Orange and San Bernardino Counties, Inc. 26137",,Orange County,7,2025-10-13,2025-12-13,Layoff Permanent,2026-08-30T21:43:41.512264Z
48585590416dc814,CA,Blue Shield of California 3840,Blue Shield of California 3840,,Los Angeles County,26,2025-10-13,2025-12-02,Layoff Permanent,2026-08-30T21:43:41.512264Z
44509f9ae6a9b156,CA,"Planned Parenthood/Orange and San Bernardino Counties, Inc. 303","Planned Parenthood/Orange and San Bernardino Counties, Inc. 303",,Orange County,4,2025-10-13,2025-12-13,Layoff Permanent,2026-08-30T21:43:41.512264Z
400f7eebac3c2cd7,CA,"Blue Shield of California, Building B","Blue Shield of California, Building B",,El Dorado County,24,2025-10-13,2025-12-02,Layoff Permanent,2026-08-30T21:43:41.512264Z
3b1e928b5b2f81b6,CA,Blue Shield of California 3021,Blue Shield of California 3021,,San Joaquin County,6,2025-10-13,2025-12-02,Layoff Permanent,2026-08-30T21:43:41.512264Z
2ff4c2e1fc181124,CA,"Planned Parenthood/Orange and San Bernardino Counties, Inc. 918","Planned Parenthood/Orange and San Bernardino Counties, Inc. 918",,San Bernardino County,7,2025-10-13,2025-12-13,Layoff Permanent,2026-08-30T21:43:41.512264Z
19ddfa76fe7fc9c9,CA,"Planned Parenthood/Orange and San Bernardino Counties, Inc. 325","Planned Parenthood/Orange and San Bernardino Counties, Inc. 325",,San Bernardino County,6,2025-10-13,2025-12-13,Layoff Permanent,2026-08-30T21:43:41.512264Z
b856bd40583a5689,CA,GAF Energy LLC,GAF Energy,,Santa Clara County,138,2025-10-10,2025-12-13,Closure Permanent,2026-08-30T21:43:41.512264Z
7cf11da08479d7f8,CA,RGNext,RGNext,,Santa Barbara County,400,2025-10-10,2025-11-30,Layoff Permanent,2026-08-30T21:43:41.512264Z
6e0d228c13c6489a,CA,RTX (2000),RTX,,Los Angeles County,1,2025-10-10,2025-12-19,Layoff Permanent,2026-08-30T21:43:41.512264Z
49e9e5e27059086a,CA,RTX (2012),RTX,,Los Angeles County,1,2025-10-10,2025-12-19,Layoff Permanent,2026-08-30T21:43:41.512264Z
e1d0fd4b55e59e37,CA,Canyon Ranch Woodside,Canyon Ranch Woodside,,San Mateo County,56,2025-10-09,2025-11-21,Closure Permanent,2026-08-30T21:43:41.512264Z
ce82416e54a12dec,CA,"CRST Lincoln Sales, Inc. dba CRST Equipment Solutions, Inc.",CRST Lincoln Sales,"CRST Equipment Solutions, Inc",San Joaquin County,21,2025-10-08,2025-12-07,Closure Permanent,2026-08-30T21:43:41.512264Z
11a5c13858d3dd1d,CA,Ballast Point Brewing Company - Little Italy Location,Ballast Point Brewing Company - Little Italy Location,,San Diego County,8,2025-10-08,2025-12-15,Closure Permanent,2026-08-30T21:43:41.512264Z
05692f0f81aa6c50,CA,Ballast Point Brewing Company - Miramar Location,Ballast Point Brewing Company - Miramar Location,,San Diego County,29,2025-10-08,2025-12-15,Closure Permanent,2026-08-30T21:43:41.512264Z
e2b208ff67ff7361,CA,Kaiser Foundation Hospitals (99),Kaiser Foundation Hospitals,,Los Angeles County,7,2025-10-07,2025-09-17,Layoff Permanent,2026-08-30T21:43:41.512264Z
cd003b4d5433f593,CA,"The Academy of Magical Arts, Inc.",Academy of Magical Arts,,Los Angeles County,174,2025-10-07,2025-12-31,Layoff Permanent,2026-08-30T21:43:41.512264Z
bb87493cf12c0aff,CA,Kaiser Foundation Hospitals (One),Kaiser Foundation Hospitals (One),,Alameda County,6,2025-10-07,2025-09-17,Layoff Permanent,2026-08-30T21:43:41.512264Z
b8fe9c06a51b550b,CA,Kaiser Foundation Hospitals (2500),Kaiser Foundation Hospitals,,Alameda County,40,2025-10-07,2025-09-17,Layoff Permanent,2026-08-30T21:43:41.512264Z
a4c9df6d5327371f,CA,Kaiser Foundation Hospitals (1830),Kaiser Foundation Hospitals,,Riverside County,2,2025-10-07,2025-09-17,Layoff Permanent,2026-08-30T21:43:41.512264Z
a471ab1c613f40c2,CA,"Polymer Technology Systems, Inc.",Polymer Technology Systems,,Santa Clara County,56,2025-10-07,2025-12-05,Closure Permanent,2026-08-30T21:43:41.512264Z
a2b57157c2e63cfc,CA,Kaiser Foundation Hospitals (9521),Kaiser Foundation Hospitals,,Los Angeles County,1,2025-10-07,2025-09-17,Layoff Permanent,2026-08-30T21:43:41.512264Z
9f6de1f4819a023e,CA,Kaiser Foundation Hospitals (4841),Kaiser Foundation Hospitals,,Los Angeles County,1,2025-10-07,2025-09-17,Layoff Permanent,2026-08-30T21:43:41.512264Z
9a7625001c92bb22,CA,Kaiser Foundation Hospitals (12254),Kaiser Foundation Hospitals,,Los Angeles County,2,2025-10-07,2025-09-17,Layoff Permanent,2026-08-30T21:43:41.512264Z
8ddbf234baae91b8,CA,Kaiser Foundation Hospitals (74),Kaiser Foundation Hospitals,,Los Angeles County,15,2025-10-07,2025-09-17,Layoff Permanent,2026-08-30T21:43:41.512264Z
7cd7b6a5c542259c,CA,Kaiser Foundation Hospitals (8954),Kaiser Foundation Hospitals,,San Diego County,1,2025-10-07,2025-09-17,Layoff Permanent,2026-08-30T21:43:41.512264Z
70e6a7d914fd9b78,CA,Kaiser Foundation Hospitals (501),Kaiser Foundation Hospitals,,Contra Costa County,1,2025-10-07,2025-09-17,Layoff Permanent,2026-08-30T21:43:41.512264Z
5f82cd84db6ce74c,CA,Kaiser Foundation Hospitals (1100),Kaiser Foundation Hospitals,,San Mateo County,20,2025-10-07,2025-09-17,Layoff Permanent,2026-08-30T21:43:41.512264Z
5a2c6090bbcf9b27,CA,Kaiser Foundation Hospitals (75),Kaiser Foundation Hospitals,,Los Angeles County,1,2025-10-07,2025-09-17,Layoff Permanent,2026-08-30T21:43:41.512264Z
59b88616dd8de23b,CA,Kaiser Foundation Hospitals (1850),Kaiser Foundation Hospitals,,Riverside County,1,2025-10-07,2025-09-17,Layoff Permanent,2026-08-30T21:43:41.512264Z
4804ac5b9179b61c,CA,Kaiser Foundation Hospitals (3600),Kaiser Foundation Hospitals,,Alameda County,74,2025-10-07,2025-09-17,Layoff Permanent,2026-08-30T21:43:41.512264Z
3e6db3fe1c305979,CA,Kaiser Foundation Hospitals (393),Kaiser Foundation Hospitals,,Los Angeles County,1,2025-10-07,2025-09-17,Layoff Permanent,2026-08-30T21:43:41.512264Z
253be8ab094a416e,CA,Kaiser Foundation Hospitals (4460),Kaiser Foundation Hospitals,,Alameda County,43,2025-10-07,2025-09-17,Layoff Permanent,2026-08-30T21:43:41.512264Z
cb56c00fd8aa4d49,CA,"SAP America, Inc.",SAP America,,Santa Clara County,82,2025-10-06,2025-11-21,Layoff Permanent,2026-08-30T21:43:41.512264Z
8a2866187b89295b,CA,Paramount Global (1575),Paramount Global,,Los Angeles County,65,2025-10-06,2025-08-09,Layoff Permanent,2026-08-30T21:43:41.512264Z
4ebac6c7b4915c08,CA,"rPlanet Earth Los Angeles, LLC",rPlanet Earth Los Angeles,,Los Angeles County,178,2025-10-06,2025-09-05,Closure Permanent,2026-08-30T21:43:41.512264Z
1b712d6ab3591ade,CA,Paramount Global (5555),Paramount Global,,Los Angeles County,49,2025-10-06,2025-08-09,Layoff Permanent,2026-08-30T21:43:41.512264Z
fde157872c8754ba,CA,ZOLL Medical Corporation,ZOLL Medical,,Riverside County,96,2025-10-03,2025-12-15,Closure Permanent,2026-08-30T21:43:41.512264Z
e81afe9d66f46e1a,CA,Amazon,Amazon,,Los Angeles County,107,2025-10-03,2026-01-06,Closure Permanent,2026-08-30T21:43:41.512264Z
a94daddfe9b76f6b,CA,Indian Health Center of Santa Clara Valley,Indian Health Center of Santa Clara Valley,,Santa Clara County,21,2025-10-03,2025-12-31,Closure Permanent,2026-08-30T21:43:41.512264Z
a87f1a78253dfc50,CA,Amazon,Amazon,,Los Angeles County,126,2025-10-03,2026-01-06,Closure Permanent,2026-08-30T21:43:41.512264Z
98b27e200e5349f7,CA,Manna Beverages MBV-CA LLC - 2150,Manna Beverages MBV-CA,,Yolo County,25,2025-10-03,2025-10-07,Closure Permanent,2026-08-30T21:43:41.512264Z
97a426cfd992010d,CA,University of Southern California,University of Southern California,,Los Angeles County,21,2025-10-03,2025-11-30,Layoff Permanent,2026-08-30T21:43:41.512264Z
83b6d546000044e6,CA,Manna Beverages MBV-CA LLC 2286,Manna Beverages MBV-CA LLC 2286,,Yolo County,237,2025-10-03,2025-10-07,Closure Permanent,2026-08-30T21:43:41.512264Z
7d304a6b15684506,CA,Adventist Health Sonora,Adventist Health Sonora,,Tuolumne County,1,2025-10-03,2025-10-10,Layoff Permanent,2026-08-30T21:43:41.512264Z
6bed14258c7eb899,CA,Manna Beverages MBV-CA LLC 3600,Manna Beverages MBV-CA LLC 3600,,Yolo County,98,2025-10-03,2025-10-07,Closure Permanent,2026-08-30T21:43:41.512264Z
5f15f62a785cb57f,CA,Manna Beverages MBV-CA LLC 3685,Manna Beverages MBV-CA LLC 3685,,Yolo County,18,2025-10-03,2025-10-07,Closure Permanent,2026-08-30T21:43:41.512264Z
55be0407fa982a98,CA,Manna Beverages MBV-CA LLC - 1226,Manna Beverages MBV-CA,,Orange County,245,2025-10-03,2025-10-07,Closure Permanent,2026-08-30T21:43:41.512264Z
4182e0c70de715b4,CA,Amazon,Amazon,,Orange County,173,2025-10-03,2026-01-06,Closure Permanent,2026-08-30T21:43:41.512264Z
40790376bcb10d23,CA,Manna Beverages MBV-CA LLC 6725,Manna Beverages MBV-CA LLC 6725,,San Bernardino County,15,2025-10-03,2025-10-07,Closure Permanent,2026-08-30T21:43:41.512264Z
d517c57d9517045d,CA,"Monroe Operations, LLC dba Newport Academy",Monroe Operations,Newport Academy,Orange County,27,2025-10-02,2025-12-01,Closure Permanent,2026-08-30T21:43:41.512264Z
9aa2a75b78656b6e,CA,Amazon,Amazon,,Orange County,149,2025-10-02,2026-01-06,Closure Permanent,2026-08-30T21:43:41.512264Z
8963cb6cc8ec10d7,CA,Dart Container Corporation,Dart Container,,Riverside County,171,2025-10-02,2026-02-27,Closure Permanent,2026-08-30T21:43:41.512264Z
851f11f49da7716f,CA,"Oracle America, Inc.",Oracle America,,Alameda County,1,2025-10-02,2025-11-05,Layoff Permanent,2026-08-30T21:43:41.512264Z
7d51429097109fdd,CA,Advanced Pressure Technology,Advanced Pressure Technology,,Napa County,237,2025-10-02,2025-12-01,Closure Permanent,2026-08-30T21:43:41.512264Z
585cfde831e42eda,CA,"Monroe Operations, LLC dba Newport Academy",Monroe Operations,Newport Academy,Alameda County,28,2025-10-02,2025-12-01,Closure Permanent,2026-08-30T21:43:41.512264Z
3c5a88b379eb2dc6,CA,"Oracle America, Inc.",Oracle America,,San Mateo County,4,2025-10-02,2025-11-10,Layoff Permanent,2026-08-30T21:43:41.512264Z
f22909a5e3b897f9,CA,"FPI Management, Inc. (800)",FPI Management,,Sacramento County,50,2025-10-01,2025-11-30,Layoff Permanent,2026-08-30T21:43:41.512264Z
c9a3fb1bef4a59a2,CA,Celestica Precision Machining Ltd,Celestica Precision Machining,,Alameda County,72,2025-10-01,2025-12-01,Closure Permanent,2026-08-30T21:43:41.512264Z
b2d9c978ca360e19,CA,Caligreen Laboratory,Caligreen Laboratory,,Los Angeles County,22,2025-10-01,2025-09-26,Layoff Permanent,2026-08-30T21:43:41.512264Z
ae1c264533d051c0,CA,Cruise LLC,Cruise,,San Francisco County,12,2025-10-01,2025-09-30,Layoff Permanent,2026-08-30T21:43:41.512264Z
6049a64d9ffc5b2a,CA,"FPI Management, Inc. (Remote)","FPI Management, Inc. (Remote)",,Sacramento County,16,2025-10-01,2025-11-30,Layoff Permanent,2026-08-30T21:43:41.512264Z
3c216521407c5466,CA,Bicycle Transit Systems,Bicycle Transit Systems,,Los Angeles County,65,2025-10-01,2025-11-30,Layoff Permanent,2026-08-30T21:43:41.512264Z
3454960d0d45c9e0,CA,"FPI Management, Inc. (1110)",FPI Management,,Sacramento County,39,2025-10-01,2025-11-30,Layoff Permanent,2026-08-30T21:43:41.512264Z
f1aaf36c29c91a95,CA,Google - 237,Google - 237,,Santa Clara County,2,2025-09-30,2025-11-09,Layoff Permanent,2026-08-30T21:43:41.512264Z
e15d46472a71689b,CA,Google - 1265,Google,,Santa Clara County,9,2025-09-30,2025-11-09,Layoff Permanent,2026-08-30T21:43:41.512264Z
c25417d6ca6932ba,CA,Google - 242,Google - 242,,Santa Clara County,20,2025-09-30,2025-11-09,Layoff Permanent,2026-08-30T21:43:41.512264Z
b87b221ab7ca8caf,CA,Google -1160,Google,,Santa Clara County,4,2025-09-30,2025-11-09,Layoff Permanent,2026-08-30T21:43:41.512264Z
b4fabe9034fc0cee,CA,Google - 1175,Google,,Santa Clara County,1,2025-09-30,2025-11-09,Layoff Permanent,2026-08-30T21:43:41.512264Z
ada451c4ba14dea5,CA,"Boardwalk Property Services, LLC",Boardwalk Property Services,,Napa County,66,2025-09-30,2025-11-23,Layoff Temporary,2026-08-30T21:43:41.512264Z
aaf64f8567559a94,CA,Google -1225,Google,,Santa Clara County,1,2025-09-30,2025-11-09,Layoff Permanent,2026-08-30T21:43:41.512264Z
aa3a99103aa579cb,CA,Google - 1190,Google,,Santa Clara County,8,2025-09-30,2025-11-09,Layoff Permanent,2026-08-30T21:43:41.512264Z
6783cf8ce6e44421,CA,Google - 1195,Google,,Santa Clara County,4,2025-09-30,2025-11-09,Layoff Permanent,2026-08-30T21:43:41.512264Z
38f819e926ce5d75,CA,Google - 244,Google - 244,,Santa Clara County,1,2025-09-30,2025-11-09,Layoff Permanent,2026-08-30T21:43:41.512264Z
33fd4a406bd1365f,CA,"Sutro Biopharma, Inc.",Sutro Biopharma,,San Mateo County,8,2025-09-30,2025-09-30,Layoff Permanent,2026-08-30T21:43:41.512264Z
28a529e0b55e6db4,CA,Dreyer's Grand Ice Cream,Dreyer's Grand Ice Cream,,Kern County,726,2025-09-30,2025-11-23,Layoff Temporary,2026-08-30T21:43:41.512264Z
23df34484dfd28f8,CA,North State Public Radio (NSPR),North State Public Radio (NSPR),,Butte County,12,2025-09-30,2025-11-30,Layoff Permanent,2026-08-30T21:43:41.512264Z
1c01082b65c1880b,CA,"Sutro Biopharma, Inc.",Sutro Biopharma,,San Mateo County,45,2025-09-30,2025-09-30,Layoff Permanent,2026-08-30T21:43:41.512264Z
0841d76b19bbfd30,CA,"Sutro Biopharma, Inc.",Sutro Biopharma,,San Mateo County,1,2025-09-30,2025-09-30,Layoff Permanent,2026-08-30T21:43:41.512264Z
beaeffd45153b93c,CA,City of Hope,City of Hope,,Los Angeles County,56,2025-09-29,2025-11-25,Layoff Permanent,2026-08-30T21:43:41.512264Z
9f33939a90f57933,CA,"Avelo Airlines, Inc.",Avelo Airlines,,Los Angeles County,38,2025-09-29,2025-10-21,Closure Permanent,2026-08-30T21:43:41.512264Z
8f9941ad2332afa6,CA,City of Hope,City of Hope,,Los Angeles County,140,2025-09-29,2025-11-25,Layoff Permanent,2026-08-30T21:43:41.512264Z
808d9e42226ce482,CA,GSK plc.,GSK,,San Francisco County,8,2025-09-29,2025-09-29,Layoff Permanent,2026-08-30T21:43:41.512264Z
655da8523587eb44,CA,University of Southern California,University of Southern California,,Los Angeles County,55,2025-09-29,2025-10-04,Layoff Permanent,2026-08-30T21:43:41.512264Z
f51b7c90b3fb282f,CA,"Avelo Airlines, Inc.",Avelo Airlines,,Humboldt County,11,2025-09-26,2025-11-18,Closure Permanent,2026-08-30T21:43:41.512264Z
dd0c7eeb3426ded7,CA,Agile Physical Therapy (Sutter Health Mountain View Center),Agile Physical Therapy (Sutter Health Mountain View Center),,Santa Clara County,1,2025-09-26,2025-11-14,Layoff Permanent,2026-08-30T21:43:41.512264Z
d0430afddc452728,CA,Agile Physical Therapy (Sutter Health Dublin Physical & Hand Therapy),Agile Physical Therapy (Sutter Health Dublin Physical & Hand Therapy),,Alameda County,7,2025-09-26,2025-11-14,Layoff Permanent,2026-08-30T21:43:41.512264Z
ba9dcd181dff5e5a,CA,Warner Music Inc.,Warner Music,,Los Angeles County,6,2025-09-26,2025-11-24,Layoff Permanent,2026-08-30T21:43:41.512264Z
ac8bb043d167cbb4,CA,"GEP Administrative Services, LLC dba Entertainment Partners",GEP Administrative Services,Entertainment Partners,Los Angeles County,61,2025-09-26,2025-12-01,Layoff Permanent,2026-08-30T21:43:41.512264Z
a8cee70504213f22,CA,Agile Physical Therapy (Sutter Health Sunnyvale Physical Therapy 1085),Agile Physical Therapy (Sutter Health Sunnyvale Physical Therapy 1085),,Santa Clara County,23,2025-09-26,2025-11-14,Layoff Permanent,2026-08-30T21:43:41.512264Z
98d8064d8c5bba14,CA,Agile Physical Therapy (Sutter Health San Carlos Physical Therapy & Hand Therapy),Agile Physical Therapy (Sutter Health San Carlos Physical Therapy & Hand Therapy),,San Mateo County,19,2025-09-26,2025-11-14,Layoff Permanent,2026-08-30T21:43:41.512264Z
7d74b17259c062ce,CA,Agile Physical Therapy (Sutter Health Palo Alto Physical Therapy & Hand Therapy),Agile Physical Therapy (Sutter Health Palo Alto Physical Therapy & Hand Therapy),,Santa Clara County,30,2025-09-26,2025-11-14,Layoff Permanent,2026-08-30T21:43:41.512264Z
76e6f567f9541cc8,CA,Agile Physical Therapy (Sutter Health Fremont Physical Therapy & Hand Therapy),Agile Physical Therapy (Sutter Health Fremont Physical Therapy & Hand Therapy),,Alameda County,24,2025-09-26,2025-11-14,Layoff Permanent,2026-08-30T21:43:41.512264Z
712370c1b26a308d,CA,Agile Physical Therapy (Sutter Health Sunnyvale Center (301) Physical Therapy),Agile Physical Therapy (Sutter Health Sunnyvale Center (301) Physical Therapy),,Santa Clara County,4,2025-09-26,2025-11-14,Layoff Permanent,2026-08-30T21:43:41.512264Z
016c822fb9ed2a7d,CA,Agile Physical Therapy (Sutter Health Sunnyvale Center 401 Physical Therapy),Agile Physical Therapy (Sutter Health Sunnyvale Center 401 Physical Therapy),,Santa Clara County,16,2025-09-26,2025-11-14,Layoff Permanent,2026-08-30T21:43:41.512264Z
f6c6899c5ee40c89,CA,Jabil Inc.,Jabil,,Santa Clara County,393,2025-09-25,2025-11-24,Closure Temporary,2026-08-30T21:43:41.512264Z
d23b511743537fce,CA,"Eclipse Advantage, LLC",Eclipse Advantage,,San Bernardino County,58,2025-09-25,2025-11-23,Layoff Permanent,2026-08-30T21:43:41.512264Z
cb346415ec8243e2,CA,Palo Verde Healthcare District,Palo Verde Healthcare District,,Riverside County,94,2025-09-25,2025-11-23,Closure Permanent,2026-08-30T21:43:41.512264Z
c99fe2c42d52d62a,CA,"Randstad Inhouse Services, LLC",Randstad Inhouse Services,,Tulare County,110,2025-09-24,2025-11-24,Closure Temporary,2026-08-30T21:43:41.512264Z
ac26df08f30baf93,CA,"Point Quest, Inc.",Point Quest,,Sacramento County,66,2025-09-24,2025-09-22,Layoff Permanent,2026-08-30T21:43:41.512264Z
8b2bf427ab27aa10,CA,"Point Quest, Inc.",Point Quest,,Sacramento County,100,2025-09-24,2025-09-22,Layoff Permanent,2026-08-30T21:43:41.512264Z
775e8ec14b3a8d68,CA,Dreyer's Grand Ice Cream,Dreyer's Grand Ice Cream,,Tulare County,188,2025-09-24,2025-11-24,Layoff Temporary,2026-08-30T21:43:41.512264Z
6ae29c96a6836225,CA,"Valyria, LLC",Valyria,,Solano County,25,2025-09-24,2025-11-21,Closure Permanent,2026-08-30T21:43:41.512264Z
327461e5c094608a,CA,"Randstad Inhouse Services, LLC",Randstad Inhouse Services,,Kern County,214,2025-09-24,2025-11-23,Closure Temporary,2026-08-30T21:43:41.512264Z
c59cd77cc1535089,CA,"MMCI Acquisition, LLC dba Mortech Manufacturing Company",MMCI Acquisition,Mortech Manufacturing Company,Los Angeles County,46,2025-09-22,2025-12-01,Closure Permanent,2026-08-30T21:43:41.512264Z
f80733695b885c7d,CA,Azure Acres Treatment Center - 11740,Azure Acres Treatment Center,,Sonoma County,5,2025-09-17,2025-11-08,Closure Permanent,2026-08-30T21:43:41.512264Z
d24109eb7c16ad68,CA,Azure Acres Treatment Center - 5665,Azure Acres Treatment Center,,Sonoma County,1,2025-09-17,2025-11-08,Closure Permanent,2026-08-30T21:43:41.512264Z
c93bce403c08b804,CA,Azure Acres Treatment Center 1160,Azure Acres Treatment Center 1160,,Sacramento County,1,2025-09-17,2025-11-08,Closure Permanent,2026-08-30T21:43:41.512264Z
90753997fcd82645,CA,"Carbon, Inc.",Carbon,,San Mateo County,78,2025-09-17,2025-11-17,Layoff Permanent,2026-08-30T21:43:41.512264Z
7d3feabcdbc2102f,CA,Kaiser Foundation Hospitals,Kaiser Foundation Hospitals,,Alameda County,5,2025-09-17,2025-09-15,Layoff Permanent,2026-08-30T21:43:41.512264Z
507293ae4c71fa23,CA,Azure Acres Treatment Center - 7064,Azure Acres Treatment Center,,Sonoma County,8,2025-09-17,2025-11-08,Closure Permanent,2026-08-30T21:43:41.512264Z
4b0113baa285781e,CA,"IPG DXTRA Entertainment, Inc. d/b/a Rogers & Cowan PMK (&quot;Company&quot;)",IPG DXTRA Entertainment,Rogers & Cowan PMK (&quot;Company&quot;,Los Angeles County,108,2025-09-17,2025-11-16,Layoff Permanent,2026-08-30T21:43:41.512264Z
4189001235594124,CA,Azure Acres Treatment Center - 2264,Azure Acres Treatment Center,,Sonoma County,61,2025-09-17,2025-11-08,Closure Permanent,2026-08-30T21:43:41.512264Z
0c17b2f559150982,CA,Azure Acres Treatment Center - 2641,Azure Acres Treatment Center,,Sacramento County,3,2025-09-17,2025-11-08,Closure Permanent,2026-08-30T21:43:41.512264Z
0b52063cba043594,CA,"Arsenal Biosciences, Inc.",Arsenal Biosciences,,San Mateo County,100,2025-09-17,2025-11-14,Layoff Permanent,2026-08-30T21:43:41.512264Z
ee5771aa7b3bc901,CA,"CRC ED Treatment LLC, Montecatini, Inc. (Remote)","CRC ED Treatment LLC, Montecatini, Inc. (Remote)",,San Diego County,3,2025-09-16,2025-11-08,Closure Permanent,2026-08-30T21:43:41.512264Z
9e157ecc721ff42a,CA,"CRC ED Treatment LLC, Montecatini, Inc. (6183)","CRC ED Treatment LLC, Montecatini",,San Diego County,5,2025-09-16,2025-11-08,Closure Permanent,2026-08-30T21:43:41.512264Z
7bef659c13f7fd8f,CA,"G&C Staffing, LLC (&quot;Gold Flora&quot;)","G&C Staffing, LLC (&quot;Gold Flora&quot;)",,Riverside County,27,2025-09-16,2025-11-15,Closure Permanent,2026-08-30T21:43:41.512264Z
2becb555b300c01b,CA,"Thermal Structures, Inc.",Thermal Structures,,Riverside County,447,2025-09-16,2025-11-24,Closure Temporary,2026-08-30T21:43:41.512264Z
0fb00258547de813,CA,Foundation for California Community Colleges,Foundation for California Community Colleges,,Sacramento County,113,2025-09-16,2025-11-14,Layoff Permanent,2026-08-30T21:43:41.512264Z
07fc8b175beb87ae,CA,"CRC ED Treatment LLC, Montecatini, Inc. (2524)","CRC ED Treatment LLC, Montecatini",,San Diego County,79,2025-09-16,2025-11-08,Closure Permanent,2026-08-30T21:43:41.512264Z
ed6762333164e725,CA,University of Southern California (HC2),University of Southern California (HC2),,Los Angeles County,1,2025-09-15,2025-10-03,Layoff Permanent,2026-08-30T21:43:41.512264Z
9042b14d8c246f35,CA,University of Southern California (Health Sciences Campus),University of Southern California (Health Sciences Campus),,Los Angeles County,151,2025-09-15,2025-10-03,Layoff Permanent,2026-08-30T21:43:41.512264Z
46d521edb893ba34,CA,University of Southern California (Keck),University of Southern California (Keck),,Los Angeles County,4,2025-09-15,2025-10-03,Layoff Permanent,2026-08-30T21:43:41.512264Z
464f3cae9ee3fe92,CA,University of Southern California (Norris),University of Southern California (Norris),,Los Angeles County,1,2025-09-15,2025-10-03,Layoff Permanent,2026-08-30T21:43:41.512264Z
24f2fe5436fe150a,CA,University of Southern California (Soto II),University of Southern California (Soto II),,Los Angeles County,1,2025-09-15,2025-10-03,Layoff Permanent,2026-08-30T21:43:41.512264Z
d16fa3220994df9a,CA,21st Amendment Brewery Cafe,21st Amendment Brewery Cafe,,San Francisco County,18,2025-09-12,2025-11-04,Closure Permanent,2026-08-30T21:43:41.512264Z
81c3abceb3253a66,CA,University of Southern California,University of Southern California,,Los Angeles County,137,2025-09-12,2025-10-03,Layoff Permanent,2026-08-30T21:43:41.512264Z
4ce816f8960fee81,CA,21st Amendment Brewery Cafe,21st Amendment Brewery Cafe,,Alameda County,58,2025-09-12,2025-11-04,Closure Permanent,2026-08-30T21:43:41.512264Z
c79c0166c9f37314,CA,Kaiser Foundation Hospitals - 74 N. Pasadena,Kaiser Foundation Hospitals - 74 N. Pasadena,,Los Angeles County,2,2025-09-10,2025-09-08,Layoff Permanent,2026-08-30T21:43:41.512264Z
b78297267554e95a,CA,Kaiser Foundation Hospitals-Pleasanton,Kaiser Foundation Hospitals-Pleasanton,,Alameda County,14,2025-09-10,2025-09-08,Layoff Permanent,2026-08-30T21:43:41.512264Z
7247836bdef0aa05,CA,Kaiser Foundation Hospitals-Antioch,Kaiser Foundation Hospitals-Antioch,,Contra Costa County,1,2025-09-10,2025-09-08,Layoff Permanent,2026-08-30T21:43:41.512264Z
66dff445846a1c6d,CA,Kaiser Foundation Hospitals - 99 S. Pasadena,Kaiser Foundation Hospitals - 99 S. Pasadena,,Los Angeles County,1,2025-09-10,2025-09-08,Layoff Permanent,2026-08-30T21:43:41.512264Z
452480ef126ca800,CA,Woodward West,Woodward West,,Kern County,24,2025-09-10,2025-11-03,Closure Permanent,2026-08-30T21:43:41.512264Z
2f6026a8ed1819ea,CA,Kaiser Foundation Hospitals - Walnut Creek,Kaiser Foundation Hospitals - Walnut Creek,,Contra Costa County,1,2025-09-10,2025-09-08,Layoff Permanent,2026-08-30T21:43:41.512264Z
cb61bf0e36fe385d,CA,"Revol Greens CA, LLC",Revol Greens CA,,Kern County,42,2025-09-09,2025-11-08,Closure Permanent,2026-08-30T21:43:41.512264Z
bc7aa9adeae1ab9c,CA,Epic Lightning Fast Service LLC,Epic Lightning Fast Service,,San Diego County,116,2025-09-09,2025-10-31,Closure Permanent,2026-08-30T21:43:41.512264Z
24d1e3eb5d77fae1,CA,Family YMCA of the Desert,Family YMCA of the Desert,,Riverside County,110,2025-09-09,2025-11-17,Layoff Temporary,2026-08-30T21:43:41.512264Z
873137f836a9bd6b,CA,Walmart,Walmart,,Alameda County,87,2025-09-08,2025-12-12,Closure Permanent,2026-08-30T21:43:41.512264Z
560b4b62b76d58d6,CA,Walmart,Walmart,,Riverside County,106,2025-09-08,2025-12-12,Closure Permanent,2026-08-30T21:43:41.512264Z
b0163e0e002cf974,CA,Raytheon,Raytheon,,Los Angeles County,4,2025-09-05,2025-11-07,Layoff Permanent,2026-08-30T21:43:41.512264Z
8b39fb68ab0f0d6b,CA,"NeueHouse, Inc. (73)",NeueHouse,,Los Angeles County,29,2025-09-05,2025-09-05,Closure Permanent,2026-08-30T21:43:41.512264Z
7288430963757d78,CA,"NeueHouse, Inc. (304)",NeueHouse,,Los Angeles County,2,2025-09-05,2025-09-05,Closure Permanent,2026-08-30T21:43:41.512264Z
4cd154c3b2c7c214,CA,"NeueHouse, Inc. (6121)",NeueHouse,,Los Angeles County,108,2025-09-05,2025-09-05,Closure Permanent,2026-08-30T21:43:41.512264Z
da45ff6119dbd963,CA,"The Brigantine, Inc.",Brigantine,,San Diego County,64,2025-09-04,2025-11-04,Closure Permanent,2026-08-30T21:43:41.512264Z
c0f86c1c45a769c6,CA,Six Flags Entertainment Corporation,Six Flags Entertainment,,Santa Clara County,184,2025-09-04,2025-11-02,Layoff Permanent,2026-08-30T21:43:41.512264Z
287de70035892e9c,CA,Essendant,Essendant,,Riverside County,146,2025-09-04,2025-12-31,Layoff Permanent,2026-08-30T21:43:41.512264Z
0bd0aae07baabe1a,CA,Adventist Health Lodi Memorial,Adventist Health Lodi Memorial,,San Joaquin County,17,2025-09-04,2025-08-28,Layoff Permanent,2026-08-30T21:43:41.512264Z
d9aade937e56bf44,CA,Sandpiper,Sandpiper,,San Diego County,25,2025-09-03,2025-11-04,Closure Permanent,2026-08-30T21:43:41.512264Z
81c9e2955bdb9daa,CA,Fellers LLC,Fellers,,Fresno County,2,2025-09-03,2025-10-24,Closure Permanent,2026-08-30T21:43:41.512264Z
73dac6f0e1176cbf,CA,G2 Secure Staff,G2 Secure Staff,,Los Angeles County,103,2025-09-03,2025-11-01,Layoff Permanent,2026-08-30T21:43:41.512264Z
ba3467bade5bfdbf,CA,"Juni Learning, Inc.",Juni Learning,,San Francisco County,121,2025-09-02,2025-11-01,Closure Permanent,2026-08-30T21:43:41.512264Z
b838840cd283b84f,CA,"Oracle America, Inc.",Oracle America,,Alameda County,36,2025-09-02,2025-11-03,Layoff Permanent,2026-08-30T21:43:41.512264Z
a92a1601bafdc531,CA,"Salesforce, Inc.",Salesforce,,San Francisco County,262,2025-09-02,2025-11-03,Layoff Permanent,2026-08-30T21:43:41.512264Z
9445243d4bffe284,CA,"Oracle America, Inc.",Oracle America,,Santa Clara County,31,2025-09-02,2025-11-03,Layoff Permanent,2026-08-30T21:43:41.512264Z
20cf5fe913c22986,CA,"Exelixis, Inc.",Exelixis,,Alameda County,74,2025-09-02,2025-08-29,Layoff Permanent,2026-08-30T21:43:41.512264Z
131ac840566cd4a1,CA,"Oracle America, Inc.",Oracle America,,San Mateo County,187,2025-09-02,2025-11-03,Layoff Permanent,2026-08-30T21:43:41.512264Z
e0aac044500d6c06,CA,"Downtown Streets, Inc.",Downtown Streets,,Santa Clara County,25,2025-08-29,2025-10-31,Closure Not known at this time,2026-08-30T21:43:41.512264Z
c2681957974f685a,CA,"Downtown Streets, Inc.",Downtown Streets,,Solano County,2,2025-08-29,2025-10-31,Closure Permanent,2026-08-30T21:43:41.512264Z
a2e37f14131e8aeb,CA,"Downtown Streets, Inc.",Downtown Streets,,Santa Clara County,3,2025-08-29,2025-10-31,Closure Permanent,2026-08-30T21:43:41.512264Z
809569897df76834,CA,"Downtown Streets, Inc.",Downtown Streets,,Stanislaus County,17,2025-08-29,2025-10-31,Closure Permanent,2026-08-30T21:43:41.512264Z
7f2dc95ec2b58d49,CA,"Downtown Streets, Inc.",Downtown Streets,,Yolo County,8,2025-08-29,2025-10-31,Closure Permanent,2026-08-30T21:43:41.512264Z
6fe744c99c08430f,CA,"Downtown Streets, Inc.",Downtown Streets,,Marin County,16,2025-08-29,2025-10-31,Closure Not known at this time,2026-08-30T21:43:41.512264Z
4e24fdf7fa87ace8,CA,"Downtown Streets, Inc.",Downtown Streets,,Monterey County,4,2025-08-29,2025-08-29,Closure Permanent,2026-08-30T21:43:41.512264Z
2b5135b3aee0f3e9,CA,"Downtown Streets, Inc.",Downtown Streets,,Alameda County,5,2025-08-29,2025-10-31,Closure Permanent,2026-08-30T21:43:41.512264Z
28a866b684caac08,CA,"Downtown Streets, Inc.",Downtown Streets,,Santa Clara County,9,2025-08-29,2025-10-31,Closure Not known at this time,2026-08-30T21:43:41.512264Z
21e11fb8e0a07708,CA,"Downtown Streets, Inc.",Downtown Streets,,Alameda County,4,2025-08-29,2025-10-31,Closure Not known at this time,2026-08-30T21:43:41.512264Z
8e4713af0f935a51,CA,"DexCom, Inc.",DexCom,,San Diego County,319,2025-08-28,2025-11-03,Layoff Permanent,2026-08-30T21:43:41.512264Z
72efbe68363fec64,CA,Foundation for California Community Colleges,Foundation for California Community Colleges,,Sacramento County,174,2025-08-28,2025-10-31,Layoff Permanent,2026-08-30T21:43:41.512264Z
f3630aeded4706ec,CA,Norman's Nursery,Norman's Nursery,,San Joaquin County,71,2025-08-27,2025-11-03,Layoff Permanent,2026-08-30T21:43:41.512264Z
f0a46e5d7c46e49b,CA,"GXO Logistics Supply Chain, Inc.",GXO Logistics Supply Chain,,San Bernardino County,32,2025-08-27,2025-10-26,Closure Permanent,2026-08-30T21:43:41.512264Z
ed97d79312b5a508,CA,Children's Hospital Los Angeles,Children's Hospital Los Angeles,,Los Angeles County,439,2025-08-27,2025-10-28,Layoff Permanent,2026-08-30T21:43:41.512264Z
e471e2e647723bb9,CA,Web To Door Corporation,Web To Door,,Alameda County,62,2025-08-27,2025-10-27,Layoff Permanent,2026-08-30T21:43:41.512264Z
bf56f5d53f5ce68d,CA,Silgan Containers,Silgan Containers,,Stanislaus County,78,2025-08-27,2025-10-13,Layoff Temporary,2026-08-30T21:43:41.512264Z
bbf5ce466c96e04c,CA,Adventist Health White Memorial,Adventist Health White Memorial,,Los Angeles County,28,2025-08-27,2025-08-08,Layoff Permanent,2026-08-30T21:43:41.512264Z
921dd535daeb327a,CA,Web To Door Corporation,Web To Door,,Santa Clara County,63,2025-08-27,2025-10-27,Layoff Permanent,2026-08-30T21:43:41.512264Z
4429e82bb4828022,CA,Silgan Containers,Silgan Containers,,Stanislaus County,72,2025-08-27,2025-10-19,Layoff Temporary,2026-08-30T21:43:41.512264Z
417aa382c4a3354b,CA,Vistar Green Rabbit 2237,Vistar Green Rabbit 2237,,Tulare County,92,2025-08-27,2025-10-31,Closure Permanent,2026-08-30T21:43:41.512264Z
201afaa901dceed0,CA,JPMorgan Chase,JPMorgan Chase,,San Francisco County,99,2025-08-27,2025-08-27,Layoff Permanent,2026-08-30T21:43:41.512264Z
103cc051403fc6f1,CA,Vistar Green Rabbit,Vistar Green Rabbit,,Tulare County,15,2025-08-27,2025-10-31,Closure Permanent,2026-08-30T21:43:41.512264Z
03576d9c79a16a06,CA,Web To Door Corporation,Web To Door,,Contra Costa County,67,2025-08-27,2025-10-27,Layoff Permanent,2026-08-30T21:43:41.512264Z
d77068634356cb1e,CA,"Planned Parenthood Mar Monte, Inc. - 29","Planned Parenthood Mar Monte, Inc. - 29",,San Mateo County,1,2025-08-26,2025-07-24,Layoff Permanent,2026-08-30T21:43:41.512264Z
cd02966ff322f9bc,CA,Berco Redwood Inc.,Berco Redwood,,Sacramento County,13,2025-08-26,2025-10-31,Closure Temporary,2026-08-30T21:43:41.512264Z
c431312e7b81c0cd,CA,Intel Corporation,Intel,,Sacramento County,83,2025-08-26,2025-07-11,Layoff Permanent,2026-08-30T21:43:41.512264Z
c03aee5580991c7b,CA,"Southwest Key Programs, Inc. - Casa San Diego","Southwest Key Programs, Inc. - Casa San Diego",,San Diego County,116,2025-08-26,2025-07-31,Layoff Permanent,2026-08-30T21:43:41.512264Z
9dd607463ec7922c,CA,"Southwest Key Programs, Inc. - Casa Pleasant Hill","Southwest Key Programs, Inc. - Casa Pleasant Hill",,Contra Costa County,47,2025-08-26,2025-07-31,Layoff Permanent,2026-08-30T21:43:41.512264Z
82b340c7864392b4,CA,"Planned Parenthood Mar Monte, Inc. - 3131",Planned Parenthood Mar Monte,,Santa Clara County,1,2025-08-26,2025-07-24,Layoff Permanent,2026-08-30T21:43:41.512264Z
7928587f6b3ac189,CA,"Planned Parenthood Mar Monte, Inc.",Planned Parenthood Mar Monte,,San Mateo County,9,2025-08-26,2025-07-24,Layoff Permanent,2026-08-30T21:43:41.512264Z
707662a0b27426af,CA,"Dandelion Payments, Inc.",Dandelion Payments,,Orange County,64,2025-08-26,2025-10-25,Layoff Permanent,2026-08-30T21:43:41.512264Z
6e3cefecc9e05f87,CA,Intel Corporation (SC-12),Intel Corporation (SC-12),,Santa Clara County,50,2025-08-26,2025-07-15,Layoff Permanent,2026-08-30T21:43:41.512264Z
6660a98937158788,CA,Intel Corporation (Robert Noyce),Intel Corporation (Robert Noyce),,Santa Clara County,46,2025-08-26,2025-07-15,Layoff Permanent,2026-08-30T21:43:41.512264Z
5f374fd338209d1e,CA,"Planned Parenthood Mar Monte, Inc. - 1694",Planned Parenthood Mar Monte,,Santa Clara County,1,2025-08-26,2025-07-24,Layoff Permanent,2026-08-30T21:43:41.512264Z
31110937ef802a57,CA,"Planned Parenthood Mar Monte, Inc. 5440","Planned Parenthood Mar Monte, Inc. 5440",,Santa Clara County,12,2025-08-26,2025-07-24,Layoff Permanent,2026-08-30T21:43:41.512264Z
29c4a8e65850c836,CA,"Exelixis, Inc.",Exelixis,,Alameda County,71,2025-08-26,2025-10-27,Layoff Permanent,2026-08-30T21:43:41.512264Z
142e55f00b07482d,CA,Intel Corporation (SC-9),Intel Corporation (SC-9),,Santa Clara County,2,2025-08-26,2025-07-15,Layoff Permanent,2026-08-30T21:43:41.512264Z
0bf3c5105babff05,CA,"Planned Parenthood Mar Monte, Inc. - 1691",Planned Parenthood Mar Monte,,Santa Clara County,1,2025-08-26,2025-07-24,Layoff Permanent,2026-08-30T21:43:41.512264Z
ec9ad10ad394ac63,CA,Kaiser Foundation Hospitals,Kaiser Foundation Hospitals,,Los Angeles County,2,2025-08-25,2025-08-25,Layoff Permanent,2026-08-30T21:43:41.512264Z
de77c888a88a8269,CA,Kaiser Foundation Hospitals (1830),Kaiser Foundation Hospitals,,Riverside County,1,2025-08-25,2025-08-25,Layoff Permanent,2026-08-30T21:43:41.512264Z
d46b6170e8a40326,CA,Kaiser Foundation Hospitals (1850),Kaiser Foundation Hospitals,,Riverside County,2,2025-08-25,2025-08-25,Layoff Permanent,2026-08-30T21:43:41.512264Z
d1b0aa861fadcb30,CA,Enloe Health,Enloe Health,,Butte County,78,2025-08-25,2025-10-31,Closure Permanent,2026-08-30T21:43:41.512264Z
bbe6426a73d2a886,CA,"CooperVision, Inc.",CooperVision,,Alameda County,6,2025-08-25,2025-10-31,Closure Permanent,2026-08-30T21:43:41.512264Z
4db06656b7efabec,CA,Kaiser Foundation Hospitals,Kaiser Foundation Hospitals,,Alameda County,3,2025-08-25,2025-08-25,Layoff Permanent,2026-08-30T21:43:41.512264Z
ac74d363aabe3b15,CA,University of Southern California,University of Southern California,,Los Angeles County,144,2025-08-22,2025-10-04,Layoff Permanent,2026-08-30T21:43:41.512264Z
7fef041da67144cd,CA,Glenn Medical Center,Glenn Medical Center,,Glenn County,225,2025-08-22,2025-10-21,Closure Permanent,2026-08-30T21:43:41.512264Z
2022d78feb091a4b,CA,"Intuitive Surgical, Inc.",Intuitive Surgical,,Santa Clara County,331,2025-08-22,2025-10-27,Layoff Permanent,2026-08-30T21:43:41.512264Z
5e0cc90ab856428b,CA,Freedom Designs Inc.,Freedom Designs,,Ventura County,70,2025-08-21,2025-10-29,Closure Permanent,2026-08-30T21:43:41.512264Z
188e5a7ec0c1439d,CA,"Farmers Group, Inc.",Farmers Group,,Los Angeles County,62,2025-08-21,2025-10-20,Layoff Permanent,2026-08-30T21:43:41.512264Z
1717db227a5f95a7,CA,"Farmers Group, Inc.",Farmers Group,,Los Angeles County,1,2025-08-21,2025-10-20,Layoff Permanent,2026-08-30T21:43:41.512264Z
d4d44582b5dff9d4,CA,Northrop Grumman,Northrop Grumman,,Santa Clara County,78,2025-08-20,2025-10-31,Closure Permanent,2026-08-30T21:43:41.512264Z
cb5a713142e06052,CA,Town Hospice & Palliative Care LLC dba Suncrest Hospice Inland Empire,Town Hospice & Palliative Care,Suncrest Hospice Inland Empire,Riverside County,23,2025-08-20,2025-11-21,Closure Permanent,2026-08-30T21:43:41.512264Z
e3f02663927e9c29,CA,"GSC Solutions, Inc.",GSC Solutions,,Alameda County,32,2025-08-19,2025-07-10,Layoff Permanent,2026-08-30T21:43:41.512264Z
ba32f05757898d36,CA,Regional Center of the East Bay,Regional Center of the East Bay,,Alameda County,108,2025-08-19,2025-10-06,Layoff Permanent,2026-08-30T21:43:41.512264Z
79925c5f18bf395b,CA,Kaiser Foundation Hospitals (1850),Kaiser Foundation Hospitals,,Riverside County,2,2025-08-19,2025-08-04,Layoff Permanent,2026-08-30T21:43:41.512264Z
6512b9572fe16cd9,CA,Kaiser Foundation Hospitals,Kaiser Foundation Hospitals,,Marin County,42,2025-08-19,2025-08-04,Layoff Permanent,2026-08-30T21:43:41.512264Z
6240415553afd9be,CA,Sella Restaurant Holdings LP,Sella Restaurant Holdings,,Los Angeles County,72,2025-08-19,2025-08-17,Closure Permanent,2026-08-30T21:43:41.512264Z
515679b196e2832c,CA,Kaiser Foundation Hospitals (1830),Kaiser Foundation Hospitals,,Riverside County,2,2025-08-19,2025-08-04,Layoff Permanent,2026-08-30T21:43:41.512264Z
3cbe69235e1fe6dd,CA,Kaiser Foundation Hospitals,Kaiser Foundation Hospitals,,Alameda County,8,2025-08-19,2025-08-04,Layoff Permanent,2026-08-30T21:43:41.512264Z
1da7467b34f74cf4,CA,Kaiser Foundation Hospitals,Kaiser Foundation Hospitals,,Alameda County,2,2025-08-19,2025-08-04,Layoff Permanent,2026-08-30T21:43:41.512264Z
108a6dc4f3d7e6aa,CA,Corteva Agriscience LLC,Corteva Agriscience,,Contra Costa County,10,2025-08-19,2025-10-24,Layoff Permanent,2026-08-30T21:43:41.512264Z
0e38958e4c4c17d7,CA,Kaiser Foundation Hospitals,Kaiser Foundation Hospitals,,Los Angeles County,1,2025-08-19,2025-08-04,Layoff Permanent,2026-08-30T21:43:41.512264Z
0760973a92466205,CA,LCP Lake Tahoe EMP,LCP Lake Tahoe EMP,,El Dorado County,110,2025-08-19,2025-10-30,Closure Permanent,2026-08-30T21:43:41.512264Z
91c9a44b4bbd3560,CA,"Zeco Systems, Inc.",Zeco Systems,,Los Angeles County,114,2025-08-18,2025-10-04,Layoff Permanent,2026-08-30T21:43:41.512264Z
1c611e6b9a1a2a92,CA,Penney OpCo LLC,Penney OpCo,,Orange County,76,2025-08-18,2025-11-21,Closure Permanent,2026-08-30T21:43:41.512264Z
ec76176974d1578a,CA,The Vons Companies Inc.,The Vons,,Los Angeles County,54,2025-08-15,2025-10-16,Closure Temporary,2026-08-30T21:43:41.512264Z
e99b573afb891dbd,CA,Adventist Health Simi Valley,Adventist Health Simi Valley,,Ventura County,1,2025-08-15,2025-08-15,Layoff Permanent,2026-08-30T21:43:41.512264Z
e7bd38c8d2855076,CA,"Anaheim Arena Management, LLC",Anaheim Arena Management,,Orange County,91,2025-08-15,2025-10-15,Layoff Permanent,2026-08-30T21:43:41.512264Z
e689a5dad939996c,CA,Pactiv LLC,Pactiv,,Kern County,127,2025-08-15,2025-10-14,Closure Permanent,2026-08-30T21:43:41.512264Z
a02f935fc7423392,CA,Adventist Health White Memorial & Montebello,Adventist Health White Memorial & Montebello,,Los Angeles County,54,2025-08-15,2025-10-06,Layoff Permanent,2026-08-30T21:43:41.512264Z
8dd2f504cf9706fb,CA,Adventist Health Glendale,Adventist Health Glendale,,Los Angeles County,58,2025-08-15,2025-10-06,Layoff Permanent,2026-08-30T21:43:41.512264Z
43dc3f4ab729f5db,CA,Adventist Health 1,Adventist Health 1,,Placer County,296,2025-08-15,2025-10-06,Layoff Permanent,2026-08-30T21:43:41.512264Z
03aec105cbc16675,CA,"Cisco Systems, Inc.",Cisco Systems,,San Francisco County,64,2025-08-15,2025-10-13,Layoff Permanent,2026-08-30T21:43:41.512264Z
021f58a360f65990,CA,"Cisco Systems, Inc.",Cisco Systems,,Santa Clara County,157,2025-08-15,2025-10-13,Layoff Permanent,2026-08-30T21:43:41.512264Z
ee9e36553122b695,CA,"Delaware North Companies Travel Hospitality Services, Inc.",Delaware North Companies Travel Hospitality Services,,Los Angeles County,92,2025-08-14,2025-10-31,Layoff Permanent,2026-08-30T21:43:41.512264Z
c2da3454e8f8fcf8,CA,"Oracle America, Inc.",Oracle America,,Santa Clara County,101,2025-08-14,2025-10-13,Layoff Permanent,2026-08-30T21:43:41.512264Z
8c9ec8c846ac2ef3,CA,University of Southern California,University of Southern California,,Los Angeles County,54,2025-08-14,2025-09-30,Layoff Permanent,2026-08-30T21:43:41.512264Z
52189560ceefac6f,CA,Adventist Health Simi Valley,Adventist Health Simi Valley,,Ventura County,2,2025-08-14,2025-08-01,Layoff Permanent,2026-08-30T21:43:41.512264Z
2d8eecd0339eae5b,CA,Warner Music Inc.,Warner Music,,Los Angeles County,56,2025-08-14,2025-10-31,Layoff Permanent,2026-08-30T21:43:41.512264Z
afa6e4991ed9aefc,CA,"Oracle America, Inc.",Oracle America,,San Mateo County,143,2025-08-13,2025-10-13,Layoff Permanent,2026-08-30T21:43:41.512264Z
88c6fc2acc9b74bb,CA,Block,Block,,Alameda County,5,2025-08-13,2025-10-13,Layoff Permanent,2026-08-30T21:43:41.512264Z
7842ee6df6d8e6bd,CA,Buck Mason,Buck Mason,,Los Angeles County,2,2025-08-13,2025-08-31,Closure Permanent,2026-08-30T21:43:41.512264Z
2dc4ceedfbd9f1fc,CA,"Oracle America, Inc.",Oracle America,,Alameda County,45,2025-08-13,2025-10-13,Layoff Permanent,2026-08-30T21:43:41.512264Z
069c2aef94e8442d,CA,"Bausch Health US, LLC",Bausch Health US,,Sonoma County,49,2025-08-13,2025-08-13,Closure Permanent,2026-08-30T21:43:41.512264Z
16e96aab9778d742,CA,Altera Corporation,Altera,,Santa Clara County,82,2025-08-11,2025-10-08,Layoff Permanent,2026-08-30T21:43:41.512264Z
66b2fa442e17e5fa,CA,"TriLink Biotechnologies, LLC (10240)",TriLink Biotechnologies,,San Diego County,5,2025-08-08,2025-10-06,Layoff Permanent,2026-08-30T21:43:41.512264Z
4ada5bd8856ada2b,CA,"TriLink Biotechnologies, LLC (10770)",TriLink Biotechnologies,,San Diego County,69,2025-08-08,2025-10-06,Layoff Permanent,2026-08-30T21:43:41.512264Z
420819dea380564c,CA,Diamond Baseball Holdings,Diamond Baseball Holdings,,Stanislaus County,7,2025-08-08,2025-09-30,Layoff Permanent,2026-08-30T21:43:41.512264Z
280bb5c1948a8eda,CA,"TriLink Biotechnologies, LLC (10247)",TriLink Biotechnologies,,San Diego County,11,2025-08-08,2025-10-06,Layoff Permanent,2026-08-30T21:43:41.512264Z
1fd71d329f742c6f,CA,"TriLink Biotechnologies, LLC (5717)",TriLink Biotechnologies,,San Diego County,5,2025-08-08,2025-10-06,Layoff Permanent,2026-08-30T21:43:41.512264Z
a9fd9d400ec58c55,CA,"Jabil, Inc.",Jabil,,Santa Clara County,21,2025-08-07,2025-10-01,Closure Permanent,2026-08-30T21:43:41.512264Z
bcdd4750e429e2ce,CA,"Southwest Key Programs, Inc.",Southwest Key Programs,,San Diego County,5,2025-08-06,2025-10-05,Closure Permanent,2026-08-30T21:43:41.512264Z
40a9238c5237ea9c,CA,"Gilead Sciences, Inc.",Gilead Sciences,,San Diego County,5,2025-08-06,2025-10-10,Layoff Permanent,2026-08-30T21:43:41.512264Z
3e4fd527c2c7f458,CA,Marathon Staff Solutions Inc. - W. Sacramento,Marathon Staff Solutions Inc. - W. Sacramento,,Yolo County,62,2025-08-06,2025-10-07,Layoff Permanent,2026-08-30T21:43:41.512264Z
39c4505b3d950a4c,CA,Marathon Staffing Solutions Inc,Marathon Staffing Solutions,,Tehama County,9,2025-08-06,2025-10-07,Layoff Permanent,2026-08-30T21:43:41.512264Z
1ce2b2699f8d0639,CA,"Southwest Key Programs, Inc.",Southwest Key Programs,,Contra Costa County,3,2025-08-06,2025-10-05,Closure Permanent,2026-08-30T21:43:41.512264Z
c87694b8f1e7bcdd,CA,University of Southern California,University of Southern California,,Los Angeles County,1,2025-08-05,2025-10-04,Layoff Permanent,2026-08-30T21:43:41.512264Z
c4ce404310a35d5a,CA,University of Southern California HC1,University of Southern California HC1,,Los Angeles County,2,2025-08-05,2025-10-04,Layoff Permanent,2026-08-30T21:43:41.512264Z
c1addade125521d9,CA,University of Southern California Keck Hospital,University of Southern California Keck Hospital,,Los Angeles County,45,2025-08-05,2025-10-04,Layoff Permanent,2026-08-30T21:43:41.512264Z
c10139a54a047763,CA,University of Southern California HC3,University of Southern California HC3,,Los Angeles County,1,2025-08-05,2025-10-04,Layoff Permanent,2026-08-30T21:43:41.512264Z
a93247744bd88bd2,CA,University of Southern California Soto II,University of Southern California Soto II,,Los Angeles County,26,2025-08-05,2025-10-04,Layoff Permanent,2026-08-30T21:43:41.512264Z
a8e8acddb7a8ff39,CA,University of Southern California HC2,University of Southern California HC2,,Los Angeles County,1,2025-08-05,2025-10-04,Layoff Permanent,2026-08-30T21:43:41.512264Z
58c198ac8863ea25,CA,University of Southern California Norris Cancer Hospital,University of Southern California Norris Cancer Hospital,,Los Angeles County,10,2025-08-05,2025-10-04,Layoff Permanent,2026-08-30T21:43:41.512264Z
55c31a12366970a7,CA,University of Southern California (HC4),University of Southern California (HC4),,Los Angeles County,2,2025-08-05,2025-10-04,Layoff Permanent,2026-08-30T21:43:41.512264Z
3fd1e0ad45153f12,CA,"Horizon Hobby, LLC",Horizon Hobby,,San Bernardino County,19,2025-08-05,2025-10-03,Closure Permanent,2026-08-30T21:43:41.512264Z
1bd3fbd5e949b249,CA,"SIE Orange County Kitchen, LLC",SIE Orange County Kitchen,,Orange County,64,2025-08-05,2025-10-01,Layoff Permanent,2026-08-30T21:43:41.512264Z
07e8302b493fd506,CA,University of Southern California DTLA Clinic,University of Southern California DTLA Clinic,,Los Angeles County,1,2025-08-05,2025-10-04,Layoff Permanent,2026-08-30T21:43:41.512264Z
820193a54822ea33,CA,"Zeco Systems, Inc (DBA Shell Recharge Solutions)",Zeco Systems,Shell Recharge Solutions,Los Angeles County,4,2025-08-04,2025-11-30,Closure Permanent,2026-08-30T21:43:41.512264Z
57aee53fd021c4a7,CA,"Azoteas Mex LA, LLC",Azoteas Mex LA,,Los Angeles County,48,2025-08-04,2025-10-06,Closure Permanent,2026-08-30T21:43:41.512264Z
2b4234ec0b157c1c,CA,"Poseida Therapeutics, Inc.",Poseida Therapeutics,,San Diego County,52,2025-08-04,2025-10-01,Layoff Permanent,2026-08-30T21:43:41.512264Z
f8ec0a5ec67b5063,CA,Host International Inc.,Host International,,Sacramento County,70,2025-08-01,2025-10-01,Layoff Temporary,2026-08-30T21:43:41.512264Z
efef1c334878d2c4,CA,"Wildbrine, LLC",Wildbrine,,Sonoma County,4,2025-07-31,2025-10-01,Closure Permanent,2026-08-30T21:43:41.512264Z
9a48b533e885c806,CA,Stanford University,Stanford University,,Santa Clara County,363,2025-07-31,2025-09-30,Layoff Permanent,2026-08-30T21:43:41.512264Z
4cea3ec24d083252,CA,Greif Packaging LLC,Greif Packaging,,Merced County,43,2025-07-31,2025-09-29,Closure Permanent,2026-08-30T21:43:41.512264Z
2d75885ab2045440,CA,Children's Specialists of San Diego,Children's Specialists of San Diego,,San Diego County,55,2025-07-31,2025-10-31,Layoff Permanent,2026-08-30T21:43:41.512264Z
ed347f8cd266500c,CA,"Planned Parenthood Mar Monte, Inc.",Planned Parenthood Mar Monte,,Fresno County,4,2025-07-30,2025-09-24,Layoff Permanent,2026-08-30T21:43:41.512264Z
e6ae2b36991cb602,CA,"Planned Parenthood Mar Monte, Inc.",Planned Parenthood Mar Monte,,Sacramento County,1,2025-07-30,2025-09-25,Layoff Permanent,2026-08-30T21:43:41.512264Z
d3d92baeb5247891,CA,Planned Parenthood Mar Monte,Planned Parenthood Mar Monte,,Kern County,2,2025-07-30,2025-09-24,Layoff Permanent,2026-08-30T21:43:41.512264Z
cddfa0b6985ce93e,CA,Recology Vallejo,Recology Vallejo,,Solano County,25,2025-07-30,2025-09-30,Layoff Permanent,2026-08-30T21:43:41.512264Z
b01f7c52d378fdb0,CA,"Planned Parenthood Mar Monte, Inc.",Planned Parenthood Mar Monte,,Monterey County,3,2025-07-30,2025-09-24,Layoff Permanent,2026-08-30T21:43:41.512264Z
ac5642b5f78d87f5,CA,"Warner Bros. Discovery, Inc. (100)",Warner Bros. Discovery,,Los Angeles County,11,2025-07-30,2025-10-04,Layoff Permanent,2026-08-30T21:43:41.512264Z
a71faacf21468d82,CA,"Planned Parenthood Mar Monte, Inc.",Planned Parenthood Mar Monte,,Santa Cruz County,2,2025-07-30,2025-09-24,Layoff Permanent,2026-08-30T21:43:41.512264Z
9f37eccea7dd3c1d,CA,"Planned Parenthood Mar Monte, Inc.",Planned Parenthood Mar Monte,,Santa Cruz County,17,2025-07-30,2025-09-24,Layoff Permanent,2026-08-30T21:43:41.512264Z
7bcefc25c08216e5,CA,"Warner Bros. Discovery, Inc. (4000)",Warner Bros. Discovery,,Los Angeles County,3,2025-07-30,2025-10-04,Layoff Permanent,2026-08-30T21:43:41.512264Z
6a751c1f77bc9620,CA,Planned Parenthood Mar Monte,Planned Parenthood Mar Monte,,Merced County,2,2025-07-30,2025-07-24,Layoff Permanent,2026-08-30T21:43:41.512264Z
4f21336b4afba0e9,CA,"Warner Bros. Discovery, Inc. (200)",Warner Bros. Discovery,,Los Angeles County,38,2025-07-30,2025-10-04,Layoff Permanent,2026-08-30T21:43:41.512264Z
494d8d97d2b2fc36,CA,"Planned Parenthood Mar Monte, Inc.",Planned Parenthood Mar Monte,,Santa Clara County,13,2025-07-30,2025-09-24,Layoff Permanent,2026-08-30T21:43:41.512264Z
2cc1cad0348d0639,CA,Planned Parenthood Mar Monte,Planned Parenthood Mar Monte,,Stanislaus County,3,2025-07-30,2025-09-24,Layoff Permanent,2026-08-30T21:43:41.512264Z
173adb6a871d0952,CA,"Planned Parenthood Mar Monte, Inc.",Planned Parenthood Mar Monte,,San Mateo County,10,2025-07-30,2025-09-24,Layoff Permanent,2026-08-30T21:43:41.512264Z
074cd4749073b2a7,CA,Planned Parenthood Mar Monte,Planned Parenthood Mar Monte,,Madera County,11,2025-07-30,2025-09-24,Layoff Permanent,2026-08-30T21:43:41.512264Z
065a89b338cd2ee9,CA,Galleher LLC,Galleher,,Kern County,2,2025-07-30,2025-09-29,Closure Permanent,2026-08-30T21:43:41.512264Z
fdb97c0c3f2248da,CA,Thermo Fisher Scientific (5823),Thermo Fisher Scientific,,San Diego County,52,2025-07-29,2025-09-15,Layoff Permanent,2026-08-30T21:43:41.512264Z
dc9f2c495801af38,CA,Kaiser Foundation Hospitals,Kaiser Foundation Hospitals,,Alameda County,6,2025-07-29,2025-07-28,Layoff Permanent,2026-08-30T21:43:41.512264Z
dae3ab87f6d24076,CA,Kaiser Foundation Hospitals,Kaiser Foundation Hospitals,,San Diego County,1,2025-07-29,2025-07-28,Layoff Permanent,2026-08-30T21:43:41.512264Z
c8d066fb878a2e6e,CA,Kaiser Foundation Hospitals (99),Kaiser Foundation Hospitals,,Los Angeles County,3,2025-07-29,2025-07-28,Layoff Permanent,2026-08-30T21:43:41.512264Z
95ed54563af61529,CA,Kaiser Foundation Hospitals,Kaiser Foundation Hospitals,,Alameda County,4,2025-07-29,2025-07-28,Layoff Permanent,2026-08-30T21:43:41.512264Z
94f7899b01c2024b,CA,Coastal Trading Ventures,Coastal Trading Ventures,,San Diego County,27,2025-07-29,2025-09-30,Closure Permanent,2026-08-30T21:43:41.512264Z
8cebf29c0255504f,CA,"CRST Expedited, Inc. dba CRST The Transportation Solution",CRST Expedited,CRST The Transportation Solution,Riverside County,7,2025-07-29,2025-09-27,Layoff Permanent,2026-08-30T21:43:41.512264Z
1318660c4a136534,CA,Thermo Fisher Scientific (5781),Thermo Fisher Scientific,,San Diego County,33,2025-07-29,2025-09-15,Layoff Permanent,2026-08-30T21:43:41.512264Z
08d7c5f792502b60,CA,Kaiser Foundation Hospitals (74),Kaiser Foundation Hospitals,,Los Angeles County,1,2025-07-29,2025-07-28,Layoff Permanent,2026-08-30T21:43:41.512264Z
064deec5f2e34bd0,CA,"Decra Roofing Systems, Inc.",Decra Roofing Systems,,Riverside County,4,2025-07-29,2025-09-30,Closure Permanent,2026-08-30T21:43:41.512264Z
0132d4f5ee5febd8,CA,Kaiser Foundation Hospitals (393),Kaiser Foundation Hospitals,,Los Angeles County,1,2025-07-29,2025-07-28,Layoff Permanent,2026-08-30T21:43:41.512264Z
c87f70f4fed87353,CA,"Spiral Binding, LLC",Spiral Binding,,Ventura County,135,2025-07-28,2025-09-26,Closure Permanent,2026-08-30T21:43:41.512264Z
8d58504da8f0ac0a,CA,"CRST Lincoln Sales, Inc. dba CRST Equipment Solutions, Inc.",CRST Lincoln Sales,"CRST Equipment Solutions, Inc",Riverside County,10,2025-07-28,2025-09-27,Layoff Permanent,2026-08-30T21:43:41.512264Z
8237af6e6d76dd5e,CA,"Decra Roofing Systems, Inc.",Decra Roofing Systems,,Riverside County,57,2025-07-28,2025-09-30,Closure Permanent,2026-08-30T21:43:41.512264Z
df69ac6e63ffb2b6,CA,Crane Food Services,Crane Food Services,,Sacramento County,85,2025-07-25,2025-09-25,Layoff Temporary,2026-08-30T21:43:41.512264Z
8afeaa844726c1cc,CA,Block By Block-CA,Block By Block-CA,,Los Angeles County,82,2025-07-25,2025-09-30,Layoff Permanent,2026-08-30T21:43:41.512264Z
ae2256c417f60d13,CA,Williamson Morgan & Associates LLC,Williamson Morgan & Associates,,San Bernardino County,22,2025-07-23,2025-09-22,Layoff Not known at this time,2026-08-30T21:43:41.512264Z
28101608b7e7d23b,CA,International Flavors & Fragrances,International Flavors & Fragrances,,Riverside County,36,2025-07-23,2025-09-22,Closure Permanent,2026-08-30T21:43:41.512264Z
09b396716b02b873,CA,"Astellas Gene Therapies, Inc.",Astellas Gene Therapies,,San Mateo County,21,2025-07-23,2025-01-29,Layoff Permanent,2026-08-30T21:43:41.512264Z
0866e752bcf3383b,CA,"SenDx Medical, Inc.",SenDx Medical,,San Diego County,119,2025-07-23,2025-09-15,Closure Permanent,2026-08-30T21:43:41.512264Z
fe1b8fa6ecf40614,CA,"Primal Pet Foods, Inc.",Primal Pet Foods,,Solano County,10,2025-07-22,2025-09-17,Closure Permanent,2026-08-30T21:43:41.512264Z
f05cc66b4b32f494,CA,Kaiser Foundation Hospitals,Kaiser Foundation Hospitals,,Alameda County,3,2025-07-22,2025-07-21,Layoff Permanent,2026-08-30T21:43:41.512264Z
886e9d8344bff044,CA,"Primal Pet Foods, Inc. - Watt","Primal Pet Foods, Inc. - Watt",,Solano County,130,2025-07-22,2025-09-17,Closure Permanent,2026-08-30T21:43:41.512264Z
7941bc02a79277d3,CA,Kaiser Foundation Hospitals,Kaiser Foundation Hospitals,,Marin County,1,2025-07-22,2025-07-21,Layoff Permanent,2026-08-30T21:43:41.512264Z
3bfce63c55b8400d,CA,"Primal Pet Foods, Inc. - Chadbourne","Primal Pet Foods, Inc. - Chadbourne",,Solano County,7,2025-07-22,2025-09-17,Closure Permanent,2026-08-30T21:43:41.512264Z
1e39c6d11a88ae93,CA,Lazy Dog,Lazy Dog,,Riverside County,89,2025-07-22,2025-09-19,Closure Permanent,2026-08-30T21:43:41.512264Z
0f43145f42a54452,CA,"US Foods, Inc.",US Foods,,Yolo County,48,2025-07-22,2025-09-30,Closure Permanent,2026-08-30T21:43:41.512264Z
b4ae085d8916df55,CA,SSP America,SSP America,,San Diego County,116,2025-07-21,2025-09-22,Layoff Permanent,2026-08-30T21:43:41.512264Z
df941226ae756610,CA,Gee Heavy Machinery,Gee Heavy Machinery,,Fresno County,9,2025-07-18,2025-07-21,Closure Permanent,2026-08-30T21:43:41.512264Z
c7167fd12cf805c6,CA,"Primo Brands, Inc.",Primo Brands,,Los Angeles County,1,2025-07-18,2025-09-16,Layoff Permanent,2026-08-30T21:43:41.512264Z
bb15d290658990b8,CA,KIRA Government Services,KIRA Government Services,,Kings County,11,2025-07-18,2025-08-11,Layoff Permanent,2026-08-30T21:43:41.512264Z
b11bb49062de59e5,CA,Gee Heavy Machinery,Gee Heavy Machinery,,Alameda County,7,2025-07-18,2025-07-21,Layoff Permanent,2026-08-30T21:43:41.512264Z
9a62ae4629c63128,CA,Ventura Coastal,Ventura Coastal,,Tulare County,70,2025-07-18,2025-09-24,Layoff Temporary,2026-08-30T21:43:41.512264Z
9055d19a43b4e771,CA,Gee Heavy Machinery,Gee Heavy Machinery,,Sacramento County,34,2025-07-18,2025-07-21,Layoff Permanent,2026-08-30T21:43:41.512264Z
8f1c8268172f6a22,CA,"Primo Brands, Inc.",Primo Brands,,Santa Clara County,4,2025-07-18,2025-09-16,Layoff Permanent,2026-08-30T21:43:41.512264Z
680313062f67c7e6,CA,AMD Direct Inc.,AMD Direct,,Orange County,7,2025-07-18,2025-09-15,Closure Permanent,2026-08-30T21:43:41.512264Z
65bff24dedf7e6b2,CA,"L3Harris Technologies, Inc.",L3Harris Technologies,,Los Angeles County,149,2025-07-18,2025-09-30,Closure Permanent,2026-08-30T21:43:41.512264Z
350ec29f8cbb8f46,CA,"Primo Brands, Inc.",Primo Brands,,Fresno County,3,2025-07-18,2025-09-16,Layoff Permanent,2026-08-30T21:43:41.512264Z
16d6fb81a3a89d4c,CA,"Oheck, LLC",Oheck,,Los Angeles County,174,2025-07-18,2025-09-16,Closure Permanent,2026-08-30T21:43:41.512264Z
e0e76886291ec075,CA,Leah's Pantry,Leah's Pantry,,San Diego County,40,2025-07-17,2025-09-30,Layoff Permanent,2026-08-30T21:43:41.512264Z
80dde71a91e3c1ac,CA,"Genentech, Inc.",Genentech,,San Mateo County,87,2025-07-17,2025-09-15,Layoff Permanent,2026-08-30T21:43:41.512264Z
510caa7c6d230e2a,CA,Clark Pacific,Clark Pacific,,Yolo County,65,2025-07-17,2025-10-03,Layoff Permanent,2026-08-30T21:43:41.512264Z
146764fbd0842708,CA,Levi Strauss & Co.,Levi Strauss &,,San Francisco County,44,2025-07-17,2025-09-12,Layoff Permanent,2026-08-30T21:43:41.512264Z
095c56829671def8,CA,E. & J. Gallo Winery,E. & J. Gallo Winery,,San Luis Obispo County,47,2025-07-17,2025-09-08,Closure Permanent,2026-08-30T21:43:41.512264Z
fbac9b4bb9ec139d,CA,Kaiser Foundation Hospitals - Pasadena,Kaiser Foundation Hospitals - Pasadena,,Los Angeles County,3,2025-07-16,2025-07-14,Layoff Permanent,2026-08-30T21:43:41.512264Z
8907345b5811e483,CA,International Paper Company,International Paper,,Orange County,71,2025-07-16,2025-09-13,Closure Permanent,2026-08-30T21:43:41.512264Z
8794ab9d7a2d44b7,CA,Paramount Global,Paramount Global,,Los Angeles County,1,2025-07-16,2025-06-25,Layoff Permanent,2026-08-30T21:43:41.512264Z
6d05c1c53b480168,CA,Kaiser Foundation Hospitals - Pleasanton,Kaiser Foundation Hospitals - Pleasanton,,Alameda County,2,2025-07-16,2025-07-14,Layoff Permanent,2026-08-30T21:43:41.512264Z
06d8ca2be14a7ee4,CA,Mental Health Association of San Francisco,Mental Health Association of San Francisco,,San Francisco County,200,2025-07-16,2025-09-15,Layoff Permanent,2026-08-30T21:43:41.512264Z
b875236982489ee3,CA,"Gatan, Inc.",Gatan,,Alameda County,96,2025-07-15,2025-09-15,Closure Temporary,2026-08-30T21:43:41.512264Z
a34f03458bab2677,CA,Blue Shield of California - San Diego,Blue Shield of California - San Diego,,San Diego County,2,2025-07-15,2025-09-23,Layoff Permanent,2026-08-30T21:43:41.512264Z
a231fef5dd1ab2d0,CA,"Blue shield of California - Town Center, Building B","Blue shield of California - Town Center, Building B",,El Dorado County,32,2025-07-15,2025-09-23,Layoff Permanent,2026-08-30T21:43:41.512264Z
9456831ae19113f1,CA,Blue Shield of California - Redding,Blue Shield of California - Redding,,Shasta County,2,2025-07-15,2025-09-23,Layoff Permanent,2026-08-30T21:43:41.512264Z
921539e461cf36f2,CA,Blue Shield of California - Long Beach,Blue Shield of California - Long Beach,,Los Angeles County,11,2025-07-15,2025-09-23,Layoff Permanent,2026-08-30T21:43:41.512264Z
83d976a212e7328c,CA,Blue Shield of California - Oakland,Blue Shield of California - Oakland,,Alameda County,70,2025-07-15,2025-09-23,Layoff Permanent,2026-08-30T21:43:41.512264Z
7c82d88a1cc6fe1f,CA,Blue Shield of California - Woodland Hills,Blue Shield of California - Woodland Hills,,Los Angeles County,10,2025-07-15,2025-09-23,Layoff Permanent,2026-08-30T21:43:41.512264Z
667ddc9599185801,CA,Corteva Agriscience,Corteva Agriscience,,Contra Costa County,4,2025-07-15,2025-09-26,Layoff Permanent,2026-08-30T21:43:41.512264Z
5b82e1852efc67e2,CA,Blue Shield of California - Lodi,Blue Shield of California - Lodi,,San Joaquin County,2,2025-07-15,2025-09-23,Layoff Permanent,2026-08-30T21:43:41.512264Z
5726a98a735f7e03,CA,"Blue Shield of California - Town Center, Building C","Blue Shield of California - Town Center, Building C",,El Dorado County,6,2025-07-15,2025-09-23,Layoff Permanent,2026-08-30T21:43:41.512264Z
0920b57690a88308,CA,Blue Shield of California - Rancho Cordova,Blue Shield of California - Rancho Cordova,,Sacramento County,3,2025-07-15,2025-09-23,Layoff Permanent,2026-08-30T21:43:41.512264Z
f120a0ab2d58074e,CA,Intel Corporation (SC-1),Intel Corporation (SC-1),,Santa Clara County,4,2025-07-14,2025-07-15,Layoff Permanent,2026-08-30T21:43:41.512264Z
d73960feafa05a50,CA,Intel Corporation (Robert Noyce),Intel Corporation (Robert Noyce),,Santa Clara County,203,2025-07-14,2025-07-15,Layoff Permanent,2026-08-30T21:43:41.512264Z
9d5cc18c39d8cd1e,CA,Intel Corporation (SC-2),Intel Corporation (SC-2),,Santa Clara County,43,2025-07-14,2025-07-15,Layoff Permanent,2026-08-30T21:43:41.512264Z
70045f94d0948c0b,CA,"LMB Mortgage Services, Inc. dba LowerMyBills.com",LMB Mortgage Services,LowerMyBills.com,Los Angeles County,38,2025-07-14,2025-09-12,Layoff Permanent,2026-08-30T21:43:41.512264Z
60a96bc5dbd0e754,CA,Intel Corporation (SC-12),Intel Corporation (SC-12),,Santa Clara County,55,2025-07-14,2025-07-15,Layoff Permanent,2026-08-30T21:43:41.512264Z
25f12a694f45dc43,CA,Intel Corporation (SC-11),Intel Corporation (SC-11),,Santa Clara County,5,2025-07-14,2025-07-15,Layoff Permanent,2026-08-30T21:43:41.512264Z
1e20e322d957dc97,CA,Intel Corporation (SC-9),Intel Corporation (SC-9),,Santa Clara County,16,2025-07-14,2025-07-15,Layoff Permanent,2026-08-30T21:43:41.512264Z
bf0f0cba3b88a622,CA,Quixote Studio Services (12137),Quixote Studio Services,,Los Angeles County,1,2025-07-11,2025-07-10,Layoff Permanent,2026-08-30T21:43:41.512264Z
b517d13234e6d0e2,CA,Quixote Studio Services (10262),Quixote Studio Services,,Los Angeles County,2,2025-07-11,2025-07-10,Layoff Permanent,2026-08-30T21:43:41.512264Z
82f7df8b548d21a8,CA,Quanex Homeshield LLC,Quanex Homeshield,,San Bernardino County,15,2025-07-11,2025-09-09,Closure Permanent,2026-08-30T21:43:41.512264Z
53d9067c17f39d4b,CA,Quixote Studio Services (10252),Quixote Studio Services,,Los Angeles County,11,2025-07-11,2025-07-10,Layoff Permanent,2026-08-30T21:43:41.512264Z
46dc83bb545da867,CA,Quixote Studio Services (11473),Quixote Studio Services,,Los Angeles County,37,2025-07-11,2025-07-10,Layoff Permanent,2026-08-30T21:43:41.512264Z
375a9df0905c7c54,CA,Quixote Studio Services (1011),Quixote Studio Services,,Los Angeles County,8,2025-07-11,2025-07-10,Layoff Permanent,2026-08-30T21:43:41.512264Z
1c7f5ed080c38d83,CA,Quixote Studio Services (13334),Quixote Studio Services,,Los Angeles County,16,2025-07-11,2025-07-10,Layoff Permanent,2026-08-30T21:43:41.512264Z
1b25328fc1cede82,CA,Quixote Studio Services (14002),Quixote Studio Services,,Los Angeles County,7,2025-07-11,2025-07-10,Layoff Permanent,2026-08-30T21:43:41.512264Z
0e7f4da89e31d844,CA,Intel Corporation,Intel,,Sacramento County,170,2025-07-11,2025-07-11,Layoff Permanent,2026-08-30T21:43:41.512264Z
f6e6c4e3c0aceb78,CA,(3636) San Diego LGBT Community Center,(3636) San Diego LGBT Community Center,,San Diego County,20,2025-07-10,2025-09-06,Layoff Permanent,2026-08-30T21:43:41.512264Z
d4b7d9a77be32a87,CA,(1807) San Diego LGBT Community Center,(1807) San Diego LGBT Community Center,,San Diego County,5,2025-07-10,2025-09-06,Layoff Permanent,2026-08-30T21:43:41.512264Z
cd5090b6d101ffdb,CA,(131) San Diego LGBT Community Center,(131) San Diego LGBT Community Center,,San Diego County,1,2025-07-10,2025-09-06,Layoff Permanent,2026-08-30T21:43:41.512264Z
bc8a4387c969bef2,CA,(514) San Diego LGBT Community Center,(514) San Diego LGBT Community Center,,San Diego County,2,2025-07-10,2025-07-07,Layoff Permanent,2026-08-30T21:43:41.512264Z
9a938614395b8b9b,CA,(3851) San Diego LGBT Community Center,(3851) San Diego LGBT Community Center,,San Diego County,1,2025-07-10,2025-09-06,Layoff Permanent,2026-08-30T21:43:41.512264Z
8e73a5e81cd76331,CA,"All-Rite Leasing, Inc.",All-Rite Leasing,,Orange County,132,2025-07-10,2025-07-29,Closure Permanent,2026-08-30T21:43:41.512264Z
8e663452e43273ad,CA,(1045) San Diego LGBT Community Center,(1045) San Diego LGBT Community Center,,San Diego County,6,2025-07-10,2025-09-06,Layoff Permanent,2026-08-30T21:43:41.512264Z
84e0055ce4b6d1f0,CA,(1180) San Diego LGBT Community Center,(1180) San Diego LGBT Community Center,,San Diego County,3,2025-07-10,2025-09-06,Layoff Permanent,2026-08-30T21:43:41.512264Z
71b9fbdc7ce9dff3,CA,(520) San Diego LGBT Community Center,(520) San Diego LGBT Community Center,,San Diego County,1,2025-07-10,2025-09-06,Layoff Permanent,2026-08-30T21:43:41.512264Z
709a3af946544cc8,CA,(460) San Diego LGBT Community Center,(460) San Diego LGBT Community Center,,San Diego County,1,2025-07-10,2025-09-06,Layoff Permanent,2026-08-30T21:43:41.512264Z
662b13ad7e2fbad4,CA,(1640) San Diego LGBT Community Center,(1640) San Diego LGBT Community Center,,San Diego County,7,2025-07-10,2025-09-06,Layoff Permanent,2026-08-30T21:43:41.512264Z
5f152221f6aacd25,CA,(3045) San Diego LGBT Community Center,(3045) San Diego LGBT Community Center,,San Diego County,1,2025-07-10,2025-09-06,Layoff Permanent,2026-08-30T21:43:41.512264Z
5327d10bd3f57ad9,CA,"GSC Logistics, Inc.",GSC Logistics,,Alameda County,25,2025-07-10,2025-07-10,Layoff Permanent,2026-08-30T21:43:41.512264Z
420e97d432139adf,CA,(3909) San Diego LGBT Community Center,(3909) San Diego LGBT Community Center,,San Diego County,60,2025-07-10,2025-09-06,Layoff Permanent,2026-08-30T21:43:41.512264Z
374f1566c87fd502,CA,(3878) San Diego LGBT Community Center,(3878) San Diego LGBT Community Center,,San Diego County,3,2025-07-10,2025-09-06,Layoff Permanent,2026-08-30T21:43:41.512264Z
34dc39d661b2f1a2,CA,"GSC National Transportation, Inc",GSC National Transportation,,Alameda County,38,2025-07-10,2025-07-10,Layoff Permanent,2026-08-30T21:43:41.512264Z
169e7b0e0c2311c3,CA,"Planned Parenthood Mar Monte, Inc.",Planned Parenthood Mar Monte,,Santa Clara County,17,2025-07-10,2025-07-09,Layoff Permanent,2026-08-30T21:43:41.512264Z
0d6030a28136c5bc,CA,(134) San Diego LGBT Community Center,(134) San Diego LGBT Community Center,,San Diego County,1,2025-07-10,2025-09-06,Layoff Permanent,2026-08-30T21:43:41.512264Z
ebe585684e789702,CA,Kaiser Foundation Hospitals,Kaiser Foundation Hospitals,,Los Angeles County,1,2025-07-09,2025-07-07,Layoff Permanent,2026-08-30T21:43:41.512264Z
bdb8a4fc1f4d1933,CA,Levy,Levy,,Los Angeles County,276,2025-07-09,2025-09-10,Closure Permanent,2026-08-30T21:43:41.512264Z
943ce75d6b9cd361,CA,"Pacira BioSciences, Inc.",Pacira BioSciences,,San Diego County,71,2025-07-09,2025-09-07,Layoff Permanent,2026-08-30T21:43:41.512264Z
8ff9437003d9ea56,CA,Kaiser Foundation Hospitals,Kaiser Foundation Hospitals,,Alameda County,2,2025-07-09,2025-07-07,Layoff Permanent,2026-08-30T21:43:41.512264Z
4f84b56ab7dcfab5,CA,University of Southern California,University of Southern California,,Los Angeles County,55,2025-07-09,2025-09-10,Layoff Permanent,2026-08-30T21:43:41.512264Z
dbfa5d03dcd06c1f,CA,Intel Corporation (SC-9),Intel Corporation (SC-9),,Santa Clara County,37,2025-07-08,2025-07-15,Layoff Permanent,2026-08-30T21:43:41.512264Z
da29779df86bd4ec,CA,Intel Corporation,Intel,,Sacramento County,174,2025-07-08,2025-07-11,Layoff Permanent,2026-08-30T21:43:41.512264Z
d197b73c56a2b588,CA,T. Marzetti,T. Marzetti,,Santa Clara County,77,2025-07-08,2025-06-30,Closure Permanent,2026-08-30T21:43:41.512264Z
cc3ed73f0312f9c9,CA,Activision Blizzard,Activision Blizzard,,Orange County,73,2025-07-08,2025-08-31,Layoff Permanent,2026-08-30T21:43:41.512264Z
8ed608d98ac1b0ef,CA,"McDonald&rsquo;s Restaurants of California, Inc.",McDonald&rsquo;s Restaurants of California,,Los Angeles County,87,2025-07-08,2025-09-08,Closure Temporary,2026-08-30T21:43:41.512264Z
78344e6efae9ae0e,CA,Intel Corporation (SC-2),Intel Corporation (SC-2),,Santa Clara County,1,2025-07-08,2025-07-15,Layoff Permanent,2026-08-30T21:43:41.512264Z
6dfe84fb88bfbcbf,CA,Intel Corporation (Robert Noyce Building),Intel Corporation (Robert Noyce Building),,Santa Clara County,184,2025-07-08,2025-07-15,Layoff Permanent,2026-08-30T21:43:41.512264Z
681e8320406cf4bd,CA,Intel Corporation (SC-12),Intel Corporation (SC-12),,Santa Clara County,179,2025-07-08,2025-07-15,Layoff Permanent,2026-08-30T21:43:41.512264Z
4a6b5a04919c9552,CA,Intel Corporation (SC-1),Intel Corporation (SC-1),,Santa Clara County,1,2025-07-08,2025-07-15,Layoff Permanent,2026-08-30T21:43:41.512264Z
34e65c51e4e28fcc,CA,Best Buy Health,Best Buy Health,,San Diego County,161,2025-07-08,2025-09-12,Closure Permanent,2026-08-30T21:43:41.512264Z
26cf548c1c8f20f2,CA,Intel Corporation (SC-11),Intel Corporation (SC-11),,Santa Clara County,8,2025-07-08,2025-07-15,Layoff Permanent,2026-08-30T21:43:41.512264Z
a7e49576a48004ea,CA,Paramount Global (1575),Paramount Global,,Los Angeles County,48,2025-07-07,2025-08-09,Layoff Permanent,2026-08-30T21:43:41.512264Z
1d298f2fe85aae0f,CA,Paramount Global (5555),Paramount Global,,Los Angeles County,61,2025-07-07,2025-08-09,Layoff Permanent,2026-08-30T21:43:41.512264Z
de02eb84d33f19e1,CA,"Cruise, LLC - 840 W","Cruise, LLC - 840 W",,Santa Clara County,14,2025-07-03,2025-07-03,Layoff Permanent,2026-08-30T21:43:41.512264Z
c4dc49061b1bfb19,CA,"Cruise, LLC - 1201 Bryant","Cruise, LLC - 1201 Bryant",,San Mateo County,85,2025-07-03,2025-07-03,Layoff Permanent,2026-08-30T21:43:41.512264Z
925fb77d3a4bdeb1,CA,"Cruise, LLC - 640 Cesar Chavez","Cruise, LLC - 640 Cesar Chavez",,San Francisco County,2,2025-07-03,2025-07-03,Layoff Permanent,2026-08-30T21:43:41.512264Z
ebac8954c08a8f06,CA,Coastal Trading Ventures,Coastal Trading Ventures,,San Diego County,74,2025-07-02,2025-09-07,Layoff Permanent,2026-08-30T21:43:41.512264Z
cff6a7394fc5d850,CA,"Young's Market Company, LLC dba Republic National Distributing Company",Young's Market,Republic National Distributing Company,San Diego County,80,2025-07-02,2025-09-02,Closure Permanent,2026-08-30T21:43:41.512264Z
cb6a7268a549d736,CA,"Young's Market Company, LLC dba Republic National Distributing Company",Young's Market,Republic National Distributing Company,Yolo County,136,2025-07-02,2025-09-02,Closure Permanent,2026-08-30T21:43:41.512264Z
85f340de561fa1ff,CA,Republic National Distributing Company,Republic National Distributing,,Santa Clara County,156,2025-07-02,2025-09-02,Closure Permanent,2026-08-30T21:43:41.512264Z
24c7be74673b4ce4,CA,Republic National Distributing Company,Republic National Distributing,,Alameda County,226,2025-07-02,2025-09-02,Closure Permanent,2026-08-30T21:43:41.512264Z
ea6c49ded52267df,CA,Sharp HealthCare - 5651,Sharp HealthCare,,San Diego County,13,2025-07-01,2025-09-02,Layoff Permanent,2026-08-30T21:43:41.512264Z
d6c4fb9451b106ab,CA,Sharp HealthCare - 751,Sharp HealthCare - 751,,San Diego County,34,2025-07-01,2025-09-02,Layoff Permanent,2026-08-30T21:43:41.512264Z
d64838029f7e007e,CA,Pocino Foods Company,Pocino Foods,,Los Angeles County,124,2025-07-01,2025-08-26,Closure Permanent,2026-08-30T21:43:41.512264Z
ab51f2e10087fe7f,CA,Sharp HealthCare - 7901,Sharp HealthCare,,San Diego County,62,2025-07-01,2025-09-02,Layoff Permanent,2026-08-30T21:43:41.512264Z
a49a0bb96be9fc4f,CA,Sharp HealthCare - 8695,Sharp HealthCare,,San Diego County,244,2025-07-01,2025-09-02,Layoff Permanent,2026-08-30T21:43:41.512264Z
a0e484acf1aa33f0,CA,Ford Design Studio,Ford Design Studio,,Orange County,263,2025-07-01,2025-08-31,Closure Permanent,2026-08-30T21:43:41.512264Z
9335f3eae149a304,CA,Sharp HealthCare - 250,Sharp HealthCare - 250,,San Diego County,1,2025-07-01,2025-09-02,Layoff Permanent,2026-08-30T21:43:41.512264Z
8331c71e8f4447db,CA,Republic National Distributing Company (14402),Republic National Distributing,,Orange County,561,2025-07-01,2025-09-02,Closure Permanent,2026-08-30T21:43:41.512264Z
7aec3437029f9170,CA,Santa Fe Springs Swap Meet,Santa Fe Springs Swap Meet,,Los Angeles County,109,2025-07-01,2025-07-01,Layoff Not known at this time,2026-08-30T21:43:41.512264Z
7984482febbc9482,CA,Sharp HealthCare - 5555,Sharp HealthCare,,San Diego County,40,2025-07-01,2025-09-02,Layoff Permanent,2026-08-30T21:43:41.512264Z
6918562e1f59c823,CA,"Young's Market Company, LLC dba Republic National Distributing Company",Young's Market,Republic National Distributing Company,Los Angeles County,176,2025-07-01,2025-09-02,Closure Permanent,2026-08-30T21:43:41.512264Z
611671b072038643,CA,"Republic National Distributing Company, LLC",Republic National Distributing,,San Bernardino County,238,2025-07-01,2025-09-02,Closure Permanent,2026-08-30T21:43:41.512264Z
58283c62a5309394,CA,Republic National Distributing Company (14352),Republic National Distributing,,Orange County,79,2025-07-01,2025-09-02,Closure Permanent,2026-08-30T21:43:41.512264Z
1ff3fa1907b5e352,CA,Republic National Distributing Company,Republic National Distributing,,Alameda County,104,2025-07-01,2025-09-02,Closure Permanent,2026-08-30T21:43:41.512264Z
faa07014de286690,CA,Intel Corporation - SC-11,Intel Corporation - SC-11,,Santa Clara County,2,2025-06-30,2025-07-15,Layoff Permanent,2026-08-30T21:43:41.512264Z
f21ca5bf4f118541,CA,Intel Corporation,Intel,,Santa Clara County,45,2025-06-30,2025-07-15,Layoff Permanent,2026-08-30T21:43:41.512264Z
cd57837caeeeda0f,CA,Intel Corporation - Robert Noyce,Intel Corporation - Robert Noyce,,Santa Clara County,57,2025-06-30,2025-07-15,Layoff Permanent,2026-08-30T21:43:41.512264Z
ccdd4d4c21103bd8,CA,"Supernal, LLC - 15555",Supernal,,Orange County,20,2025-06-30,2025-06-30,Layoff Permanent,2026-08-30T21:43:41.512264Z
b2cc9dacdaa0d4ff,CA,Araca Ink LLC,Araca Ink,,Los Angeles County,64,2025-06-30,2025-09-05,Layoff Permanent,2026-08-30T21:43:41.512264Z
885441e31850ca0d,CA,Intel Corporation - SC-1 3065 Bowers,Intel Corporation - SC-1 3065 Bowers,,Santa Clara County,1,2025-06-30,2025-07-15,Layoff Permanent,2026-08-30T21:43:41.512264Z
86012c20dd4326f4,CA,Pier 15 Logistics LLC Amazon Delivery Station - HLA1,Pier 15 Logistics LLC Amazon Delivery Station - HLA1,,Orange County,50,2025-06-30,2025-09-02,Closure Permanent,2026-08-30T21:43:41.512264Z
833f39ea57f5cf66,CA,"Supernal, LLC - 117","Supernal, LLC - 117",,Orange County,5,2025-06-30,2025-06-30,Layoff Permanent,2026-08-30T21:43:41.512264Z
639fa8a64def5d39,CA,Intel Corporation - SC-9,Intel Corporation - SC-9,,Santa Clara County,4,2025-06-30,2025-07-15,Layoff Permanent,2026-08-30T21:43:41.512264Z
6076c1d08a311828,CA,Intel Corporation,Intel,,Sacramento County,54,2025-06-30,2025-07-11,Layoff Permanent,2026-08-30T21:43:41.512264Z
3d2a8bcd10eba42e,CA,Bicycle Transit Systems,Bicycle Transit Systems,,Los Angeles County,65,2025-06-30,2025-08-31,Layoff Permanent,2026-08-30T21:43:41.512264Z
1b76b4b6eff2e8d4,CA,"Supernal, LLC - 1062",Supernal,,Kern County,1,2025-06-30,2025-06-30,Layoff Permanent,2026-08-30T21:43:41.512264Z
143979e16d7e1122,CA,Intel Corporation - SC-2,Intel Corporation - SC-2,,Santa Clara County,1,2025-06-30,2025-07-15,Layoff Permanent,2026-08-30T21:43:41.512264Z
12f7cd21265e599e,CA,Marketing.com,Marketing.com,,San Diego County,72,2025-06-30,2025-09-01,Closure Permanent,2026-08-30T21:43:41.512264Z
1175bc1431aa3374,CA,"Supernal, LLC - 401","Supernal, LLC - 401",,Alameda County,27,2025-06-30,2025-06-30,Layoff Permanent,2026-08-30T21:43:41.512264Z
b7e27ded20d420cc,CA,"Beachbody, LLC",Beachbody,,Los Angeles County,70,2025-06-27,2025-08-25,Layoff Permanent,2026-08-30T21:43:41.512264Z
e398ea427805c34b,CA,"Van Law Food Products, Inc.",Van Law Food Products,,Orange County,89,2025-06-26,2025-08-29,Layoff Permanent,2026-08-30T21:43:41.512264Z
b65981d484584944,CA,Cushman & Wakefield (455),Cushman & Wakefield,,Santa Clara County,2,2025-06-26,2025-08-28,Layoff Permanent,2026-08-30T21:43:41.512264Z
887f2158fab2c834,CA,Cushman & Wakefield (845),Cushman & Wakefield,,Santa Clara County,49,2025-06-26,2025-08-28,Layoff Permanent,2026-08-30T21:43:41.512264Z
7cbea389274c7709,CA,Cushman & Wakefield (401),Cushman & Wakefield,,Santa Clara County,1,2025-06-26,2025-08-28,Layoff Permanent,2026-08-30T21:43:41.512264Z
65700c0ebd612606,CA,Cushman & Wakefield,Cushman & Wakefield,,Santa Barbara County,6,2025-06-26,2025-08-28,Layoff Permanent,2026-08-30T21:43:41.512264Z
6352bd2a5e307a6e,CA,Cushman & Wakefield (222),Cushman & Wakefield,,San Francisco County,10,2025-06-26,2025-08-28,Layoff Permanent,2026-08-30T21:43:41.512264Z
20be663372b332d3,CA,Cushman & Wakefield (543),Cushman & Wakefield,,San Francisco County,1,2025-06-26,2025-08-28,Layoff Permanent,2026-08-30T21:43:41.512264Z
1dbc5e3349bb1e5e,CA,Cushman & Wakefield (1000),Cushman & Wakefield,,Santa Clara County,12,2025-06-26,2025-08-28,Layoff Permanent,2026-08-30T21:43:41.512264Z
13901ff0a62eb0c3,CA,Richland Ace Hardware,Richland Ace Hardware,,Stanislaus County,10,2025-06-26,2025-09-27,Closure Permanent,2026-08-30T21:43:41.512264Z
c2b06f93eaf6daa4,CA,The Trevor Project,Trevor Project,,Los Angeles County,12,2025-06-25,2025-07-17,Layoff Permanent,2026-08-30T21:43:41.512264Z
54ae73ec5711ee83,CA,Pacific Premier Bank,Pacific Premier Bank,,Orange County,78,2025-06-25,2025-08-01,Layoff Permanent,2026-08-30T21:43:41.512264Z
448b814abe5ddedb,CA,Joe's Crab Shack,Joe's Crab Shack,,San Diego County,61,2025-06-25,2025-08-24,Closure Permanent,2026-08-30T21:43:41.512264Z
9a9feda8b28d17e1,CA,Ball Horticultural Company,Ball Horticultural,,Ventura County,33,2025-06-24,2025-12-18,Closure Permanent,2026-08-30T21:43:41.512264Z
f99e410e35d3ce1c,CA,Mucci Tehachapi Inc.,Mucci Tehachapi,,Kern County,21,2025-06-23,2025-08-22,Closure Permanent,2026-08-30T21:43:41.512264Z
e620a23125aabd60,CA,"Prospect Medical Systems, LLC",Prospect Medical Systems,,San Bernardino County,125,2025-06-23,2025-07-01,Layoff Permanent,2026-08-30T21:43:41.512264Z
f9200d506a0442d3,CA,Intel Corporation - SC-9,Intel Corporation - SC-9,,Santa Clara County,2,2025-06-20,2025-07-15,Layoff Permanent,2026-08-30T21:43:41.512264Z
f8089fa6c1d07f4a,CA,Intel Corporation - SC-11,Intel Corporation - SC-11,,Santa Clara County,3,2025-06-20,2025-07-15,Layoff Permanent,2026-08-30T21:43:41.512264Z
948c2655b0be201b,CA,Oxford Social Club,Oxford Social Club,,San Diego County,26,2025-06-20,2025-08-20,Closure Permanent,2026-08-30T21:43:41.512264Z
6983b1decc2198a9,CA,Intel Corporation - SC-12,Intel Corporation - SC-12,,Santa Clara County,26,2025-06-20,2025-07-15,Layoff Permanent,2026-08-30T21:43:41.512264Z
6430cfc855655504,CA,Intel Corporation - Robert Noyce Building,Intel Corporation - Robert Noyce Building,,Santa Clara County,76,2025-06-20,2025-07-15,Layoff Permanent,2026-08-30T21:43:41.512264Z
5a00bd84f3be3b19,CA,Five Guys Operations,Five Guys Operations,,San Diego County,17,2025-06-20,2025-07-13,Closure Permanent,2026-08-30T21:43:41.512264Z
07bf720e5a8cf372,CA,Safeway Inc.,Safeway,,Sonoma County,3,2025-06-20,2025-07-31,Closure Permanent,2026-08-30T21:43:41.512264Z
e42f31ca6af5beb1,CA,"Scout Distribution, LLC - San Diego","Scout Distribution, LLC - San Diego",,San Diego County,5,2025-06-19,2025-08-22,Layoff Permanent,2026-08-30T21:43:41.512264Z
4aa6ed7bb8e48195,CA,"Scout Distribution, LLC - City of Industry","Scout Distribution, LLC - City of Industry",,Los Angeles County,87,2025-06-19,2025-08-22,Layoff Permanent,2026-08-30T21:43:41.512264Z
e116c4c874d665b4,CA,Kaiser Foundation Hospitals,Kaiser Foundation Hospitals,,Alameda County,3,2025-06-18,2025-06-16,Layoff Permanent,2026-08-30T21:43:41.512264Z
dd045b39524d6989,CA,Paramount Global - 5555 Melrose,Paramount Global - 5555 Melrose,,Los Angeles County,47,2025-06-18,2025-08-09,Layoff Permanent,2026-08-30T21:43:41.512264Z
bf80510e79107edf,CA,Kaiser Foundation Hospitals (74 N),Kaiser Foundation Hospitals (74 N),,Los Angeles County,1,2025-06-18,2025-06-16,Layoff Permanent,2026-08-30T21:43:41.512264Z
9a505f877b492746,CA,Walmart (680),Walmart,,Santa Clara County,19,2025-06-18,2025-08-22,Layoff Permanent,2026-08-30T21:43:41.512264Z
8bbca354d89e3307,CA,Paramount Global -1575 Gower,Paramount Global -1575 Gower,,Los Angeles County,41,2025-06-18,2025-08-09,Layoff Permanent,2026-08-30T21:43:41.512264Z
4eb2ed6eef808485,CA,"McDonald's Restaurants of California, Inc.",McDonald's Restaurants of California,,Los Angeles County,87,2025-06-18,2025-08-19,Layoff Temporary,2026-08-30T21:43:41.512264Z
4741b0a5d1847eca,CA,Walmart (840),Walmart,,Santa Clara County,135,2025-06-18,2025-08-22,Layoff Permanent,2026-08-30T21:43:41.512264Z
0af13ef49814ab23,CA,Kaiser Foundation Hospitals,Kaiser Foundation Hospitals,,Riverside County,1,2025-06-18,2025-06-16,Layoff Permanent,2026-08-30T21:43:41.512264Z
0a6a72a07695d418,CA,Walmart (640),Walmart,,Santa Clara County,129,2025-06-18,2025-08-22,Layoff Permanent,2026-08-30T21:43:41.512264Z
0340552d0be4f907,CA,Walmart (860),Walmart,,Santa Clara County,98,2025-06-18,2025-08-22,Layoff Permanent,2026-08-30T21:43:41.512264Z
ff7c4f8e234b1372,CA,Morrison Healthcare - Lakewood Regional Medical Center,Morrison Healthcare - Lakewood Regional Medical Center,,Los Angeles County,40,2025-06-17,2025-07-28,Layoff Permanent,2026-08-30T21:43:41.512264Z
ebeb96eb74d72a27,CA,Crothall Healthcare - Lakewood Regional Medical Center,Crothall Healthcare - Lakewood Regional Medical Center,,Los Angeles County,39,2025-06-17,2025-07-28,Layoff Permanent,2026-08-30T21:43:41.512264Z
eaa7c802fcd6db3a,CA,Morrison Healthcare - Los Alamitos Medical Center,Morrison Healthcare - Los Alamitos Medical Center,,Orange County,32,2025-06-17,2025-07-28,Layoff Permanent,2026-08-30T21:43:41.512264Z
b9f1f7a95e5ecc35,CA,Morrison Healthcare - Placentia Linda Hospital,Morrison Healthcare - Placentia Linda Hospital,,Los Angeles County,21,2025-06-17,2025-07-28,Layoff Permanent,2026-08-30T21:43:41.512264Z
ababe62c27fd2518,CA,LPL Financial LLC,LPL Financial,,San Diego County,70,2025-06-17,2025-08-22,Layoff Permanent,2026-08-30T21:43:41.512264Z
a7943e2ff210c11f,CA,Crothall Healthcare - Los Alamitos Medical Center,Crothall Healthcare - Los Alamitos Medical Center,,Orange County,41,2025-06-17,2025-07-28,Layoff Permanent,2026-08-30T21:43:41.512264Z
951ad71a877ddee3,CA,"Planned Parenthood Mar Monte, Inc.",Planned Parenthood Mar Monte,,Santa Clara County,10,2025-06-17,2025-08-18,Layoff Permanent,2026-08-30T21:43:41.512264Z
8e37efcc56f055bd,CA,"CRST Expedited, Inc. dba CRST The Transportation Solution, Inc.",CRST Expedited,"CRST The Transportation Solution, Inc",Riverside County,104,2025-06-16,2025-08-22,Layoff Permanent,2026-08-30T21:43:41.512264Z
8ddc87bebf41fab2,CA,"Loreto R. Sicam Jr, DMD, Inc.","Loreto R. Sicam Jr, DMD",,Alameda County,6,2025-06-16,2025-06-19,Closure Temporary,2026-08-30T21:43:41.512264Z
87d927e132aa1eb2,CA,MemorialCare Long Beach Medical Center and Miller Children's and Women's Hospital,MemorialCare Long Beach Medical Center and Miller Children's and Women's Hospital,,Los Angeles County,58,2025-06-16,2025-06-16,Layoff Permanent,2026-08-30T21:43:41.512264Z
5e122979b767d2e7,CA,"CRST Expedited, Inc. dba CRST The Transportation Solution, Inc.",CRST Expedited,"CRST The Transportation Solution, Inc",Riverside County,4,2025-06-16,2025-09-17,Layoff Permanent,2026-08-30T21:43:41.512264Z
4428f10059644c8a,CA,"CRST Expedited, Inc. dba CRST The Transportation Solution, Inc.",CRST Expedited,"CRST The Transportation Solution, Inc",Kern County,115,2025-06-16,2025-09-01,Closure Permanent,2026-08-30T21:43:41.512264Z
ffa938e2e767dc80,CA,Robert Kaufman Co.,Robert Kaufman,,Los Angeles County,1,2025-06-13,2025-08-12,Closure Permanent,2026-08-30T21:43:41.512264Z
efbf1189b66011dc,CA,"Frito-Lay, Inc.",Frito-Lay,,San Bernardino County,432,2025-06-11,2025-06-09,Layoff Permanent,2026-08-30T21:43:41.512264Z
bfc8d83c645fad40,CA,Corteva Agriscience,Corteva Agriscience,,Contra Costa County,11,2025-06-11,2025-08-01,Layoff Permanent,2026-08-30T21:43:41.512264Z
bc572c04155e0509,CA,CVS Health,CVS Health,,San Joaquin County,6,2025-06-11,2025-07-08,Closure Permanent,2026-08-30T21:43:41.512264Z
6795ca1a0bf545e2,CA,Renesas Electronics Corporation - San Jose Campus,Renesas Electronics Corporation - San Jose Campus,,Santa Clara County,17,2025-06-11,2025-05-12,Layoff Permanent,2026-08-30T21:43:41.512264Z
1e52821641eefee7,CA,"Gilead Sciences, Inc.",Gilead Sciences,,San Diego County,36,2025-06-11,2025-08-15,Layoff Permanent,2026-08-30T21:43:41.512264Z
1e0e71c2c104116b,CA,Renesas Electronics Corporation - Milpitas Campus,Renesas Electronics Corporation - Milpitas Campus,,Santa Clara County,39,2025-06-11,2025-05-12,Layoff Permanent,2026-08-30T21:43:41.512264Z
02fedd56ca879f85,CA,Del Frisco's Double Eagle Steakhouse,Del Frisco's Double Eagle Steakhouse,,Los Angeles County,60,2025-06-11,2025-08-09,Closure Permanent,2026-08-30T21:43:41.512264Z
8945bd0117704db4,CA,Prothena Biosciences Inc,Prothena Biosciences,,San Mateo County,91,2025-06-10,2025-08-01,Layoff Permanent,2026-08-30T21:43:41.512264Z
87f2de0e42b59691,CA,Career Systems Development Corporation - San Jose Job Corps Center,Career Systems Development Corporation - San Jose Job Corps Center,,Santa Clara County,133,2025-06-10,2025-06-30,Closure Permanent,2026-08-30T21:43:41.512264Z
65fab4ac2faddf0f,CA,Kaiser Foundation Hospitals,Kaiser Foundation Hospitals,,Alameda County,1,2025-06-10,2025-06-09,Layoff Permanent,2026-08-30T21:43:41.512264Z
2e2601bc55b5d2d2,CA,Boston Scientific Corporation,Boston Scientific,,Santa Clara County,23,2025-06-10,2025-08-02,Layoff Permanent,2026-08-30T21:43:41.512264Z
26196fae9c66d28c,CA,Kaiser Foundation Hospitals,Kaiser Foundation Hospitals,,Alameda County,5,2025-06-10,2025-06-09,Layoff Permanent,2026-08-30T21:43:41.512264Z
b9f9ad018198c470,CA,Blue Diamond Growers,Blue Diamond Growers,,Sacramento County,632,2025-06-09,2025-09-01,Closure Permanent,2026-08-30T21:43:41.512264Z
eb7208d0d9836305,CA,Amtrak - Moorpark,Amtrak - Moorpark,,Ventura County,9,2025-06-06,2025-06-27,Layoff Not known at this time,2026-08-30T21:43:41.512264Z
c71b5e1531102e33,CA,Amtrak - Lancaster LCS,Amtrak - Lancaster LCS,,Los Angeles County,19,2025-06-06,2025-06-27,Layoff Not known at this time,2026-08-30T21:43:41.512264Z
97802cb982d5eb3e,CA,Amtrak - Stuart Mesa Mechanical Facility (OSD),Amtrak - Stuart Mesa Mechanical Facility (OSD),,San Diego County,9,2025-06-06,2025-06-27,Layoff Not known at this time,2026-08-30T21:43:41.512264Z
9141b2d5d3fcd89e,CA,Amtrak - Santa Fe Depot,Amtrak - Santa Fe Depot,,Los Angeles County,5,2025-06-06,2025-06-27,Layoff Not known at this time,2026-08-30T21:43:41.512264Z
84ccc97cb812b664,CA,"Michaels Stores Procurement, Inc.",Michaels Stores Procurement,,San Joaquin County,229,2025-06-06,2025-08-04,Closure Permanent,2026-08-30T21:43:41.512264Z
148bd0e39418fe4f,CA,Amtrak - Los Angeles (LMK),Amtrak - Los Angeles (LMK),,Los Angeles County,86,2025-06-06,2025-06-27,Layoff Not known at this time,2026-08-30T21:43:41.512264Z
02a46950aec79d93,CA,Amtrak San Bernardino Downtown SNB,Amtrak San Bernardino Downtown SNB,,San Bernardino County,99,2025-06-06,2025-06-27,Layoff Not known at this time,2026-08-30T21:43:41.512264Z
3dd39e7afb9466d9,CA,"Sapango Inc., dba Tre Posti",Sapango,Tre Posti,Napa County,130,2025-06-05,2025-08-05,Closure Permanent,2026-08-30T21:43:41.512264Z
f3e3dd8e2eede8da,CA,Mission Linen Supply,Mission Linen Supply,,San Bernardino County,82,2025-06-04,2025-08-02,Layoff Permanent,2026-08-30T21:43:41.512264Z
6dedd4b7e70c4792,CA,Inland Empire Job Corps Center,Inland Empire Job Corps Center,,San Bernardino County,134,2025-06-04,2025-06-02,Closure Permanent,2026-08-30T21:43:41.512264Z
6b71036c4788c81f,CA,Management & Training Corporation - San Diego Job Corps,Management & Training Corporation - San Diego Job Corps,,San Diego County,199,2025-06-04,2025-06-06,Closure Permanent,2026-08-30T21:43:41.512264Z
418ca792336dbf6e,CA,Management & Training Corporation - Los Angeles Job Corps,Management & Training Corporation - Los Angeles Job Corps,,Los Angeles County,226,2025-06-04,2025-06-06,Closure Permanent,2026-08-30T21:43:41.512264Z
1850055f2321425c,CA,"Swat Fame, Inc.",Swat Fame,,Los Angeles County,201,2025-06-04,2025-08-06,Closure Permanent,2026-08-30T21:43:41.512264Z
03cdf2a23dcacae4,CA,Harpoon Henry's Seafood Restaurant,Harpoon Henry's Seafood Restaurant,,Orange County,159,2025-06-04,2025-08-10,Layoff Permanent,2026-08-30T21:43:41.512264Z
ff3f10d3fd15ae83,CA,Kaiser Foundation Hospitals - Roseville,Kaiser Foundation Hospitals - Roseville,,Placer County,1,2025-06-03,2025-06-02,Layoff Permanent,2026-08-30T21:43:41.512264Z
fed1a7ccdeaa39d2,CA,Kaiser Foundation Hospitals - 393 E. Walnut,Kaiser Foundation Hospitals - 393 E. Walnut,,Los Angeles County,2,2025-06-03,2025-06-02,Layoff Permanent,2026-08-30T21:43:41.512264Z
fe3f1f0cc8220d69,CA,Kaiser Foundation Hospitals - 74 N. Pasadena,Kaiser Foundation Hospitals - 74 N. Pasadena,,Los Angeles County,1,2025-06-03,2025-06-02,Layoff Permanent,2026-08-30T21:43:41.512264Z
f63333a621fdec6c,CA,Kaiser Foundation Hospitals - Oakland,Kaiser Foundation Hospitals - Oakland,,Alameda County,13,2025-06-03,2025-06-02,Layoff Permanent,2026-08-30T21:43:41.512264Z
e97c7e9c595dfd95,CA,Kaiser Foundation Hospitals - 75 Fair Oaks Ave.,Kaiser Foundation Hospitals - 75 Fair Oaks Ave,,Los Angeles County,2,2025-06-03,2025-06-02,Layoff Permanent,2026-08-30T21:43:41.512264Z
e0d763482871b9f6,CA,"GTM Wholesale Liquidators, Inc. dba GTM Discount General Store",GTM Wholesale Liquidators,GTM Discount General Store,San Diego County,13,2025-06-03,2025-07-31,Closure Permanent,2026-08-30T21:43:41.512264Z
c9c7829ddbc06257,CA,Kaiser Foundation Hospitals - Berkeley,Kaiser Foundation Hospitals - Berkeley,,Alameda County,4,2025-06-03,2025-06-02,Layoff Permanent,2026-08-30T21:43:41.512264Z
c78d6f623891fce2,CA,Accelerate360 Distribution LLC,Accelerate360 Distribution,,San Bernardino County,66,2025-06-03,2025-08-08,Closure Permanent,2026-08-30T21:43:41.512264Z
c580cf94f19bf28b,CA,GTM Wholesale Liquidators DBA Discount General Store - Warehouse,GTM Wholesale Liquidators,Discount General Store - Warehouse,San Diego County,18,2025-06-03,2025-07-31,Layoff Permanent,2026-08-30T21:43:41.512264Z
aa7b1c713dd47239,CA,Kaiser Foundation Hospitals - San Francisco,Kaiser Foundation Hospitals - San Francisco,,San Francisco County,1,2025-06-03,2025-06-02,Layoff Permanent,2026-08-30T21:43:41.512264Z
aa4f2ae4ea8ce3ca,CA,Kaiser Foundation Hospitals - San Diego,Kaiser Foundation Hospitals - San Diego,,San Diego County,1,2025-06-03,2025-06-02,Layoff Permanent,2026-08-30T21:43:41.512264Z
94e46c3a2ef133eb,CA,Kaiser Foundation Hospitals - 99 S Oakland Ave,Kaiser Foundation Hospitals - 99 S Oakland Ave,,Los Angeles County,5,2025-06-03,2025-06-02,Layoff Permanent,2026-08-30T21:43:41.512264Z
8934f646df37865c,CA,Kaiser Foundation Hospitals - Vallejo,Kaiser Foundation Hospitals - Vallejo,,Solano County,1,2025-06-03,2025-06-02,Layoff Permanent,2026-08-30T21:43:41.512264Z
79b0fb639acbfa63,CA,GTM Wholesale Liquidators dba GTM Discount General Store - Santee Store,GTM Wholesale Liquidators,GTM Discount General Store - Santee Store,San Diego County,9,2025-06-03,2025-07-31,Layoff Permanent,2026-08-30T21:43:41.512264Z
6c2410dd9e152f7d,CA,Kaiser Foundation - Fremont,Kaiser Foundation - Fremont,,Alameda County,1,2025-06-03,2025-06-02,Layoff Permanent,2026-08-30T21:43:41.512264Z
41da2bb8c97b2706,CA,Kaiser Foundation Hospitals - Pleasanton,Kaiser Foundation Hospitals - Pleasanton,,Alameda County,20,2025-06-03,2025-06-02,Layoff Permanent,2026-08-30T21:43:41.512264Z
3d840b7a9fd0cdbb,CA,Kaiser Foundation Hospitals - Irvine,Kaiser Foundation Hospitals - Irvine,,Orange County,1,2025-06-03,2025-06-02,Layoff Permanent,2026-08-30T21:43:41.512264Z
38f5de8a786c928a,CA,"GTM Wholesale Liquidators, Inc. dba GTM Discount General Store - Chula Vista Store",GTM Wholesale Liquidators,GTM Discount General Store - Chula Vista Store,San Diego County,9,2025-06-03,2025-07-31,Layoff Permanent,2026-08-30T21:43:41.512264Z
2edae04d31b866cc,CA,Kaiser Foundation Hospitals - Yorba Linda,Kaiser Foundation Hospitals - Yorba Linda,,Orange County,1,2025-06-03,2025-06-02,Layoff Permanent,2026-08-30T21:43:41.512264Z
12ad78dd31b6c55b,CA,Kaiser Foundation Hospitals - Harbor City,Kaiser Foundation Hospitals - Harbor City,,Los Angeles County,1,2025-06-03,2025-06-02,Layoff Permanent,2026-08-30T21:43:41.512264Z
f627f604e919b999,CA,JAI's Inc.,JAI's,,Santa Clara County,7,2025-06-02,2025-07-31,Closure Permanent,2026-08-30T21:43:41.512264Z
d87a3ed8de2d5c54,CA,"Central Valley Training Center, Inc.",Central Valley Training Center,,Fresno County,63,2025-06-02,2025-08-01,Closure Permanent,2026-08-30T21:43:41.512264Z
a8430d6af362d889,CA,Microsoft - 445 & 455,Microsoft - 445 & 455,,Santa Clara County,1,2025-06-02,2025-08-01,Layoff Permanent,2026-08-30T21:43:41.512264Z
5fac45891d8f6730,CA,Microsoft - 1045,Microsoft,,Santa Clara County,7,2025-06-02,2025-08-01,Layoff Permanent,2026-08-30T21:43:41.512264Z
58cbfcb3e9b327d6,CA,"All-Rite Leasing, Inc.",All-Rite Leasing,,Orange County,111,2025-06-02,2025-07-29,Closure Permanent,2026-08-30T21:43:41.512264Z
49f94d13b15d93ff,CA,Menzies Aviation,Menzies Aviation,,Los Angeles County,46,2025-06-02,2025-07-31,Layoff Not known at this time,2026-08-30T21:43:41.512264Z
461b19ffd10d9a07,CA,Cruise LLC,Cruise,,San Francisco County,1,2025-06-02,2025-05-30,Layoff Permanent,2026-08-30T21:43:41.512264Z
e0aed073303bdf4d,CA,"Reyes Coca-Cola Bottling, L.L.C.",Reyes Coca-Cola Bottling,,Monterey County,81,2025-05-30,2025-08-01,Closure Permanent,2026-08-30T21:43:41.512264Z
c7a46e257f133cfb,CA,Walmart,Walmart,,San Mateo County,106,2025-05-30,2025-08-22,Layoff Permanent,2026-08-30T21:43:41.512264Z
8abe6f6ce904915f,CA,Memorial Care Long Beach Medical Center and Miller Children's and Women's Hospital,Memorial Care Long Beach Medical Center and Miller Children's and Women's Hospital,,Los Angeles County,22,2025-05-30,2025-05-30,Layoff Permanent,2026-08-30T21:43:41.512264Z
34751e04a4c620fd,CA,Alticor Inc.,Alticor,,Orange County,26,2025-05-30,2025-06-12,Closure Permanent,2026-08-30T21:43:41.512264Z
e8ac558704a9ec77,CA,Google - Borregas,Google - Borregas,,Santa Clara County,1,2025-05-29,2025-07-06,Layoff Permanent,2026-08-30T21:43:41.512264Z
c79d92be24366d26,CA,Google - Moffett,Google - Moffett,,Santa Clara County,8,2025-05-29,2025-07-06,Layoff Permanent,2026-08-30T21:43:41.512264Z
879fb71efcfcd3b2,CA,Earl of Sandwich Tavern Restaurant,Earl of Sandwich Tavern Restaurant,,Orange County,167,2025-05-29,2025-07-28,Closure Permanent,2026-08-30T21:43:41.512264Z
708f674eff60c8cc,CA,Google - Borregas,Google - Borregas,,Santa Clara County,11,2025-05-29,2025-07-06,Layoff Permanent,2026-08-30T21:43:41.512264Z
1b83204333284606,CA,Google - Bordeaux,Google - Bordeaux,,Santa Clara County,33,2025-05-29,2025-07-06,Layoff Permanent,2026-08-30T21:43:41.512264Z
02a74615d710e2e9,CA,"Genentech, Inc.",Genentech,,San Mateo County,143,2025-05-29,2025-07-14,Layoff Permanent,2026-08-30T21:43:41.512264Z
ff1cdd126742966d,CA,"Pivot Bio, Inc.",Pivot Bio,,Alameda County,62,2025-05-28,2025-07-21,Closure Permanent,2026-08-30T21:43:41.512264Z
c9eaa34c092961ff,CA,"Liberty Residential Services, Inc. (2915)",Liberty Residential Services,,San Diego County,35,2025-05-28,2025-07-31,Layoff Permanent,2026-08-30T21:43:41.512264Z
71e49749f3a3fa7c,CA,LinkedIn Corporation,LinkedIn,,Santa Barbara County,11,2025-05-28,2025-05-15,Layoff Permanent,2026-08-30T21:43:41.512264Z
5654363c2af282e1,CA,LinkedIn Corporation,LinkedIn,,San Francisco County,60,2025-05-28,2025-05-15,Layoff Permanent,2026-08-30T21:43:41.512264Z
50daf3b226e914ca,CA,LinkedIn Corporation,LinkedIn,,Santa Clara County,51,2025-05-28,2025-05-15,Layoff Permanent,2026-08-30T21:43:41.512264Z
33a45e28b700d903,CA,LinkedIn Corporation,LinkedIn,,Santa Clara County,159,2025-05-28,2025-05-15,Layoff Permanent,2026-08-30T21:43:41.512264Z
1c5f8f4d8521e893,CA,"Liberty Residential Services, Inc.",Liberty Residential Services,,San Diego County,6,2025-05-28,2025-07-31,Layoff Permanent,2026-08-30T21:43:41.512264Z
1abd6a0709548c89,CA,"Liberty Residential Services, Inc. (1404)",Liberty Residential Services,,San Diego County,31,2025-05-28,2025-07-31,Layoff Permanent,2026-08-30T21:43:41.512264Z
731f499d6a2bb2c6,CA,Wells Fargo,Wells Fargo,,Contra Costa County,1,2025-05-27,2025-05-27,Layoff Permanent,2026-08-30T21:43:41.512264Z
d760f237e1a4a087,CA,Advanced Pressure Technology,Advanced Pressure Technology,,Napa County,88,2025-05-23,2025-07-26,Layoff Permanent,2026-08-30T21:43:41.512264Z
fddfa7213622ff67,CA,Six Flags Entertainment Corporation,Six Flags Entertainment,,Orange County,65,2025-05-22,2025-07-21,Layoff Permanent,2026-08-30T21:43:41.512264Z
39b42259f162f6e1,CA,Six Flags Entertainment Corporation,Six Flags Entertainment,,Solano County,19,2025-05-22,2025-07-21,Layoff Permanent,2026-08-30T21:43:41.512264Z
2d3d6d0c32de5c58,CA,Six Flags Entertainment Corporation,Six Flags Entertainment,,Los Angeles County,56,2025-05-22,2025-07-21,Layoff Permanent,2026-08-30T21:43:41.512264Z
27b648616a80698f,CA,NBCUniversal Media (Bldg. 1440),NBCUniversal Media (Bldg. 1440),,Los Angeles County,13,2025-05-22,2025-06-27,Layoff Permanent,2026-08-30T21:43:41.512264Z
24a925ee8f7f5de1,CA,Hewlett Packard Enterprise Company (HPE),Hewlett Packard Enterprise Company (HPE),,Santa Clara County,61,2025-05-22,2025-05-02,Layoff Permanent,2026-08-30T21:43:41.512264Z
10df4b9b9beaa4c5,CA,AAPC Lounge Services,AAPC Lounge Services,,Los Angeles County,130,2025-05-22,2025-07-21,Layoff Permanent,2026-08-30T21:43:41.512264Z
061551912771ee31,CA,"NBCUniversal Media (Bldgs. 1280, 1320, 1360, and 4250)","NBCUniversal Media (Bldgs. 1280, 1320, 1360, and 4250)",,Los Angeles County,41,2025-05-22,2025-06-27,Layoff Permanent,2026-08-30T21:43:41.512264Z
faaaefbb5610a7a4,CA,Kaiser Foundation Hospitals,Kaiser Foundation Hospitals,,Los Angeles County,1,2025-05-21,2025-05-19,Layoff Permanent,2026-08-30T21:43:41.512264Z
a4a6bd6cc1d502a4,CA,Cruise LLC,Cruise,,San Francisco County,22,2025-05-21,2025-05-20,Layoff Permanent,2026-08-30T21:43:41.512264Z
82f18f794b7545f0,CA,Kaiser Foundation Hospitals,Kaiser Foundation Hospitals,,Alameda County,2,2025-05-21,2025-05-19,Layoff Permanent,2026-08-30T21:43:41.512264Z
7a3c0969882a4e87,CA,"Creative Stone Mfg. Inc., DBA Coronado Stone Products",Creative Stone Mfg,Coronado Stone Products,San Bernardino County,39,2025-05-21,2025-07-21,Closure Permanent,2026-08-30T21:43:41.512264Z
77ff13315a8aa648,CA,Eikon Therapeutics Inc.,Eikon Therapeutics,,San Mateo County,55,2025-05-21,2025-07-21,Layoff Permanent,2026-08-30T21:43:41.512264Z
023cd5455ebe6699,CA,Allergan Aesthetics,Allergan Aesthetics,,Orange County,202,2025-05-21,2025-07-22,Layoff Permanent,2026-08-30T21:43:41.512264Z
e15d98f1abc70bcc,CA,"PMAB-5, LLC",Pmab-5,,San Mateo County,63,2025-05-20,2025-07-18,Layoff Permanent,2026-08-30T21:43:41.512264Z
bff0b25a40bb4ad0,CA,"L&T Precision, LLC",L&T Precision,,San Diego County,81,2025-05-20,2025-08-01,Closure Permanent,2026-08-30T21:43:41.512264Z
7c015c6b13f62c64,CA,Tend Exchange Subsidiary LLC and Delaware Tender Staffing LLC,Tend Exchange Subsidiary LLC and Delaware Tender Staffing,,Los Angeles County,16132,2025-05-20,2025-07-21,Closure Permanent,2026-08-30T21:43:41.512264Z
49029323705a81e2,CA,Chegg,Chegg,,Santa Clara County,88,2025-05-20,2025-05-15,Layoff Permanent,2026-08-30T21:43:41.512264Z
13932131af386894,CA,Seasons 52,Seasons 52,,Sacramento County,85,2025-05-19,2025-05-19,Closure Permanent,2026-08-30T21:43:41.512264Z
d72277d0c6f8e035,CA,"Niantic, Inc.",Niantic,,San Francisco County,5,2025-05-16,2025-05-19,Layoff Permanent,2026-08-30T21:43:41.512264Z
fb6d27a2da7ffbd3,CA,UPS,UPS,,Yolo County,355,2025-05-15,2025-07-14,Layoff Permanent,2026-08-30T21:43:41.512264Z
8287c71b20848375,CA,Amazon (SJC31 Facility),Amazon (SJC31 Facility),,Santa Clara County,5,2025-05-15,2025-07-07,Layoff Permanent,2026-08-30T21:43:41.512264Z
473a962830e2f43e,CA,Amazon (SJC14 Facility),Amazon (SJC14 Facility),,Santa Clara County,6,2025-05-15,2025-07-07,Layoff Permanent,2026-08-30T21:43:41.512264Z
15f0299009feec12,CA,Amazon (SJC11 Facility),Amazon (SJC11 Facility),,Santa Clara County,33,2025-05-15,2025-07-07,Layoff Permanent,2026-08-30T21:43:41.512264Z
12f04519ed2108e1,CA,Amazon (SJC32 Facility),Amazon (SJC32 Facility),,Santa Clara County,8,2025-05-15,2025-07-07,Layoff Permanent,2026-08-30T21:43:41.512264Z
e684a7c13a553395,CA,Microsoft - 770,Microsoft - 770,,Santa Clara County,1,2025-05-14,2025-07-12,Layoff Permanent,2026-08-30T21:43:41.512264Z
a55ff9e4c1226354,CA,"Lakeshore Learning Materials, LLC - 2161",Lakeshore Learning Materials,,Los Angeles County,109,2025-05-14,2025-07-12,Layoff Permanent,2026-08-30T21:43:41.512264Z
a2a18524ef86e7d1,CA,"Lakeshore Learning Materials, LLC - 2695",Lakeshore Learning Materials,,Los Angeles County,50,2025-05-14,2025-07-13,Layoff Permanent,2026-08-30T21:43:41.512264Z
9ee496679b902f89,CA,"Lakeshore Leaning Materials, LLC - 2649",Lakeshore Leaning Materials,,Los Angeles County,10,2025-05-14,2025-07-13,Layoff Permanent,2026-08-30T21:43:41.512264Z
8211a8488b292f5c,CA,"Delicato Vineyards, LLC dba Delicato Family Wines",Delicato Vineyards,Delicato Family Wines,Sonoma County,15,2025-05-14,2025-05-15,Closure Not known at this time,2026-08-30T21:43:41.512264Z
7883dfd40cea4382,CA,Wells Fargo - 1655,Wells Fargo,,Contra Costa County,4,2025-05-14,2025-05-13,Layoff Permanent,2026-08-30T21:43:41.512264Z
5aa976244d8a794a,CA,Microsoft - 1045,Microsoft,,Santa Clara County,82,2025-05-14,2025-07-12,Layoff Permanent,2026-08-30T21:43:41.512264Z
439b69e715983a4b,CA,Microsoft - 3201,Microsoft,,Santa Clara County,3,2025-05-14,2025-07-12,Layoff Permanent,2026-08-30T21:43:41.512264Z
3d96ac8719303647,CA,"Lakeshore Learning Materials, LLC - 20974",Lakeshore Learning Materials,,Los Angeles County,21,2025-05-14,2025-07-13,Layoff Permanent,2026-08-30T21:43:41.512264Z
107dde1c7c6d0d45,CA,Wells Fargo -1755,Wells Fargo,,Contra Costa County,6,2025-05-14,2025-05-13,Layoff Permanent,2026-08-30T21:43:41.512264Z
0801da83148aa702,CA,Lakeshore Learning Materials - 2915,Lakeshore Learning Materials,,Los Angeles County,10,2025-05-14,2025-07-13,Layoff Permanent,2026-08-30T21:43:41.512264Z
fcc344e94122f435,CA,Kaiser Foundation Hospitals,Kaiser Foundation Hospitals,,Contra Costa County,1,2025-05-12,2025-05-12,Layoff Permanent,2026-08-30T21:43:41.512264Z
f497ec50b12c40ee,CA,Kaiser Foundation Hospitals (1450),Kaiser Foundation Hospitals,,Contra Costa County,1,2025-05-12,2025-05-12,Layoff Permanent,2026-08-30T21:43:41.512264Z
1c41b8c360ccc569,CA,Kaiser Foundation Hospitals (1460),Kaiser Foundation Hospitals,,Contra Costa County,1,2025-05-12,2025-05-12,Layoff Permanent,2026-08-30T21:43:41.512264Z
1a217ee871819303,CA,First Student,First Student,,Los Angeles County,88,2025-05-12,2025-08-08,Layoff Permanent,2026-08-30T21:43:41.512264Z
e4e854c7f8017b32,CA,RTX,RTX,,Los Angeles County,1,2025-05-09,2025-07-30,Layoff Permanent,2026-08-30T21:43:41.512264Z
d849a5e5571f9a9a,CA,"Insitro, Inc.",Insitro,,San Mateo County,63,2025-05-09,2025-03-09,Layoff Permanent,2026-08-30T21:43:41.512264Z
c063386d021d3dde,CA,Lamps Plus,Lamps Plus,,Los Angeles County,3,2025-05-09,2025-07-06,Closure Permanent,2026-08-30T21:43:41.512264Z
28f3cd6de412caac,CA,Colosseum Athletics,Colosseum Athletics,,Los Angeles County,35,2025-05-09,2025-07-09,Layoff Permanent,2026-08-30T21:43:41.512264Z
f006fc301a08f709,CA,Downtown College Preparatory - El Primero High School,Downtown College Preparatory - El Primero High School,,Santa Clara County,48,2025-05-08,2025-06-30,Closure Permanent,2026-08-30T21:43:41.512264Z
d434bcb2d6598963,CA,"10x Genomics, Inc. (6230)",10x Genomics,,Alameda County,88,2025-05-08,2025-07-07,Layoff Permanent,2026-08-30T21:43:41.512264Z
b8fab84193b66f72,CA,"Thrifty Payless, Inc. (Rite Aide)","Thrifty Payless, Inc. (Rite Aide)",,Los Angeles County,297,2025-05-08,2025-06-04,Layoff Permanent,2026-08-30T21:43:41.512264Z
abeda788ae7e1c40,CA,"10x Genomics, Inc. (6210)",10x Genomics,,Alameda County,2,2025-05-08,2025-07-07,Layoff Permanent,2026-08-30T21:43:41.512264Z
a5fac742e0f609f2,CA,Chevron (100),Chevron,,Contra Costa County,18,2025-05-08,2025-07-01,Layoff Permanent,2026-08-30T21:43:41.512264Z
9fe6b64057f17fba,CA,Downtown College Preparatory - Alum Rock Middle School,Downtown College Preparatory - Alum Rock Middle School,,Santa Clara County,20,2025-05-08,2025-06-30,Closure Permanent,2026-08-30T21:43:41.512264Z
78cf6708a7e028bb,CA,"10x Genomics, Inc. (5500)",10x Genomics,,Alameda County,3,2025-05-08,2025-07-07,Layoff Permanent,2026-08-30T21:43:41.512264Z
6e3cc346dafa9383,CA,Reyes Coca-Cola Bottling,Reyes Coca-Cola Bottling,,Los Angeles County,62,2025-05-08,2025-07-11,Closure Permanent,2026-08-30T21:43:41.512264Z
49682618a8e9bb86,CA,Chevron (850),Chevron,,Contra Costa County,13,2025-05-08,2025-07-01,Layoff Permanent,2026-08-30T21:43:41.512264Z
4172952dfee55321,CA,Chevron,Chevron,,Kern County,14,2025-05-08,2025-07-01,Layoff Permanent,2026-08-30T21:43:41.512264Z
3fcf48494779f6ab,CA,Downtown College Preparatory - El Camino Middle School,Downtown College Preparatory - El Camino Middle School,,Santa Clara County,22,2025-05-08,2025-06-30,Closure Permanent,2026-08-30T21:43:41.512264Z
20e0c7d44c65c159,CA,Chevron,Chevron,,Los Angeles County,20,2025-05-08,2025-07-01,Layoff Permanent,2026-08-30T21:43:41.512264Z
1b86417e84160e09,CA,Downtown College Preparatory - Administrative Offices,Downtown College Preparatory - Administrative Offices,,Santa Clara County,9,2025-05-08,2025-06-30,Closure Permanent,2026-08-30T21:43:41.512264Z
f5e2189160e44a70,CA,Surfair Mobility,Surfair Mobility,,Dallas County,1,2025-05-07,2025-07-06,Layoff Permanent,2026-08-30T21:43:41.512264Z
cb0b2336ae5ec874,CA,Air Distribution Technologies,Air Distribution Technologies,,Riverside County,111,2025-05-07,2025-07-07,Closure Permanent,2026-08-30T21:43:41.512264Z
ddcb1f1b47e0b464,CA,Anthony International,Anthony International,,Los Angeles County,325,2025-05-06,2025-07-07,Layoff Temporary,2026-08-30T21:43:41.512264Z
b325fa5b8795faaa,CA,L.A. Turbine,L.A. Turbine,,Los Angeles County,34,2025-05-06,2025-07-07,Closure Permanent,2026-08-30T21:43:41.512264Z
ab503b7624383325,CA,Elijah House Foundation,Elijah House Foundation,,Contra Costa County,31,2025-05-06,2025-06-30,Layoff Permanent,2026-08-30T21:43:41.512264Z
8b3293ce74002cec,CA,SSB Manufacturing Company,SSB Manufacturing,,Riverside County,180,2025-05-06,2025-07-05,Closure Permanent,2026-08-30T21:43:41.512264Z
7013eec4b44114b0,CA,Elijah House Foundation,Elijah House Foundation,,Butte County,15,2025-05-06,2025-06-30,Layoff Permanent,2026-08-30T21:43:41.512264Z
ef102e4cd5405041,CA,"Ford, Walker, Haggerty & Behar, LLP (FWHB)","Ford, Walker, Haggerty & Behar, LLP (FWHB)",,San Diego County,6,2025-05-05,2025-06-30,Closure Permanent,2026-08-30T21:43:41.512264Z
c81badb648475456,CA,Pliant Therapeutics,Pliant Therapeutics,,San Mateo County,69,2025-05-05,2025-05-01,Layoff Permanent,2026-08-30T21:43:41.512264Z
c53ade68fb547525,CA,"Ford, Walker, Haggerty & Behar, LLP (FWHB)","Ford, Walker, Haggerty & Behar, LLP (FWHB)",,Clark County,2,2025-05-05,2025-06-30,Closure Permanent,2026-08-30T21:43:41.512264Z
8ca447dd3d2763ab,CA,"(Remote Employees) Ford, Walker, Haggerty & Behar, LLP (FWHB)","(Remote Employees) Ford, Walker, Haggerty & Behar, LLP (FWHB)",,Los Angeles County,81,2025-05-05,2025-06-30,Closure Permanent,2026-08-30T21:43:41.512264Z
8c78b3de97c8b6ae,CA,tkMomentum Inc. (251 Auburn),tkMomentum Inc. (251 Auburn),,Placer County,16,2025-05-05,2025-06-30,Layoff Permanent,2026-08-30T21:43:41.512264Z
80442e1fe60e2d2e,CA,"Ford, Walker, Haggerty & Behar, LLP (FWHB)","Ford, Walker, Haggerty & Behar, LLP (FWHB)",,Los Angeles County,131,2025-05-05,2025-06-30,Closure Permanent,2026-08-30T21:43:41.512264Z
62ec524846613fd7,CA,"Ford, Walker, Haggerty & Behar, LLP (FWHB)","Ford, Walker, Haggerty & Behar, LLP (FWHB)",,Orange County,9,2025-05-05,2025-06-30,Closure Permanent,2026-08-30T21:43:41.512264Z
3f5c59c0376fcfe0,CA,"tkMomentum, Inc.",tkMomentum,,Nevada County,4,2025-05-05,2025-06-30,Layoff Permanent,2026-08-30T21:43:41.512264Z
392c93bd4f944209,CA,"Ford, Walker, Haggerty & Behar, LLP (FWHB)","Ford, Walker, Haggerty & Behar, LLP (FWHB)",,Riverside County,3,2025-05-05,2025-06-30,Closure Permanent,2026-08-30T21:43:41.512264Z
23e6e678c0ebd9e8,CA,"tkMomentum, Inc.",tkMomentum,,Sacramento County,60,2025-05-05,2025-06-30,Layoff Permanent,2026-08-30T21:43:41.512264Z
141e284133d68577,CA,"Ford, Walker, Haggerty & Behar, LLP (FWHB)","Ford, Walker, Haggerty & Behar, LLP (FWHB)",,Santa Clara County,11,2025-05-05,2025-06-30,Closure Permanent,2026-08-30T21:43:41.512264Z
fd8a01a8818e647c,CA,"Center Point, Inc. (2100)",Center Point,,Solano County,22,2025-05-02,2025-06-30,Layoff Permanent,2026-08-30T21:43:41.512264Z
f2b69fa3730272b3,CA,"Center Point, Inc. (300 Prison)","Center Point, Inc. (300 Prison)",,Sacramento County,20,2025-05-02,2025-06-30,Layoff Permanent,2026-08-30T21:43:41.512264Z
c20327f5c37ef892,CA,Atria Wealth Solutions,Atria Wealth Solutions,,San Diego County,82,2025-05-02,2025-07-04,Layoff Permanent,2026-08-30T21:43:41.512264Z
aac07a95d834beeb,CA,Primo Brands,Primo Brands,,Sacramento County,8,2025-05-02,2025-07-01,Closure Permanent,2026-08-30T21:43:41.512264Z
aa9b285ab6bdbc21,CA,"Center Point, Inc. (475-750)","Center Point, Inc. (475-750)",,Lassen County,20,2025-05-02,2025-06-30,Layoff Permanent,2026-08-30T21:43:41.512264Z
98014d8188323211,CA,"Center Point, Inc. (5905)",Center Point,,Del Norte County,12,2025-05-02,2025-06-30,Layoff Permanent,2026-08-30T21:43:41.512264Z
873435ecc0df3f8e,CA,"Center Point, Inc. 100 Prison Rd.","Center Point, Inc. 100 Prison Rd",,Sacramento County,17,2025-05-02,2025-06-30,Layoff Permanent,2026-08-30T21:43:41.512264Z
738b1d0b6f04c1f1,CA,"Center Point, Inc. (San Quentin)","Center Point, Inc. (San Quentin)",,Marin County,14,2025-05-02,2025-06-30,Layoff Permanent,2026-08-30T21:43:41.512264Z
7087347c8a5baa8a,CA,"Center Point, Inc. (5100)",Center Point,,Tuolumne County,17,2025-05-02,2025-06-30,Layoff Permanent,2026-08-30T21:43:41.512264Z
29d04810e7f7832b,CA,Primo Brands,Primo Brands,,San Francisco County,6,2025-05-02,2025-07-01,Closure Permanent,2026-08-30T21:43:41.512264Z
28d13fb44dd179e3,CA,"Center Point, Inc. (4001)",Center Point,,Amador County,18,2025-05-02,2025-06-30,Layoff Permanent,2026-08-30T21:43:41.512264Z
1f46266fc85d7d93,CA,"Center Point, Inc. (7707 Austin)","Center Point, Inc. (7707 Austin)",,San Joaquin County,20,2025-05-02,2025-06-30,Layoff Permanent,2026-08-30T21:43:41.512264Z
145d3b3a091211cb,CA,"Center Point, Inc. (1600)",Center Point,,Sonoma County,15,2025-05-02,2025-06-30,Layoff Permanent,2026-08-30T21:43:41.512264Z
0afb63268db92439,CA,MemorialCare Long Beach Medical Center and Women's Hospital Long Beach,MemorialCare Long Beach Medical Center and Women's Hospital Long Beach,,Los Angeles County,115,2025-05-02,2025-06-16,Layoff Permanent,2026-08-30T21:43:41.512264Z
05f536e0125d78dc,CA,Primo Brands,Primo Brands,,Alameda County,11,2025-05-02,2025-07-01,Closure Permanent,2026-08-30T21:43:41.512264Z
d6ec37356265ddd6,CA,4330 Unitek Learning Education Group Corp.,4330 Unitek Learning Education Group,,Sacramento County,3,2025-05-01,2025-07-03,Layoff Permanent,2026-08-30T21:43:41.512264Z
cf8169e68ababe12,CA,1401 Unitek Learning Education Group Corp.,1401 Unitek Learning Education Group,,Contra Costa County,4,2025-05-01,2025-07-03,Layoff Permanent,2026-08-30T21:43:41.512264Z
c133533670647e89,CA,1401 Unitek Learning Education Group Corp.,1401 Unitek Learning Education Group,,Orange County,3,2025-05-01,2025-07-03,Layoff Permanent,2026-08-30T21:43:41.512264Z
b9b09756f777d8f2,CA,333 Unitek Learning Education Group Corp.,333 Unitek Learning Education Group,,Kern County,4,2025-05-01,2025-07-03,Layoff Permanent,2026-08-30T21:43:41.512264Z
8b6aac16f5ba40e7,CA,6800 Unitek Learning Education Group Corp.,6800 Unitek Learning Education Group,,Santa Clara County,2,2025-05-01,2025-07-03,Layoff Permanent,2026-08-30T21:43:41.512264Z
859471d808d32764,CA,4670 Unitek Learning Education Group Corp.,4670 Unitek Learning Education Group,,Alameda County,6,2025-05-01,2025-07-03,Layoff Permanent,2026-08-30T21:43:41.512264Z
6cc5145333bf878a,CA,DHL Supply Chain,DHL Supply Chain,,San Bernardino County,346,2025-05-01,2025-08-31,Closure Permanent,2026-08-30T21:43:41.512264Z
627e905b58905ff8,CA,Community Action Marin,Community Action Marin,,Marin County,43,2025-05-01,2025-06-30,Layoff Permanent,2026-08-30T21:43:41.512264Z
605aab2e204254e2,CA,21615 Unitek Learning Education Group Corp.,21615 Unitek Learning Education Group,,Alameda County,2,2025-05-01,2025-07-03,Layoff Permanent,2026-08-30T21:43:41.512264Z
58bb4dce97f484e9,CA,"NGM Biopharmaceuticals, Inc.",NGM Biopharmaceuticals,,San Mateo County,85,2025-05-01,2025-06-30,Layoff Permanent,2026-08-30T21:43:41.512264Z
519cf9ee5d039a75,CA,23andMe,23andMe,,San Francisco County,250,2025-05-01,2025-06-17,Closure Permanent,2026-08-30T21:43:41.512264Z
4a65cac1801ee5ee,CA,Sonoco,Sonoco,,Los Angeles County,46,2025-05-01,2025-08-31,Closure Permanent,2026-08-30T21:43:41.512264Z
43f1f9acdffaa161,CA,257 Unitek Learning Education Group Corp.,257 Unitek Learning Education Group,,San Mateo County,1,2025-05-01,2025-07-03,Layoff Permanent,2026-08-30T21:43:41.512264Z
3b28b857088c226f,CA,Pride Industries,Pride Industries,,Solano County,58,2025-05-01,2025-06-30,Layoff Not known at this time,2026-08-30T21:43:41.512264Z
2261deba7ed881bb,CA,Urban Alchemy,Urban Alchemy,,San Francisco County,57,2025-05-01,2025-06-30,Layoff Permanent,2026-08-30T21:43:41.512264Z
1254e3fcec6dc78c,CA,St. Vincent's School for Boys,St. Vincent's School for Boys,,Marin County,52,2025-05-01,2025-06-30,Closure Permanent,2026-08-30T21:43:41.512264Z
0699975103f42db6,CA,HUB Unitek Learning Education Group Corp.,HUB Unitek Learning Education Group,,Orange County,29,2025-05-01,2025-07-03,Layoff Permanent,2026-08-30T21:43:41.512264Z
d0050fdcd8a38958,CA,Sky Zone,Sky Zone,,Orange County,56,2025-04-30,2025-06-30,Closure Permanent,2026-08-30T21:43:41.512264Z
c2f127f09fea380a,CA,"Newark Group, Inc.",Newark Group,,Los Angeles County,74,2025-04-30,2025-06-01,Closure Permanent,2026-08-30T21:43:41.512264Z
ba13f5c183c35fd0,CA,Van's Corporate Headquarters,Van's Corporate Headquarters,,Orange County,82,2025-04-30,2025-06-29,Layoff Permanent,2026-08-30T21:43:41.512264Z
2087c2fcb9a612bf,CA,"GXO Logistics Supply Chain, Inc.",GXO Logistics Supply Chain,,San Bernardino County,41,2025-04-30,2025-04-30,Layoff Permanent,2026-08-30T21:43:41.512264Z
f69b51e2ca9cae1e,CA,Thermo Fisher Scientific,Thermo Fisher Scientific,,Los Angeles County,11,2025-04-29,2025-06-28,Closure Permanent,2026-08-30T21:43:41.512264Z
f48cf400167b8aab,CA,CJ Logistics America,CJ Logistics America,,Riverside County,111,2025-04-29,2025-06-27,Closure Permanent,2026-08-30T21:43:41.512264Z
ebb681b275501841,CA,MV Transportation - 3990,MV Transportation,,Santa Clara County,37,2025-04-29,2025-06-30,Layoff Permanent,2026-08-30T21:43:41.512264Z
e52b9d2e59e56e0a,CA,Kaiser Foundation Hospitals 1660,Kaiser Foundation Hospitals 1660,,Placer County,5,2025-04-29,2025-06-28,Layoff Permanent,2026-08-30T21:43:41.512264Z
c7c6d4949e655361,CA,Kaiser Foundation Hospitals 2025,Kaiser Foundation Hospitals 2025,,Sacramento County,1,2025-04-29,2025-06-28,Layoff Permanent,2026-08-30T21:43:41.512264Z
b943c93d7c40d159,CA,"NetApp, Inc.",NetApp,,Santa Clara County,56,2025-04-29,2025-06-28,Layoff Permanent,2026-08-30T21:43:41.512264Z
aa12a2723cd9dd68,CA,MV Transportation - 2240,MV Transportation,,Santa Clara County,197,2025-04-29,2025-06-30,Layoff Permanent,2026-08-30T21:43:41.512264Z
9c7cc8944f8af70d,CA,Kaiser Foundation Hospitals 401,Kaiser Foundation Hospitals 401,,Sonoma County,1,2025-04-29,2025-06-28,Layoff Permanent,2026-08-30T21:43:41.512264Z
568410ebcbf4e155,CA,Kaiser Foundation Hospitals 1600,Kaiser Foundation Hospitals 1600,,Placer County,1,2025-04-29,2025-06-28,Layoff Permanent,2026-08-30T21:43:41.512264Z
074d2fe644fba063,CA,MV Transportation - 13550,MV Transportation,,Santa Clara County,6,2025-04-29,2025-06-30,Layoff Permanent,2026-08-30T21:43:41.512264Z
f5859305159e066a,CA,"Primo Brands, Inc.",Primo Brands,,Santa Clara County,38,2025-04-28,2025-06-27,Closure Permanent,2026-08-30T21:43:41.512264Z
e2dcbdbb63059332,CA,Cardinal,Cardinal,,San Bernardino County,45,2025-04-28,2025-06-28,Layoff Permanent,2026-08-30T21:43:41.512264Z
6be6426f703c1bad,CA,MV Transportation 4512,MV Transportation 4512,,Monterey County,19,2025-04-28,2025-06-30,Layoff Permanent,2026-08-30T21:43:41.512264Z
488480f96f6ba54b,CA,T. Marzetti,T. Marzetti,,Santa Clara County,78,2025-04-28,2025-06-30,Closure Permanent,2026-08-30T21:43:41.512264Z
43e71900dc31b849,CA,"Building Robotics, Inc.",Building Robotics,,Alameda County,48,2025-04-28,2025-06-30,Closure Permanent,2026-08-30T21:43:41.512264Z
40a47dbb11bb1f96,CA,MV Transportation 4499,MV Transportation 4499,,Monterey County,81,2025-04-28,2025-06-30,Layoff Permanent,2026-08-30T21:43:41.512264Z
e39f317cb603015b,CA,PULAU Corporation - 650A,PULAU Corporation - 650A,,San Bernardino County,17,2025-04-25,2025-06-30,Layoff Permanent,2026-08-30T21:43:41.512264Z
d65637462b88009e,CA,PULAU Corporation - 863,PULAU Corporation - 863,,San Bernardino County,4,2025-04-25,2025-06-30,Layoff Permanent,2026-08-30T21:43:41.512264Z
d18124cc44c70f8d,CA,PULAU Corporation - 820,PULAU Corporation - 820,,San Bernardino County,25,2025-04-25,2025-06-30,Layoff Permanent,2026-08-30T21:43:41.512264Z
be7da49406f6afa1,CA,PULAU Corporation - 827,PULAU Corporation - 827,,San Bernardino County,43,2025-04-25,2025-06-30,Layoff Permanent,2026-08-30T21:43:41.512264Z
ac24c60527c28f58,CA,PULAU Corporation - 1308,Pulau,,San Bernardino County,1,2025-04-25,2025-06-30,Layoff Permanent,2026-08-30T21:43:41.512264Z
a7e359c75dd61388,CA,PULAU Corporation - GMDT,PULAU Corporation - GMDT,,San Bernardino County,3,2025-04-25,2025-06-30,Layoff Permanent,2026-08-30T21:43:41.512264Z
4f87faba778d1ee1,CA,The Model Z Modular LLC,Model Z Modular,,Los Angeles County,102,2025-04-25,2025-06-27,Layoff Permanent,2026-08-30T21:43:41.512264Z
4556247eb72598c3,CA,PULAU Corporation - 6222,Pulau,,San Bernardino County,8,2025-04-25,2025-06-30,Layoff Permanent,2026-08-30T21:43:41.512264Z
0e93bff950b294de,CA,PULAU Corporation - 891,PULAU Corporation - 891,,San Bernardino County,32,2025-04-25,2025-06-30,Layoff Permanent,2026-08-30T21:43:41.512264Z
f77ab7ca0649a10e,CA,"Primo Brands, Inc. - 1449",Primo Brands,,Los Angeles County,11,2025-04-24,2025-06-17,Closure Permanent,2026-08-30T21:43:41.512264Z
e371238617607ba9,CA,Centene Management Company,Centene Management,,Los Angeles County,10,2025-04-24,2025-06-27,Closure Permanent,2026-08-30T21:43:41.512264Z
b7f690987861d73e,CA,Metropolitan Animal Specialty Hospital - 1120,Metropolitan Animal Specialty Hospital,,Los Angeles County,3,2025-04-24,2025-06-22,Closure Permanent,2026-08-30T21:43:41.512264Z
b47ec8798899109d,CA,Raytheon,Raytheon,,Los Angeles County,97,2025-04-24,2025-06-24,Layoff Permanent,2026-08-30T21:43:41.512264Z
9bc67cc5fd962894,CA,Metropolitan Animal Specialty Hospital - 6565,Metropolitan Animal Specialty Hospital,,Los Angeles County,187,2025-04-24,2025-06-22,Closure Permanent,2026-08-30T21:43:41.512264Z
8a556d53ae5c5f53,CA,"Primo Brands, Inc. - 4500",Primo Brands,,Los Angeles County,33,2025-04-24,2025-06-17,Closure Permanent,2026-08-30T21:43:41.512264Z
7da8c607ea41d66e,CA,Metropolitan Animal Specialty Hospital - 6567 - 6585,Metropolitan Animal Specialty Hospital,,Los Angeles County,2,2025-04-24,2025-06-22,Closure Permanent,2026-08-30T21:43:41.512264Z
643d378b14b1603e,CA,Metropolitan Animal Specialty Hospital - 1122,Metropolitan Animal Specialty Hospital,,Los Angeles County,3,2025-04-24,2025-06-22,Closure Permanent,2026-08-30T21:43:41.512264Z
30f45aca8a9efe8f,CA,Metropolitan Animal Specialty Hospital - 6611,Metropolitan Animal Specialty Hospital,,Los Angeles County,1,2025-04-24,2025-06-22,Closure Permanent,2026-08-30T21:43:41.512264Z
ffe8358dbace7b4c,CA,RTX _2000 Building E01,RTX _2000 Building E01,,Los Angeles County,2,2025-04-23,2025-06-20,Layoff Permanent,2026-08-30T21:43:41.512264Z
f2257326e21455dc,CA,Kaiser Foundation Hospitals - 90242,Kaiser Foundation Hospitals,,Los Angeles County,2,2025-04-23,2025-04-21,Layoff Permanent,2026-08-30T21:43:41.512264Z
ed7d2e788288fb9c,CA,RTX _ 2006 Building E04,RTX _ 2006 Building E04,,Los Angeles County,1,2025-04-23,2025-06-20,Layoff Permanent,2026-08-30T21:43:41.512264Z
c883a94d5eb264ee,CA,"TransitAmerica Services, Inc.",TransitAmerica Services,,San Bernardino County,17,2025-04-23,2025-06-30,Layoff Permanent,2026-08-30T21:43:41.512264Z
bf1b29668065d431,CA,"Spreckels Sugar Company, Inc.",Spreckels Sugar,,Imperial County,394,2025-04-23,2025-07-31,Closure Permanent,2026-08-30T21:43:41.512264Z
8e276b5b4c9ed06e,CA,Kaiser Foundation Hospitals - 90706,Kaiser Foundation Hospitals,,Los Angeles County,1,2025-04-23,2025-04-21,Layoff Permanent,2026-08-30T21:43:41.512264Z
8a5fbcb1b755db4f,CA,Kaiser Foundation Hospitals 90027,Kaiser Foundation Hospitals 90027,,Los Angeles County,2,2025-04-23,2025-04-21,Layoff Permanent,2026-08-30T21:43:41.512264Z
79d807b5847a7475,CA,Kaiser Foundation Hospitals - 90034,Kaiser Foundation Hospitals,,Los Angeles County,1,2025-04-23,2025-04-21,Layoff Permanent,2026-08-30T21:43:41.512264Z
68a642eaff88c2fb,CA,Kaiser Foundation Hospitals - 94588,Kaiser Foundation Hospitals,,Alameda County,1,2025-04-23,2025-04-21,Layoff Permanent,2026-08-30T21:43:41.512264Z
657e0896417ce929,CA,Kaiser Foundation Hospitals - 91101,Kaiser Foundation Hospitals,,Los Angeles County,1,2025-04-23,2025-04-21,Layoff Permanent,2026-08-30T21:43:41.512264Z
608babb2a266054d,CA,Kaiser Foundation Hospitals - 91101,Kaiser Foundation Hospitals,,Los Angeles County,3,2025-04-23,2025-04-21,Layoff Permanent,2026-08-30T21:43:41.512264Z
409dafbf2c0411e5,CA,Kaiser Foundation Hospitals - 91367,Kaiser Foundation Hospitals,,Los Angeles County,1,2025-04-23,2025-04-21,Layoff Permanent,2026-08-30T21:43:41.512264Z
3ce29001e5837229,CA,Kaiser Foundation Hospitals - 94589,Kaiser Foundation Hospitals,,Solano County,2,2025-04-23,2025-04-21,Layoff Permanent,2026-08-30T21:43:41.512264Z
3b470417fa040090,CA,"MMCI Acquisition, LLC dba Mortech Manufacturing Company",MMCI Acquisition,Mortech Manufacturing Company,Los Angeles County,19,2025-04-23,2025-07-01,Closure Permanent,2026-08-30T21:43:41.512264Z
3962bae03d2a377f,CA,Kaiser Foundation Hospitals - 94612,Kaiser Foundation Hospitals,,Alameda County,1,2025-04-23,2025-04-21,Layoff Permanent,2026-08-30T21:43:41.512264Z
26982545d7f492e0,CA,Kaiser Foundation Hospitals - 94612,Kaiser Foundation Hospitals,,Alameda County,14,2025-04-23,2025-04-21,Layoff Permanent,2026-08-30T21:43:41.512264Z
2550ef37373cf903,CA,Kaiser Foundation Hospitals - 90242,Kaiser Foundation Hospitals,,Los Angeles County,4,2025-04-23,2025-04-21,Layoff Permanent,2026-08-30T21:43:41.512264Z
11e040644dda622c,CA,RTX_2022,Rtx_2022,,Los Angeles County,1,2025-04-23,2025-06-20,Layoff Permanent,2026-08-30T21:43:41.512264Z
10a54018f64d51cd,CA,Kaiser Foundation Hospitals - 91188,Kaiser Foundation Hospitals,,Los Angeles County,7,2025-04-23,2025-04-21,Layoff Permanent,2026-08-30T21:43:41.512264Z
fc449c4d2a794c29,CA,Blue Shield of California _ Building B,Blue Shield of California _ Building B,,El Dorado County,18,2025-04-22,2025-05-01,Layoff Permanent,2026-08-30T21:43:41.512264Z
b929826c82f0d48b,CA,"Bronco Wine Company, Bivio Transport and Logistics Company, LLC an WC Ag Services, Inc.","Bronco Wine Company, Bivio Transport and Logistics Company, LLC an WC Ag Services",,Stanislaus County,146,2025-04-22,2025-06-16,Layoff Permanent,2026-08-30T21:43:41.512264Z
adf5140c1943ae84,CA,Blue Shield of California,Blue Shield of California,,Shasta County,3,2025-04-22,2025-05-01,Layoff Permanent,2026-08-30T21:43:41.512264Z
a0ccc19cf072eb57,CA,Blue Shield of California,Blue Shield of California,,Alameda County,24,2025-04-22,2025-05-01,Layoff Permanent,2026-08-30T21:43:41.512264Z
9937431647f29a5b,CA,Blue Shield of California,Blue Shield of California,,Los Angeles County,16,2025-04-22,2025-05-01,Layoff Permanent,2026-08-30T21:43:41.512264Z
90a6669bc45a2a28,CA,Blue Shield of California _ Building B,Blue Shield of California _ Building B,,Sacramento County,3,2025-04-22,2025-05-01,Layoff Permanent,2026-08-30T21:43:41.512264Z
7b76b53e23ecf8f8,CA,Blue Shield of California _ Building C,Blue Shield of California _ Building C,,El Dorado County,17,2025-04-22,2025-05-01,Layoff Permanent,2026-08-30T21:43:41.512264Z
7362355f14afeea8,CA,Blue Shield of California,Blue Shield of California,,San Diego County,5,2025-04-22,2025-05-01,Layoff Permanent,2026-08-30T21:43:41.512264Z
5b686733a10dd2b8,CA,Blue Shield of California _ Building A,Blue Shield of California _ Building A,,Sacramento County,10,2025-04-22,2025-05-01,Layoff Permanent,2026-08-30T21:43:41.512264Z
44fd4e872bab8436,CA,YMCA of San Diego County,YMCA of San Diego County,,San Diego County,27,2025-04-22,2025-06-23,Layoff Permanent,2026-08-30T21:43:41.512264Z
4049571361083a84,CA,Blue Shield of California,Blue Shield of California,,Los Angeles County,10,2025-04-22,2025-05-01,Layoff Permanent,2026-08-30T21:43:41.512264Z
153f52a7d268ba2d,CA,Blue Shield of California,Blue Shield of California,,San Joaquin County,7,2025-04-22,2025-05-01,Layoff Permanent,2026-08-30T21:43:41.512264Z
05f47de549771652,CA,SambaNova Systems,SambaNova Systems,,Santa Clara County,77,2025-04-22,2025-04-22,Layoff Permanent,2026-08-30T21:43:41.512264Z
00c94fdd5d3fc205,CA,"Barrel Ten Quarter Circle, Inc.",Barrel Ten Quarter Circle,,Napa County,8,2025-04-22,2025-06-16,Layoff Permanent,2026-08-30T21:43:41.512264Z
fc76e3eddf7934a4,CA,B&P Plastics DBA Advance Plastics,B&P Plastics,Advance Plastics,San Diego County,77,2025-04-21,2025-06-23,Closure Permanent,2026-08-30T21:43:41.512264Z
a05cac3e89a216fa,CA,Boston Scientific Corporation,Boston Scientific,,Santa Clara County,63,2025-04-21,2025-05-03,Closure Permanent,2026-08-30T21:43:41.512264Z
f862329eb11e72c9,CA,"Primo Brands, Inc.",Primo Brands,,San Diego County,4,2025-04-18,2025-06-17,Layoff Permanent,2026-08-30T21:43:41.512264Z
bc9dd758bc9f9bc8,CA,"Primo Brands, Inc.",Primo Brands,,Los Angeles County,13,2025-04-18,2025-06-17,Closure Permanent,2026-08-30T21:43:41.512264Z
9fcfcf5e26516bfb,CA,SSP America,SSP America,,Sacramento County,105,2025-04-18,2025-06-17,Layoff Permanent,2026-08-30T21:43:41.512264Z
77f58cdbaef95062,CA,"Primo Brands, Inc.",Primo Brands,,Los Angeles County,7,2025-04-18,2025-06-17,Closure Permanent,2026-08-30T21:43:41.512264Z
492250b83614d3b5,CA,"Primo Brands, Inc.",Primo Brands,,San Diego County,3,2025-04-18,2025-06-17,Closure Permanent,2026-08-30T21:43:41.512264Z
010522d634b316ae,CA,True Food Kitchen,True Food Kitchen,,Los Angeles County,82,2025-04-18,2025-06-03,Closure Permanent,2026-08-30T21:43:41.512264Z
ef361e450e3abc17,CA,"Cruise, LLC - 840","Cruise, LLC - 840",,Santa Clara County,1,2025-04-17,2025-04-16,Layoff Permanent,2026-08-30T21:43:41.512264Z
d78ec6043f7dbec2,CA,"Illumina, Inc. Worldwide Headquarters","Illumina, Inc. Worldwide Headquarters",,San Diego County,172,2025-04-17,2025-06-16,Layoff Permanent,2026-08-30T21:43:41.512264Z
49455e36d5442f39,CA,"Cruise, LLC - 1201",Cruise,,San Francisco County,9,2025-04-17,2025-04-16,Layoff Permanent,2026-08-30T21:43:41.512264Z
2aa3d21f9ac47316,CA,"Cruise, LLC - 333","Cruise, LLC - 333",,San Francisco County,14,2025-04-17,2025-04-16,Layoff Permanent,2026-08-30T21:43:41.512264Z
136138287104561c,CA,"Stem, Inc.",Stem,,San Francisco County,4,2025-04-17,2025-04-25,Closure Permanent,2026-08-30T21:43:41.512264Z
04139c30101c4af9,CA,The Coca-Cola Company,Coca-Cola,,Napa County,135,2025-04-17,2025-06-30,Closure Permanent,2026-08-30T21:43:41.512264Z
dd392fe17a7c397b,CA,"GMRI, Inc. d/b/a Eddie V's",GMRI,Eddie V's,Orange County,61,2025-04-16,2025-06-16,Closure Permanent,2026-08-30T21:43:41.512264Z
2327fb529962e5d1,CA,"Case Paper Co., Inc.",Case Paper,,San Bernardino County,18,2025-04-16,2025-06-15,Closure Permanent,2026-08-30T21:43:41.512264Z
d51633d2e87ed8b2,CA,MV Transportation,MV Transportation,,San Diego County,463,2025-04-15,2025-06-17,Layoff Permanent,2026-08-30T21:43:41.512264Z
a9e7a58bcc4c8727,CA,"Jones Lang LaSalle Americas, Inc.",Jones Lang LaSalle Americas,,Fresno County,87,2025-04-15,2025-06-14,Layoff Permanent,2026-08-30T21:43:41.512264Z
739ff52ade338bd8,CA,"Jones Lang LaSalle Americas, Inc.",Jones Lang LaSalle Americas,,Sacramento County,77,2025-04-15,2025-06-14,Layoff Permanent,2026-08-30T21:43:41.512264Z
646d7ecfedcbb285,CA,Kaiser Foundation Hospitals,Kaiser Foundation Hospitals,,Alameda County,1,2025-04-15,2025-04-14,Layoff Permanent,2026-08-30T21:43:41.512264Z
646643a866f061a3,CA,MV Transportation,MV Transportation,,San Diego County,14,2025-04-15,2025-06-17,Layoff Permanent,2026-08-30T21:43:41.512264Z
4f73ad95e894916e,CA,"Jones Lang LaSalle Americas, Inc.",Jones Lang LaSalle Americas,,Tulare County,64,2025-04-15,2025-06-14,Layoff Permanent,2026-08-30T21:43:41.512264Z
3cf70f7213b95a21,CA,Kaiser Foundation Hospitals,Kaiser Foundation Hospitals,,Los Angeles County,17,2025-04-15,2025-04-14,Layoff Permanent,2026-08-30T21:43:41.512264Z
102674ef9c3f5b37,CA,Jones Lang LaSalle Americas Inc.,Jones Lang LaSalle Americas,,San Joaquin County,70,2025-04-15,2025-06-14,Layoff Permanent,2026-08-30T21:43:41.512264Z
03c0b87abc1f568f,CA,Kaiser Foundation Hospitals,Kaiser Foundation Hospitals,,Los Angeles County,2,2025-04-15,2025-04-14,Layoff Permanent,2026-08-30T21:43:41.512264Z
00e9bde196efb4d1,CA,Kaiser Foundation Hospitals - Oakland,Kaiser Foundation Hospitals - Oakland,,Alameda County,11,2025-04-15,2025-04-14,Layoff Permanent,2026-08-30T21:43:41.512264Z
efcb05e2c554ecc3,CA,"TC&Js Enterprises, franchise operator of Chick-fil-A","TC&Js Enterprises, franchise operator of Chick-fil-A",,Orange County,58,2025-04-14,2025-06-19,Closure Temporary,2026-08-30T21:43:41.512264Z
cf4830b81b4b2f83,CA,"Confluent Medical Technologies, Inc.",Confluent Medical Technologies,,Alameda County,102,2025-04-14,2025-06-02,Layoff Permanent,2026-08-30T21:43:41.512264Z
c2bbe204e0e7f7b8,CA,Davis Street Community Center,Davis Street Community Center,,Alameda County,8,2025-04-14,2025-07-01,Closure Permanent,2026-08-30T21:43:41.512264Z
78f2f87e12894814,CA,"TC&Js Enterprises, franchise operator of Chick-fil-A","TC&Js Enterprises, franchise operator of Chick-fil-A",,Los Angeles County,35,2025-04-14,2025-06-19,Closure Temporary,2026-08-30T21:43:41.512264Z
508e5f5b296e8679,CA,"Stem, Inc.",Stem,,San Francisco County,48,2025-04-14,2025-04-25,Closure Permanent,2026-08-30T21:43:41.512264Z
ec8b461d69a0e9f0,CA,LEGOLAND California Resort,LEGOLAND California Resort,,San Diego County,2,2025-04-11,2025-06-10,Layoff Permanent,2026-08-30T21:43:41.512264Z
fa4c8ab083b9720f,CA,"Right At School, LLC",Right At School,,Santa Clara County,19,2025-04-10,2025-06-10,Layoff Permanent,2026-08-30T21:43:41.512264Z
f8563c13c7ed83cb,CA,"Right at School, LLC (Cordelia Hills Elementary)","Right at School, LLC (Cordelia Hills Elementary)",,Solano County,8,2025-04-10,2025-06-09,Closure Permanent,2026-08-30T21:43:41.512264Z
ee8e5a0d8180bee3,CA,"Right at School, LLC (Oakbrook Academy)","Right at School, LLC (Oakbrook Academy)",,Solano County,4,2025-04-10,2025-06-09,Closure Permanent,2026-08-30T21:43:41.512264Z
ed7e1a5619310f5f,CA,"Right at School, LLC (KI Jones Elementary)","Right at School, LLC (KI Jones Elementary)",,Solano County,11,2025-04-10,2025-06-09,Closure Permanent,2026-08-30T21:43:41.512264Z
e84ead24bf2b7f6a,CA,"Right At School, LLC",Right At School,,Santa Clara County,10,2025-04-10,2025-06-10,Layoff Permanent,2026-08-30T21:43:41.512264Z
e3708341db1945bf,CA,"Right At School, LLC",Right At School,,Santa Clara County,3,2025-04-10,2025-06-09,Layoff Permanent,2026-08-30T21:43:41.512264Z
d7d3f7051ee9efec,CA,"Pacific Biosciences of California, Inc.",Pacific Biosciences of California,,San Mateo County,70,2025-04-10,2025-06-08,Layoff Permanent,2026-08-30T21:43:41.512264Z
bf8b4ce27b9d083d,CA,"Right at School, LLC (Dover Elementary","Right at School, LLC (Dover Elementary",,Solano County,16,2025-04-10,2025-06-09,Closure Permanent,2026-08-30T21:43:41.512264Z
ad0a0860753b8429,CA,"Right at School, LLC (Sheldon Academy)","Right at School, LLC (Sheldon Academy)",,Solano County,3,2025-04-10,2025-06-09,Closure Permanent,2026-08-30T21:43:41.512264Z
92c998f82d545b11,CA,"Right At School, LLC",Right At School,,Santa Clara County,5,2025-04-10,2025-06-09,Layoff Permanent,2026-08-30T21:43:41.512264Z
7d18959f55d28d05,CA,"Right At School, LLC",Right At School,,Santa Clara County,1,2025-04-10,2025-06-18,Layoff Permanent,2026-08-30T21:43:41.512264Z
7a8d4124c77e306c,CA,Right at School. LLC (Grange Middle),Right at School. LLC (Grange Middle),,Solano County,3,2025-04-10,2025-06-09,Closure Permanent,2026-08-30T21:43:41.512264Z
70082a409591cbf9,CA,"Right At School, LLC",Right At School,,Santa Clara County,15,2025-04-10,2025-06-10,Layoff Permanent,2026-08-30T21:43:41.512264Z
662d2b19ee4573f9,CA,"Right at School, LLC (Nelda Mundy Elementary)","Right at School, LLC (Nelda Mundy Elementary)",,Solano County,5,2025-04-10,2025-06-09,Closure Permanent,2026-08-30T21:43:41.512264Z
654078a31df0dec2,CA,"Right at School, LLC (Fairview Elementary)","Right at School, LLC (Fairview Elementary)",,Solano County,8,2025-04-10,2025-06-09,Closure Permanent,2026-08-30T21:43:41.512264Z
6016547b7329d351,CA,"Right at School, LLC (Green Valley Middle)","Right at School, LLC (Green Valley Middle)",,Solano County,5,2025-04-10,2025-06-09,Closure Permanent,2026-08-30T21:43:41.512264Z
5982f3cead693f5c,CA,"Right At School, LLC",Right At School,,Santa Clara County,4,2025-04-10,2025-06-09,Layoff Permanent,2026-08-30T21:43:41.512264Z
55eba803f92332ec,CA,"Right at School, LLC (Public Safety Academy)","Right at School, LLC (Public Safety Academy)",,Solano County,2,2025-04-10,2025-06-09,Closure Permanent,2026-08-30T21:43:41.512264Z
559be9be3e643176,CA,"Right at School, LLC (Crystal Middle)","Right at School, LLC (Crystal Middle)",,Solano County,2,2025-04-10,2025-06-09,Closure Permanent,2026-08-30T21:43:41.512264Z
55566d369e9819e3,CA,"Right At School, LLC",Right At School,,Santa Clara County,12,2025-04-10,2025-06-10,Layoff Permanent,2026-08-30T21:43:41.512264Z
5526fa9eaccb2100,CA,"Right At School, LLC",Right At School,,Santa Clara County,14,2025-04-10,2025-06-10,Layoff Permanent,2026-08-30T21:43:41.512264Z
4edb0b6570b4f87d,CA,"Right At School, LLC",Right At School,,Santa Clara County,9,2025-04-10,2025-06-09,Layoff Permanent,2026-08-30T21:43:41.512264Z
45c4182bd85a89b8,CA,"Right At School, LLC",Right At School,,Santa Clara County,7,2025-04-10,2025-06-09,Layoff Permanent,2026-08-30T21:43:41.512264Z
42f10f69ea1de6bb,CA,"Right at School, LLC (Matt Garcia and College Academy)","Right at School, LLC (Matt Garcia and College Academy)",,Solano County,2,2025-04-10,2025-06-09,Closure Permanent,2026-08-30T21:43:41.512264Z
30c82cccf3ce6dbe,CA,"Right at School, LLC (B Gale Wilson Middle)","Right at School, LLC (B Gale Wilson Middle)",,Solano County,3,2025-04-10,2025-06-09,Closure Permanent,2026-08-30T21:43:41.512264Z
2c241413a3f81d62,CA,"Right At School, LLC",Right At School,,Santa Clara County,20,2025-04-10,2025-06-09,Layoff Permanent,2026-08-30T21:43:41.512264Z
29c116f245447590,CA,"Right At School, LLC",Right At School,,Santa Clara County,11,2025-04-10,2025-06-10,Layoff Permanent,2026-08-30T21:43:41.512264Z
0a3af7a223639620,CA,"Right at School, LLC (Anna Kyle Elementary)","Right at School, LLC (Anna Kyle Elementary)",,Solano County,3,2025-04-10,2025-06-09,Closure Permanent,2026-08-30T21:43:41.512264Z
064cac7ab022a8c7,CA,"Right At School, LLC",Right At School,,Santa Clara County,7,2025-04-10,2025-06-10,Layoff Permanent,2026-08-30T21:43:41.512264Z
d2fb5894faa0362c,CA,"Right At School, LLC",Right At School,,Los Angeles County,10,2025-04-09,2025-06-18,Layoff Permanent,2026-08-30T21:43:41.512264Z
c6a8433a5c7182fd,CA,"Right At School, LLC",Right At School,,Los Angeles County,24,2025-04-09,2025-06-18,Layoff Permanent,2026-08-30T21:43:41.512264Z
7a1ff6be517496a9,CA,"Right At School, LLC",Right At School,,Los Angeles County,13,2025-04-09,2025-06-18,Layoff Permanent,2026-08-30T21:43:41.512264Z
75375d93753199d9,CA,United States Cellular Corporation,United States Cellular,,Mendocino County,8,2025-04-09,2025-06-02,Layoff Permanent,2026-08-30T21:43:41.512264Z
68f2f37961a8f80e,CA,United States Cellular Corporation,United States Cellular,,Del Norte County,6,2025-04-09,2025-06-02,Layoff Permanent,2026-08-30T21:43:41.512264Z
38067b905fc84986,CA,"Right At School, LLC",Right At School,,Los Angeles County,18,2025-04-09,2025-06-18,Layoff Permanent,2026-08-30T21:43:41.512264Z
27a7dc435711482e,CA,"Right At School, LLC",Right At School,,Los Angeles County,11,2025-04-09,2025-06-18,Layoff Permanent,2026-08-30T21:43:41.512264Z
1db753461585f570,CA,United States Cellular Corporation,United States Cellular,,Humboldt County,7,2025-04-09,2025-06-02,Layoff Permanent,2026-08-30T21:43:41.512264Z
ac04376da5aafd0c,CA,"McDonald's Restaurants of California, Inc.",McDonald's Restaurants of California,,Los Angeles County,66,2025-04-08,2025-06-09,Layoff Temporary,2026-08-30T21:43:41.512264Z
59dd21350d452a30,CA,"Air Products and Chemicals, Inc.",Air Products and Chemicals,,Los Angeles County,37,2025-04-08,2025-04-08,Layoff Permanent,2026-08-30T21:43:41.512264Z
44c1f7978559f2e8,CA,"Technoprobe America, Inc.",Technoprobe America,,Los Angeles County,146,2025-04-08,2025-06-06,Closure Permanent,2026-08-30T21:43:41.512264Z
e47b8f418fb64131,CA,Goodwill of the San Francisco Bay,Goodwill of the San Francisco Bay,,San Francisco County,18,2025-04-07,2025-06-07,Closure Permanent,2026-08-30T21:43:41.512264Z
97f665e150d91ccb,CA,Goodwill of the San Francisco Bay,Goodwill of the San Francisco Bay,,Alameda County,72,2025-04-07,2025-06-07,Closure Permanent,2026-08-30T21:43:41.512264Z
8446118d4e0f13c5,CA,Federal Express Corporation,Federal Express,,Alameda County,95,2025-04-07,2025-06-02,Closure Permanent,2026-08-30T21:43:41.512264Z
40538f185719ae98,CA,Federal Express Corporation,Federal Express,,Alameda County,79,2025-04-07,2025-06-02,Closure Permanent,2026-08-30T21:43:41.512264Z
9872d02209ba279c,CA,"McDonald's Restaurant of California, Inc.",McDonald's Restaurant of California,,Los Angeles County,67,2025-04-04,2025-06-09,Layoff Temporary,2026-08-30T21:43:41.512264Z
6b2b3427ddb77c13,CA,Pfizer,Pfizer,,San Diego County,56,2025-04-04,2025-06-02,Layoff Permanent,2026-08-30T21:43:41.512264Z
12fa8c567ce342d8,CA,"ActivCare Living, LLC",ActivCare Living,,Orange County,56,2025-04-04,2025-06-04,Closure Permanent,2026-08-30T21:43:41.512264Z
fe358de1e56bbb02,CA,Sodexo,Sodexo,,San Francisco County,39,2025-04-03,2025-05-21,Closure Permanent,2026-08-30T21:43:41.512264Z
dd2236fce1789259,CA,FEAM Aero,FEAM Aero,,San Bernardino County,8,2025-04-03,2025-06-02,Layoff Permanent,2026-08-30T21:43:41.512264Z
38e78def2fe343ba,CA,"McDonald's Restaurant of California, Inc.",McDonald's Restaurant of California,,Fresno County,105,2025-04-03,2025-06-09,Layoff Temporary,2026-08-30T21:43:41.512264Z
8eeea65b54e34966,CA,"ImmPact Bio USA Inc., a subsidiary of Lyell Immunopharma Inc.","ImmPact Bio USA Inc., a subsidiary of Lyell Immunopharma",,Los Angeles County,73,2025-04-02,2025-06-02,Closure Permanent,2026-08-30T21:43:41.512264Z
78817b9470aa6454,CA,Chevron,Chevron,,Contra Costa County,600,2025-04-02,2025-06-01,Layoff Permanent,2026-08-30T21:43:41.512264Z
53242bccddb68747,CA,"Robert Kaufman Co., Inc.",Robert Kaufman,,Los Angeles County,4,2025-04-02,2025-05-31,Closure Permanent,2026-08-30T21:43:41.512264Z
fbeb1d45311b1bb3,CA,"Redemption Restaurants, LLC dba Chick-fil-A",Redemption Restaurants,Chick-fil-A,Los Angeles County,65,2025-04-01,2025-05-04,Closure Temporary,2026-08-30T21:43:41.512264Z
ea30b4793cbe7f5e,CA,"Cali Nail Market, Inc.",Cali Nail Market,,Orange County,59,2025-04-01,2025-06-01,Closure Permanent,2026-08-30T21:43:41.512264Z
e69416f5fc581c75,CA,"Transdev Services, Inc.",Transdev Services,,Shasta County,48,2025-04-01,2025-05-31,Layoff Permanent,2026-08-30T21:43:41.512264Z
d5e75d861c1682d7,CA,"Block, Inc.",Block,,Alameda County,240,2025-04-01,2025-05-24,Layoff Permanent,2026-08-30T21:43:41.512264Z
c4a158031468a1bc,CA,All For Kids,All For Kids,,Orange County,66,2025-04-01,2025-05-17,Layoff Permanent,2026-08-30T21:43:41.512264Z
add446a46792e4e9,CA,"Brinker International Payroll Company, L.P.",Brinker International Payroll,,Los Angeles County,115,2025-04-01,2025-05-30,Closure Permanent,2026-08-30T21:43:41.512264Z
ac590fedfd7b4a36,CA,"Classic Beverage of Southern California, LLC",Classic Beverage of Southern California,,Los Angeles County,221,2025-04-01,2025-05-30,Closure Permanent,2026-08-30T21:43:41.512264Z
a49b850ab85ce7ae,CA,"Classic Beverage of Southern California, LLC",Classic Beverage of Southern California,,San Diego County,55,2025-04-01,2025-05-30,Closure Permanent,2026-08-30T21:43:41.512264Z
84c8d1acf36d72d5,CA,Crothall Healthcare,Crothall Healthcare,,Riverside County,55,2025-04-01,2025-04-16,Layoff Permanent,2026-08-30T21:43:41.512264Z
7c4e645598a945ea,CA,"ST. Distributing Co., LLC",ST. Distributing,,Los Angeles County,190,2025-04-01,2025-05-30,Closure Permanent,2026-08-30T21:43:41.512264Z
52e3276fa36d82c8,CA,Cruise LLC,Cruise,,San Francisco County,2,2025-04-01,2025-04-01,Layoff Permanent,2026-08-30T21:43:41.512264Z
4f0725c05c6ea7f2,CA,"Cali Nail Market, Inc.",Cali Nail Market,,Orange County,12,2025-04-01,2025-06-01,Closure Permanent,2026-08-30T21:43:41.512264Z
326ec7d9a0e9e8ce,CA,"ST. Distributing Co., LLC",ST. Distributing,,San Diego County,180,2025-04-01,2025-05-30,Closure Permanent,2026-08-30T21:43:41.512264Z
2b4cba03a898358e,CA,Memorial Care,Memorial Care,,Los Angeles County,60,2025-04-01,2025-04-14,Layoff Permanent,2026-08-30T21:43:41.512264Z
10cb0b8e4158d960,CA,"Ardent Mills, LLC",Ardent Mills,,Sutter County,28,2025-04-01,2025-06-02,Closure Permanent,2026-08-30T21:43:41.512264Z
fc728eb017456427,CA,Novartis Pharmaceuticals Corporation,Novartis Pharmaceuticals,,San Diego County,1,2025-03-27,2025-06-27,Closure Permanent,2026-08-30T21:43:41.512264Z
c96bab0464725345,CA,"Nkarta, Inc.",Nkarta,,San Mateo County,1,2025-03-27,2025-03-31,Layoff Permanent,2026-08-30T21:43:41.512264Z
97cefa2ffd3a8f53,CA,"Gilead Sciences, Inc.",Gilead Sciences,,San Mateo County,149,2025-03-27,2025-05-27,Layoff Permanent,2026-08-30T21:43:41.512264Z
7f96f26b8db6554e,CA,"Roche Molecular Systems, Inc.",Roche Molecular Systems,,Santa Clara County,108,2025-03-27,2025-05-28,Layoff Permanent,2026-08-30T21:43:41.512264Z
7efd7a96ef0f03c9,CA,"Nkarta, Inc.",Nkarta,,San Mateo County,52,2025-03-27,2025-03-31,Layoff Permanent,2026-08-30T21:43:41.512264Z
b767c0afb9056374,CA,Milgard Manufacturing LLC,Milgard Manufacturing,,Ventura County,397,2025-03-26,2025-08-22,Closure Permanent,2026-08-30T21:43:41.512264Z
b5885eb888b3e27d,CA,SK hynix America Inc. (SKHYA),SK hynix America Inc. (SKHYA),,Sacramento County,58,2025-03-26,2025-05-19,Layoff Permanent,2026-08-30T21:43:41.512264Z
b145e1dad33399bd,CA,"Primo Brands, Inc.",Primo Brands,,Riverside County,2,2025-03-26,2025-07-01,Layoff Permanent,2026-08-30T21:43:41.512264Z
a3088bfca1a58f14,CA,"Primo Brands, Inc.",Primo Brands,,Los Angeles County,1,2025-03-26,2025-07-01,Layoff Permanent,2026-08-30T21:43:41.512264Z
850a7e4bb40eb6c4,CA,SK hynix America Inc. (SKHYA),SK hynix America Inc. (SKHYA),,Santa Clara County,33,2025-03-26,2025-05-19,Layoff Permanent,2026-08-30T21:43:41.512264Z
55bc8bdf55be9a52,CA,First Student,First Student,,Riverside County,109,2025-03-26,2025-06-11,Closure Permanent,2026-08-30T21:43:41.512264Z
42790c0512e47985,CA,American Academy of Dramatic Arts,American Academy of Dramatic Arts,,Los Angeles County,49,2025-03-26,2025-05-30,Closure Permanent,2026-08-30T21:43:41.512264Z
c54bc51e8fd1b3fc,CA,San Jose Distribution Services Inc,San Jose Distribution Services,,Santa Clara County,17,2025-03-25,2025-04-30,Closure Permanent,2026-08-30T21:43:41.512264Z
95df73ae1ceceab6,CA,"Key Energy Services, LLC",Key Energy Services,,Kern County,14,2025-03-25,2025-05-23,Layoff Permanent,2026-08-30T21:43:41.512264Z
56c1474c0ff2e9df,CA,Sodexo,Sodexo,,Solano County,50,2025-03-25,2025-05-04,Layoff Permanent,2026-08-30T21:43:41.512264Z
3d2ae5f6467c8694,CA,Hyatt Corporation dba Waterfront Hotel,Hyatt,Waterfront Hotel,Alameda County,57,2025-03-25,2025-03-18,Layoff Permanent,2026-08-30T21:43:41.512264Z
b67b843e3f249cda,CA,"Duke's Malibu, LLC",Duke's Malibu,,Los Angeles County,126,2025-03-21,2025-03-28,Closure Permanent,2026-08-30T21:43:41.512264Z
53768e7d1a147c44,CA,AppLovin Corporation,AppLovin,,Santa Clara County,97,2025-03-21,2025-03-21,Layoff Permanent,2026-08-30T21:43:41.512264Z
cfee9f0b921872d5,CA,"Robert Kaufman Co., Inc.",Robert Kaufman,,Los Angeles County,44,2025-03-20,2025-05-19,Closure Permanent,2026-08-30T21:43:41.512264Z
bd11815e91dc36cf,CA,"Robert Kaufman Co., Inc.",Robert Kaufman,,Los Angeles County,13,2025-03-20,2025-05-19,Closure Permanent,2026-08-30T21:43:41.512264Z
6f4d260205b935fc,CA,"Rem Optical Company, Inc., dba De Rigo Rem",Rem Optical,De Rigo Rem,Los Angeles County,15,2025-03-20,2025-05-30,Closure Permanent,2026-08-30T21:43:41.512264Z
5277b8aabde5f6f6,CA,Southeast Service Corporation dba SSC Services for Education,Southeast Service,SSC Services for Education,Contra Costa County,13,2025-03-20,2025-05-31,Layoff Permanent,2026-08-30T21:43:41.512264Z
0638528fbfa437c5,CA,"Robert Kaufman Co., Inc.",Robert Kaufman,,Los Angeles County,2,2025-03-20,2025-05-19,Closure Permanent,2026-08-30T21:43:41.512264Z
044f7da7a3422d01,CA,"Niantic, Inc.",Niantic,,San Francisco County,68,2025-03-20,2025-05-20,Layoff Permanent,2026-08-30T21:43:41.512264Z
ebbb1151f863c589,CA,Cruise LLC,Cruise,,Santa Clara County,2,2025-03-19,2025-05-18,Layoff Permanent,2026-08-30T21:43:41.512264Z
91bfc90e6f56bb90,CA,"CARGO Therapeutics, Inc.",CARGO Therapeutics,,San Mateo County,84,2025-03-19,2025-05-19,Closure Permanent,2026-08-30T21:43:41.512264Z
45533639304df381,CA,CVS,CVS,,Los Angeles County,4,2025-03-19,2025-04-23,Closure Permanent,2026-08-30T21:43:41.512264Z
075fa7e4b9326aa5,CA,Cruise LLC,Cruise,,San Francisco County,13,2025-03-19,2025-05-18,Layoff Permanent,2026-08-30T21:43:41.512264Z
043056d043b887fd,CA,Collins Aerospace,Collins Aerospace,,Los Angeles County,8,2025-03-19,2025-05-12,Layoff Permanent,2026-08-30T21:43:41.512264Z
0426b4ed61c297ea,CA,Collins Aerospace,Collins Aerospace,,San Diego County,119,2025-03-19,2025-05-12,Layoff Permanent,2026-08-30T21:43:41.512264Z
c969d5335434e23c,CA,Atara Biotherapeutics,Atara Biotherapeutics,,Ventura County,31,2025-03-18,2025-05-02,Layoff Permanent,2026-08-30T21:43:41.512264Z
bf774b900d87816e,CA,"Mattel, Inc.",Mattel,,Los Angeles County,120,2025-03-17,2025-05-19,Layoff Permanent,2026-08-30T21:43:41.512264Z
66328cf54ada8e9b,CA,Southern California Edison Company,Southern California Edison,,Los Angeles County,79,2025-03-17,2025-05-20,Layoff Permanent,2026-08-30T21:43:41.512264Z
e2f23d5a122c699f,CA,Amazon,Amazon,,Ventura County,76,2025-03-14,2025-05-13,Closure Permanent,2026-08-30T21:43:41.512264Z
a2701a087badd2c3,CA,AT&T,AT&T,,Los Angeles County,47,2025-03-14,2025-05-13,Layoff Permanent,2026-08-30T21:43:41.512264Z
332457634d82cf94,CA,Corteva Agriscience LLC,Corteva Agriscience,,Contra Costa County,1,2025-03-14,2025-07-04,Layoff Permanent,2026-08-30T21:43:41.512264Z
f7968efd84b1888c,CA,Cepheid,Cepheid,,Alameda County,3,2025-03-13,2025-05-12,Layoff Permanent,2026-08-30T21:43:41.512264Z
f708bf6e283f6a93,CA,"Sutro Biopharma, Inc.",Sutro Biopharma,,San Mateo County,62,2025-03-13,2025-08-01,Layoff Permanent,2026-08-30T21:43:41.512264Z
e224436b96931e42,CA,"Robert Kaufman Co., Inc.",Robert Kaufman,,Los Angeles County,13,2025-03-13,2025-05-24,Closure Permanent,2026-08-30T21:43:41.512264Z
dbe32b7817dabf9c,CA,Novartis Pharmaceuticals Corporation,Novartis Pharmaceuticals,,San Diego County,34,2025-03-13,2025-06-27,Closure Permanent,2026-08-30T21:43:41.512264Z
d792421291d6f731,CA,Cepheid,Cepheid,,Santa Clara County,4,2025-03-13,2025-05-12,Layoff Permanent,2026-08-30T21:43:41.512264Z
d3b1cfe9ce885a99,CA,"Robert Kaufman Co., Inc.",Robert Kaufman,,Los Angeles County,2,2025-03-13,2025-05-24,Closure Permanent,2026-08-30T21:43:41.512264Z
cd8e940e19f206aa,CA,Cepheid,Cepheid,,Santa Clara County,1,2025-03-13,2025-05-12,Layoff Permanent,2026-08-30T21:43:41.512264Z
c9b7934258a11ea3,CA,Cepheid,Cepheid,,San Joaquin County,33,2025-03-13,2025-05-12,Layoff Permanent,2026-08-30T21:43:41.512264Z
c5c7e45f5173d010,CA,Cepheid,Cepheid,,Alameda County,6,2025-03-13,2025-05-12,Layoff Permanent,2026-08-30T21:43:41.512264Z
aaa77d767cebd621,CA,Cepheid,Cepheid,,San Joaquin County,5,2025-03-13,2025-05-12,Layoff Permanent,2026-08-30T21:43:41.512264Z
9f98eafabcbe407a,CA,Cepheid,Cepheid,,Santa Clara County,61,2025-03-13,2025-05-12,Layoff Permanent,2026-08-30T21:43:41.512264Z
74382b20603ebf93,CA,Cepheid,Cepheid,,Santa Clara County,24,2025-03-13,2025-05-12,Layoff Permanent,2026-08-30T21:43:41.512264Z
5ff6aa38e28ab8fa,CA,Cepheid,Cepheid,,San Joaquin County,8,2025-03-13,2025-05-12,Layoff Permanent,2026-08-30T21:43:41.512264Z
4e901ac5e31d3336,CA,Cepheid,Cepheid,,San Joaquin County,7,2025-03-13,2025-05-12,Layoff Permanent,2026-08-30T21:43:41.512264Z
2e4c8833d1166059,CA,"Sutro Biopharma, Inc.",Sutro Biopharma,,San Mateo County,3,2025-03-13,2025-08-01,Layoff Permanent,2026-08-30T21:43:41.512264Z
2940acd642b992f6,CA,Cepheid,Cepheid,,Santa Clara County,2,2025-03-13,2025-05-12,Layoff Permanent,2026-08-30T21:43:41.512264Z
0e0b2d56186ab82c,CA,"Robert Kaufman Co., Inc.",Robert Kaufman,,Los Angeles County,9,2025-03-13,2025-05-24,Closure Permanent,2026-08-30T21:43:41.512264Z
cef8f6849a611762,CA,Penney OpCo LLC dba JCPenney,Penney OpCo,JCPenney,San Mateo County,82,2025-03-12,2025-05-17,Closure Permanent,2026-08-30T21:43:41.512264Z
8208b93a7c3a7fcb,CA,onsemi,onsemi,,Santa Clara County,51,2025-03-12,2025-05-11,Layoff Permanent,2026-08-30T21:43:41.512264Z
747a02f0ac866f25,CA,"F&E Aircraft Maintenance dba FEAM Aero, LLC",F&E Aircraft Maintenance,"FEAM Aero, LLC",Riverside County,6,2025-03-12,2025-05-10,Layoff Permanent,2026-08-30T21:43:41.512264Z
0745df6d5769a8b3,CA,"Gate Gourmet, Inc.",Gate Gourmet,,San Francisco County,835,2025-03-12,2025-05-13,Layoff Permanent,2026-08-30T21:43:41.512264Z
796b09d827253e46,CA,"Robert Kaufman Co., Inc.",Robert Kaufman,,Los Angeles County,13,2025-03-11,2025-04-29,Closure Permanent,2026-08-30T21:43:41.512264Z
5e6a07f9138cc50f,CA,Hearthside Food Solutions,Hearthside Food Solutions,,Orange County,175,2025-03-11,2025-04-27,Closure Permanent,2026-08-30T21:43:41.512264Z
c9a1a3fa4fb2bf29,CA,"Bell-Carter Foods, LLC",Bell-Carter Foods,,Tehama County,11,2025-03-07,2025-05-09,Layoff Permanent,2026-08-30T21:43:41.512264Z
b6c789ae9c373742,CA,"Bell-Carter Foods, LLC",Bell-Carter Foods,,Tehama County,63,2025-03-07,2025-05-09,Layoff Permanent,2026-08-30T21:43:41.512264Z
7fd9aee1f0adfab1,CA,"Centerra, a subsidiary of Constellis, LLC","Centerra, a subsidiary of Constellis",,Imperial County,31,2025-03-07,2025-05-06,Layoff Permanent,2026-08-30T21:43:41.512264Z
4852d07eec839400,CA,"Centerra, a subsidiary of Constellis, LLC","Centerra, a subsidiary of Constellis",,San Diego County,55,2025-03-07,2025-05-06,Layoff Permanent,2026-08-30T21:43:41.512264Z
2d69e371c4db95ec,CA,"Bell-Carter Foods, LLC",Bell-Carter Foods,,Tehama County,5,2025-03-07,2025-05-09,Layoff Permanent,2026-08-30T21:43:41.512264Z
d2c812fdef495214,CA,"Primo Brands, Inc.",Primo Brands,,Los Angeles County,16,2025-03-06,2025-05-05,Closure Permanent,2026-08-30T21:43:41.512264Z
fdc1bf76ac392046,CA,"Stockton Recycling, Inc.",Stockton Recycling,,San Joaquin County,69,2025-03-05,2025-05-04,Closure Permanent,2026-08-30T21:43:41.512264Z
c9adf8f1d4ee54f2,CA,"Catholic Charities, Diocese of San Diego","Catholic Charities, Diocese of San Diego",,San Diego County,42,2025-03-05,2025-04-30,Layoff Permanent,2026-08-30T21:43:41.512264Z
c8bde3ad3c50462c,CA,"Primo Brands, Inc.",Primo Brands,,Santa Clara County,13,2025-03-05,2025-05-17,Closure Permanent,2026-08-30T21:43:41.512264Z
c8b4c15624bc257a,CA,"Catholic Charities, Diocese of San Diego","Catholic Charities, Diocese of San Diego",,Imperial County,31,2025-03-05,2025-04-30,Layoff Permanent,2026-08-30T21:43:41.512264Z
c2897356a3ddd8d8,CA,"Primo Brands, Inc.",Primo Brands,,Alameda County,9,2025-03-05,2025-05-10,Closure Permanent,2026-08-30T21:43:41.512264Z
c01a434da1810177,CA,Central Garden & Pet,Central Garden & Pet,,Contra Costa County,5,2025-03-05,2025-05-31,Layoff Permanent,2026-08-30T21:43:41.512264Z
73bbf051424b31ee,CA,"LUKE Holdings, Inc.",LUKE Holdings,,San Diego County,61,2025-03-05,2025-02-28,Layoff Permanent,2026-08-30T21:43:41.512264Z
129413526c76e762,CA,Laboratory Corporation of America Holdings,Laboratory Corporation of America Holdings,,Los Angeles County,73,2025-03-05,2025-05-16,Closure Permanent,2026-08-30T21:43:41.512264Z
062010e31863e4c2,CA,Maersk Warehousing & Distribution Services USA LLC,Maersk Warehousing & Distribution Services,,Riverside County,75,2025-03-05,2025-04-30,Layoff Permanent,2026-08-30T21:43:41.512264Z
da6b248518bf7005,CA,PT Solutions,PT Solutions,,Fresno County,5,2025-03-04,2025-05-03,Closure Permanent,2026-08-30T21:43:41.512264Z
9f85aa586ac2e988,CA,PT Solutions,PT Solutions,,San Joaquin County,1,2025-03-04,2025-05-03,Closure Permanent,2026-08-30T21:43:41.512264Z
7cb4935d317805b5,CA,PT Solutions,PT Solutions,,San Joaquin County,9,2025-03-04,2025-05-03,Closure Permanent,2026-08-30T21:43:41.512264Z
7417d862efc4d8d8,CA,PT Solutions,PT Solutions,,Sacramento County,4,2025-03-04,2025-05-03,Closure Permanent,2026-08-30T21:43:41.512264Z
3a39dba01bac1501,CA,PT Solutions,PT Solutions,,San Joaquin County,14,2025-03-04,2025-05-03,Closure Permanent,2026-08-30T21:43:41.512264Z
36234bf4a126306b,CA,Wells Fargo,Wells Fargo,,San Francisco County,56,2025-03-04,2025-04-05,Layoff Permanent,2026-08-30T21:43:41.512264Z
095d8985ab3ab566,CA,PT Solutions,PT Solutions,,San Joaquin County,7,2025-03-04,2025-05-03,Closure Permanent,2026-08-30T21:43:41.512264Z
e4dfaeb560a69463,CA,Cruise LLC,Cruise,,Santa Clara County,8,2025-03-03,2025-04-22,Layoff Permanent,2026-08-30T21:43:41.512264Z
e4855c1729538c51,CA,UPS,UPS,,Los Angeles County,144,2025-03-03,2025-05-01,Layoff Permanent,2026-08-30T21:43:41.512264Z
d382eb66e85ab0bb,CA,Cruise LLC,Cruise,,San Francisco County,6,2025-03-03,2025-04-22,Layoff Permanent,2026-08-30T21:43:41.512264Z
adcc0cd530ed56b0,CA,Cruise LLC,Cruise,,San Francisco County,4,2025-03-03,2025-04-29,Layoff Permanent,2026-08-30T21:43:41.512264Z
6f07509ded06e8af,CA,Cruise LLC,Cruise,,San Francisco County,12,2025-03-03,2025-04-22,Layoff Permanent,2026-08-30T21:43:41.512264Z
1a76f154aeee1199,CA,Cruise LLC,Cruise,,Santa Clara County,2,2025-03-03,2025-04-29,Layoff Permanent,2026-08-30T21:43:41.512264Z
c5575f1be2ec4c1f,CA,"CBRE, Inc.",CBRE,,Orange County,20,2025-02-28,2025-05-02,Layoff Permanent,2026-08-30T21:43:41.512264Z
a022260aa8237951,CA,"Autodesk, Inc.",Autodesk,,San Francisco County,289,2025-02-28,2025-04-29,Layoff Permanent,2026-08-30T21:43:41.512264Z
906f748dc1df8925,CA,"Joann Stores Support Center, Inc.",Joann Stores Support Center,,Los Angeles County,48,2025-02-28,2025-04-30,Closure Permanent,2026-08-30T21:43:41.512264Z
7ed6b5595f3e387b,CA,"CBRE, Inc.",CBRE,,Los Angeles County,8,2025-02-28,2025-05-02,Layoff Permanent,2026-08-30T21:43:41.512264Z
7cb39ad03783e088,CA,Charter Communications,Charter Communications,,Los Angeles County,171,2025-02-28,2025-05-01,Layoff Permanent,2026-08-30T21:43:41.512264Z
72215fa06cc2c282,CA,"CBRE, Inc.",CBRE,,Los Angeles County,78,2025-02-28,2025-05-02,Layoff Permanent,2026-08-30T21:43:41.512264Z
6a5346b7728ca124,CA,"CBRE, Inc.",CBRE,,Orange County,14,2025-02-28,2025-05-02,Layoff Permanent,2026-08-30T21:43:41.512264Z
2c341edc7634e5f7,CA,"GXO Logistics Supply Chain, Inc.",GXO Logistics Supply Chain,,San Bernardino County,16,2025-02-28,2025-04-30,Layoff Permanent,2026-08-30T21:43:41.512264Z
ecceff7c4ab3655d,CA,"GEP Administrative Services, LLC dba Entertainment Partners",GEP Administrative Services,Entertainment Partners,Los Angeles County,64,2025-02-27,2025-05-02,Layoff Permanent,2026-08-30T21:43:41.512264Z
e3b6d25074d07942,CA,Google,Google,,Orange County,42,2025-02-27,2025-04-06,Layoff Permanent,2026-08-30T21:43:41.512264Z
8f5a9cb5dfca526f,CA,Google,Google,,Orange County,10,2025-02-27,2025-04-27,Layoff Permanent,2026-08-30T21:43:41.512264Z
87798267b8b2215d,CA,Bristol Myers Squibb,Bristol Myers Squibb,,San Mateo County,57,2025-02-27,2025-04-22,Layoff Permanent,2026-08-30T21:43:41.512264Z
4267d544ab61eb8a,CA,AMERI-KLEEN DBA SANITATION SPECIALISTS,Ameri-Kleen,Sanitation Specialists,Ventura County,33,2025-02-27,2025-05-04,Closure Permanent,2026-08-30T21:43:41.512264Z
124f204a8b73e001,CA,"GEP Administrative Services, LLC dba Entertainment Partners",GEP Administrative Services,Entertainment Partners,Los Angeles County,9,2025-02-27,2025-05-02,Layoff Permanent,2026-08-30T21:43:41.512264Z
c2cd937ef9c2cb5b,CA,"F21 OpCO, LLC dba Forever 21",F21 OpCO,Forever 21,San Bernardino County,21,2025-02-26,2025-04-25,Closure Permanent,2026-08-30T21:43:41.512264Z
aa12c079ae638835,CA,"Genesis Supreme RV, Inc.",Genesis Supreme RV,,Riverside County,18,2025-02-26,2025-03-28,Layoff Permanent,2026-08-30T21:43:41.512264Z
85629fa435284300,CA,"F21 OpCO, LLC dba Forever 21",F21 OpCO,Forever 21,Los Angeles County,30,2025-02-26,2025-04-25,Closure Permanent,2026-08-30T21:43:41.512264Z
77ab89a56496f2d8,CA,"F21 OpCO, LLC dba Forever 21",F21 OpCO,Forever 21,Riverside County,63,2025-02-26,2025-04-23,Closure Permanent,2026-08-30T21:43:41.512264Z
73d07da2eb68ee8b,CA,"F21 OpCO, LLC dba Forever 21",F21 OpCO,Forever 21,Los Angeles County,55,2025-02-26,2025-04-25,Closure Permanent,2026-08-30T21:43:41.512264Z
715053fef56cc8d1,CA,"F21 OpCO, LLC dba Forever 21",F21 OpCO,Forever 21,San Bernardino County,70,2025-02-26,2025-04-23,Closure Permanent,2026-08-30T21:43:41.512264Z
60279e727304b4ef,CA,Benchmark Precision Technologies,Benchmark Precision Technologies,,Alameda County,42,2025-02-26,2025-06-03,Closure Permanent,2026-08-30T21:43:41.512264Z
59bb2342a98d7ba8,CA,"F21 OpCO, LLC dba Forever 21",F21 OpCO,Forever 21,Orange County,24,2025-02-26,2025-04-25,Closure Permanent,2026-08-30T21:43:41.512264Z
20e8bbaa7ff056bf,CA,City National Bank,City National Bank,,Los Angeles County,12,2025-02-26,2025-04-22,Layoff Permanent,2026-08-30T21:43:41.512264Z
1b86cdf36b199705,CA,"F21 OpCO, LLC dba Forever 21",F21 OpCO,Forever 21,San Bernardino County,17,2025-02-26,2025-04-25,Closure Permanent,2026-08-30T21:43:41.512264Z
1677ffe32b9d062c,CA,City National Bank,City National Bank,,Los Angeles County,5,2025-02-26,2025-04-22,Layoff Permanent,2026-08-30T21:43:41.512264Z
1266015abec39e54,CA,"WB Games Inc. and WarnerMedia Services, LLC",WB Games Inc. and WarnerMedia Services,,San Diego County,51,2025-02-26,2025-04-26,Layoff Permanent,2026-08-30T21:43:41.512264Z
0022443246d574a2,CA,"F21 OpCO, LLC dba Forever 21",F21 OpCO,Forever 21,Orange County,20,2025-02-26,2025-04-25,Closure Permanent,2026-08-30T21:43:41.512264Z
f858dc01af07fec2,CA,Castle Oaks Golf Club,Castle Oaks Golf Club,,Amador County,50,2025-02-25,2025-04-25,Layoff Permanent,2026-08-30T21:43:41.512264Z
eee6fd8a0c373f81,CA,Kaiser Foundation Hospitals,Kaiser Foundation Hospitals,,Los Angeles County,8,2025-02-25,2025-04-25,Layoff Permanent,2026-08-30T21:43:41.512264Z
eae4a03feaf3d40c,CA,Four Points by Sheraton,Four Points by Sheraton,,Los Angeles County,181,2025-02-25,2025-04-29,Closure Permanent,2026-08-30T21:43:41.512264Z
e3895f503bb5254e,CA,Kaiser Foundation Hospitals,Kaiser Foundation Hospitals,,Contra Costa County,2,2025-02-25,2025-04-25,Layoff Permanent,2026-08-30T21:43:41.512264Z
d442d0be39a48a0f,CA,Kaiser Foundation Hospitals,Kaiser Foundation Hospitals,,Alameda County,1,2025-02-25,2025-04-25,Layoff Permanent,2026-08-30T21:43:41.512264Z
a6c693b542299921,CA,Corteva Agriscience LLC,Corteva Agriscience,,Contra Costa County,26,2025-02-25,2025-05-30,Layoff Permanent,2026-08-30T21:43:41.512264Z
5e3aecf9ad967c84,CA,Kaiser Foundation Hospitals,Kaiser Foundation Hospitals,,Alameda County,10,2025-02-25,2025-04-25,Layoff Permanent,2026-08-30T21:43:41.512264Z
3c26b63ff8cea35e,CA,Kaiser Foundation Hospitals,Kaiser Foundation Hospitals,,Alameda County,14,2025-02-25,2025-04-25,Layoff Permanent,2026-08-30T21:43:41.512264Z
3109185e61af9d23,CA,Kaiser Foundation Hospitals,Kaiser Foundation Hospitals,,Alameda County,3,2025-02-25,2025-04-25,Layoff Permanent,2026-08-30T21:43:41.512264Z
198d6416acb51dd0,CA,"Technicolor Creative Services US, Inc.",Technicolor Creative Services US,,Los Angeles County,217,2025-02-24,2025-02-24,Closure Permanent,2026-08-30T21:43:41.512264Z
a9df71764a623fc1,CA,Nucor Buildings Group West LLC,Nucor Buildings Group West,,San Joaquin County,70,2025-02-21,2025-04-21,Closure Permanent,2026-08-30T21:43:41.512264Z
c2788ae180b1c463,CA,Burke Williams,Burke Williams,,San Francisco County,68,2025-02-20,2025-05-01,Closure Permanent,2026-08-30T21:43:41.512264Z
71e4ce794d7e1c15,CA,Corning Optical Communications LLC,Corning Optical Communications,,Santa Clara County,80,2025-02-20,2025-02-20,Closure Permanent,2026-08-30T21:43:41.512264Z
1da3a6e2e16e404d,CA,"Neovia Logistics Distribution, LP",Neovia Logistics Distribution,,Orange County,145,2025-02-20,2025-04-20,Closure Permanent,2026-08-30T21:43:41.512264Z
f58f37e6111499fc,CA,"Clarion Management, Inc.",Clarion Management,,Los Angeles County,5,2025-02-19,2025-04-20,Closure Permanent,2026-08-30T21:43:41.512264Z
9f8741351380e263,CA,"Clarion Management, Inc.",Clarion Management,,Sacramento County,4,2025-02-19,2025-04-20,Closure Permanent,2026-08-30T21:43:41.512264Z
976f6d7c83d3be82,CA,"Clarion Management, Inc.",Clarion Management,,Los Angeles County,6,2025-02-19,2025-04-20,Closure Permanent,2026-08-30T21:43:41.512264Z
929bad3a4c42e013,CA,"Clarion Management, Inc.",Clarion Management,,San Bernardino County,8,2025-02-19,2025-04-20,Closure Permanent,2026-08-30T21:43:41.512264Z
73c73a70a35a4b0f,CA,"Zendesk, Inc.",Zendesk,,San Francisco County,51,2025-02-19,2025-04-21,Layoff Permanent,2026-08-30T21:43:41.512264Z
68ce51d9d4cbe815,CA,"Clarion Management, Inc.",Clarion Management,,San Bernardino County,3,2025-02-19,2025-04-20,Closure Permanent,2026-08-30T21:43:41.512264Z
5661f4926346c4ff,CA,Nikola Corporation,Nikola,,Los Angeles County,7,2025-02-19,2025-04-21,Layoff Permanent,2026-08-30T21:43:41.512264Z
4c55cf4163355e7a,CA,"Clarion Management, Inc.",Clarion Management,,San Bernardino County,1,2025-02-19,2025-04-20,Closure Permanent,2026-08-30T21:43:41.512264Z
466272576e17dfdc,CA,Nikola Corporation,Nikola,,San Bernardino County,16,2025-02-19,2025-04-21,Layoff Permanent,2026-08-30T21:43:41.512264Z
3ede23a5e319977c,CA,Nikola Corporation,Nikola,,San Bernardino County,14,2025-02-19,2025-04-21,Layoff Permanent,2026-08-30T21:43:41.512264Z
3a6c20d1566de66b,CA,"Clarion Management, Inc.",Clarion Management,,Orange County,14,2025-02-19,2025-04-20,Closure Permanent,2026-08-30T21:43:41.512264Z
37c46b54b8849217,CA,Nikola Corporation,Nikola,,Los Angeles County,12,2025-02-19,2025-04-21,Layoff Permanent,2026-08-30T21:43:41.512264Z
28eca288d5ee3476,CA,"Clarion Management, Inc.",Clarion Management,,Riverside County,2,2025-02-19,2025-04-20,Closure Permanent,2026-08-30T21:43:41.512264Z
01fdb0b413d66284,CA,Nikola Corporation,Nikola,,Los Angeles County,1,2025-02-19,2025-04-21,Layoff Permanent,2026-08-30T21:43:41.512264Z
dd9e170ffe8720e6,CA,Consolidated Entertainment LLC - Reading Cinemas,Consolidated Entertainment LLC - Reading Cinemas,,San Diego County,33,2025-02-18,2025-04-15,Closure Permanent,2026-08-30T21:43:41.512264Z
b231f8d3feb3ab65,CA,STAAR Surgical Company,STAAR Surgical,,Los Angeles County,110,2025-02-18,2025-04-21,Layoff Permanent,2026-08-30T21:43:41.512264Z
8d005567b2771636,CA,Parker Engine Mobile,Parker Engine Mobile,,Stanislaus County,20,2025-02-18,2025-04-21,Layoff Permanent,2026-08-30T21:43:41.512264Z
8b7af90f7ef64e22,CA,Rite Aid,Rite Aid,,Orange County,23,2025-02-18,2025-04-09,Closure Permanent,2026-08-30T21:43:41.512264Z
5c951985865b3f4b,CA,"Ajinomoto Foods North America, Inc.",Ajinomoto Foods North America,,Alameda County,116,2025-02-18,2025-04-12,Layoff Permanent,2026-08-30T21:43:41.512264Z
4aeec3cd8f38a3c2,CA,Harvest Meat Company Inc.,Harvest Meat,,San Diego County,109,2025-02-18,2025-04-21,Closure Permanent,2026-08-30T21:43:41.512264Z
3fc0699fd478b450,CA,"Smart & Final Logistics, LLC",Smart & Final Logistics,,Riverside County,194,2025-02-18,2025-04-21,Layoff Permanent,2026-08-30T21:43:41.512264Z
3b9e6f373e27d839,CA,STAAR Surgical Company,STAAR Surgical,,Orange County,5,2025-02-18,2025-04-21,Layoff Permanent,2026-08-30T21:43:41.512264Z
3186f824d5e5c693,CA,"Wood Candle Wick Technologies, Inc dba Makesy",Wood Candle Wick Technologies,Makesy,Orange County,74,2025-02-18,2025-04-16,Closure Permanent,2026-08-30T21:43:41.512264Z
288520869472ee9f,CA,Harvest Meat Company Inc.,Harvest Meat,,Los Angeles County,62,2025-02-18,2025-04-21,Closure Permanent,2026-08-30T21:43:41.512264Z
0abbd073f7b104dd,CA,"Niagara Bottling, LLC",Niagara Bottling,,Los Angeles County,73,2025-02-18,2025-04-15,Layoff Permanent,2026-08-30T21:43:41.512264Z
09d86e054303c022,CA,"F21 OpCo, LLC (F21)","F21 OpCo, LLC (F21)",,Los Angeles County,358,2025-02-18,2025-04-21,Layoff Permanent,2026-08-30T21:43:41.512264Z
060fecba82b21abc,CA,"Smart & Final Stores, LLC",Smart & Final Stores,,Riverside County,23,2025-02-18,2025-04-21,Layoff Permanent,2026-08-30T21:43:41.512264Z
010198f6bfae5225,CA,Kuehne + Nagel Inc.,Kuehne + Nagel,,Los Angeles County,59,2025-02-18,2025-04-30,Layoff Permanent,2026-08-30T21:43:41.512264Z
f666300fd44aecb0,CA,"Panera, LLC",Panera,,San Bernardino County,77,2025-02-14,2025-04-14,Closure Permanent,2026-08-30T21:43:41.512264Z
e1760b05ed38dd13,CA,Flagship Facility Services LLC,Flagship Facility Services,,San Mateo County,23,2025-02-14,2025-02-14,Layoff Permanent,2026-08-30T21:43:41.512264Z
d8a6e987afb18085,CA,Flagship Facility Services LLC,Flagship Facility Services,,San Mateo County,19,2025-02-14,2025-02-14,Layoff Permanent,2026-08-30T21:43:41.512264Z
c3f614c3ffb6d44b,CA,Flagship Facility Services LLC,Flagship Facility Services,,San Mateo County,18,2025-02-14,2025-02-14,Layoff Permanent,2026-08-30T21:43:41.512264Z
c3d3043d3bb5a87d,CA,"Panera, LLC",Panera,,San Joaquin County,55,2025-02-14,2025-04-14,Closure Permanent,2026-08-30T21:43:41.512264Z
9fe4b7c77377bc56,CA,Flagship Facility Services LLC,Flagship Facility Services,,San Mateo County,1,2025-02-14,2025-02-14,Layoff Permanent,2026-08-30T21:43:41.512264Z
9290de8629874bcf,CA,Flagship Facility Services LLC,Flagship Facility Services,,San Mateo County,9,2025-02-14,2025-02-14,Layoff Permanent,2026-08-30T21:43:41.512264Z
7953c952fd88ac4c,CA,Flagship Facility Services LLC,Flagship Facility Services,,San Mateo County,8,2025-02-14,2025-02-14,Layoff Permanent,2026-08-30T21:43:41.512264Z
3ac7b5ca42048fad,CA,Flagship Facility Services LLC,Flagship Facility Services,,San Mateo County,10,2025-02-14,2025-02-14,Layoff Permanent,2026-08-30T21:43:41.512264Z
36cd88a6887463ab,CA,Flagship Facility Services LLC,Flagship Facility Services,,Santa Clara County,24,2025-02-14,2025-02-14,Layoff Permanent,2026-08-30T21:43:41.512264Z
352c14364815b884,CA,Flagship Facility Services LLC,Flagship Facility Services,,Alameda County,6,2025-02-14,2025-02-14,Layoff Permanent,2026-08-30T21:43:41.512264Z
2fb5f4cb639da8b2,CA,Flagship Facility Services LLC,Flagship Facility Services,,San Francisco County,26,2025-02-14,2025-02-14,Layoff Permanent,2026-08-30T21:43:41.512264Z
22866ad9f3476239,CA,Flagship Facility Services LLC,Flagship Facility Services,,Alameda County,20,2025-02-14,2025-02-14,Layoff Permanent,2026-08-30T21:43:41.512264Z
20eb3fe9859965ad,CA,Flagship Facility Services LLC,Flagship Facility Services,,San Mateo County,4,2025-02-14,2025-02-14,Layoff Permanent,2026-08-30T21:43:41.512264Z
1a1581744b54c26b,CA,Flagship Facility Services LLC,Flagship Facility Services,,San Mateo County,35,2025-02-14,2025-02-14,Layoff Permanent,2026-08-30T21:43:41.512264Z
fee640d73157f0c1,CA,"Illumina, Inc.",Illumina,,San Diego County,96,2025-02-13,2025-04-14,Layoff Permanent,2026-08-30T21:43:41.512264Z
db54d2025b192a20,CA,Together Logistics LLC,Together Logistics,,Los Angeles County,60,2025-02-13,2025-02-13,Closure Permanent,2026-08-30T21:43:41.512264Z
ed85add6fde4c898,CA,"CareFusion Resources, LLC, a subsidiary of Becton, Dickinson and Company","CareFusion Resources, LLC, a subsidiary of Becton, Dickinson and",,San Diego County,42,2025-02-12,2024-12-20,Layoff Permanent,2026-08-30T21:43:41.512264Z
e4c7d0e815afb332,CA,"CareFusion Resources, LLC, a subsidiary of Becton, Dickinson and Company","CareFusion Resources, LLC, a subsidiary of Becton, Dickinson and",,San Diego County,48,2025-02-12,2024-12-20,Layoff Permanent,2026-08-30T21:43:41.512264Z
95dba517114edbc2,CA,Telesign Corporation,Telesign,,Los Angeles County,98,2025-02-12,2025-03-14,Layoff Permanent,2026-08-30T21:43:41.512264Z
43d89dcf320e46e6,CA,MasterBrand Cabinets LLC,MasterBrand Cabinets,,San Bernardino County,246,2025-02-12,2025-04-14,Closure Permanent,2026-08-30T21:43:41.512264Z
3792889ec798cb82,CA,Safeway,Safeway,,Solano County,95,2025-02-12,2025-04-11,Closure Permanent,2026-08-30T21:43:41.512264Z
fcaaf23e9de89bca,CA,Kaiser Foundation Hospitals,Kaiser Foundation Hospitals,,Los Angeles County,4,2025-02-11,2025-02-10,Layoff Permanent,2026-08-30T21:43:41.512264Z
e79268c508778998,CA,"Sacramento Motorcars LLC dba Nissan of Elk Grove, Mazda of Elk Grove, Quick Lube, and Elk Grove Cust",Sacramento Motorcars,"Nissan of Elk Grove, Mazda of Elk Grove, Quick Lube, and Elk Grove Cust",Sacramento County,10,2025-02-11,2025-03-31,Closure Permanent,2026-08-30T21:43:41.512264Z
e6160fd81385a30e,CA,Kaiser Foundation Hospitals,Kaiser Foundation Hospitals,,Los Angeles County,1,2025-02-11,2025-02-10,Layoff Permanent,2026-08-30T21:43:41.512264Z
cc1ac8e2d9188cf4,CA,Kaiser Foundation Hospitals,Kaiser Foundation Hospitals,,Alameda County,3,2025-02-11,2025-02-10,Layoff Permanent,2026-08-30T21:43:41.512264Z
cae0f2f4db627419,CA,"Jewish Family Service of San Diego, Inc.",Jewish Family Service of San Diego,,San Diego County,115,2025-02-11,2025-04-11,Closure Permanent,2026-08-30T21:43:41.512264Z
c9b8875fe97e9ae4,CA,"Bio-Rad Laboratories, Inc.",Bio-Rad Laboratories,,Alameda County,16,2025-02-11,2025-04-11,Layoff Permanent,2026-08-30T21:43:41.512264Z
934382954cfacfe6,CA,"Bio-Rad Laboratories, Inc.",Bio-Rad Laboratories,,Contra Costa County,113,2025-02-11,2025-04-11,Layoff Permanent,2026-08-30T21:43:41.512264Z
8fb4d3f7f0f81553,CA,"Sacramento Motorcars LLC dba Nissan of Elk Grove, Mazda of Elk Grove, Quick Lube, and Elk Grove Cust",Sacramento Motorcars,"Nissan of Elk Grove, Mazda of Elk Grove, Quick Lube, and Elk Grove Cust",Sacramento County,112,2025-02-11,2025-03-31,Closure Permanent,2026-08-30T21:43:41.512264Z
4ac598ef9a7f7d0a,CA,ECAMSECURE,Ecamsecure,,Los Angeles County,4,2025-02-11,2025-04-11,Layoff Permanent,2026-08-30T21:43:41.512264Z
47adc0f9512179a9,CA,"Sacramento Motorcars LLC dba Nissan of Elk Grove, Mazda of Elk Grove, Quick Lube, and Elk Grove Cust",Sacramento Motorcars,"Nissan of Elk Grove, Mazda of Elk Grove, Quick Lube, and Elk Grove Cust",Sacramento County,34,2025-02-11,2025-03-31,Closure Permanent,2026-08-30T21:43:41.512264Z
3313113469ef2855,CA,"Sacramento Motorcars LLC dba Nissan of Elk Grove, Mazda of Elk Grove, Quick Lube, and Elk Grove Cust",Sacramento Motorcars,"Nissan of Elk Grove, Mazda of Elk Grove, Quick Lube, and Elk Grove Cust",Sacramento County,43,2025-02-11,2025-03-31,Closure Permanent,2026-08-30T21:43:41.512264Z
202e6e7455cbf9b9,CA,"Bio-Rad Laboratories, Inc.",Bio-Rad Laboratories,,Alameda County,1,2025-02-11,2025-04-11,Layoff Permanent,2026-08-30T21:43:41.512264Z
dd9d4e9fefe98d24,CA,AMERI-KLEEN dba Sanitation Specialists,Ameri-Kleen,Sanitation Specialists,Santa Clara County,20,2025-02-10,2025-04-06,Closure Permanent,2026-08-30T21:43:41.512264Z
d840828d6a4d5dc4,CA,LogRhythm Inc dba Exabeam,LogRhythm,Exabeam,San Mateo County,39,2025-02-10,2025-02-04,Layoff Permanent,2026-08-30T21:43:41.512264Z
a85584f4ebe76368,CA,Adventist Health Simi Valley,Adventist Health Simi Valley,,Ventura County,1,2025-02-10,2025-02-10,Layoff Permanent,2026-08-30T21:43:41.512264Z
5c0d4d7d315e3101,CA,AMERI-KLEEN dba Sanitation Specialists,Ameri-Kleen,Sanitation Specialists,San Benito County,24,2025-02-10,2025-04-06,Closure Permanent,2026-08-30T21:43:41.512264Z
53a361fb332f7358,CA,Royal Custom Designs LLC,Royal Custom Designs,,San Bernardino County,142,2025-02-07,2025-02-10,Closure Permanent,2026-08-30T21:43:41.512264Z
bb79db124f6c3c2b,CA,"Acutus Medical, Inc.",Acutus Medical,,San Diego County,24,2025-02-06,2025-04-07,Layoff Permanent,2026-08-30T21:43:41.512264Z
90517f626b0338d4,CA,"Barrel Ten Quarter Circle, Inc.",Barrel Ten Quarter Circle,,San Joaquin County,13,2025-02-06,2025-04-08,Closure Permanent,2026-08-30T21:43:41.512264Z
666ac00934e4bcfc,CA,The Breakfast Club,Breakfast Club,,Los Angeles County,27,2025-02-06,2025-03-31,Closure Permanent,2026-08-30T21:43:41.512264Z
5efad39a99857f20,CA,"Barrel Ten Quarter Circle, Inc.",Barrel Ten Quarter Circle,,Napa County,8,2025-02-06,2025-04-08,Layoff Permanent,2026-08-30T21:43:41.512264Z
2edeaa1a2f3212d6,CA,"Bronco Wine Company and its affiliated entities Bivio Transport and Logistics Company, LLC and WC Ag","Bronco Wine Company and its affiliated entities Bivio Transport and Logistics Company, LLC and WC Ag",,Stanislaus County,81,2025-02-06,2025-04-08,Layoff Permanent,2026-08-30T21:43:41.512264Z
d32a1000306af4c5,CA,"Salesforce, Inc.",Salesforce,,San Francisco County,153,2025-02-05,2025-04-25,Layoff Permanent,2026-08-30T21:43:41.512264Z
a83df58e6be9251a,CA,"Workday, Inc.",Workday,,Alameda County,617,2025-02-05,2025-04-06,Layoff Permanent,2026-08-30T21:43:41.512264Z
a6ca1a872a38f84c,CA,"Planet Express (LAX), LLC",Planet Express (LAX),,Los Angeles County,50,2025-02-05,2025-04-05,Closure Permanent,2026-08-30T21:43:41.512264Z
a2cbe13547900ff4,CA,"SDK Logistics, LLC",SDK Logistics,,Glenn County,100,2025-02-05,2025-03-30,Closure Permanent,2026-08-30T21:43:41.512264Z
9ffdf302c6714dfa,CA,Infineon Technologies Americas Corp.,Infineon Technologies Americas,,Los Angeles County,27,2025-02-05,2025-02-14,Layoff Permanent,2026-08-30T21:43:41.512264Z
6182508f5c98e8ea,CA,Infineon Technologies Americas Corp.,Infineon Technologies Americas,,Santa Clara County,33,2025-02-05,2025-02-14,Layoff Permanent,2026-08-30T21:43:41.512264Z
531e7d63ec62c489,CA,Walmart,Walmart,,San Mateo County,79,2025-02-05,2025-06-13,Layoff Permanent,2026-08-30T21:43:41.512264Z
50c8ec40dee747d4,CA,Infineon Technologies Americas Corp.,Infineon Technologies Americas,,Riverside County,3,2025-02-05,2025-02-14,Layoff Permanent,2026-08-30T21:43:41.512264Z
0b861c692ff833db,CA,Infineon Technologies Americas Corp.,Infineon Technologies Americas,,San Diego County,2,2025-02-05,2025-02-14,Layoff Permanent,2026-08-30T21:43:41.512264Z
0a4dd578fd77645b,CA,Infineon Technologies Americas Corp.,Infineon Technologies Americas,,Orange County,8,2025-02-05,2025-02-14,Layoff Permanent,2026-08-30T21:43:41.512264Z
fa61d8d7ce148a95,CA,Cruise LLC,Cruise,,San Francisco County,489,2025-02-04,2025-04-05,Layoff Permanent,2026-08-30T21:43:41.512264Z
ee630a60d36cab7d,CA,"Okta, Inc.",Okta,,San Francisco County,56,2025-02-04,2025-04-08,Layoff Permanent,2026-08-30T21:43:41.512264Z
e4a35340e69900ad,CA,St. Anne's Home,St. Anne's Home,,San Francisco County,64,2025-02-04,2025-04-08,Closure Permanent,2026-08-30T21:43:41.512264Z
dcfe2ccc65ec854d,CA,Safeway,Safeway,,Contra Costa County,69,2025-02-04,2025-04-04,Closure Permanent,2026-08-30T21:43:41.512264Z
d1a30dccc47f8773,CA,Cruise LLC,Cruise,,San Francisco County,157,2025-02-04,2025-04-05,Layoff Permanent,2026-08-30T21:43:41.512264Z
a3529e9c36a502a5,CA,Cruise LLC,Cruise,,San Francisco County,3,2025-02-04,2025-04-05,Layoff Permanent,2026-08-30T21:43:41.512264Z
7e8b6b57665f6143,CA,Renesas Electronics Corporation,Renesas Electronics,,Santa Clara County,3,2025-02-04,2025-03-16,Layoff Permanent,2026-08-30T21:43:41.512264Z
737ee9faab28caca,CA,S&S Activewear,S&S Activewear,,Fresno County,117,2025-02-04,2025-04-09,Closure Permanent,2026-08-30T21:43:41.512264Z
31bbbca49b770746,CA,"US Foods, Inc.",US Foods,,Yolo County,118,2025-02-04,2025-05-18,Closure Permanent,2026-08-30T21:43:41.512264Z
24b64273af32b7fd,CA,Cruise LLC,Cruise,,Santa Clara County,87,2025-02-04,2025-04-05,Layoff Permanent,2026-08-30T21:43:41.512264Z
1d452d65b952a73e,CA,"Asana, Inc.",Asana,,San Francisco County,77,2025-02-04,2025-02-04,Layoff Permanent,2026-08-30T21:43:41.512264Z
13080ffae192823d,CA,Bloomingdale's San Francisco Centre,Bloomingdale's San Francisco Centre,,San Francisco County,164,2025-02-03,2025-03-31,Closure Permanent,2026-08-30T21:43:41.512264Z
0542a85f9557e38f,CA,"LGO Pasadena, LLC",LGO Pasadena,,Los Angeles County,74,2025-02-03,2025-04-05,Closure Permanent,2026-08-30T21:43:41.512264Z
fd97c4008f0c4ea1,CA,Walgreens,Walgreens,,Orange County,13,2025-01-31,2025-03-25,Closure Permanent,2026-08-30T21:43:41.512264Z
f6d4f361778b898c,CA,Walgreens,Walgreens,,Orange County,22,2025-01-31,2025-03-26,Closure Permanent,2026-08-30T21:43:41.512264Z
e7253d3169b65563,CA,Walgreens,Walgreens,,Alameda County,26,2025-01-31,2025-03-17,Closure Permanent,2026-08-30T21:43:41.512264Z
dc02c1da69c8bc99,CA,Surveillance Security Inc. of Unarmed Security Guards,Surveillance Security Inc. of Unarmed Security Guards,,Kern County,1,2025-01-31,2025-03-31,Layoff Permanent,2026-08-30T21:43:41.512264Z
be6e86087ad5bbac,CA,Walgreens,Walgreens,,Fresno County,18,2025-01-31,2025-03-25,Closure Permanent,2026-08-30T21:43:41.512264Z
adb630dbc450ace6,CA,Walgreens,Walgreens,,Tulare County,16,2025-01-31,2025-03-19,Closure Permanent,2026-08-30T21:43:41.512264Z
a7f393f8a061b112,CA,Surveillance Security Inc. of Unarmed Security Guards,Surveillance Security Inc. of Unarmed Security Guards,,Los Angeles County,8,2025-01-31,2025-03-31,Layoff Permanent,2026-08-30T21:43:41.512264Z
a749dc536400043b,CA,Walgreens,Walgreens,,Los Angeles County,19,2025-01-31,2025-03-20,Closure Permanent,2026-08-30T21:43:41.512264Z
9f5ad71642118ab7,CA,Surveillance Security Inc. of Unarmed Security Guards,Surveillance Security Inc. of Unarmed Security Guards,,Los Angeles County,122,2025-01-31,2025-01-31,Layoff Permanent,2026-08-30T21:43:41.512264Z
94c9a6cd729d8eb7,CA,Walgreens,Walgreens,,Orange County,8,2025-01-31,2025-03-24,Closure Permanent,2026-08-30T21:43:41.512264Z
746e373bbbe8d618,CA,Walgreens,Walgreens,,Los Angeles County,27,2025-01-31,2025-03-27,Closure Permanent,2026-08-30T21:43:41.512264Z
c6470f91b56ec926,CA,Rich Products Corporation,Rich Products,,Los Angeles County,139,2025-01-30,2025-03-31,Closure Permanent,2026-08-30T21:43:41.512264Z
c131e01ca72c8edc,CA,Sensata Technologies,Sensata Technologies,,Santa Barbara County,57,2025-01-30,2025-03-31,Closure Permanent,2026-08-30T21:43:41.512264Z
c0d1484fb9c88856,CA,Intel Corporation,Intel,,Sacramento County,58,2025-01-30,2025-03-31,Layoff Permanent,2026-08-30T21:43:41.512264Z
6c6a391b5d608f79,CA,1 Click Logistics,1 Click Logistics,,Sacramento County,12,2025-01-30,2025-03-31,Closure Permanent,2026-08-30T21:43:41.512264Z
30efc7a9cc603dda,CA,"CARGO Therapeutics, Inc.",CARGO Therapeutics,,San Mateo County,81,2025-01-30,2025-04-01,Layoff Permanent,2026-08-30T21:43:41.512264Z
f6790563bb025cb2,CA,InvenSense Inc.,InvenSense,,Santa Clara County,55,2025-01-29,2025-03-31,Layoff Permanent,2026-08-30T21:43:41.512264Z
d27c48a25bf4107b,CA,Pregis,Pregis,,Los Angeles County,45,2025-01-29,2025-03-31,Closure Permanent,2026-08-30T21:43:41.512264Z
59322f835a84744e,CA,Quantumscape Battery Inc.,Quantumscape Battery,,Santa Clara County,53,2025-01-29,2025-03-29,Layoff Permanent,2026-08-30T21:43:41.512264Z
27840f67d0779c6a,CA,Corteva Agriscience LLC,Corteva Agriscience,,Contra Costa County,20,2025-01-29,2025-03-28,Layoff Permanent,2026-08-30T21:43:41.512264Z
f6acdf3d0c768655,CA,"Prime MSO, LLC",Prime MSO,,Los Angeles County,6,2025-01-28,2025-03-25,Closure Permanent,2026-08-30T21:43:41.512264Z
bf47338626a4cdff,CA,Foster Farms,Foster Farms,,Stanislaus County,9,2025-01-28,2025-05-09,Closure Permanent,2026-08-30T21:43:41.512264Z
a9d5aa4387fbff17,CA,"ImmunityBio, Inc.",ImmunityBio,,Los Angeles County,9,2025-01-28,2025-03-25,Layoff Permanent,2026-08-30T21:43:41.512264Z
811c2d9fbc6e1252,CA,Biosense Webster Inc.,Biosense Webster,,Santa Clara County,9,2025-01-28,2025-03-28,Closure Permanent,2026-08-30T21:43:41.512264Z
66e56a11e8439cdd,CA,Foster Farms,Foster Farms,,Stanislaus County,25,2025-01-28,2025-05-09,Closure Permanent,2026-08-30T21:43:41.512264Z
60d988c8b1fb9e11,CA,LEGOLAND,Legoland,,San Diego County,97,2025-01-28,2025-03-25,Layoff Permanent,2026-08-30T21:43:41.512264Z
4537448b84900b56,CA,Foster Farms,Foster Farms,,Stanislaus County,478,2025-01-28,2025-05-09,Closure Permanent,2026-08-30T21:43:41.512264Z
196972416f123837,CA,"ImmunityBio, Inc.",ImmunityBio,,Los Angeles County,1,2025-01-28,2025-03-25,Layoff Permanent,2026-08-30T21:43:41.512264Z
9a7145742074a51c,CA,"Joann Stores Support Center, Inc.",Joann Stores Support Center,,Tulare County,209,2025-01-27,2025-03-31,Closure Permanent,2026-08-30T21:43:41.512264Z
2d3dfe5e70580ab4,CA,Pasadena Park Healthcare & Wellness Center,Pasadena Park Healthcare & Wellness Center,,Los Angeles County,151,2025-01-27,2025-01-15,Closure Not known at this time,2026-08-30T21:43:41.512264Z
915d5845b26451f9,CA,"Evergreen Recycling, Inc",Evergreen Recycling,,Riverside County,57,2025-01-23,2025-03-24,Layoff Permanent,2026-08-30T21:43:41.512264Z
87dcce462d17a23f,CA,AT&T,AT&T,,Contra Costa County,8,2025-01-23,2025-03-24,Layoff Permanent,2026-08-30T21:43:41.512264Z
29806d722ad85870,CA,Universal Logistics Intermodal Inc.,Universal Logistics Intermodal,,San Bernardino County,46,2025-01-23,2025-03-22,Closure Permanent,2026-08-30T21:43:41.512264Z
eef29e9e2b7dc500,CA,Kaiser Foundation Hospitals,Kaiser Foundation Hospitals,,Los Angeles County,19,2025-01-22,2025-03-22,Layoff Permanent,2026-08-30T21:43:41.512264Z
a18594e314509860,CA,Kaiser Foundation Hospitals,Kaiser Foundation Hospitals,,Alameda County,1,2025-01-22,2025-03-22,Layoff Permanent,2026-08-30T21:43:41.512264Z
921a2541fe593e93,CA,Kaiser Foundation Hospitals,Kaiser Foundation Hospitals,,Alameda County,11,2025-01-22,2025-03-22,Layoff Permanent,2026-08-30T21:43:41.512264Z
7f9b165709b45c5c,CA,Kaiser Foundation Hospitals,Kaiser Foundation Hospitals,,Alameda County,15,2025-01-22,2025-03-22,Layoff Permanent,2026-08-30T21:43:41.512264Z
00a16954c709e427,CA,Kaiser Foundation Hospitals,Kaiser Foundation Hospitals,,Alameda County,2,2025-01-22,2025-03-22,Layoff Permanent,2026-08-30T21:43:41.512264Z
fb69c0d2cd175a62,CA,Quanex Homeshield LLC,Quanex Homeshield,,Yolo County,50,2025-01-21,2025-03-21,Closure Permanent,2026-08-30T21:43:41.512264Z
e4fb079b1f3d79d7,CA,"Fast Ride Moto, LLC",Fast Ride Moto,,San Diego County,1,2025-01-21,2025-01-16,Layoff Permanent,2026-08-30T21:43:41.512264Z
222f6c0435268b3e,CA,"Del Monte Foods, Inc.",Del Monte Foods,,Kings County,378,2025-01-21,2025-03-28,Closure Permanent,2026-08-30T21:43:41.512264Z
5b947a0183a89160,CA,ECAMSECURE,Ecamsecure,,Los Angeles County,21,2025-01-17,2025-03-17,Layoff Permanent,2026-08-30T21:43:41.512264Z
aef9e4c7a2e97e7d,CA,Renesas Electronics Corporation,Renesas Electronics,,Santa Clara County,21,2025-01-16,2025-01-21,Layoff Permanent,2026-08-30T21:43:41.512264Z
ac7637d197c92515,CA,Renesas Electronics Corporation,Renesas Electronics,,Santa Clara County,47,2025-01-16,2025-01-21,Layoff Permanent,2026-08-30T21:43:41.512264Z
235b42704ff8c560,CA,Macy's Inc,Macy's,,Sacramento County,79,2025-01-16,2025-05-10,Closure Permanent,2026-08-30T21:43:41.512264Z
e094c946e539e010,CA,"Columbus Manufacturing, Inc., a wholly-owned subsidiary of the Hormel Foods Corporation","Columbus Manufacturing, Inc., a wholly-owned subsidiary of the Hormel Foods",,Alameda County,125,2025-01-15,2025-03-15,Layoff Permanent,2026-08-30T21:43:41.512264Z
bd26482da161a16c,CA,Medical Manufacturing Technologies / Interface Catheter Solutions,Medical Manufacturing Technologies / Interface Catheter Solutions,,Orange County,15,2025-01-15,2025-03-17,Closure Permanent,2026-08-30T21:43:41.512264Z
afd1c0f940bfc118,CA,Safeway Inc.,Safeway,,Alameda County,138,2025-01-15,2025-02-22,Layoff Permanent,2026-08-30T21:43:41.512264Z
a681c57cb406f5e9,CA,Safeway Inc.,Safeway,,Alameda County,18,2025-01-15,2025-02-22,Layoff Permanent,2026-08-30T21:43:41.512264Z
817d413f55214e30,CA,Placer Labs Inc.,Placer Labs,,Los Angeles County,34,2025-01-15,2025-03-16,Layoff Permanent,2026-08-30T21:43:41.512264Z
74a28f2cc32cb85e,CA,AppLovin Corporation,AppLovin,,Santa Clara County,89,2025-01-15,2025-01-15,Layoff Permanent,2026-08-30T21:43:41.512264Z
4d043ab138dcde55,CA,Amazon,Amazon,,Los Angeles County,10,2025-01-15,2025-03-09,Closure Permanent,2026-08-30T21:43:41.512264Z
2a571c0905b51cd4,CA,Aurora Solar Inc.,Aurora Solar,,San Francisco County,58,2025-01-15,2025-01-10,Layoff Permanent,2026-08-30T21:43:41.512264Z
14acdeb8d0ceeaf5,CA,Ortho Organizers Inc.,Ortho Organizers,,San Diego County,69,2025-01-15,2025-04-01,Closure Permanent,2026-08-30T21:43:41.512264Z
d0e4c924517201b0,CA,ACLU of Southern California,ACLU of Southern California,,Los Angeles County,8,2025-01-14,2025-01-10,Layoff Permanent,2026-08-30T21:43:41.512264Z
8bcbeb4049e33cd4,CA,Owens Valley Career Development Center,Owens Valley Career Development Center,,Fresno County,4,2025-01-14,2025-04-11,Layoff Permanent,2026-08-30T21:43:41.512264Z
83b7c2129e34f60c,CA,Draegers Supermarkets,Draegers Supermarkets,,San Mateo County,71,2025-01-14,2025-03-10,Closure Permanent,2026-08-30T21:43:41.512264Z
77200710bd489fc9,CA,"IGM Biosciences, Inc.",IGM Biosciences,,Santa Clara County,100,2025-01-14,2025-03-10,Layoff Permanent,2026-08-30T21:43:41.512264Z
78dcaf44dbeccd34,CA,MotorTrend Group,MotorTrend Group,,Los Angeles County,70,2025-01-13,2025-03-14,Layoff Permanent,2026-08-30T21:43:41.512264Z
c4244952776da770,CA,Macy's Inc,Macy's,,Sacramento County,71,2025-01-10,2025-03-18,Closure Permanent,2026-08-30T21:43:41.512264Z
beaed622f3810b29,CA,"Michael Nicholas Designs, LLC",Michael Nicholas Designs,,Orange County,375,2025-01-10,2025-01-02,Closure Temporary,2026-08-30T21:43:41.512264Z
a3beadf1c4c318dc,CA,Macy's Inc,Macy's,,Los Angeles County,98,2025-01-10,2025-03-18,Closure Permanent,2026-08-30T21:43:41.512264Z
a2d8a17ec5bb6fea,CA,Macy's Inc,Macy's,,Alameda County,94,2025-01-10,2025-03-18,Closure Permanent,2026-08-30T21:43:41.512264Z
995a3bc035b8ea2f,CA,Mama Management USA LLC,Mama Management,,Los Angeles County,89,2025-01-10,2025-03-11,Closure Permanent,2026-08-30T21:43:41.512264Z
80910b8c192dd31f,CA,Macy's Inc,Macy's,,Orange County,93,2025-01-10,2025-03-18,Closure Permanent,2026-08-30T21:43:41.512264Z
62c4e1109a70c906,CA,Macy's Inc,Macy's,,Marin County,53,2025-01-10,2025-03-18,Closure Permanent,2026-08-30T21:43:41.512264Z
4e754a267f8708bf,CA,Rite Aid,Rite Aid,,Santa Clara County,16,2025-01-10,2025-02-26,Closure Permanent,2026-08-30T21:43:41.512264Z
0ec24dc9f8f6579c,CA,Macy's Inc,Macy's,,Sacramento County,61,2025-01-10,2025-03-18,Closure Permanent,2026-08-30T21:43:41.512264Z
b2d963222912fa81,CA,Summit Interconnect,Summit Interconnect,,Orange County,74,2025-01-09,2025-03-31,Closure Permanent,2026-08-30T21:43:41.512264Z
32205fc6c5cb0094,CA,"Guitar Center, Inc.",Guitar Center,,Santa Clara County,19,2025-01-09,2025-03-10,Closure Permanent,2026-08-30T21:43:41.512264Z
078485a4972806e8,CA,"Guitar Center, Inc.",Guitar Center,,Los Angeles County,43,2025-01-09,2025-03-10,Closure Permanent,2026-08-30T21:43:41.512264Z
0634306e35cb8fe3,CA,Qualcomm Incorporated,Qualcomm,,San Diego County,50,2025-01-09,2025-03-10,Layoff Permanent,2026-08-30T21:43:41.512264Z
ab223aea68c35db8,CA,"Kohl&rsquo;s, Inc.",Kohl&rsquo;s,,San Diego County,59,2025-01-08,2025-03-31,Closure Permanent,2026-08-30T21:43:41.512264Z
a5bd97ef81ba04c5,CA,EST 1977 Group LLC dba Rustys,EST 1977 Group,Rustys,Los Angeles County,38,2025-01-08,2025-01-15,Closure Permanent,2026-08-30T21:43:41.512264Z
a1721bd9d311a05f,CA,"Kohl&rsquo;s, Inc.",Kohl&rsquo;s,,San Bernardino County,690,2025-01-08,2025-03-28,Closure Permanent,2026-08-30T21:43:41.512264Z
a0241741770d3081,CA,"Republic National Distributing Company, LLC",Republic National Distributing,,Orange County,60,2025-01-08,2025-03-08,Layoff Permanent,2026-08-30T21:43:41.512264Z
7530870949fc6117,CA,"Kohl&rsquo;s, Inc.",Kohl&rsquo;s,,Sacramento County,62,2025-01-08,2025-03-31,Closure Permanent,2026-08-30T21:43:41.512264Z
5723dc31135a02af,CA,Liberated Brands,Liberated Brands,,Orange County,1,2025-01-08,2025-01-08,Closure Permanent,2026-08-30T21:43:41.512264Z
522e0972e9b8ecbc,CA,Liberated Brands,Liberated Brands,,Orange County,362,2025-01-08,2025-01-08,Closure Permanent,2026-08-30T21:43:41.512264Z
28f6dbb5ba3ed66b,CA,"Kohl&rsquo;s, Inc.",Kohl&rsquo;s,,Los Angeles County,58,2025-01-08,2025-03-31,Closure Permanent,2026-08-30T21:43:41.512264Z
25105d50a9f0946b,CA,"Kohl&rsquo;s, Inc.",Kohl&rsquo;s,,Alameda County,60,2025-01-08,2025-03-31,Closure Permanent,2026-08-30T21:43:41.512264Z
01e5fc2a2cd03a2b,CA,Safeway Inc.,Safeway,,Santa Clara County,8,2025-01-08,2025-02-20,Layoff Permanent,2026-08-30T21:43:41.512264Z
9b41d6f6502a08db,CA,"CytomX Therapeutics, Inc.",CytomX Therapeutics,,San Mateo County,46,2025-01-06,2025-01-17,Layoff Permanent,2026-08-30T21:43:41.512264Z
92e52ac16c52429f,CA,"Chedraui USA, Inc.",Chedraui,,San Bernardino County,115,2025-01-03,2025-03-07,Layoff Permanent,2026-08-30T21:43:41.512264Z
85e2f15f992ead34,CA,PRIDE Industries,PRIDE Industries,,Solano County,54,2024-12-31,2025-02-28,Layoff Permanent,2026-08-30T21:43:41.512264Z
a25451817728c5fd,CA,"McDonald&rsquo;s Restaurants of California, Inc.",McDonald&rsquo;s Restaurants of California,,Los Angeles County,62,2024-12-30,2025-02-24,Layoff Temporary,2026-08-30T21:43:41.512264Z
9df86418744c867f,CA,HTX Services LLC,HTX Services,,Los Angeles County,28,2024-12-27,2025-03-01,Closure Permanent,2026-08-30T21:43:41.512264Z
7668d47e4aec112b,CA,Deliverimates LLC,Deliverimates,,Santa Clara County,71,2024-12-27,2025-02-26,Closure Permanent,2026-08-30T21:43:41.512264Z
65d1880bb27cb5dc,CA,"Central Valley Eggs, LLC",Central Valley Eggs,,Kern County,54,2024-12-26,2024-12-26,Layoff Permanent,2026-08-30T21:43:41.512264Z
06c295cfb61b05de,CA,Toca Madera West Hollywood dba Knightlife Collective LLC,Toca Madera West Hollywood,Knightlife Collective LLC,Los Angeles County,97,2024-12-26,2025-02-24,Layoff Permanent,2026-08-30T21:43:41.512264Z
2c2b7336baeacc10,CA,"Central Valley Eggs, LLC",Central Valley Eggs,,Kern County,11,2024-12-23,2024-12-20,Layoff Permanent,2026-08-30T21:43:41.512264Z
d395f75396008310,CA,"Vytalogy Wellness, LLC",Vytalogy Wellness,,Los Angeles County,98,2024-12-20,2025-02-18,Layoff Permanent,2026-08-30T21:43:41.512264Z
b0ecbbe9dc2384e0,CA,Alstom Transportation Inc,Alstom Transportation,,Solano County,5,2024-12-20,2025-02-20,Layoff Permanent,2026-08-30T21:43:41.512264Z
49db90219aaffffe,CA,Alstom Transportation Inc,Alstom Transportation,,Solano County,20,2024-12-20,2025-02-20,Layoff Permanent,2026-08-30T21:43:41.512264Z
34f093711892c264,CA,Alstom Transportation Inc,Alstom Transportation,,Solano County,2,2024-12-20,2025-02-20,Layoff Permanent,2026-08-30T21:43:41.512264Z
00535cc712f63a8a,CA,"Vytalogy Wellness, LLC",Vytalogy Wellness,,Los Angeles County,1,2024-12-20,2025-02-18,Layoff Permanent,2026-08-30T21:43:41.512264Z
4a5200bc570ee40a,CA,Paramount Global,Paramount Global,,Los Angeles County,2,2024-12-19,2025-03-14,Layoff Permanent,2026-08-30T21:43:41.512264Z
1741d9388cbaa757,CA,Paramount Global,Paramount Global,,Los Angeles County,1,2024-12-19,2025-03-14,Layoff Permanent,2026-08-30T21:43:41.512264Z
9cdff10e73b6ddfd,CA,CVS,CVS,,Monterey County,7,2024-12-18,2025-01-22,Closure Permanent,2026-08-30T21:43:41.512264Z
1843fbfd09a27c5c,CA,"McDonalds Restaurants of California, Inc.",McDonalds Restaurants of California,,Alameda County,64,2024-12-18,2025-02-24,Closure Temporary,2026-08-30T21:43:41.512264Z
00494740be25e3fc,CA,"McDonalds Restaurants of California, Inc.",McDonalds Restaurants of California,,Los Angeles County,78,2024-12-18,2025-02-24,Closure Temporary,2026-08-30T21:43:41.512264Z
b983f354aeee0033,CA,"SDH Services West, LLC",SDH Services West,,Santa Clara County,17,2024-12-17,2025-02-24,Closure Permanent,2026-08-30T21:43:41.512264Z
ab67d68f6a844e48,CA,"SDH Services West, LLC",SDH Services West,,Santa Clara County,49,2024-12-17,2025-02-24,Closure Permanent,2026-08-30T21:43:41.512264Z
922e18fdfc3900e2,CA,Plenty Unlimited Inc.,Plenty Unlimited,,Los Angeles County,48,2024-12-17,2025-02-14,Closure Permanent,2026-08-30T21:43:41.512264Z
8fb0241daa4bc8e3,CA,"SDH Services West, LLC",SDH Services West,,Santa Clara County,18,2024-12-17,2025-02-24,Closure Permanent,2026-08-30T21:43:41.512264Z
4303800661871ea7,CA,"SDH Services West, LLC",SDH Services West,,Santa Clara County,1,2024-12-17,2025-02-24,Closure Permanent,2026-08-30T21:43:41.512264Z
3679b348ac7b258a,CA,ECAMSECURE,Ecamsecure,,Los Angeles County,2,2024-12-17,2025-02-14,Layoff Permanent,2026-08-30T21:43:41.512264Z
245d60651ff1728a,CA,Golden Gate University,Golden Gate University,,San Francisco County,1,2024-12-17,2025-02-17,Layoff Permanent,2026-08-30T21:43:41.512264Z
92a0eac40a0af99d,CA,"F2 TPS, LLC",F2 TPS,,Orange County,31,2024-12-16,2025-03-03,Closure Permanent,2026-08-30T21:43:41.512264Z
2c5a1cafb191572f,CA,"F2 TPS, LLC",F2 TPS,,Los Angeles County,251,2024-12-16,2025-03-03,Closure Permanent,2026-08-30T21:43:41.512264Z
4651199da2068f21,CA,UMA Enterprises,UMA Enterprises,,San Bernardino County,62,2024-12-13,2025-01-31,Layoff Permanent,2026-08-30T21:43:41.512264Z
3b7b9f549c24e7d6,CA,"Divergent Technologies, Inc.",Divergent Technologies,,Los Angeles County,84,2024-12-13,2025-02-11,Layoff Permanent,2026-08-30T21:43:41.512264Z
13c3290c9de2d003,CA,UMA Enterprises,UMA Enterprises,,Los Angeles County,36,2024-12-13,2025-01-31,Layoff Permanent,2026-08-30T21:43:41.512264Z
222e5ca9b624ba24,CA,Corteva Agriscience LLC,Corteva Agriscience,,Contra Costa County,3,2024-12-11,2025-03-28,Layoff Permanent,2026-08-30T21:43:41.512264Z
bb3a6fc91ea63e71,CA,"Faros Unlimited, Inc",Faros Unlimited,,Los Angeles County,160,2024-12-10,2025-02-01,Closure Permanent,2026-08-30T21:43:41.512264Z
a59374b62e25bb2d,CA,Safeway,Safeway,,San Francisco County,112,2024-12-10,2025-02-07,Closure Permanent,2026-08-30T21:43:41.512264Z
9da911397b795ed0,CA,DMSI,DMSI,,Riverside County,28,2024-12-10,2025-01-26,Layoff Permanent,2026-08-30T21:43:41.512264Z
78be94581aab9e79,CA,"TVI, Inc. dba Savers",TVI,Savers,Contra Costa County,52,2024-12-10,2024-12-14,Closure Permanent,2026-08-30T21:43:41.512264Z
68391067431fca8d,CA,"Faros Unlimited, Inc",Faros Unlimited,,Los Angeles County,11,2024-12-10,2025-02-01,Closure Permanent,2026-08-30T21:43:41.512264Z
3236bea121da7ab8,CA,DMSI,DMSI,,Riverside County,581,2024-12-10,2025-01-26,Layoff Permanent,2026-08-30T21:43:41.512264Z
31ce5a897f31e37d,CA,DMSI,DMSI,,Kern County,528,2024-12-10,2025-01-26,Layoff Permanent,2026-08-30T21:43:41.512264Z
23787672922ebe55,CA,DMSI,DMSI,,Riverside County,493,2024-12-10,2025-01-26,Layoff Permanent,2026-08-30T21:43:41.512264Z
20547c4ac9a6347f,CA,DMSI,DMSI,,Kern County,9,2024-12-10,2025-01-26,Layoff Permanent,2026-08-30T21:43:41.512264Z
1b6faba0bb0d6efc,CA,DMSI,DMSI,,Riverside County,4,2024-12-10,2025-01-26,Layoff Permanent,2026-08-30T21:43:41.512264Z
f2e524e731201bd9,CA,The Boeing Company,Boeing,,Los Angeles County,5,2024-12-09,2025-02-21,Layoff Permanent,2026-08-30T21:43:41.512264Z
ab93707269d65a9b,CA,The Boeing Company,Boeing,,Orange County,7,2024-12-09,2025-02-21,Layoff Permanent,2026-08-30T21:43:41.512264Z
92d95a0a5317da6e,CA,The Boeing Company,Boeing,,Los Angeles County,13,2024-12-09,2025-02-21,Layoff Permanent,2026-08-30T21:43:41.512264Z
4546f245a050fe90,CA,"Bavarian Nordic, Inc.",Bavarian Nordic,,San Diego County,48,2024-12-09,2024-12-13,Closure Permanent,2026-08-30T21:43:41.512264Z
13290f0cef23a30d,CA,The Boeing Company,Boeing,,Kern County,4,2024-12-09,2025-02-21,Layoff Permanent,2026-08-30T21:43:41.512264Z
03f1f3c650e19c43,CA,The Boeing Company,Boeing,,Los Angeles County,26,2024-12-09,2025-02-21,Layoff Permanent,2026-08-30T21:43:41.512264Z
c629799389746600,CA,Adventist Health Simi Valley,Adventist Health Simi Valley,,Ventura County,12,2024-12-06,2024-12-06,Layoff Permanent,2026-08-30T21:43:41.512264Z
ac64cba68ff867ca,CA,"Mountain Valley Express, LLC",Mountain Valley Express,,Alameda County,6,2024-12-05,2025-01-23,Layoff Permanent,2026-08-30T21:43:41.512264Z
a5852184aa9f9d92,CA,"Lulus Fashion Lounge, LLC",Lulus Fashion Lounge,,Butte County,83,2024-12-05,2025-02-28,Closure Permanent,2026-08-30T21:43:41.512264Z
9b03e36ef384d600,CA,"Mountain Valley Express, LLC",Mountain Valley Express,,San Bernardino County,19,2024-12-05,2025-01-23,Layoff Permanent,2026-08-30T21:43:41.512264Z
4d95815687c5c765,CA,"Mountain Valley Express, LLC",Mountain Valley Express,,Riverside County,23,2024-12-05,2025-01-23,Layoff Permanent,2026-08-30T21:43:41.512264Z
38d5f5763ba90f21,CA,"Central Valley Eggs, LLC",Central Valley Eggs,,Kern County,15,2024-12-05,2024-12-06,Layoff Permanent,2026-08-30T21:43:41.512264Z
1ccf5326070857f8,CA,"Mountain Valley Express, LLC",Mountain Valley Express,,Tulare County,7,2024-12-05,2025-01-23,Layoff Permanent,2026-08-30T21:43:41.512264Z
161252e8bb8c6756,CA,"GXO Logistics Supply Chain, Inc.",GXO Logistics Supply Chain,,San Bernardino County,25,2024-12-05,2025-04-30,Closure Permanent,2026-08-30T21:43:41.512264Z
ec2003c490c99adf,CA,Jabil Inc.,Jabil,,Orange County,55,2024-12-04,2025-02-01,Closure Permanent,2026-08-30T21:43:41.512264Z
e1eeba262a61a48b,CA,Urban Alchemy,Urban Alchemy,,San Francisco County,33,2024-12-04,2025-01-31,Closure Permanent,2026-08-30T21:43:41.512264Z
bfc4029e7a87b1b9,CA,Harpoon Henrys,Harpoon Henrys,,Orange County,150,2024-12-04,2025-01-28,Closure Permanent,2026-08-30T21:43:41.512264Z
92cd4708fcda65d5,CA,Ubisoft,Ubisoft,,San Francisco County,152,2024-12-04,2024-12-03,Layoff Permanent,2026-08-30T21:43:41.512264Z
789156d886d37f24,CA,The Vons Companies Inc.,The Vons,,Los Angeles County,87,2024-12-04,2025-02-08,Closure Permanent,2026-08-30T21:43:41.512264Z
cea3c1be0a00d005,CA,"Central Valley Eggs, LLC",Central Valley Eggs,,Kern County,53,2024-12-03,2024-11-26,Layoff Permanent,2026-08-30T21:43:41.512264Z
6ba0fb419ff00b54,CA,AT&T,AT&T,,Contra Costa County,15,2024-12-03,2025-01-31,Layoff Permanent,2026-08-30T21:43:41.512264Z
33488ba887e2f332,CA,Rose Cafe,Rose Cafe,,Los Angeles County,87,2024-12-03,2024-12-15,Closure Permanent,2026-08-30T21:43:41.512264Z
12c276f151975c51,CA,"Acutus Medical, Inc.",Acutus Medical,,San Diego County,57,2024-12-03,2025-02-01,Layoff Permanent,2026-08-30T21:43:41.512264Z
c44fcb3b66f4c0c1,CA,"Kashaco, Inc.",Kashaco,,Los Angeles County,62,2024-12-02,2025-01-31,Layoff Permanent,2026-08-30T21:43:41.512264Z
441c18169b703afa,CA,"Ovations Fanfare, L.P. dba OVG Hospitality",Ovations Fanfare,OVG Hospitality,Alameda County,106,2024-12-02,2024-12-31,Layoff Permanent,2026-08-30T21:43:41.512264Z
3a3e540b4c86b45d,CA,"Kashaco, Inc.",Kashaco,,Orange County,52,2024-12-02,2025-01-31,Layoff Permanent,2026-08-30T21:43:41.512264Z
988ecebc4ce6bcd7,CA,"Harbor Electronics, Inc.",Harbor Electronics,,Santa Clara County,92,2024-11-27,2025-01-31,Layoff Permanent,2026-08-30T21:43:41.512264Z
911c8051b4c8cb56,CA,"McLane Foodservice Distribution, Inc.",McLane Foodservice Distribution,,San Bernardino County,97,2024-11-27,2025-02-10,Layoff Permanent,2026-08-30T21:43:41.512264Z
f4999aabb391697e,CA,"Shadow Holdings, LLC dba Bright Innovation Labs",Shadow Holdings,Bright Innovation Labs,Los Angeles County,2,2024-11-26,2025-01-24,Closure Permanent,2026-08-30T21:43:41.512264Z
e602fe6328169721,CA,AT&T,AT&T,,Contra Costa County,22,2024-11-26,2025-01-21,Layoff Permanent,2026-08-30T21:43:41.512264Z
a47d3c95b8ad3e89,CA,AT&T,AT&T,,Contra Costa County,34,2024-11-26,2025-01-21,Layoff Permanent,2026-08-30T21:43:41.512264Z
7d4af66f0ce7d238,CA,"Modern HR, Inc dba The Kooples Bloom, Inc.",Modern HR,"The Kooples Bloom, Inc",Los Angeles County,3,2024-11-26,2025-02-28,Closure Permanent,2026-08-30T21:43:41.512264Z
415936c547c7b9e5,CA,"Modern HR, Inc dba The Kooples Bloom, Inc.",Modern HR,"The Kooples Bloom, Inc",Los Angeles County,2,2024-11-26,2025-02-28,Closure Permanent,2026-08-30T21:43:41.512264Z
3b992bf93887dbdf,CA,"Modern HR, Inc dba The Kooples Bloom, Inc.",Modern HR,"The Kooples Bloom, Inc",Los Angeles County,4,2024-11-26,2025-02-28,Closure Permanent,2026-08-30T21:43:41.512264Z
26e11aa19bd6c136,CA,"Modern HR, Inc dba The Kooples Bloom, Inc.",Modern HR,"The Kooples Bloom, Inc",Los Angeles County,7,2024-11-26,2025-02-28,Closure Permanent,2026-08-30T21:43:41.512264Z
15c4214c62679d77,CA,Clark Pacific,Clark Pacific,,San Bernardino County,43,2024-11-26,2025-01-22,Layoff Permanent,2026-08-30T21:43:41.512264Z
8e7b72b3cb3d7ebe,CA,Paramount Global,Paramount Global,,Los Angeles County,1,2024-11-25,2024-12-23,Layoff Permanent,2026-08-30T21:43:41.512264Z
73c5bacb087f1736,CA,Paramount Global,Paramount Global,,Los Angeles County,4,2024-11-25,2024-12-23,Layoff Permanent,2026-08-30T21:43:41.512264Z
f66b4fa3f6666952,CA,"Universal Protection Service, LP dba Allied Universal Security Services",Universal Protection Service,Allied Universal Security Services,Orange County,61,2024-11-22,2025-01-24,Layoff Permanent,2026-08-30T21:43:41.512264Z
dfae31ef86b13762,CA,"Universal Protection Service, LP dba Allied Universal Security Services",Universal Protection Service,Allied Universal Security Services,Orange County,66,2024-11-22,2025-01-24,Layoff Permanent,2026-08-30T21:43:41.512264Z
497fe4bce504a00b,CA,"Universal Protection Service, LP dba Allied Universal Security Services",Universal Protection Service,Allied Universal Security Services,San Bernardino County,113,2024-11-22,2025-01-24,Layoff Permanent,2026-08-30T21:43:41.512264Z
2a01b962fc5fd58e,CA,"Universal Protection Service, LP dba Allied Universal Security Services",Universal Protection Service,Allied Universal Security Services,San Bernardino County,68,2024-11-22,2025-01-24,Layoff Permanent,2026-08-30T21:43:41.512264Z
c30e64e01c2601ac,CA,Visa,Visa,,San Francisco County,10,2024-11-21,2025-01-21,Layoff Permanent,2026-08-30T21:43:41.512264Z
4e2ee3239518d58a,CA,LifeCare Assurance Company,LifeCare Assurance,,Los Angeles County,50,2024-11-21,2025-01-24,Layoff Permanent,2026-08-30T21:43:41.512264Z
118b70c5483e97cf,CA,Visa,Visa,,San Mateo County,192,2024-11-21,2025-01-21,Layoff Permanent,2026-08-30T21:43:41.512264Z
0d3fe3920c78c9a4,CA,Orora Packaging Solutions dba Manufactured Packaging Products,Orora Packaging Solutions,Manufactured Packaging Products,Orange County,60,2024-11-21,2025-01-13,Closure Permanent,2026-08-30T21:43:41.512264Z
f1c4aa2b6483b492,CA,"23andMe, Inc.",23andMe,,San Mateo County,31,2024-11-20,2025-01-10,Closure Permanent,2026-08-30T21:43:41.512264Z
cefe09dd9e7be896,CA,"23andMe, Inc.",23andMe,,Santa Clara County,122,2024-11-20,2025-01-10,Layoff Permanent,2026-08-30T21:43:41.512264Z
93768a347d431631,CA,"GoForward, Inc.",GoForward,,Orange County,1,2024-11-20,2024-11-12,Closure Permanent,2026-08-30T21:43:41.512264Z
5e50ec1d1dbe92bc,CA,"Veritas Technologies, LLC",Veritas Technologies,,Santa Clara County,50,2024-11-20,2024-12-02,Layoff Permanent,2026-08-30T21:43:41.512264Z
43599c32bbc66479,CA,"GoForward, Inc.",GoForward,,San Francisco County,89,2024-11-20,2024-11-12,Closure Permanent,2026-08-30T21:43:41.512264Z
284051a29c4b7331,CA,"Joslyn Sunbank Company, LLC",Joslyn Sunbank,,San Luis Obispo County,64,2024-11-20,2025-01-16,Closure Permanent,2026-08-30T21:43:41.512264Z
b0fb4e424ef44598,CA,Urban Alchemy,Urban Alchemy,,San Francisco County,311,2024-11-19,2025-01-17,Layoff Permanent,2026-08-30T21:43:41.512264Z
b078d35dabc10b05,CA,"Michaels Stores, Inc. dba Moskatels",Michaels Stores,Moskatels,Los Angeles County,37,2024-11-19,2025-01-19,Closure Permanent,2026-08-30T21:43:41.512264Z
3a7db1302fa36080,CA,JPMorgan Chase,JPMorgan Chase,,San Francisco County,80,2024-11-19,2025-01-10,Layoff Permanent,2026-08-30T21:43:41.512264Z
30ef35c34333368b,CA,ABL Space Systems Company,ABL Space Systems,,Los Angeles County,53,2024-11-19,2025-01-15,Layoff Permanent,2026-08-30T21:43:41.512264Z
1ef7bb95381d19ae,CA,"Old Custom House, Inc.",Old Custom House,,San Luis Obispo County,108,2024-11-19,2025-01-08,Closure Temporary,2026-08-30T21:43:41.512264Z
0dde3b0245471df7,CA,JPMorgan Chase,JPMorgan Chase,,San Francisco County,255,2024-11-19,2025-01-10,Layoff Permanent,2026-08-30T21:43:41.512264Z
0a4e006275c2a368,CA,Del Friscos Grille,Del Friscos Grille,,Orange County,74,2024-11-19,2025-01-18,Closure Temporary,2026-08-30T21:43:41.512264Z
fff4a8e00946fb1c,CA,"Advance Stores Company, Incorporated and its subsidiary, Golden State Supply LLC","Advance Stores Company, Incorporated and its subsidiary, Golden State Supply",,Los Angeles County,9,2024-11-15,2025-02-26,Closure Permanent,2026-08-30T21:43:41.512264Z
f75143617331659e,CA,"Advance Stores Company, Incorporated and its subsidiary, Golden State Supply LLC","Advance Stores Company, Incorporated and its subsidiary, Golden State Supply",,Fresno County,8,2024-11-15,2025-03-05,Closure Permanent,2026-08-30T21:43:41.512264Z
f70bb21392f78d06,CA,"Advance Stores Company, Incorporated and its subsidiary, Golden State Supply LLC","Advance Stores Company, Incorporated and its subsidiary, Golden State Supply",,Los Angeles County,8,2024-11-15,2025-03-06,Closure Permanent,2026-08-30T21:43:41.512264Z
e6b5c4a2e96d0f29,CA,"Advance Stores Company, Incorporated and its subsidiary, Golden State Supply LLC","Advance Stores Company, Incorporated and its subsidiary, Golden State Supply",,Alameda County,8,2024-11-15,2025-03-07,Closure Permanent,2026-08-30T21:43:41.512264Z
e493706fb3aa386b,CA,"Advance Stores Company, Incorporated and its subsidiary, Golden State Supply LLC","Advance Stores Company, Incorporated and its subsidiary, Golden State Supply",,Los Angeles County,12,2024-11-15,2025-03-05,Closure Permanent,2026-08-30T21:43:41.512264Z
dee50375a15093db,CA,"Advance Stores Company, Incorporated and its subsidiary, Golden State Supply LLC","Advance Stores Company, Incorporated and its subsidiary, Golden State Supply",,Alameda County,15,2024-11-15,2025-03-08,Closure Permanent,2026-08-30T21:43:41.512264Z
de59127d40e4daa6,CA,"Advance Stores Company, Incorporated and its subsidiary, Golden State Supply LLC","Advance Stores Company, Incorporated and its subsidiary, Golden State Supply",,San Bernardino County,13,2024-11-15,2025-03-05,Closure Permanent,2026-08-30T21:43:41.512264Z
dd8b5faac07f53af,CA,"Advance Stores Company, Incorporated and its subsidiary, Golden State Supply LLC","Advance Stores Company, Incorporated and its subsidiary, Golden State Supply",,San Diego County,14,2024-11-15,2025-03-11,Closure Permanent,2026-08-30T21:43:41.512264Z
d591e1044933e223,CA,"Advance Stores Company, Incorporated and its subsidiary, Golden State Supply LLC","Advance Stores Company, Incorporated and its subsidiary, Golden State Supply",,Sacramento County,13,2024-11-15,2025-03-08,Closure Permanent,2026-08-30T21:43:41.512264Z
d293b64a1e87ca8a,CA,"Advance Stores Company, Incorporated and its subsidiary, Golden State Supply LLC","Advance Stores Company, Incorporated and its subsidiary, Golden State Supply",,Los Angeles County,9,2024-11-15,2025-03-06,Closure Permanent,2026-08-30T21:43:41.512264Z
ce07fbaab2718764,CA,"Advance Stores Company, Incorporated and its subsidiary, Golden State Supply LLC","Advance Stores Company, Incorporated and its subsidiary, Golden State Supply",,Butte County,8,2024-11-15,2025-02-27,Closure Permanent,2026-08-30T21:43:41.512264Z
cdecbceed2922047,CA,"Advance Stores Company, Incorporated and its subsidiary, Golden State Supply LLC","Advance Stores Company, Incorporated and its subsidiary, Golden State Supply",,Los Angeles County,10,2024-11-15,2025-03-07,Closure Permanent,2026-08-30T21:43:41.512264Z
c85510b1963931fb,CA,"Advance Stores Company, Incorporated and its subsidiary, Golden State Supply LLC","Advance Stores Company, Incorporated and its subsidiary, Golden State Supply",,Alameda County,9,2024-11-15,2025-03-05,Closure Permanent,2026-08-30T21:43:41.512264Z
c6718db6e434076a,CA,"Advance Stores Company, Incorporated and its subsidiary, Golden State Supply LLC","Advance Stores Company, Incorporated and its subsidiary, Golden State Supply",,Los Angeles County,12,2024-11-15,2025-03-10,Closure Permanent,2026-08-30T21:43:41.512264Z
c1dcb4200979e84a,CA,"Advance Stores Company, Incorporated and its subsidiary, Golden State Supply LLC","Advance Stores Company, Incorporated and its subsidiary, Golden State Supply",,San Diego County,13,2024-11-15,2025-03-07,Closure Permanent,2026-08-30T21:43:41.512264Z
c00add223c19c2ce,CA,"Advance Stores Company, Incorporated and its subsidiary, Golden State Supply LLC","Advance Stores Company, Incorporated and its subsidiary, Golden State Supply",,Los Angeles County,12,2024-11-15,2025-03-09,Closure Permanent,2026-08-30T21:43:41.512264Z
bfbc788aa9596b3a,CA,"Advance Stores Company, Incorporated and its subsidiary, Golden State Supply LLC","Advance Stores Company, Incorporated and its subsidiary, Golden State Supply",,Alameda County,8,2024-11-15,2025-03-09,Closure Permanent,2026-08-30T21:43:41.512264Z
bbacccb44a050f5f,CA,"Advance Stores Company, Incorporated and its subsidiary, Golden State Supply LLC","Advance Stores Company, Incorporated and its subsidiary, Golden State Supply",,Los Angeles County,11,2024-11-15,2025-03-07,Closure Permanent,2026-08-30T21:43:41.512264Z
b831213615a9c469,CA,"Advance Stores Company, Incorporated and its subsidiary, Golden State Supply LLC","Advance Stores Company, Incorporated and its subsidiary, Golden State Supply",,Kern County,11,2024-11-15,2025-03-09,Closure Permanent,2026-08-30T21:43:41.512264Z
b6f84233e856365f,CA,"Advance Stores Company, Incorporated and its subsidiary, Golden State Supply LLC","Advance Stores Company, Incorporated and its subsidiary, Golden State Supply",,Santa Barbara County,10,2024-11-15,2025-01-24,Closure Permanent,2026-08-30T21:43:41.512264Z
b046f50353ac8f4e,CA,Boeing,Boeing,,San Diego County,4,2024-11-15,2025-01-17,Layoff Permanent,2026-08-30T21:43:41.512264Z
aff486e3cdaeaf4c,CA,"Advance Stores Company, Incorporated and its subsidiary, Golden State Supply LLC","Advance Stores Company, Incorporated and its subsidiary, Golden State Supply",,Los Angeles County,9,2024-11-15,2025-02-17,Closure Permanent,2026-08-30T21:43:41.512264Z
a593e5f81ae345ff,CA,"Advance Stores Company, Incorporated and its subsidiary, Golden State Supply LLC","Advance Stores Company, Incorporated and its subsidiary, Golden State Supply",,Los Angeles County,7,2024-11-15,2025-02-26,Closure Permanent,2026-08-30T21:43:41.512264Z
a243ee15462d7be3,CA,"Advance Stores Company, Incorporated and its subsidiary, Golden State Supply LLC","Advance Stores Company, Incorporated and its subsidiary, Golden State Supply",,San Diego County,14,2024-11-15,2025-03-10,Closure Permanent,2026-08-30T21:43:41.512264Z
a15909c910e6994c,CA,"Advance Stores Company, Incorporated and its subsidiary, Golden State Supply LLC","Advance Stores Company, Incorporated and its subsidiary, Golden State Supply",,Sacramento County,6,2024-11-15,2025-03-05,Closure Permanent,2026-08-30T21:43:41.512264Z
9eb6584a46caffee,CA,"Advance Stores Company, Incorporated and its subsidiary, Golden State Supply LLC","Advance Stores Company, Incorporated and its subsidiary, Golden State Supply",,Santa Clara County,7,2024-11-15,2025-03-08,Closure Permanent,2026-08-30T21:43:41.512264Z
9e2210a5f78d5e04,CA,"Advance Stores Company, Incorporated and its subsidiary, Golden State Supply LLC","Advance Stores Company, Incorporated and its subsidiary, Golden State Supply",,Orange County,10,2024-11-15,2025-02-26,Closure Permanent,2026-08-30T21:43:41.512264Z
94024f2a3144c203,CA,"Advance Stores Company, Incorporated and its subsidiary, Golden State Supply LLC","Advance Stores Company, Incorporated and its subsidiary, Golden State Supply",,Los Angeles County,10,2024-11-15,2025-03-10,Closure Permanent,2026-08-30T21:43:41.512264Z
937a11e50b35b2aa,CA,"Advance Stores Company, Incorporated and its subsidiary, Golden State Supply LLC","Advance Stores Company, Incorporated and its subsidiary, Golden State Supply",,Imperial County,10,2024-11-15,2025-03-05,Closure Permanent,2026-08-30T21:43:41.512264Z
91b7d8da01ced07b,CA,"Advance Stores Company, Incorporated and its subsidiary, Golden State Supply LLC","Advance Stores Company, Incorporated and its subsidiary, Golden State Supply",,San Bernardino County,12,2024-11-15,2025-02-17,Closure Permanent,2026-08-30T21:43:41.512264Z
8bcdf5cf27afbb86,CA,"Advance Stores Company, Incorporated and its subsidiary, Golden State Supply LLC","Advance Stores Company, Incorporated and its subsidiary, Golden State Supply",,Riverside County,14,2024-11-15,2025-02-02,Closure Permanent,2026-08-30T21:43:41.512264Z
8825f27406372ff5,CA,"Advance Stores Company, Incorporated and its subsidiary, Golden State Supply LLC","Advance Stores Company, Incorporated and its subsidiary, Golden State Supply",,Los Angeles County,10,2024-11-15,2025-03-08,Closure Permanent,2026-08-30T21:43:41.512264Z
842cd52bba902e25,CA,"Advance Stores Company, Incorporated and its subsidiary, Golden State Supply LLC","Advance Stores Company, Incorporated and its subsidiary, Golden State Supply",,Kern County,15,2024-11-15,2025-03-06,Closure Permanent,2026-08-30T21:43:41.512264Z
80d1a7fe63cb4a52,CA,"Advance Stores Company, Incorporated and its subsidiary, Golden State Supply LLC","Advance Stores Company, Incorporated and its subsidiary, Golden State Supply",,Sacramento County,10,2024-11-15,2025-03-09,Closure Permanent,2026-08-30T21:43:41.512264Z
7d6ffe731250c7d2,CA,"Advance Stores Company, Incorporated and its subsidiary, Golden State Supply LLC","Advance Stores Company, Incorporated and its subsidiary, Golden State Supply",,Kern County,10,2024-11-15,2025-02-17,Closure Permanent,2026-08-30T21:43:41.512264Z
7a79664810914703,CA,"Advance Stores Company, Incorporated and its subsidiary, Golden State Supply LLC","Advance Stores Company, Incorporated and its subsidiary, Golden State Supply",,Riverside County,15,2024-11-15,2025-03-11,Closure Permanent,2026-08-30T21:43:41.512264Z
791601933fc61d0a,CA,"Advance Stores Company, Incorporated and its subsidiary, Golden State Supply LLC","Advance Stores Company, Incorporated and its subsidiary, Golden State Supply",,Los Angeles County,7,2024-11-15,2025-03-07,Closure Permanent,2026-08-30T21:43:41.512264Z
77dda71e5e7c363b,CA,"Advance Stores Company, Incorporated and its subsidiary, Golden State Supply LLC","Advance Stores Company, Incorporated and its subsidiary, Golden State Supply",,Santa Clara County,9,2024-11-15,2025-03-09,Closure Permanent,2026-08-30T21:43:41.512264Z
7502aac522cbc267,CA,"Advance Stores Company, Incorporated and its subsidiary, Golden State Supply LLC","Advance Stores Company, Incorporated and its subsidiary, Golden State Supply",,San Luis Obispo County,17,2024-11-15,2025-03-10,Closure Permanent,2026-08-30T21:43:41.512264Z
71195184fcfe1841,CA,"Advance Stores Company, Incorporated and its subsidiary, Golden State Supply LLC","Advance Stores Company, Incorporated and its subsidiary, Golden State Supply",,San Diego County,16,2024-11-15,2025-03-09,Closure Permanent,2026-08-30T21:43:41.512264Z
6a24cfe89f82d994,CA,"Advance Stores Company, Incorporated and its subsidiary, Golden State Supply LLC","Advance Stores Company, Incorporated and its subsidiary, Golden State Supply",,San Luis Obispo County,20,2024-11-15,2025-03-09,Closure Permanent,2026-08-30T21:43:41.512264Z
659f8b413310f453,CA,Boeing,Boeing,,Orange County,90,2024-11-15,2025-01-17,Layoff Permanent,2026-08-30T21:43:41.512264Z
655f53ff2898154f,CA,"Advance Stores Company, Incorporated and its subsidiary, Golden State Supply LLC","Advance Stores Company, Incorporated and its subsidiary, Golden State Supply",,Fresno County,8,2024-11-15,2025-02-02,Closure Permanent,2026-08-30T21:43:41.512264Z
64b3f21c394ab0fa,CA,"Advance Stores Company, Incorporated and its subsidiary, Golden State Supply LLC","Advance Stores Company, Incorporated and its subsidiary, Golden State Supply",,San Luis Obispo County,18,2024-11-15,2025-03-10,Closure Permanent,2026-08-30T21:43:41.512264Z
629ca990e1a82112,CA,"Advance Stores Company, Incorporated and its subsidiary, Golden State Supply LLC","Advance Stores Company, Incorporated and its subsidiary, Golden State Supply",,Kings County,9,2024-11-15,2025-03-07,Closure Permanent,2026-08-30T21:43:41.512264Z
5f15ee9e7693f980,CA,"Advance Stores Company, Incorporated and its subsidiary, Golden State Supply LLC","Advance Stores Company, Incorporated and its subsidiary, Golden State Supply",,Los Angeles County,14,2024-11-15,2025-03-09,Closure Permanent,2026-08-30T21:43:41.512264Z
5ea0d79f142845ff,CA,"Advance Stores Company, Incorporated and its subsidiary, Golden State Supply LLC","Advance Stores Company, Incorporated and its subsidiary, Golden State Supply",,Sacramento County,9,2024-11-15,2025-02-24,Closure Permanent,2026-08-30T21:43:41.512264Z
5448d7a0565d485f,CA,"Advance Stores Company, Incorporated and its subsidiary, Golden State Supply LLC","Advance Stores Company, Incorporated and its subsidiary, Golden State Supply",,Orange County,13,2024-11-15,2025-03-06,Closure Permanent,2026-08-30T21:43:41.512264Z
529edb69190a185f,CA,"Advance Stores Company, Incorporated and its subsidiary, Golden State Supply LLC","Advance Stores Company, Incorporated and its subsidiary, Golden State Supply",,Orange County,9,2024-11-15,2025-03-08,Closure Permanent,2026-08-30T21:43:41.512264Z
507cb065d4c228b8,CA,Boeing,Boeing,,Kern County,3,2024-11-15,2025-01-17,Layoff Permanent,2026-08-30T21:43:41.512264Z
4f0bda074adf0574,CA,"Advance Stores Company, Incorporated and its subsidiary, Golden State Supply LLC","Advance Stores Company, Incorporated and its subsidiary, Golden State Supply",,Kern County,11,2024-11-15,2025-03-06,Closure Permanent,2026-08-30T21:43:41.512264Z
4b36700213a273e8,CA,"Advance Stores Company, Incorporated and its subsidiary, Golden State Supply LLC","Advance Stores Company, Incorporated and its subsidiary, Golden State Supply",,Riverside County,22,2024-11-15,2025-03-09,Closure Permanent,2026-08-30T21:43:41.512264Z
4617824186865bc6,CA,"Advance Stores Company, Incorporated and its subsidiary, Golden State Supply LLC","Advance Stores Company, Incorporated and its subsidiary, Golden State Supply",,Los Angeles County,15,2024-11-15,2025-03-10,Closure Permanent,2026-08-30T21:43:41.512264Z
4372189e0d4e6070,CA,Boeing,Boeing,,Los Angeles County,115,2024-11-15,2025-01-17,Layoff Permanent,2026-08-30T21:43:41.512264Z
42a1177d82462cbc,CA,"Advance Stores Company, Incorporated and its subsidiary, Golden State Supply LLC","Advance Stores Company, Incorporated and its subsidiary, Golden State Supply",,San Bernardino County,10,2024-11-15,2025-03-06,Closure Permanent,2026-08-30T21:43:41.512264Z
41af3f78241a63df,CA,"Advance Stores Company, Incorporated and its subsidiary, Golden State Supply LLC","Advance Stores Company, Incorporated and its subsidiary, Golden State Supply",,San Diego County,6,2024-11-15,2025-03-07,Closure Permanent,2026-08-30T21:43:41.512264Z
3ede965e6a17d045,CA,"Advance Stores Company, Incorporated and its subsidiary, Golden State Supply LLC","Advance Stores Company, Incorporated and its subsidiary, Golden State Supply",,Los Angeles County,13,2024-11-15,2025-03-09,Closure Permanent,2026-08-30T21:43:41.512264Z
3ce83e9e61956aae,CA,"Advance Stores Company, Incorporated and its subsidiary, Golden State Supply LLC","Advance Stores Company, Incorporated and its subsidiary, Golden State Supply",,San Diego County,14,2024-11-15,2025-03-07,Closure Permanent,2026-08-30T21:43:41.512264Z
356625cfd2ead487,CA,"Advance Stores Company, Incorporated and its subsidiary, Golden State Supply LLC","Advance Stores Company, Incorporated and its subsidiary, Golden State Supply",,Kern County,12,2024-11-15,2025-03-06,Closure Permanent,2026-08-30T21:43:41.512264Z
2c11c19dbb0b84ec,CA,"Advance Stores Company, Incorporated and its subsidiary, Golden State Supply LLC","Advance Stores Company, Incorporated and its subsidiary, Golden State Supply",,Orange County,8,2024-11-15,2025-02-17,Closure Permanent,2026-08-30T21:43:41.512264Z
2a145b59f993b3da,CA,"Advance Stores Company, Incorporated and its subsidiary, Golden State Supply LLC","Advance Stores Company, Incorporated and its subsidiary, Golden State Supply",,San Bernardino County,15,2024-11-15,2025-03-09,Closure Permanent,2026-08-30T21:43:41.512264Z
299c43541c1921b9,CA,"Advance Stores Company, Incorporated and its subsidiary, Golden State Supply LLC","Advance Stores Company, Incorporated and its subsidiary, Golden State Supply",,Ventura County,11,2024-11-15,2025-03-08,Closure Permanent,2026-08-30T21:43:41.512264Z
26ef4b13c24997f1,CA,Boeing,Boeing,,Los Angeles County,144,2024-11-15,2025-01-17,Layoff Permanent,2026-08-30T21:43:41.512264Z
258ea2bcfb9bb3ea,CA,"Advance Stores Company, Incorporated and its subsidiary, Golden State Supply LLC","Advance Stores Company, Incorporated and its subsidiary, Golden State Supply",,Kern County,8,2024-11-15,2025-02-26,Closure Permanent,2026-08-30T21:43:41.512264Z
2417c4bba80450f3,CA,"Advance Stores Company, Incorporated and its subsidiary, Golden State Supply LLC","Advance Stores Company, Incorporated and its subsidiary, Golden State Supply",,Fresno County,10,2024-11-15,2025-02-02,Closure Permanent,2026-08-30T21:43:41.512264Z
2395ea054b96504d,CA,"Advance Stores Company, Incorporated and its subsidiary, Golden State Supply LLC","Advance Stores Company, Incorporated and its subsidiary, Golden State Supply",,Orange County,11,2024-11-15,2025-03-05,Closure Permanent,2026-08-30T21:43:41.512264Z
1b3a1a8199e82905,CA,"Advance Stores Company, Incorporated and its subsidiary, Golden State Supply LLC","Advance Stores Company, Incorporated and its subsidiary, Golden State Supply",,San Diego County,12,2024-11-15,2025-03-07,Closure Permanent,2026-08-30T21:43:41.512264Z
1b3594f9e1dd08e6,CA,"Advance Stores Company, Incorporated and its subsidiary, Golden State Supply LLC","Advance Stores Company, Incorporated and its subsidiary, Golden State Supply",,Sacramento County,19,2024-11-15,2025-03-08,Closure Permanent,2026-08-30T21:43:41.512264Z
1617a2907d3d5631,CA,"Advance Stores Company, Incorporated and its subsidiary, Golden State Supply LLC","Advance Stores Company, Incorporated and its subsidiary, Golden State Supply",,Los Angeles County,11,2024-11-15,2025-03-10,Closure Permanent,2026-08-30T21:43:41.512264Z
134e83767dc1bd25,CA,"Advance Stores Company, Incorporated and its subsidiary, Golden State Supply LLC","Advance Stores Company, Incorporated and its subsidiary, Golden State Supply",,Orange County,17,2024-11-15,2025-03-08,Closure Permanent,2026-08-30T21:43:41.512264Z
0dd35e19b8525e54,CA,Boeing,Boeing,,San Diego County,21,2024-11-15,2025-01-17,Layoff Permanent,2026-08-30T21:43:41.512264Z
0b58bfd07e01f973,CA,Boeing,Boeing,,Orange County,89,2024-11-15,2025-01-17,Layoff Permanent,2026-08-30T21:43:41.512264Z
07a577341740f94a,CA,"Advance Stores Company, Incorporated and its subsidiary, Golden State Supply LLC","Advance Stores Company, Incorporated and its subsidiary, Golden State Supply",,Sonoma County,6,2024-11-15,2025-02-25,Closure Permanent,2026-08-30T21:43:41.512264Z
06404cfe31c575b5,CA,Boeing,Boeing,,Alameda County,1,2024-11-15,2025-01-17,Layoff Permanent,2026-08-30T21:43:41.512264Z
05f429c2da3ff594,CA,"Advance Stores Company, Incorporated and its subsidiary, Golden State Supply LLC","Advance Stores Company, Incorporated and its subsidiary, Golden State Supply",,Los Angeles County,17,2024-11-15,2025-03-09,Closure Permanent,2026-08-30T21:43:41.512264Z
0334059bb698e6c7,CA,Boeing,Boeing,,Orange County,57,2024-11-15,2025-01-17,Layoff Permanent,2026-08-30T21:43:41.512264Z
f1f588f99833cb25,CA,"Red Bull North America, Inc.",Red Bull North America,,Los Angeles County,8,2024-11-14,2025-02-14,Layoff Permanent,2026-08-30T21:43:41.512264Z
ea351360ed2757ab,CA,Masimo Corporation,Masimo,,Orange County,4,2024-11-14,2025-01-13,Layoff Permanent,2026-08-30T21:43:41.512264Z
d9353084217ab14e,CA,"Advance Stores Company, Incorporated and its subsidiary, Golden State Supply LLC","Advance Stores Company, Incorporated and its subsidiary, Golden State Supply",,San Bernardino County,171,2024-11-14,2025-02-15,Closure Permanent,2026-08-30T21:43:41.512264Z
aa7af0734e16a6cc,CA,"Advance Stores Company, Incorporated",Advance Stores,,Santa Clara County,1,2024-11-14,2025-03-28,Closure Permanent,2026-08-30T21:43:41.512264Z
a776999435a69976,CA,Clark Pacific,Clark Pacific,,San Bernardino County,37,2024-11-14,2024-12-02,Layoff Permanent,2026-08-30T21:43:41.512264Z
9b05e687db9c45f9,CA,"Advance Stores Company, Incorporated and its subsidiary, Worldwide Auto Parts, Inc.","Advance Stores Company, Incorporated and its subsidiary, Worldwide Auto Parts",,San Diego County,6,2024-11-14,2025-03-07,Closure Permanent,2026-08-30T21:43:41.512264Z
9a4d66e0b2e5faaa,CA,Masimo Corporation,Masimo,,Orange County,2,2024-11-14,2025-01-13,Layoff Permanent,2026-08-30T21:43:41.512264Z
7f28091f54093f2a,CA,Masimo Corporation,Masimo,,Orange County,1,2024-11-14,2025-01-13,Layoff Permanent,2026-08-30T21:43:41.512264Z
7642646d443bceb6,CA,The Toro Company,The Toro,,San Diego County,122,2024-11-14,2025-01-06,Closure Permanent,2026-08-30T21:43:41.512264Z
57387a4e357abf09,CA,Masimo Corporation,Masimo,,Orange County,68,2024-11-14,2025-01-13,Layoff Permanent,2026-08-30T21:43:41.512264Z
4d05a0a0b835fb03,CA,"Advance Stores Company, Incorporated and its subsidiary, Golden State Supply LLC","Advance Stores Company, Incorporated and its subsidiary, Golden State Supply",,Kern County,66,2024-11-14,2025-02-15,Closure Permanent,2026-08-30T21:43:41.512264Z
3f91d33f89a273c7,CA,UPS,UPS,,Los Angeles County,445,2024-11-14,2025-01-15,Closure Temporary,2026-08-30T21:43:41.512264Z
226b4a258e574e8b,CA,"CTI Foods Azusa, LLC",CTI Foods Azusa,,Los Angeles County,145,2024-11-14,2025-01-13,Closure Permanent,2026-08-30T21:43:41.512264Z
224f6a82d44d0b5c,CA,"Red Bull North America, Inc.",Red Bull North America,,Los Angeles County,38,2024-11-14,2025-02-14,Layoff Permanent,2026-08-30T21:43:41.512264Z
0cfce24130014378,CA,"Advance Stores Company, Incorporated",Advance Stores,,Sacramento County,1,2024-11-14,2025-03-29,Closure Permanent,2026-08-30T21:43:41.512264Z
04f7d1f6dfecb7e1,CA,"Advance Stores Company, Incorporated and its subsidiary, Worldwide Auto Parts, Inc.","Advance Stores Company, Incorporated and its subsidiary, Worldwide Auto Parts",,San Diego County,10,2024-11-14,2025-03-09,Closure Permanent,2026-08-30T21:43:41.512264Z
c431314883ce8901,CA,Alard Engineering,Alard Engineering,,Los Angeles County,86,2024-11-13,2024-10-29,Closure Permanent,2026-08-30T21:43:41.512264Z
ac5db07c6d024090,CA,California Institute of Technology,California Institute of Technology,,Los Angeles County,328,2024-11-13,2025-01-12,Layoff Permanent,2026-08-30T21:43:41.512264Z
a84634df3dbb55a6,CA,"Gilead Sciences, Inc.",Gilead Sciences,,San Mateo County,104,2024-11-13,2025-03-14,Layoff Permanent,2026-08-30T21:43:41.512264Z
62ab6366c8964f8e,CA,AppLovin Corporation,AppLovin,,Santa Clara County,120,2024-11-13,2024-11-15,Layoff Permanent,2026-08-30T21:43:41.512264Z
da7ad467a001f473,CA,Straight Smile LLC dba Byte,Straight Smile,Byte,Los Angeles County,72,2024-11-12,2025-01-06,Layoff Permanent,2026-08-30T21:43:41.512264Z
d74c37777a661470,CA,"Xilinx, Inc.",Xilinx,,Santa Clara County,72,2024-11-12,2025-01-13,Layoff Permanent,2026-08-30T21:43:41.512264Z
c17214ec05258c49,CA,TGH Employees LLC dba The Highlight Room,TGH Employees,The Highlight Room,Los Angeles County,134,2024-11-12,2025-01-15,Closure Permanent,2026-08-30T21:43:41.512264Z
9ff12c0d4a2bd82e,CA,BP Corporation North America Inc.,BP Corporation North America,,San Francisco County,5,2024-11-12,2025-01-09,Closure Permanent,2026-08-30T21:43:41.512264Z
8ab10d55c12d74b0,CA,Clark Pacific,Clark Pacific,,San Bernardino County,88,2024-11-12,2025-01-08,Layoff Permanent,2026-08-30T21:43:41.512264Z
6fe842c77766081d,CA,Equinix,Equinix,,San Mateo County,87,2024-11-12,2024-12-06,Layoff Permanent,2026-08-30T21:43:41.512264Z
2b52177383439605,CA,"AMD, Inc.",AMD,,Santa Clara County,57,2024-11-12,2025-01-13,Layoff Permanent,2026-08-30T21:43:41.512264Z
1ad21747a4d0065c,CA,"Trademango Solutions Inc., dba Article",Trademango Solutions,Article,Los Angeles County,24,2024-11-12,2025-01-12,Layoff Permanent,2026-08-30T21:43:41.512264Z
1531afdc586cecff,CA,"HSNi, LLC",HSNi,,San Bernardino County,87,2024-11-12,2025-01-13,Closure Permanent,2026-08-30T21:43:41.512264Z
5987cdf08ab2e18d,CA,"Reyes Coca-Cola Bottling, LLC",Reyes Coca-Cola Bottling,,Stanislaus County,101,2024-11-08,2025-01-24,Closure Permanent,2026-08-30T21:43:41.512264Z
f74419d55ad05dae,CA,City National Bank,City National Bank,,Los Angeles County,8,2024-11-07,2025-01-10,Layoff Permanent,2026-08-30T21:43:41.512264Z
dcc5eec17060be43,CA,"Coursera, Inc.",Coursera,,Santa Clara County,61,2024-11-06,2024-01-06,Layoff Permanent,2026-08-30T21:43:41.512264Z
62c56c8d50933a1f,CA,Haemonetics Corporation,Haemonetics,,Los Angeles County,75,2024-11-06,2024-12-31,Closure Permanent,2026-08-30T21:43:41.512264Z
e6afe9875736cb69,CA,Full Steam Staffing,Full Steam Staffing,,San Bernardino County,44,2024-11-05,2024-12-31,Layoff Permanent,2026-08-30T21:43:41.512264Z
e1dd1fcc1ac07d04,CA,ElringKlinger Silicon Valley Inc,ElringKlinger Silicon Valley,,Alameda County,27,2024-11-05,2025-01-06,Closure Permanent,2026-08-30T21:43:41.512264Z
c0fb12cad4fe38cf,CA,City National Bank,City National Bank,,Los Angeles County,1,2024-11-05,2025-01-03,Layoff Permanent,2026-08-30T21:43:41.512264Z
8333a99a04cc7823,CA,"Oldcastle BuildingEnvelope, Inc.",Oldcastle BuildingEnvelope,,Los Angeles County,113,2024-11-05,2024-12-31,Closure Permanent,2026-08-30T21:43:41.512264Z
743a1fcde87366e9,CA,Polaris Specialty Pharmacy,Polaris Specialty Pharmacy,,Los Angeles County,98,2024-11-05,2024-12-31,Closure Permanent,2026-08-30T21:43:41.512264Z
215fa04fc4e0ba7f,CA,City National Bank,City National Bank,,Los Angeles County,10,2024-11-05,2025-01-03,Layoff Permanent,2026-08-30T21:43:41.512264Z
ce6d00c0575da90b,CA,Terre du Soleil dba Auberge du Soleil,Terre du Soleil,Auberge du Soleil,Napa County,217,2024-11-04,2025-01-03,Layoff Temporary,2026-08-30T21:43:41.512264Z
9d7eb237c896186d,CA,"Trophy Universal City Group LLC, dba Universal City Nissan",Trophy Universal City Group,Universal City Nissan,Los Angeles County,86,2024-11-04,2025-01-03,Closure Permanent,2026-08-30T21:43:41.512264Z
d2beb305e0600b6f,CA,Visa,Visa,,San Francisco County,65,2024-11-01,2025-01-03,Layoff Permanent,2026-08-30T21:43:41.512264Z
bf788e38499d973f,CA,Visa,Visa,,San Mateo County,26,2024-11-01,2025-01-03,Layoff Permanent,2026-08-30T21:43:41.512264Z
6c59531ceb4e075c,CA,"8490 Hospitality LLC, dba Catch Steak",8490 Hospitality,Catch Steak,Los Angeles County,110,2024-11-01,2025-01-01,Closure Permanent,2026-08-30T21:43:41.512264Z
1d0e723004b6bc1c,CA,California Human Development,California Human Development,,San Joaquin County,7,2024-11-01,2024-12-31,Closure Permanent,2026-08-30T21:43:41.512264Z
f44a1bcf65c8bf0f,CA,"GXO Logistics Supply Chain, Inc.",GXO Logistics Supply Chain,,San Bernardino County,231,2024-10-31,2024-12-31,Layoff Permanent,2026-08-30T21:43:41.512264Z
efe5cd19bae99555,CA,Hunt & Sons LLC,Hunt & Sons,,Contra Costa County,8,2024-10-31,2025-01-01,Layoff Permanent,2026-08-30T21:43:41.512264Z
d63a00a033c81bee,CA,Hunt & Sons LLC,Hunt & Sons,,Shasta County,7,2024-10-31,2025-01-01,Layoff Permanent,2026-08-30T21:43:41.512264Z
c5d742308e17c9cf,CA,Host International Inc.,Host International,,Los Angeles County,151,2024-10-31,2025-01-02,Layoff Permanent,2026-08-30T21:43:41.512264Z
b408e60d4c4afaa0,CA,Hunt & Sons LLC,Hunt & Sons,,Butte County,10,2024-10-31,2025-01-01,Layoff Permanent,2026-08-30T21:43:41.512264Z
b1a9c6c89c1b66d1,CA,"Trademango Solutions Inc., dba Article",Trademango Solutions,Article,Alameda County,14,2024-10-31,2024-12-31,Layoff Permanent,2026-08-30T21:43:41.512264Z
a7728c223914be59,CA,Hunt & Sons LLC,Hunt & Sons,,Merced County,1,2024-10-31,2025-01-01,Layoff Permanent,2026-08-30T21:43:41.512264Z
a47c9acf3c7961e3,CA,"FIG Leasing Co., Inc. a subsidiary of Farmers Group, Inc.","FIG Leasing Co., Inc. a subsidiary of Farmers Group",,Los Angeles County,56,2024-10-31,2024-12-31,Layoff Permanent,2026-08-30T21:43:41.512264Z
a337f15f2c2d1425,CA,Hunt & Sons LLC,Hunt & Sons,,El Dorado County,3,2024-10-31,2025-01-01,Layoff Permanent,2026-08-30T21:43:41.512264Z
8c22f4d255e3eaf7,CA,Hunt & Sons LLC,Hunt & Sons,,Plumas County,4,2024-10-31,2025-01-01,Layoff Permanent,2026-08-30T21:43:41.512264Z
70fdb69caa4f2013,CA,"FIG Leasing Co., Inc. a subsidiary of Farmers Group, Inc.","FIG Leasing Co., Inc. a subsidiary of Farmers Group",,Los Angeles County,130,2024-10-31,2024-12-31,Layoff Permanent,2026-08-30T21:43:41.512264Z
591e261e471276ae,CA,Hunt & Sons LLC,Hunt & Sons,,Santa Clara County,2,2024-10-31,2025-01-01,Layoff Permanent,2026-08-30T21:43:41.512264Z
418da897f6fd1b30,CA,IPG Mediabrands,IPG Mediabrands,,Los Angeles County,103,2024-10-31,2025-01-02,Layoff Permanent,2026-08-30T21:43:41.512264Z
138d417b228b4788,CA,Hunt & Sons LLC,Hunt & Sons,,Sacramento County,24,2024-10-31,2025-01-01,Layoff Permanent,2026-08-30T21:43:41.512264Z
0d5bfbda3eda8b46,CA,Hunt & Sons LLC,Hunt & Sons,,Stanislaus County,23,2024-10-31,2025-01-01,Layoff Permanent,2026-08-30T21:43:41.512264Z
e7d078bc3a86328a,CA,"Dropbox, Inc.",Dropbox,,San Francisco County,174,2024-10-30,2024-11-15,Layoff Permanent,2026-08-30T21:43:41.512264Z
c458ec58d213c552,CA,"Hogan Services, Inc.",Hogan Services,,San Bernardino County,1,2024-10-30,2024-12-30,Layoff Permanent,2026-08-30T21:43:41.512264Z
a5ae4e74915d4301,CA,"GoPro, Inc.",GoPro,,San Mateo County,73,2024-10-30,2024-11-08,Layoff Permanent,2026-08-30T21:43:41.512264Z
9a4f5863dcfcf443,CA,Sodexo,Sodexo,,Los Angeles County,59,2024-10-30,2024-12-31,Closure Permanent,2026-08-30T21:43:41.512264Z
6fa10fa59fc33a4b,CA,"Hogan Personnel, LLC",Hogan Personnel,,San Bernardino County,5,2024-10-30,2024-12-30,Layoff Permanent,2026-08-30T21:43:41.512264Z
22a3393f87a57067,CA,"Cabi, LLC",Cabi,,Los Angeles County,70,2024-10-30,2024-10-29,Layoff Permanent,2026-08-30T21:43:41.512264Z
22353d07d8419d29,CA,Ojai Valley Inn,Ojai Valley Inn,,Ventura County,753,2024-10-30,2025-01-02,Layoff Temporary,2026-08-30T21:43:41.512264Z
0eb4c4e0f8e2e65a,CA,DHL Supply Chain,DHL Supply Chain,,San Joaquin County,163,2024-10-30,2024-12-31,Layoff Permanent,2026-08-30T21:43:41.512264Z
0dfc62733c95a532,CA,"FM Restaurants HQ, LLC dba Solita Tacos and Margaritas",FM Restaurants HQ,Solita Tacos and Margaritas,Los Angeles County,54,2024-10-30,2024-12-30,Closure Permanent,2026-08-30T21:43:41.512264Z
ca9835f8f5da8db7,CA,"Astellas Gene Therapies, Inc.",Astellas Gene Therapies,,San Mateo County,10,2024-10-29,2025-01-01,Layoff Permanent,2026-08-30T21:43:41.512264Z
7206b3f232b4f541,CA,Amazon,Amazon,,Santa Clara County,57,2024-10-29,2024-12-27,Layoff Permanent,2026-08-30T21:43:41.512264Z
2de6fee215a1d5a5,CA,"Cremach Tech, Inc.",Cremach Tech,,Riverside County,88,2024-10-29,2024-12-31,Layoff Permanent,2026-08-30T21:43:41.512264Z
2d8b7bed6493fb38,CA,"Cremach Tech, Inc.",Cremach Tech,,Riverside County,27,2024-10-29,2024-12-31,Layoff Permanent,2026-08-30T21:43:41.512264Z
f7fb7124dfbe0104,CA,"Gold Bond Building Products, LLC",Gold Bond Building Products,,Los Angeles County,50,2024-10-28,2024-12-27,Closure Permanent,2026-08-30T21:43:41.512264Z
ea4caa0c8d746f4a,CA,Cattlemens Restaurant,Cattlemens Restaurant,,Sonoma County,63,2024-10-25,2024-12-31,Layoff Permanent,2026-08-30T21:43:41.512264Z
3d9bffbbfa3dd1e0,CA,"Advanced Systems Group, LLC",Advanced Systems Group,,Santa Clara County,92,2024-10-25,2024-12-31,Layoff Permanent,2026-08-30T21:43:41.512264Z
26d45815dcb06fc9,CA,"Advanced Systems Group, LLC",Advanced Systems Group,,Santa Clara County,1,2024-10-25,2024-12-31,Layoff Permanent,2026-08-30T21:43:41.512264Z
efb7859248b8024d,CA,Twelve Benefit Corporation,Twelve Benefit,,Alameda County,86,2024-10-24,2024-12-23,Layoff Permanent,2026-08-30T21:43:41.512264Z
0237a96de6c13034,CA,Twelve Benefit Corporation,Twelve Benefit,,Alameda County,8,2024-10-24,2024-12-23,Layoff Permanent,2026-08-30T21:43:41.512264Z
8ae4946c57d9ccc5,CA,Upwork Inc.,Upwork,,Santa Clara County,67,2024-10-23,2024-12-23,Layoff Permanent,2026-08-30T21:43:41.512264Z
7b071d2bf8d0bb27,CA,"NB Farms, Inc.",NB Farms,,Ventura County,42,2024-10-23,2024-12-30,Closure Permanent,2026-08-30T21:43:41.512264Z
7877e9ddc006b50e,CA,"NB Farms, Inc.",NB Farms,,Ventura County,61,2024-10-23,2024-12-30,Closure Permanent,2026-08-30T21:43:41.512264Z
4fcc2f4d6074fcd0,CA,Boston Scientific Corporation,Boston Scientific,,Santa Clara County,30,2024-10-23,2024-12-31,Closure Permanent,2026-08-30T21:43:41.512264Z
0ca7574be9ad4b9f,CA,Dart Container Corporation,Dart Container,,Riverside County,75,2024-10-23,2024-12-23,Layoff Permanent,2026-08-30T21:43:41.512264Z
0a7d6ca63c8f0adb,CA,"ABB Optical Group, LLC",ABB Optical Group,,Alameda County,138,2024-10-23,2024-12-16,Closure Permanent,2026-08-30T21:43:41.512264Z
fc01015ce1003103,CA,Stachs LLC,Stachs,,Los Angeles County,35,2024-10-22,2024-12-31,Layoff Permanent,2026-08-30T21:43:41.512264Z
f57fdd17f3aec483,CA,Stachs LLC,Stachs,,San Francisco County,53,2024-10-22,2024-12-31,Layoff Permanent,2026-08-30T21:43:41.512264Z
eed4a4df391d4742,CA,Georg Fischer Signet LLC,Georg Fischer Signet,,Los Angeles County,118,2024-10-22,2024-12-23,Closure Temporary,2026-08-30T21:43:41.512264Z
e788d6f8370a3d8c,CA,Stachs LLC,Stachs,,Alameda County,58,2024-10-22,2024-12-31,Layoff Permanent,2026-08-30T21:43:41.512264Z
e3b9d1b5652ffb47,CA,Nestle USA,Nestle,,Stanislaus County,76,2024-10-22,2024-12-23,Layoff Temporary,2026-08-30T21:43:41.512264Z
e31a9f45f7c46792,CA,Stachs LLC,Stachs,,San Mateo County,43,2024-10-22,2024-12-31,Layoff Permanent,2026-08-30T21:43:41.512264Z
e0c71448253846ff,CA,Stachs LLC,Stachs,,San Diego County,62,2024-10-22,2024-12-31,Layoff Permanent,2026-08-30T21:43:41.512264Z
d381edb6a0d24c04,CA,Stachs LLC,Stachs,,Los Angeles County,54,2024-10-22,2024-12-31,Layoff Permanent,2026-08-30T21:43:41.512264Z
c77acbb6821b8c18,CA,Stachs LLC,Stachs,,Los Angeles County,50,2024-10-22,2024-12-31,Layoff Permanent,2026-08-30T21:43:41.512264Z
b256cc930210f2a1,CA,"Shadow Holdings, LLC, dba Bright Innovation Labs",Shadow Holdings,Bright Innovation Labs,Los Angeles County,1,2024-10-22,2024-12-13,Closure Permanent,2026-08-30T21:43:41.512264Z
b09ea68c968e7485,CA,Stachs LLC,Stachs,,Orange County,72,2024-10-22,2024-12-31,Layoff Permanent,2026-08-30T21:43:41.512264Z
a67520b14ed37439,CA,Stachs LLC,Stachs,,Santa Clara County,60,2024-10-22,2024-12-31,Layoff Permanent,2026-08-30T21:43:41.512264Z
9d92dbd33774ee2e,CA,"D & D Gear, Inc. dba Absolute Technologies, Inc.",D & D Gear,"Absolute Technologies, Inc",Orange County,263,2024-10-22,2024-12-23,Closure Temporary,2026-08-30T21:43:41.512264Z
8e21a8587c44c348,CA,Stachs LLC,Stachs,,Los Angeles County,34,2024-10-22,2024-12-31,Layoff Permanent,2026-08-30T21:43:41.512264Z
4b28031cec2e7e6b,CA,Stachs LLC,Stachs,,Sacramento County,46,2024-10-22,2024-12-31,Layoff Permanent,2026-08-30T21:43:41.512264Z
38cf8e4c7c70828f,CA,Stachs LLC,Stachs,,Sonoma County,29,2024-10-22,2024-12-31,Layoff Permanent,2026-08-30T21:43:41.512264Z
27e9a426528d4d60,CA,"True Value Company, LLC",True Value,,Yolo County,56,2024-10-22,2024-12-14,Closure Permanent,2026-08-30T21:43:41.512264Z
f49a3f45b255cf69,CA,"Vintage Wine Estates, Inc",Vintage Wine Estates,,Sonoma County,5,2024-10-21,2024-12-16,Layoff Permanent,2026-08-30T21:43:41.512264Z
53ae17cb04c29671,CA,Clean Water Action,Clean Water Action,,Alameda County,8,2024-10-21,2024-12-31,Layoff Permanent,2026-08-30T21:43:41.512264Z
ec241e16b6e08233,CA,"Mindbody, Inc.",Mindbody,,San Luis Obispo County,36,2024-10-17,2025-01-02,Layoff Permanent,2026-08-30T21:43:41.512264Z
d9a841a8d3e4ec01,CA,Shell Catalyst & Technologies,Shell Catalyst & Technologies,,Contra Costa County,59,2024-10-17,2024-12-31,Closure Permanent,2026-08-30T21:43:41.512264Z
d7509dcee8ba5804,CA,Intel Corporation,Intel,,Santa Clara County,233,2024-10-17,2024-10-31,Layoff Permanent,2026-08-30T21:43:41.512264Z
76e1ef27237b1149,CA,Intel Corporation,Intel,,Santa Clara County,216,2024-10-17,2024-10-31,Layoff Permanent,2026-08-30T21:43:41.512264Z
52cf77047ee7e3ca,CA,Intel Corporation,Intel,,Santa Clara County,11,2024-10-17,2024-10-31,Layoff Permanent,2026-08-30T21:43:41.512264Z
29095c8ead2fe8be,CA,Intel Corporation,Intel,,Santa Clara County,28,2024-10-17,2024-10-31,Layoff Permanent,2026-08-30T21:43:41.512264Z
59f7137efdfcb12a,CA,"Forest River, Inc.",Forest River,,San Bernardino County,176,2024-10-16,2024-12-13,Closure Permanent,2026-08-30T21:43:41.512264Z
3a67a7e997376d15,CA,"Benson House, Inc.",Benson House,,Riverside County,33,2024-10-16,2024-12-15,Layoff Permanent,2026-08-30T21:43:41.512264Z
38f288e8867df20d,CA,"Forest River, Inc.",Forest River,,Riverside County,239,2024-10-16,2024-12-13,Closure Permanent,2026-08-30T21:43:41.512264Z
2963ecdc8285496b,CA,"Benson House, Inc.",Benson House,,Riverside County,44,2024-10-16,2024-12-15,Layoff Permanent,2026-08-30T21:43:41.512264Z
f51150bec0f0bfef,CA,Maxar Space LLC,Maxar Space,,Santa Clara County,21,2024-10-15,2024-10-18,Layoff Permanent,2026-08-30T21:43:41.512264Z
d68e02d1ffea3792,CA,AppLovin Corporation,AppLovin,,Santa Clara County,58,2024-10-15,2024-10-15,Layoff Permanent,2026-08-30T21:43:41.512264Z
cc7200b700783e94,CA,Maxar Space LLC,Maxar Space,,Santa Clara County,31,2024-10-15,2024-10-18,Layoff Permanent,2026-08-30T21:43:41.512264Z
99e9e9d07af3e0e7,CA,Maxar Space LLC,Maxar Space,,Santa Clara County,6,2024-10-15,2024-10-18,Layoff Permanent,2026-08-30T21:43:41.512264Z
8a1c78f14a4e88a1,CA,"Elevance Health, Inc.",Elevance Health,,Los Angeles County,59,2024-10-15,2024-10-18,Layoff Permanent,2026-08-30T21:43:41.512264Z
81579eb67eb64226,CA,Maxar Space LLC,Maxar Space,,Santa Clara County,3,2024-10-15,2024-10-18,Layoff Permanent,2026-08-30T21:43:41.512264Z
804256a5ea46b4d9,CA,Intel Corporation,Intel,,Santa Clara County,47,2024-10-15,2024-11-15,Layoff Permanent,2026-08-30T21:43:41.512264Z
4704b89fc57c0e5a,CA,Intel Corporation,Intel,,Sacramento County,272,2024-10-15,2024-11-15,Layoff Permanent,2026-08-30T21:43:41.512264Z
32c1834b355c1ed6,CA,"Elevance Health, Inc.",Elevance Health,,Los Angeles County,64,2024-10-15,2024-10-18,Layoff Permanent,2026-08-30T21:43:41.512264Z
28b04441b72fcf8f,CA,"Security Industry Specialists, Inc.",Security Industry Specialists,,San Francisco County,80,2024-10-11,2024-11-11,Layoff Permanent,2026-08-30T21:43:41.512264Z
ff094673108169f1,CA,Emanate Health System,Emanate Health System,,Los Angeles County,7,2024-10-10,2024-12-09,Layoff Permanent,2026-08-30T21:43:41.512264Z
ee25d014e323b96f,CA,Emanate Health System,Emanate Health System,,Los Angeles County,22,2024-10-10,2024-12-09,Layoff Permanent,2026-08-30T21:43:41.512264Z
ddf708536755584f,CA,"Pixelogic Media Partners, LLC",Pixelogic Media Partners,,Los Angeles County,30,2024-10-10,2024-10-10,Layoff Permanent,2026-08-30T21:43:41.512264Z
d8d4cb7a0da07823,CA,Emanate Health System,Emanate Health System,,Los Angeles County,11,2024-10-10,2024-12-09,Layoff Permanent,2026-08-30T21:43:41.512264Z
c8ad9b65cf11bdb5,CA,Emanate Health System,Emanate Health System,,Los Angeles County,1,2024-10-10,2024-12-09,Layoff Permanent,2026-08-30T21:43:41.512264Z
b15924c07f7671a5,CA,Emanate Health System,Emanate Health System,,Los Angeles County,12,2024-10-10,2024-12-09,Closure Permanent,2026-08-30T21:43:41.512264Z
a79c9f2fd3fe053e,CA,Emanate Health System,Emanate Health System,,Los Angeles County,32,2024-10-10,2024-12-09,Closure Permanent,2026-08-30T21:43:41.512264Z
a281dd8274735bde,CA,MCGA Hotels SF LLC,MCGA Hotels SF,,San Francisco County,86,2024-10-10,2024-12-10,Layoff Temporary,2026-08-30T21:43:41.512264Z
7dc39475d3444101,CA,Emanate Health System,Emanate Health System,,Los Angeles County,2,2024-10-10,2024-12-09,Layoff Permanent,2026-08-30T21:43:41.512264Z
794ddf228cb1660a,CA,Emanate Health System,Emanate Health System,,Los Angeles County,14,2024-10-10,2024-12-09,Layoff Permanent,2026-08-30T21:43:41.512264Z
6446efaefa372444,CA,Emanate Health System,Emanate Health System,,Los Angeles County,4,2024-10-10,2024-12-09,Layoff Permanent,2026-08-30T21:43:41.512264Z
1fd215bb305e37cd,CA,"Red Lobster Restaurants, LLC",Red Lobster Restaurants,,Santa Clara County,50,2024-10-10,2024-12-07,Layoff Permanent,2026-08-30T21:43:41.512264Z
1e8f5f71a981ac37,CA,"Pixelogic Media Partners, LLC",Pixelogic Media Partners,,Los Angeles County,7,2024-10-10,2024-10-10,Layoff Permanent,2026-08-30T21:43:41.512264Z
17c752a902e4b9d6,CA,Gigamon Inc.,Gigamon,,Santa Clara County,69,2024-10-10,2024-12-31,Layoff Permanent,2026-08-30T21:43:41.512264Z
fd2a31261073b621,CA,"Thermal Structures, Inc.",Thermal Structures,,Riverside County,40,2024-10-09,2024-11-25,Closure Temporary,2026-08-30T21:43:41.512264Z
ce1fd8f57d64ee9d,CA,Kaiser Foundation Hospitals,Kaiser Foundation Hospitals,,Contra Costa County,1,2024-10-09,2024-12-06,Layoff Permanent,2026-08-30T21:43:41.512264Z
c55a2fb541e145f9,CA,Adventist Health Simi Valley,Adventist Health Simi Valley,,Ventura County,10,2024-10-09,2024-09-27,Layoff Permanent,2026-08-30T21:43:41.512264Z
b55397a7bba4e1e1,CA,Kaiser Foundation Hospitals,Kaiser Foundation Hospitals,,Alameda County,7,2024-10-09,2024-12-06,Layoff Permanent,2026-08-30T21:43:41.512264Z
958283c80bc7b608,CA,"CareFusion Resources, LLC, a subsidiary of Becton, Dickinson and Company","CareFusion Resources, LLC, a subsidiary of Becton, Dickinson and",,San Diego County,67,2024-10-09,2024-09-10,Layoff Permanent,2026-08-30T21:43:41.512264Z
8e21726de727e69f,CA,Kaiser Foundation Hospitals,Kaiser Foundation Hospitals,,Los Angeles County,4,2024-10-09,2024-12-06,Layoff Permanent,2026-08-30T21:43:41.512264Z
8bf4eeb9d31834bc,CA,"CareFusion Resources, LLC, a subsidiary of Becton, Dickinson and Company","CareFusion Resources, LLC, a subsidiary of Becton, Dickinson and",,San Diego County,116,2024-10-09,2024-09-10,Layoff Permanent,2026-08-30T21:43:41.512264Z
432e5d4cc01ead42,CA,"Velo3D, Inc.",Velo3D,,Alameda County,29,2024-10-09,2024-12-08,Layoff Permanent,2026-08-30T21:43:41.512264Z
3caf0120d0b34c45,CA,Kaiser Foundation Hospitals,Kaiser Foundation Hospitals,,Alameda County,6,2024-10-09,2024-12-06,Layoff Permanent,2026-08-30T21:43:41.512264Z
218f6cc4836fab44,CA,Peraton,Peraton,,Monterey County,52,2024-10-09,2024-11-14,Layoff Permanent,2026-08-30T21:43:41.512264Z
0a47e25674a34564,CA,"Blackstone Gaming, LLC",Blackstone Gaming,,Los Angeles County,140,2024-10-09,2024-12-02,Layoff Permanent,2026-08-30T21:43:41.512264Z
e2db8112c14a997e,CA,"Amys Kitchen, Inc.",Amys Kitchen,,Sonoma County,283,2024-10-08,2024-12-03,Layoff Permanent,2026-08-30T21:43:41.512264Z
d0c73bc3a382c429,CA,"Avante Health, Inc.",Avante Health,,Orange County,159,2024-10-08,2024-11-25,Closure Permanent,2026-08-30T21:43:41.512264Z
865244d6c7484671,CA,"Amys Kitchen, Inc.",Amys Kitchen,,Sonoma County,22,2024-10-08,2024-12-03,Layoff Permanent,2026-08-30T21:43:41.512264Z
4a6fc84adadac613,CA,NFI National Distribution Centers LLC,NFI National Distribution Centers,,Los Angeles County,54,2024-10-08,2024-12-31,Closure Permanent,2026-08-30T21:43:41.512264Z
09b9a07a38291319,CA,"Medtronic, Inc.",Medtronic,,Orange County,237,2024-10-08,2024-12-04,Closure Temporary,2026-08-30T21:43:41.512264Z
673d354f2e2ac3bf,CA,"L3Harris Technologies, Sonoma EO","L3Harris Technologies, Sonoma EO",,Sonoma County,49,2024-10-07,2024-12-12,Closure Permanent,2026-08-30T21:43:41.512264Z
eb4fbd6e42d83491,CA,Blue Shield of California,Blue Shield of California,,Los Angeles County,29,2024-10-03,2024-12-11,Layoff Permanent,2026-08-30T21:43:41.512264Z
d91bad3045966be3,CA,"Avon Protection Systems, Inc.",Avon Protection Systems,,Orange County,128,2024-10-03,2024-12-20,Layoff Permanent,2026-08-30T21:43:41.512264Z
b2ff7277cda9d20a,CA,Blue Shield of California,Blue Shield of California,,Los Angeles County,5,2024-10-03,2024-12-11,Layoff Permanent,2026-08-30T21:43:41.512264Z
ac6796e156c9f087,CA,Blue Shield of California,Blue Shield of California,,Alameda County,16,2024-10-03,2024-12-11,Layoff Permanent,2026-08-30T21:43:41.512264Z
9c31b614b027e9d7,CA,Blue Shield of California,Blue Shield of California,,El Dorado County,1,2024-10-03,2024-12-11,Layoff Permanent,2026-08-30T21:43:41.512264Z
78b4336a5d84b210,CA,Blue Shield of California,Blue Shield of California,,El Dorado County,4,2024-10-03,2024-12-11,Layoff Permanent,2026-08-30T21:43:41.512264Z
6d02bf75467d02a1,CA,AppLovin Corporation,AppLovin,,Santa Clara County,65,2024-10-03,2024-10-03,Layoff Permanent,2026-08-30T21:43:41.512264Z
3c879ef698f80407,CA,Texas de Brazil Corporation,Texas de Brazil,,Ventura County,35,2024-10-03,2024-11-29,Closure Permanent,2026-08-30T21:43:41.512264Z
cf7617e7a005aa1d,CA,"Key Energy Services, LLC",Key Energy Services,,Ventura County,21,2024-10-02,2024-12-02,Layoff Permanent,2026-08-30T21:43:41.512264Z
b120aa9278b109b7,CA,"Key Energy Services, LLC",Key Energy Services,,Monterey County,9,2024-10-02,2024-12-02,Layoff Permanent,2026-08-30T21:43:41.512264Z
3bd8bfc9c9396024,CA,"FlexCare Medical Staffing, LLC",FlexCare Medical Staffing,,Placer County,110,2024-10-02,2024-11-26,Layoff Permanent,2026-08-30T21:43:41.512264Z
0815e40817e7f4ae,CA,"Key Energy Services, LLC",Key Energy Services,,Kern County,63,2024-10-02,2024-12-02,Layoff Permanent,2026-08-30T21:43:41.512264Z
d72a1e6175e2fb16,CA,Infineon Technologies Americas Corp.,Infineon Technologies Americas,,San Diego County,4,2024-10-01,2024-10-11,Layoff Permanent,2026-08-30T21:43:41.512264Z
c9d494b66f7db79a,CA,Paramount Global,Paramount Global,,Los Angeles County,77,2024-10-01,2024-11-23,Layoff Permanent,2026-08-30T21:43:41.512264Z
b8c15c0cc2622623,CA,Infineon Technologies Americas Corp.,Infineon Technologies Americas,,Santa Clara County,104,2024-10-01,2024-10-11,Layoff Permanent,2026-08-30T21:43:41.512264Z
addf2cad359225f1,CA,"Wildbrine, LLC",Wildbrine,,Sonoma County,37,2024-10-01,2024-12-01,Closure Permanent,2026-08-30T21:43:41.512264Z
9e2fb8787760da5e,CA,Infineon Technologies Americas Corp.,Infineon Technologies Americas,,Orange County,3,2024-10-01,2024-10-11,Layoff Permanent,2026-08-30T21:43:41.512264Z
9cb897999b972737,CA,"Communications Test Design, Inc.",Communications Test Design,,San Bernardino County,83,2024-10-01,2024-12-02,Layoff Permanent,2026-08-30T21:43:41.512264Z
92fd990c9507e17c,CA,"Beachbody, LLC",Beachbody,,Los Angeles County,160,2024-10-01,2024-12-01,Layoff Permanent,2026-08-30T21:43:41.512264Z
7409641fe180146f,CA,Infineon Technologies Americas Corp,Infineon Technologies Americas,,Santa Clara County,1,2024-10-01,2024-10-11,Layoff Permanent,2026-08-30T21:43:41.512264Z
5dcedcf9bfae61d1,CA,Paramount Global,Paramount Global,,Los Angeles County,140,2024-10-01,2024-11-23,Layoff Permanent,2026-08-30T21:43:41.512264Z
5a9a5ec6b1868714,CA,"Hanwha Vision America, Inc.",Hanwha Vision America,,Santa Clara County,23,2024-10-01,2024-12-04,Closure Permanent,2026-08-30T21:43:41.512264Z
53b0789e43535ec7,CA,"Green Thumb Produce, Inc.",Green Thumb Produce,,Riverside County,112,2024-10-01,2024-12-01,Closure Permanent,2026-08-30T21:43:41.512264Z
4f4f94893277d39f,CA,Infineon Technologies Americas Corp,Infineon Technologies Americas,,Los Angeles County,43,2024-10-01,2024-10-11,Layoff Permanent,2026-08-30T21:43:41.512264Z
3200e7f2b4aed1f8,CA,Infineon Technologies Americas Corp.,Infineon Technologies Americas,,Riverside County,19,2024-10-01,2024-10-11,Layoff Permanent,2026-08-30T21:43:41.512264Z
301b2353a1b56b9d,CA,Paramount Global,Paramount Global,,Los Angeles County,23,2024-10-01,2024-11-23,Layoff Permanent,2026-08-30T21:43:41.512264Z
0d6e3f5d78b0328f,CA,"Amyris, Inc.",Amyris,,Alameda County,50,2024-10-01,2024-12-02,Layoff Permanent,2026-08-30T21:43:41.512264Z
9d0ed354a4910a24,CA,"Dreyer&rsquo;s Grand Ice Cream, Inc.",Dreyer&rsquo;s Grand Ice Cream,,Tulare County,188,2024-09-27,2024-11-25,Layoff Temporary,2026-08-30T21:43:41.512264Z
8689825fd668da99,CA,"Dreyer&rsquo;s Grand Ice Cream, Inc.",Dreyer&rsquo;s Grand Ice Cream,,Kern County,733,2024-09-27,2024-11-25,Layoff Temporary,2026-08-30T21:43:41.512264Z
f0b00979b427c663,CA,"Randstad Inhouse Services, LLC",Randstad Inhouse Services,,Tulare County,102,2024-09-26,2024-11-25,Layoff Temporary,2026-08-30T21:43:41.512264Z
c794bf2d483a5174,CA,"Randstad Inhouse Services, LLC",Randstad Inhouse Services,,Kern County,180,2024-09-26,2024-11-25,Layoff Temporary,2026-08-30T21:43:41.512264Z
554fb7d6d3b69bad,CA,Corteva Agriscience LLC,Corteva Agriscience,,Contra Costa County,18,2024-09-26,2025-01-03,Layoff Permanent,2026-08-30T21:43:41.512264Z
3bc8a677bd5f4101,CA,"ImmunityBio, Inc.",ImmunityBio,,Los Angeles County,4,2024-09-26,2024-11-25,Layoff Permanent,2026-08-30T21:43:41.512264Z
2641bc7d0f6c68d3,CA,"ImmunityBio, Inc.",ImmunityBio,,Los Angeles County,2,2024-09-26,2024-11-25,Layoff Permanent,2026-08-30T21:43:41.512264Z
10e5faa0d8610390,CA,"ImmunityBio, Inc.",ImmunityBio,,Los Angeles County,3,2024-09-26,2024-11-25,Layoff Permanent,2026-08-30T21:43:41.512264Z
faa5c42328f5920d,CA,"Newark Group, Inc.",Newark Group,,Santa Clara County,32,2024-09-24,2024-11-23,Closure Permanent,2026-08-30T21:43:41.512264Z
668353e3188046d2,CA,"Mini Pharmacy Enterprises, Inc.",Mini Pharmacy Enterprises,,Los Angeles County,50,2024-09-24,2024-12-27,Closure Permanent,2026-08-30T21:43:41.512264Z
5c15720fdb521bd2,CA,Paramount Global,Paramount Global,,Los Angeles County,14,2024-09-24,2024-11-18,Layoff Permanent,2026-08-30T21:43:41.512264Z
ee66ba2cd2960d47,CA,Twelve Oaks Foundation dba Twelve Oaks Senior Living,Twelve Oaks Foundation,Twelve Oaks Senior Living,Los Angeles County,20,2024-09-23,2024-11-25,Layoff Permanent,2026-08-30T21:43:41.512264Z
cc5e1661c97e05d7,CA,Kaiser Foundation Hospitals,Kaiser Foundation Hospitals,,Alameda County,13,2024-09-23,2024-11-22,Layoff Permanent,2026-08-30T21:43:41.512264Z
baf2345d1549ae66,CA,Jabil Inc.,Jabil,,Alameda County,156,2024-09-23,2024-12-23,Closure Temporary,2026-08-30T21:43:41.512264Z
59fef682291f2b8c,CA,Kaiser Foundation Hospitals,Kaiser Foundation Hospitals,,Los Angeles County,2,2024-09-23,2024-11-22,Layoff Permanent,2026-08-30T21:43:41.512264Z
41d43e53648787a9,CA,Kaiser Foundation Hospitals,Kaiser Foundation Hospitals,,Los Angeles County,5,2024-09-23,2024-11-22,Layoff Permanent,2026-08-30T21:43:41.512264Z
41a65d3fef7d018a,CA,Kaiser Foundation Hospitals,Kaiser Foundation Hospitals,,Riverside County,7,2024-09-23,2024-11-22,Layoff Permanent,2026-08-30T21:43:41.512264Z
406635192362c151,CA,Kaiser Foundation Hospitals,Kaiser Foundation Hospitals,,Alameda County,1,2024-09-23,2024-11-22,Layoff Permanent,2026-08-30T21:43:41.512264Z
97c7f896f3be0054,CA,Jabil Inc.,Jabil,,Orange County,59,2024-09-20,2024-12-23,Closure Temporary,2026-08-30T21:43:41.512264Z
552c1ad5938440b9,CA,USC Verdugo Hills Hospital,USC Verdugo Hills Hospital,,Los Angeles County,65,2024-09-20,2024-11-20,Closure Permanent,2026-08-30T21:43:41.512264Z
cd9df076901a2292,CA,"Cuberg, Inc.",Cuberg,,Alameda County,27,2024-09-18,2024-10-19,Closure Permanent,2026-08-30T21:43:41.512264Z
bd8c68f8ee805d81,CA,"Cisco Systems, Inc.",Cisco Systems,,San Francisco County,134,2024-09-17,2024-11-15,Layoff Permanent,2026-08-30T21:43:41.512264Z
70b6351b66b94630,CA,International Business Machines Corporation (IBM),International Business Machines Corporation (IBM),,San Francisco County,58,2024-09-17,2024-11-18,Layoff Permanent,2026-08-30T21:43:41.512264Z
61de9422ebe600a3,CA,"Cisco Systems, Inc.",Cisco Systems,,Santa Clara County,145,2024-09-17,2024-11-15,Layoff Permanent,2026-08-30T21:43:41.512264Z
53bafcb05350ebba,CA,International Business Machines Corporation (IBM),International Business Machines Corporation (IBM),,Santa Clara County,54,2024-09-17,2024-11-18,Layoff Permanent,2026-08-30T21:43:41.512264Z
413aa9c71abb01d0,CA,"Monterey Mushrooms, LLC",Monterey Mushrooms,,Santa Cruz County,605,2024-09-17,2024-12-09,Closure Permanent,2026-08-30T21:43:41.512264Z
1388898c9ae2670a,CA,"Cisco Systems, Inc.",Cisco Systems,,Santa Clara County,563,2024-09-17,2024-11-15,Layoff Permanent,2026-08-30T21:43:41.512264Z
facc180c761ab63d,CA,"Converse, Inc.",Converse,,San Bernardino County,31,2024-09-16,2024-11-15,Layoff Permanent,2026-08-30T21:43:41.512264Z
f274388d150b9487,CA,Foundation for California Community Colleges,Foundation for California Community Colleges,,Sacramento County,368,2024-09-16,2024-11-15,Layoff Permanent,2026-08-30T21:43:41.512264Z
be40aee017237a85,CA,"Southwire Company, LLC",Southwire,,San Bernardino County,78,2024-09-16,2024-12-31,Closure Permanent,2026-08-30T21:43:41.512264Z
a26c2f4663e66dd2,CA,"Converse, Inc.",Converse,,San Bernardino County,46,2024-09-16,2024-11-15,Layoff Permanent,2026-08-30T21:43:41.512264Z
81a48c5c0a5c0fcc,CA,"Houweling Camarillo, Inc.",Houweling Camarillo,,Ventura County,203,2024-09-16,2024-11-18,Closure Permanent,2026-08-30T21:43:41.512264Z
77ef6224df0f3d70,CA,"Advantest, Inc.",Advantest,,Alameda County,88,2024-09-16,2024-11-22,Closure Permanent,2026-08-30T21:43:41.512264Z
bd55abee3a4adc08,CA,Activision Blizzard,Activision Blizzard,,Orange County,140,2024-09-13,2024-10-11,Layoff Permanent,2026-08-30T21:43:41.512264Z
7084dd0b40b2013a,CA,Activision Blizzard,Activision Blizzard,,Los Angeles County,143,2024-09-13,2024-11-15,Layoff Permanent,2026-08-30T21:43:41.512264Z
48eee4d54293627e,CA,Activision Blizzard,Activision Blizzard,,Los Angeles County,110,2024-09-13,2024-10-11,Layoff Permanent,2026-08-30T21:43:41.512264Z
02dbd904c33b53b6,CA,ITC Federal,ITC Federal,,Orange County,31,2024-09-13,2024-11-15,Layoff Permanent,2026-08-30T21:43:41.512264Z
d38686a9b9dd4a55,CA,"GXO Logistics Supply Chain, Inc.",GXO Logistics Supply Chain,,San Bernardino County,114,2024-09-12,2024-12-31,Layoff Permanent,2026-08-30T21:43:41.512264Z
b2a655abbea35555,CA,"Field Controls, LLC",Field Controls,,Riverside County,5,2024-09-11,2024-09-13,Closure Permanent,2026-08-30T21:43:41.512264Z
e2f6f4e7cba95690,CA,Conrad Employer LLC,Conrad Employer,,Los Angeles County,47,2024-09-10,2024-11-13,Layoff Permanent,2026-08-30T21:43:41.512264Z
9c2c1b2730b331de,CA,Snohetta Architecture Landscape Architecture PC,Snohetta Architecture Landscape Architecture,,San Francisco County,5,2024-09-10,2024-12-23,Closure Permanent,2026-08-30T21:43:41.512264Z
97fcf0dee5b895af,CA,"Distribution Alternatives, Inc.",Distribution Alternatives,,San Bernardino County,5,2024-09-10,2024-11-11,Layoff Permanent,2026-08-30T21:43:41.512264Z
3b1b27f4c327a66e,CA,Biosense Webster Inc.,Biosense Webster,,Santa Clara County,13,2024-09-10,2024-11-21,Closure Permanent,2026-08-30T21:43:41.512264Z
04094977159cb519,CA,Qualcomm Incorporated,Qualcomm,,San Diego County,226,2024-09-10,2024-11-12,Layoff Permanent,2026-08-30T21:43:41.512264Z
e118b2eb4d915fe8,CA,"MMT Craft, LLC, dba Modern Times Beer & Coffee",MMT Craft,Modern Times Beer & Coffee,San Diego County,55,2024-09-09,2024-11-06,Closure Permanent,2026-08-30T21:43:41.512264Z
de6e027296bf0a5a,CA,Kaiser Foundation Hospitals,Kaiser Foundation Hospitals,,Alameda County,249,2024-09-09,2024-11-05,Closure Permanent,2026-08-30T21:43:41.512264Z
d497753078680512,CA,Amazon,Amazon,,Yolo County,159,2024-09-09,2024-10-30,Layoff Permanent,2026-08-30T21:43:41.512264Z
6efff2988eaa81e0,CA,"Commerce Distribution Center, LLC",Commerce Distribution Center,,Los Angeles County,294,2024-09-09,2024-11-11,Layoff Permanent,2026-08-30T21:43:41.512264Z
5a3d1e51b92521c8,CA,"MMT Craft, LLC, dba Modern Times Beer & Coffee",MMT Craft,Modern Times Beer & Coffee,San Diego County,15,2024-09-09,2024-11-06,Closure Permanent,2026-08-30T21:43:41.512264Z
12af59687730351c,CA,"MMT Craft, LLC, dba Modern Times Beer & Coffee",MMT Craft,Modern Times Beer & Coffee,San Diego County,7,2024-09-09,2024-11-06,Closure Permanent,2026-08-30T21:43:41.512264Z
0508b43f4905d51c,CA,Amazon,Amazon,,Orange County,162,2024-09-09,2024-11-07,Layoff Permanent,2026-08-30T21:43:41.512264Z
fd00421d084785a4,CA,"Distribution Alternatives, Inc.",Distribution Alternatives,,San Bernardino County,1,2024-09-06,2024-11-05,Layoff Permanent,2026-08-30T21:43:41.512264Z
9df4cb02509d9b7b,CA,"Big Lots, Inc.",Big Lots,,San Bernardino County,349,2024-09-05,2024-10-31,Closure Permanent,2026-08-30T21:43:41.512264Z
9bcc3144299ed543,CA,"Illumina, Inc.",Illumina,,San Diego County,3,2024-09-05,2024-11-06,Layoff Permanent,2026-08-30T21:43:41.512264Z
618f04c3b1f291ea,CA,"PerfectVision Manufacturing, Inc.",PerfectVision Manufacturing,,San Bernardino County,6,2024-09-05,2024-11-04,Closure Permanent,2026-08-30T21:43:41.512264Z
3c323062000cb9a5,CA,Stanislaus Surgical Hospital,Stanislaus Surgical Hospital,,Stanislaus County,164,2024-09-05,2024-09-04,Layoff Temporary,2026-08-30T21:43:41.512264Z
fbaddb3ac19d902c,CA,City National Bank,City National Bank,,Los Angeles County,2,2024-09-04,2024-08-29,Layoff Permanent,2026-08-30T21:43:41.512264Z
c96818b42aa011d2,CA,Enervenue,Enervenue,,Alameda County,65,2024-09-04,2024-11-08,Layoff Permanent,2026-08-30T21:43:41.512264Z
8325e4c78277376d,CA,Planet Labs PBC,Planet Labs PBC,,San Francisco County,1,2024-09-04,2024-10-31,Layoff Permanent,2026-08-30T21:43:41.512264Z
7cdad9e13c406710,CA,Edwards Lifesciences LLC,Edwards Lifesciences,,Orange County,192,2024-09-04,2024-11-08,Layoff Permanent,2026-08-30T21:43:41.512264Z
794ad1b9a5f3c032,CA,"ChargePoint, Inc.",ChargePoint,,Santa Clara County,64,2024-09-04,2024-11-04,Layoff Permanent,2026-08-30T21:43:41.512264Z
4fceb25b6cdf8a0b,CA,Edwards Lifesciences LLC,Edwards Lifesciences,,Orange County,1,2024-09-04,2024-11-08,Layoff Permanent,2026-08-30T21:43:41.512264Z
f9f65aed26f28991,CA,"Hogan Personnel, LLC",Hogan Personnel,,San Bernardino County,98,2024-09-03,2024-11-02,Closure Permanent,2026-08-30T21:43:41.512264Z
cf95239d91c0ac4c,CA,BioMarin Pharmaceutical Inc.,BioMarin Pharmaceutical,,Marin County,94,2024-09-03,2024-11-01,Layoff Permanent,2026-08-30T21:43:41.512264Z
74d7ed4c23556461,CA,Save Mart Supermarkets LLC dba Yosemite Wholesale Company,Save Mart Supermarkets,Yosemite Wholesale Company,Merced County,254,2024-09-03,2024-11-03,Closure Permanent,2026-08-30T21:43:41.512264Z
6c4f2b105a9802dd,CA,BioMarin Pharmaceutical Inc.,BioMarin Pharmaceutical,,Marin County,52,2024-09-03,2024-11-01,Layoff Permanent,2026-08-30T21:43:41.512264Z
48fd08a2e25d2fd8,CA,"TuSimple, Inc.",TuSimple,,San Diego County,1,2024-09-03,2024-10-30,Layoff Permanent,2026-08-30T21:43:41.512264Z
3e95a77eeeaa7609,CA,"Hogan Services, Inc.",Hogan Services,,San Bernardino County,14,2024-09-03,2024-11-02,Closure Permanent,2026-08-30T21:43:41.512264Z
224563e42ae5459d,CA,Johns Manville,Johns Manville,,Glenn County,100,2024-09-03,2024-11-03,Layoff Temporary,2026-08-30T21:43:41.512264Z
0a75edb7bfe25fa9,CA,BioMarin Pharmaceutical Inc.,BioMarin Pharmaceutical,,Sonoma County,1,2024-09-03,2024-11-01,Layoff Permanent,2026-08-30T21:43:41.512264Z
f7fad6910ee97f96,CA,"ImmunityBio, Inc.",ImmunityBio,,Los Angeles County,1,2024-08-30,2024-10-29,Layoff Permanent,2026-08-30T21:43:41.512264Z
f37bbf535f24897e,CA,"ImmunityBio, Inc.",ImmunityBio,,Los Angeles County,6,2024-08-30,2024-10-29,Layoff Permanent,2026-08-30T21:43:41.512264Z
efe2b700d9cf0a74,CA,Intel Corporation,Intel,,Santa Clara County,4,2024-08-30,2024-10-31,Layoff Permanent,2026-08-30T21:43:41.512264Z
d56740138ccea873,CA,DermTech,DermTech,,San Diego County,51,2024-08-30,2024-09-06,Layoff Permanent,2026-08-30T21:43:41.512264Z
beb43816f18c65b2,CA,Intel Corporation,Intel,,Santa Clara County,15,2024-08-30,2024-10-31,Layoff Permanent,2026-08-30T21:43:41.512264Z
823fbbb2bfdcf31c,CA,Intel Corporation,Intel,,Santa Clara County,23,2024-08-30,2024-10-31,Layoff Permanent,2026-08-30T21:43:41.512264Z
556c65e60e595c3b,CA,Intel Corporation,Intel,,Santa Clara County,12,2024-08-30,2024-10-31,Layoff Permanent,2026-08-30T21:43:41.512264Z
3303f989c71c2e8f,CA,Elaine Bell Catering Company,Elaine Bell Catering,,Napa County,164,2024-08-30,2024-10-31,Closure Permanent,2026-08-30T21:43:41.512264Z
2c9eec61bc0f6190,CA,"ImmunityBio, Inc.",ImmunityBio,,Los Angeles County,3,2024-08-30,2024-10-29,Layoff Permanent,2026-08-30T21:43:41.512264Z
1e1279384b20e95a,CA,"ImmunityBio, Inc.",ImmunityBio,,Los Angeles County,5,2024-08-30,2024-10-29,Layoff Permanent,2026-08-30T21:43:41.512264Z
be1e98e36c1d154a,CA,"Fisker Group, Inc.",Fisker Group,,Orange County,8,2024-08-29,2024-10-01,Closure Permanent,2026-08-30T21:43:41.512264Z
a44cc78eb48ef817,CA,"Fisker Group, Inc.",Fisker Group,,Los Angeles County,43,2024-08-29,2024-10-01,Closure Permanent,2026-08-30T21:43:41.512264Z
38769b9ff6d915de,CA,Schlumberger Technology Corporation,Schlumberger Technology,,Kern County,28,2024-08-29,2024-10-29,Layoff Permanent,2026-08-30T21:43:41.512264Z
d2457bb6b4df7608,CA,Menzies Aviation,Menzies Aviation,,San Francisco County,124,2024-08-27,2024-10-22,Layoff Permanent,2026-08-30T21:43:41.512264Z
bb590df9d7bd9a9b,CA,"Astellas Gene Therapies, Inc.",Astellas Gene Therapies,,San Mateo County,7,2024-08-27,2024-10-21,Layoff Permanent,2026-08-30T21:43:41.512264Z
7414c2ab8af1bb87,CA,"Shake Shack Enterprises, LLC",Shake Shack Enterprises,,Alameda County,32,2024-08-27,2024-08-27,Closure Permanent,2026-08-30T21:43:41.512264Z
71f8d5eeb6009fb4,CA,"Shake Shack Enterprises, LLC",Shake Shack Enterprises,,Los Angeles County,20,2024-08-27,2024-08-27,Closure Permanent,2026-08-30T21:43:41.512264Z
49c4862ba9ba4cd3,CA,Jabil Inc.,Jabil,,Santa Clara County,472,2024-08-27,2024-11-25,Closure Temporary,2026-08-30T21:43:41.512264Z
40dcf452496d41e9,CA,"Shake Shack Enterprises, LLC",Shake Shack Enterprises,,Los Angeles County,18,2024-08-27,2024-08-27,Closure Permanent,2026-08-30T21:43:41.512264Z
2bf911447968a7a0,CA,"Shake Shack Enterprises, LLC",Shake Shack Enterprises,,Los Angeles County,24,2024-08-27,2024-08-27,Closure Permanent,2026-08-30T21:43:41.512264Z
4a57e4dab9ef38f8,CA,"Fermented Sciences II, Inc.",Fermented Sciences II,,Ventura County,50,2024-08-26,2024-10-25,Layoff Permanent,2026-08-30T21:43:41.512264Z
378fa9da553ce04a,CA,AT&T,AT&T,,Contra Costa County,10,2024-08-26,2024-10-25,Layoff Permanent,2026-08-30T21:43:41.512264Z
33feb2fc76e7c9cf,CA,"Shadow Holdings, LLC dba Bright Innovation Labs",Shadow Holdings,Bright Innovation Labs,Los Angeles County,8,2024-08-26,2024-10-25,Closure Permanent,2026-08-30T21:43:41.512264Z
2ab3642f57ddd97d,CA,Silgan Containers,Silgan Containers,,Contra Costa County,44,2024-08-26,2024-10-14,Layoff Temporary,2026-08-30T21:43:41.512264Z
4df7499878ae53fe,CA,Menzies Aviation,Menzies Aviation,,Los Angeles County,91,2024-08-23,2024-10-31,Layoff Permanent,2026-08-30T21:43:41.512264Z
218bb2a129962ca0,CA,"Mama's Ladera Ranch, LP",Mama's Ladera Ranch,,Orange County,42,2024-08-23,2024-10-22,Closure Permanent,2026-08-30T21:43:41.512264Z
d1c5c216758c4510,CA,California Resources Corporation,California Resources,,Kern County,69,2024-08-22,2024-08-22,Layoff Permanent,2026-08-30T21:43:41.512264Z
b6d945a3174c9039,CA,Silgan Containers,Silgan Containers,,Stanislaus County,70,2024-08-22,2024-10-20,Layoff Temporary,2026-08-30T21:43:41.512264Z
59540fb183debe3e,CA,"FS - Precision Tech. Co., LLC",FS - Precision Tech,,Los Angeles County,100,2024-08-22,2024-09-27,Closure Permanent,2026-08-30T21:43:41.512264Z
0eda9e9f586622d5,CA,"Genentech, Inc.",Genentech,,San Mateo County,93,2024-08-22,2024-10-08,Layoff Permanent,2026-08-30T21:43:41.512264Z
e218c352374af079,CA,"Cisco Systems, Inc.",Cisco Systems,,Santa Clara County,53,2024-08-21,2024-10-18,Layoff Permanent,2026-08-30T21:43:41.512264Z
2712cf0cdf2b174e,CA,Silgan Containers,Silgan Containers,,Stanislaus County,72,2024-08-21,2024-10-13,Layoff Temporary,2026-08-30T21:43:41.512264Z
1aad4d841d86cb03,CA,"V2X dba Vertex Aerospace, LLC",V2X,"Vertex Aerospace, LLC",San Diego County,46,2024-08-21,2024-10-31,Closure Permanent,2026-08-30T21:43:41.512264Z
d2881351b09c83b2,CA,Nordson Corporation,Nordson,,San Diego County,11,2024-08-20,2024-10-25,Layoff Permanent,2026-08-30T21:43:41.512264Z
b1ae705d95850387,CA,"Five9, Inc.",Five9,,Contra Costa County,30,2024-08-20,2024-08-20,Layoff Permanent,2026-08-30T21:43:41.512264Z
75623700fd4a7fa6,CA,"Penumbra, Inc.",Penumbra,,Alameda County,71,2024-08-20,2024-11-01,Layoff Permanent,2026-08-30T21:43:41.512264Z
59806b31f65b1935,CA,"Cuberg, Inc.",Cuberg,,Alameda County,196,2024-08-20,2024-10-19,Closure Permanent,2026-08-30T21:43:41.512264Z
3ef142604caf5a2d,CA,"Five9, Inc.",Five9,,San Francisco County,3,2024-08-20,2024-08-20,Layoff Permanent,2026-08-30T21:43:41.512264Z
3e98769bc21edf57,CA,ITC Federal,ITC Federal,,Orange County,31,2024-08-19,2024-10-18,Layoff Permanent,2026-08-30T21:43:41.512264Z
714cb57dac598027,CA,Paramount Global,Paramount Global,,Los Angeles County,95,2024-08-16,2024-10-12,Layoff Permanent,2026-08-30T21:43:41.512264Z
2b30846281a6e5f9,CA,Paramount Global,Paramount Global,,Los Angeles County,193,2024-08-16,2024-10-12,Layoff Permanent,2026-08-30T21:43:41.512264Z
4271e77af5aa90ce,CA,NFI National Distribution Centers LLC,NFI National Distribution Centers,,San Joaquin County,40,2024-08-15,2024-09-30,Closure Permanent,2026-08-30T21:43:41.512264Z
0e0e1cdd61def51f,CA,Canoo,Canoo,,Los Angeles County,185,2024-08-15,2024-10-15,Layoff Permanent,2026-08-30T21:43:41.512264Z
feb5ec27b0b31337,CA,"VSP Optical Group, Inc.",VSP Optical Group,,Sacramento County,186,2024-08-14,2025-01-02,Closure Permanent,2026-08-30T21:43:41.512264Z
a182bc058210eefd,CA,Volunteers of America Southwest,Volunteers of America Southwest,,San Diego County,9,2024-08-14,2024-10-14,Closure Permanent,2026-08-30T21:43:41.512264Z
71f9f1220d09aa57,CA,AppLovin Corporation,AppLovin,,Santa Clara County,61,2024-08-14,2024-08-15,Layoff Permanent,2026-08-30T21:43:41.512264Z
4cf019668013494e,CA,"GRAIL, Inc.",Grail,,San Mateo County,179,2024-08-14,2024-10-14,Layoff Permanent,2026-08-30T21:43:41.512264Z
114cfff911e66bfc,CA,Pitney Bowes Inc.,Pitney Bowes,,San Bernardino County,11,2024-08-14,2024-10-12,Closure Permanent,2026-08-30T21:43:41.512264Z
b78ba3d2ab366081,CA,Northrop Grumman,Northrop Grumman,,Los Angeles County,500,2024-08-13,2024-10-14,Layoff Permanent,2026-08-30T21:43:41.512264Z
e6ffa35d63633ebd,CA,Pitney Bowes Inc.,Pitney Bowes,,San Joaquin County,112,2024-08-12,2024-10-08,Closure Permanent,2026-08-30T21:43:41.512264Z
d50a0c5edeeb7967,CA,Pitney Bowes Inc.,Pitney Bowes,,San Bernardino County,236,2024-08-12,2024-10-08,Closure Permanent,2026-08-30T21:43:41.512264Z
465959710cb79fb3,CA,"Fastly, Inc.",Fastly,,San Francisco County,52,2024-08-12,2024-10-11,Layoff Permanent,2026-08-30T21:43:41.512264Z
1d77c86602510d58,CA,Adventist Health Simi Valley,Adventist Health Simi Valley,,Ventura County,1,2024-08-12,2024-08-31,Layoff Permanent,2026-08-30T21:43:41.512264Z
54e308ed8a9e4c79,CA,"Velo3D, Inc.",Velo3D,,Alameda County,42,2024-08-09,2024-10-08,Layoff Permanent,2026-08-30T21:43:41.512264Z
216dc386805707a1,CA,"Mosaic Culver, LLC",Mosaic Culver,,Los Angeles County,16,2024-08-09,2024-08-31,Layoff Permanent,2026-08-30T21:43:41.512264Z
3e6c78591b805b32,CA,"Farmers Group, Inc.",Farmers Group,,Los Angeles County,84,2024-08-08,2024-10-07,Layoff Permanent,2026-08-30T21:43:41.512264Z
afa1efc1de6ca2e5,CA,Save Mart Supermarkets LLC dba Roseville Distribution Center,Save Mart Supermarkets,Roseville Distribution Center,Placer County,273,2024-08-06,2024-10-12,Closure Permanent,2026-08-30T21:43:41.512264Z
71aec178175e29fd,CA,"Distribution Alternatives, Inc.",Distribution Alternatives,,San Bernardino County,1,2024-08-06,2024-10-01,Layoff Permanent,2026-08-30T21:43:41.512264Z
e68d87573e9d33f7,CA,"Hybrid Promotions, LLC dba Hybrid Apparel",Hybrid Promotions,Hybrid Apparel,Orange County,19,2024-08-05,2024-10-04,Closure Permanent,2026-08-30T21:43:41.512264Z
d8273881cbd5df73,CA,"FibroGen, Inc.",FibroGen,,San Francisco County,127,2024-08-02,2024-08-02,Layoff Permanent,2026-08-30T21:43:41.512264Z
758f625c4c892a58,CA,"Texas Scenic Company, Inc.",Texas Scenic,,Los Angeles County,23,2024-08-02,2024-09-30,Closure Permanent,2026-08-30T21:43:41.512264Z
dbf933279da76264,CA,"Illumina, Inc.",Illumina,,San Diego County,49,2024-08-01,2024-10-01,Layoff Permanent,2026-08-30T21:43:41.512264Z
950144abe0fa83c2,CA,"Vir Biotechnology, Inc.",Vir Biotechnology,,San Francisco County,141,2024-08-01,2024-09-30,Layoff Permanent,2026-08-30T21:43:41.512264Z
1ef5e6406dbb434e,CA,"Vytalogy Wellness, LLC",Vytalogy Wellness,,Orange County,33,2024-08-01,2024-08-02,Closure Permanent,2026-08-30T21:43:41.512264Z
1ccff07859407d46,CA,Ajinomoto Bio-Pharma Services,Ajinomoto Bio-Pharma Services,,San Diego County,71,2024-08-01,2024-09-30,Layoff Permanent,2026-08-30T21:43:41.512264Z
f48090c8f265e187,CA,Golden Gate University,Golden Gate University,,San Francisco County,4,2024-07-31,2024-09-30,Layoff Permanent,2026-08-30T21:43:41.512264Z
d14a7d6826eea93e,CA,"Western Power Sports, LLC",Western Power Sports,,Fresno County,2,2024-07-31,2024-09-30,Closure Permanent,2026-08-30T21:43:41.512264Z
b429c145b062e9d0,CA,"Buca Restaurants 2, Inc. dba Buca di Beppo",Buca Restaurants 2,Buca di Beppo,Sacramento County,46,2024-07-31,2024-07-29,Layoff Permanent,2026-08-30T21:43:41.512264Z
b0f7166eee451fed,CA,University of Southern California,University of Southern California,,Los Angeles County,3,2024-07-31,2024-10-01,Layoff Permanent,2026-08-30T21:43:41.512264Z
a987c3dfd9525e6a,CA,University of Southern California,University of Southern California,,Los Angeles County,2,2024-07-31,2024-10-01,Layoff Permanent,2026-08-30T21:43:41.512264Z
9eb8b9944e90cf34,CA,Cepheid,Cepheid,,Santa Clara County,622,2024-07-31,2024-09-27,Layoff Permanent,2026-08-30T21:43:41.512264Z
9a853cca4659b531,CA,Target Corporation,Target,,Santa Clara County,85,2024-07-31,2024-09-28,Closure Permanent,2026-08-30T21:43:41.512264Z
8148bbfd768c6d1b,CA,University of Southern California,University of Southern California,,Los Angeles County,1,2024-07-31,2024-10-01,Layoff Permanent,2026-08-30T21:43:41.512264Z
7ae3d8bf8dcf114a,CA,AT&T,AT&T,,Contra Costa County,5,2024-07-31,2024-09-24,Layoff Permanent,2026-08-30T21:43:41.512264Z
7277738be2a06f18,CA,Cepheid,Cepheid,,Santa Clara County,2,2024-07-31,2024-09-27,Layoff Permanent,2026-08-30T21:43:41.512264Z
64a3a6979ff8433f,CA,"CareFusion Resources, LLC, a subsidiary of Becton, Dickinson and Company","CareFusion Resources, LLC, a subsidiary of Becton, Dickinson and",,San Diego County,83,2024-07-31,2024-07-22,Layoff Permanent,2026-08-30T21:43:41.512264Z
648a0107a007fac2,CA,"CareFusion Resources, LLC, a subsidiary of Becton, Dickinson and Company","CareFusion Resources, LLC, a subsidiary of Becton, Dickinson and",,San Diego County,34,2024-07-31,2024-07-22,Layoff Permanent,2026-08-30T21:43:41.512264Z
6344900649bff072,CA,University of Southern California,University of Southern California,,Los Angeles County,14,2024-07-31,2024-10-01,Layoff Permanent,2026-08-30T21:43:41.512264Z
4a5bb7e4258ddddd,CA,"Konica Minolta Business Solutions U.S.A., Inc.",Konica Minolta Business Solutions U.S.A,,San Mateo County,20,2024-07-31,2024-09-30,Closure Permanent,2026-08-30T21:43:41.512264Z
301d2e63b7b4b329,CA,AT&T,AT&T,,Contra Costa County,3,2024-07-31,2024-09-24,Layoff Permanent,2026-08-30T21:43:41.512264Z
f0b836295f299d7e,CA,Mitsui Home America LLC,Mitsui Home America,,San Joaquin County,17,2024-07-30,2024-09-30,Closure Permanent,2026-08-30T21:43:41.512264Z
dc26ab691feace9a,CA,"Restorix Health, Inc.",Restorix Health,,Orange County,12,2024-07-30,2024-06-28,Closure Permanent,2026-08-30T21:43:41.512264Z
a37848310edf7fa0,CA,"National Aerospace Solutions, LLC",National Aerospace Solutions,,Santa Clara County,60,2024-07-30,2024-09-30,Layoff Permanent,2026-08-30T21:43:41.512264Z
e958268fc1649316,CA,SunPower Corporation,SunPower,,San Diego County,13,2024-07-29,2024-09-24,Layoff Permanent,2026-08-30T21:43:41.512264Z
9cc268f0f1901362,CA,SunPower Corporation,SunPower,,Los Angeles County,19,2024-07-29,2024-09-24,Layoff Permanent,2026-08-30T21:43:41.512264Z
9c4db276c9428960,CA,SunPower Corporation,SunPower,,Sacramento County,16,2024-07-29,2024-09-24,Layoff Permanent,2026-08-30T21:43:41.512264Z
59ab8b31673ba136,CA,SunPower Corporation,SunPower,,San Bernardino County,18,2024-07-29,2024-09-24,Layoff Permanent,2026-08-30T21:43:41.512264Z
4fb01cb3f07041e6,CA,SunPower Corporation,SunPower,,Contra Costa County,182,2024-07-29,2024-09-24,Layoff Permanent,2026-08-30T21:43:41.512264Z
107c473c23597c71,CA,SunPower Corporation,SunPower,,Alameda County,20,2024-07-29,2024-09-24,Layoff Permanent,2026-08-30T21:43:41.512264Z
0c2d7b29022f3171,CA,Evolution Hospitality,Evolution Hospitality,,San Francisco County,72,2024-07-29,2024-10-01,Layoff Temporary,2026-08-30T21:43:41.512264Z
09b4575bbbe060c7,CA,SunPower Corporation,SunPower,,Orange County,11,2024-07-29,2024-09-24,Layoff Permanent,2026-08-30T21:43:41.512264Z
04bdf8080e4ffd80,CA,"Annabelle Candy Co., Inc.",Annabelle Candy,,Alameda County,43,2024-07-29,2024-09-27,Closure Permanent,2026-08-30T21:43:41.512264Z
7d4349acd414ebe4,CA,"Daves California Logistics, LLC",Daves California Logistics,,Glenn County,80,2024-07-26,2024-09-26,Closure Permanent,2026-08-30T21:43:41.512264Z
d6794b1116ad8f2b,CA,Cepheid,Cepheid,,Alameda County,11,2024-07-25,2024-09-27,Layoff Permanent,2026-08-30T21:43:41.512264Z
9221484e55fe6e0d,CA,ITC Federal,ITC Federal,,Orange County,31,2024-07-25,2024-09-20,Layoff Permanent,2026-08-30T21:43:41.512264Z
fb48ae2b79f96543,CA,"Vintage Wine Estates, Inc",Vintage Wine Estates,,Sonoma County,19,2024-07-24,2024-09-27,Closure Permanent,2026-08-30T21:43:41.512264Z
f57855a3c1a1324a,CA,Athletics Investment Group LLC,Athletics Investment Group,,Alameda County,14,2024-07-24,2024-10-02,Closure Permanent,2026-08-30T21:43:41.512264Z
e7889c497ce69a3f,CA,"Vintage Wine Estates, Inc",Vintage Wine Estates,,San Luis Obispo County,20,2024-07-24,2024-09-27,Closure Permanent,2026-08-30T21:43:41.512264Z
e431dc290b1aaebf,CA,"Vintage Wine Estates, Inc",Vintage Wine Estates,,Sonoma County,101,2024-07-24,2024-09-27,Closure Permanent,2026-08-30T21:43:41.512264Z
da5a38568b5fb31b,CA,Athletics Investment Group LLC,Athletics Investment Group,,Alameda County,43,2024-07-24,2024-10-02,Layoff Permanent,2026-08-30T21:43:41.512264Z
b81228187d28feb4,CA,"Vintage Wine Estates, Inc",Vintage Wine Estates,,Napa County,10,2024-07-24,2024-09-27,Closure Permanent,2026-08-30T21:43:41.512264Z
9fe5ad8019f198a7,CA,"Vintage Wine Estates, Inc",Vintage Wine Estates,,Sonoma County,11,2024-07-24,2024-09-27,Closure Permanent,2026-08-30T21:43:41.512264Z
9f6d82c035ed1cd7,CA,"Vintage Wine Estates, Inc",Vintage Wine Estates,,Mendocino County,124,2024-07-24,2024-09-27,Closure Permanent,2026-08-30T21:43:41.512264Z
7338d5993f4c7131,CA,"Vintage Wine Estates, Inc",Vintage Wine Estates,,Sonoma County,33,2024-07-24,2024-09-27,Closure Permanent,2026-08-30T21:43:41.512264Z
611aeaa29b0eef03,CA,"Vintage Wine Estates, Inc",Vintage Wine Estates,,Napa County,17,2024-07-24,2024-09-27,Closure Permanent,2026-08-30T21:43:41.512264Z
5f1df48669e65382,CA,"Vintage Wine Estates, Inc",Vintage Wine Estates,,Sonoma County,5,2024-07-24,2024-09-27,Closure Permanent,2026-08-30T21:43:41.512264Z
404f17891a369a35,CA,"Vintage Wine Estates, Inc",Vintage Wine Estates,,Sonoma County,37,2024-07-24,2024-09-27,Closure Permanent,2026-08-30T21:43:41.512264Z
3ede7dd289f5fdce,CA,Bay Area Sports Catering,Bay Area Sports Catering,,Alameda County,176,2024-07-24,2024-10-02,Closure Permanent,2026-08-30T21:43:41.512264Z
12c1dfeda51fe2e9,CA,Cohere Beauty,Cohere Beauty,,Los Angeles County,20,2024-07-24,2024-11-30,Closure Permanent,2026-08-30T21:43:41.512264Z
0e6710c187b8c533,CA,Athletics Investment Group LLC,Athletics Investment Group,,Alameda County,358,2024-07-24,2024-10-02,Closure Permanent,2026-08-30T21:43:41.512264Z
f0f3ee7a46eccef0,CA,"Moxion Power, Inc.",Moxion Power,,Los Angeles County,3,2024-07-23,2024-08-05,Closure Permanent,2026-08-30T21:43:41.512264Z
c2c9976163da7043,CA,"Kimura Enterprise, Inc.",Kimura Enterprise,,Los Angeles County,15,2024-07-23,2024-09-22,Closure Permanent,2026-08-30T21:43:41.512264Z
aaef7862a4ba09eb,CA,"Moxion Power, Inc.",Moxion Power,,Los Angeles County,1,2024-07-23,2024-08-05,Closure Permanent,2026-08-30T21:43:41.512264Z
75a9ec012259ad7d,CA,Bellota,Bellota,,San Francisco County,33,2024-07-23,2024-09-20,Closure Not known at this time,2026-08-30T21:43:41.512264Z
019d9305668d6518,CA,"Moxion Power, Inc.",Moxion Power,,Contra Costa County,244,2024-07-23,2024-08-05,Closure Permanent,2026-08-30T21:43:41.512264Z
4859546620d43292,CA,"MoreFlavor, Inc.",MoreFlavor,,Contra Costa County,51,2024-07-19,2024-10-20,Closure Permanent,2026-08-30T21:43:41.512264Z
fbf67b9cac1b1916,CA,Optum,Optum,,San Bernardino County,35,2024-07-18,2024-09-16,Closure Permanent,2026-08-30T21:43:41.512264Z
f6d305492abc011a,CA,Pitney Bowes Inc.,Pitney Bowes,,San Bernardino County,2,2024-07-18,2024-09-17,Layoff Permanent,2026-08-30T21:43:41.512264Z
e01aebbcc45ed117,CA,Optum,Optum,,Los Angeles County,37,2024-07-18,2024-09-16,Closure Permanent,2026-08-30T21:43:41.512264Z
d0c8c8eaaa9c4f49,CA,Pixar,Pixar,,Alameda County,4,2024-07-18,2024-09-20,Layoff Permanent,2026-08-30T21:43:41.512264Z
b3ec68a7e56bfbad,CA,Optum,Optum,,Los Angeles County,55,2024-07-18,2024-09-16,Closure Permanent,2026-08-30T21:43:41.512264Z
aff769eda2e7646a,CA,Optum,Optum,,Los Angeles County,9,2024-07-18,2024-09-16,Closure Permanent,2026-08-30T21:43:41.512264Z
a034662343fb7081,CA,Optum,Optum,,San Bernardino County,10,2024-07-18,2024-09-16,Closure Permanent,2026-08-30T21:43:41.512264Z
9e74ba0bd365b492,CA,Optum,Optum,,Orange County,12,2024-07-18,2024-09-16,Closure Permanent,2026-08-30T21:43:41.512264Z
8da5be7e93ccec87,CA,Optum,Optum,,Los Angeles County,157,2024-07-18,2024-09-16,Layoff Permanent,2026-08-30T21:43:41.512264Z
8a30a424e2c4d734,CA,Optum,Optum,,San Bernardino County,26,2024-07-18,2024-09-16,Closure Permanent,2026-08-30T21:43:41.512264Z
7f7a57fd8355a7e1,CA,Optum,Optum,,Los Angeles County,28,2024-07-18,2024-09-16,Closure Permanent,2026-08-30T21:43:41.512264Z
5a3f1ce2c6ffd407,CA,Raytheon,Raytheon,,Los Angeles County,137,2024-07-18,2024-09-16,Layoff Permanent,2026-08-30T21:43:41.512264Z
5a123302e99ee1f5,CA,Pitney Bowes Inc.,Pitney Bowes,,San Joaquin County,1,2024-07-18,2024-09-17,Layoff Permanent,2026-08-30T21:43:41.512264Z
5707dceb0229a508,CA,Optum,Optum,,Alameda County,3,2024-07-18,2024-09-16,Closure Permanent,2026-08-30T21:43:41.512264Z
513f2284d9bcdcb2,CA,Optum,Optum,,Los Angeles County,21,2024-07-18,2024-09-16,Closure Permanent,2026-08-30T21:43:41.512264Z
42f3529f03ca98ce,CA,Optum,Optum,,Los Angeles County,18,2024-07-18,2024-09-16,Closure Permanent,2026-08-30T21:43:41.512264Z
3f2161f452c0127b,CA,Optum,Optum,,Riverside County,2,2024-07-18,2024-09-16,Closure Permanent,2026-08-30T21:43:41.512264Z
2ac9bc4a9332cc9e,CA,Optum,Optum,,Los Angeles County,25,2024-07-18,2024-09-16,Closure Permanent,2026-08-30T21:43:41.512264Z
233f5b47d4b2101c,CA,Optum,Optum,,Los Angeles County,1,2024-07-18,2024-09-16,Closure Permanent,2026-08-30T21:43:41.512264Z
0533e20b7d89badd,CA,Optum,Optum,,Los Angeles County,64,2024-07-18,2024-09-16,Layoff Permanent,2026-08-30T21:43:41.512264Z
a970b0ab02ae81a3,CA,"Exabeam, Inc.",Exabeam,,San Mateo County,43,2024-07-17,2024-09-16,Layoff Permanent,2026-08-30T21:43:41.512264Z
76265bd7be7bd2c6,CA,"Warner Bros. Discovery, Inc.",Warner Bros. Discovery,,Los Angeles County,81,2024-07-17,2024-08-31,Layoff Permanent,2026-08-30T21:43:41.512264Z
6d24e6784eca6cc0,CA,"Southwire Company, LLC",Southwire,,San Bernardino County,95,2024-07-17,2024-10-01,Closure Permanent,2026-08-30T21:43:41.512264Z
3e69ba81a10d1c2b,CA,"Warner Bros. Discovery, Inc.",Warner Bros. Discovery,,Los Angeles County,121,2024-07-17,2024-08-31,Layoff Permanent,2026-08-30T21:43:41.512264Z
13d8ef994694e575,CA,"Warner Bros. Discovery, Inc.",Warner Bros. Discovery,,Los Angeles County,62,2024-07-17,2024-08-31,Layoff Permanent,2026-08-30T21:43:41.512264Z
ae7cc02bd730f04e,CA,"Rodan & Fields, LLC",Rodan & Fields,,Contra Costa County,78,2024-07-16,2024-09-13,Layoff Permanent,2026-08-30T21:43:41.512264Z
3a1373c76665524f,CA,UKG Inc.,UKG,,Orange County,195,2024-07-16,2024-09-09,Layoff Permanent,2026-08-30T21:43:41.512264Z
16b8a3868a579893,CA,UKG Inc.,UKG,,San Francisco County,12,2024-07-16,2024-09-09,Layoff Permanent,2026-08-30T21:43:41.512264Z
cfd6f84d1a46ece6,CA,City National Bank,City National Bank,,Los Angeles County,6,2024-07-15,2024-09-13,Layoff Permanent,2026-08-30T21:43:41.512264Z
967f47cec7200683,CA,City National Bank,City National Bank,,Los Angeles County,2,2024-07-15,2024-09-13,Layoff Permanent,2026-08-30T21:43:41.512264Z
fcb0ba61d32cd1d6,CA,"TuSimple, Inc.",TuSimple,,San Diego County,1,2024-07-12,2024-09-10,Layoff Permanent,2026-08-30T21:43:41.512264Z
f0ce70b77e2d9692,CA,"US Foods, Inc.",US Foods,,San Diego County,97,2024-07-11,2024-09-14,Layoff Permanent,2026-08-30T21:43:41.512264Z
ec5a57889b93c315,CA,Sang-Hai Corporation,Sang-Hai,,Amador County,56,2024-07-11,2024-12-04,Layoff Permanent,2026-08-30T21:43:41.512264Z
2c9c6ed3a8084f99,CA,"TRM Gamma Aerospace Acquisition, LLC",TRM Gamma Aerospace Acquisition,,San Bernardino County,24,2024-07-11,2024-09-09,Closure Permanent,2026-08-30T21:43:41.512264Z
895648584991ecab,CA,Intuit Inc.,Intuit,,San Diego County,215,2024-07-10,2024-09-09,Layoff Permanent,2026-08-30T21:43:41.512264Z
85a35bdc7f42fba8,CA,Intuit Inc.,Intuit,,Santa Clara County,384,2024-07-10,2024-09-09,Layoff Permanent,2026-08-30T21:43:41.512264Z
649edf09f7db66d1,CA,"Hybrid Promotions, LLC dba Hybrid Apparel",Hybrid Promotions,Hybrid Apparel,San Diego County,22,2024-07-10,2024-09-06,Closure Permanent,2026-08-30T21:43:41.512264Z
5503103e189f59a5,CA,Novartis Pharmaceuticals Corporation,Novartis Pharmaceuticals,,San Diego County,29,2024-07-08,2024-09-06,Closure Permanent,2026-08-30T21:43:41.512264Z
4db4425411516ae1,CA,"Hybrid Promotions, LLC dba Hybrid Apparel",Hybrid Promotions,Hybrid Apparel,Orange County,24,2024-07-08,2024-09-06,Layoff Temporary,2026-08-30T21:43:41.512264Z
ff0a3a76e2159d7a,CA,"Motorcar Parts of America, Inc.",Motorcar Parts of America,,Los Angeles County,94,2024-07-03,2024-06-27,Layoff Permanent,2026-08-30T21:43:41.512264Z
7d9754ab2455f016,CA,Western Specialty Contractors,Western Specialty Contractors,,Alameda County,8,2024-07-03,2024-08-31,Closure Permanent,2026-08-30T21:43:41.512264Z
3814246a76f6c7cf,CA,"F&E Aircraft Maintenance dba FEAM Aero, LLC",F&E Aircraft Maintenance,"FEAM Aero, LLC",San Bernardino County,26,2024-07-03,2024-09-05,Layoff Permanent,2026-08-30T21:43:41.512264Z
0d25a4a2731a55b0,CA,"Refratechnik North America, Inc.",Refratechnik North America,,San Bernardino County,8,2024-07-03,2024-09-01,Closure Permanent,2026-08-30T21:43:41.512264Z
c396afb4bbdc1e93,CA,"Constellation Brands, Inc.",Constellation Brands,,Mendocino County,6,2024-07-02,2024-08-31,Closure Permanent,2026-08-30T21:43:41.512264Z
9541ebb784f5f290,CA,"Circus Dog Productions, Inc.",Circus Dog Productions,,Los Angeles County,36,2024-07-02,2024-08-30,Layoff Permanent,2026-08-30T21:43:41.512264Z
5e661ba6fb04cfac,CA,Cargill Meat Solutions Corporation,Cargill Meat Solutions,,Fresno County,20,2024-07-02,2024-09-01,Layoff Permanent,2026-08-30T21:43:41.512264Z
41a6dd381fa4d362,CA,Henry Avocado Corporation,Henry Avocado,,San Diego County,8,2024-07-02,2024-08-31,Closure Permanent,2026-08-30T21:43:41.512264Z
3084d592f5894be9,CA,Henry Avocado Corporation,Henry Avocado,,San Diego County,19,2024-07-02,2024-08-31,Closure Permanent,2026-08-30T21:43:41.512264Z
1bbe391feab40368,CA,"Delta Apparel, Inc.",Delta Apparel,,Orange County,5,2024-07-01,2024-08-29,Closure Permanent,2026-08-30T21:43:41.512264Z
18e51023b9751364,CA,Lockheed Martin,Lockheed Martin,,Los Angeles County,57,2024-07-01,2024-06-30,Layoff Permanent,2026-08-30T21:43:41.512264Z
cc25fc781d0fe75a,CA,Firebaugh Facility of Olam Americas,Firebaugh Facility of Olam Americas,,Fresno County,275,2024-06-28,2024-08-30,Closure Permanent,2026-08-30T21:43:41.512264Z
c32ef7f0c989b9a9,CA,Kohana Coffee Company,Kohana Coffee,,Contra Costa County,51,2024-06-28,2024-08-30,Closure Permanent,2026-08-30T21:43:41.512264Z
9859269201c2ea1b,CA,CI Manufacturing Facility,CI Manufacturing Facility,,Sacramento County,153,2024-06-28,2024-08-20,Layoff Temporary,2026-08-30T21:43:41.512264Z
8d9f27ec9d69033a,CA,CI Office,CI Office,,Sacramento County,12,2024-06-28,2024-08-20,Layoff Temporary,2026-08-30T21:43:41.512264Z
13630f861dd213d0,CA,Lockheed Martin Space,Lockheed Martin Space,,Santa Clara County,68,2024-06-27,2024-08-29,Layoff Permanent,2026-08-30T21:43:41.512264Z
f214b5a548ee9e78,CA,Planet Labs PBC,Planet Labs PBC,,San Francisco County,98,2024-06-26,2024-08-26,Layoff Permanent,2026-08-30T21:43:41.512264Z
a961c7f5f1e52a58,CA,J. R. Simplot Company,J. R. Simplot,,San Joaquin County,108,2024-06-26,2024-08-30,Layoff Permanent,2026-08-30T21:43:41.512264Z
2060f0a12a263d3a,CA,"DexCom, Inc.",DexCom,,San Diego County,535,2024-06-26,2024-07-26,Layoff Permanent,2026-08-30T21:43:41.512264Z
b4396d0419617a17,CA,AT&T - 5001,AT&T,,Contra Costa County,19,2024-06-25,2024-08-24,Layoff Permanent,2026-08-30T21:43:41.512264Z
a0e2496f78c9556b,CA,"Ginkgo Bioworks, Inc. - Suite 401","Ginkgo Bioworks, Inc. - Suite 401",,Alameda County,10,2024-06-25,2024-08-23,Layoff Permanent,2026-08-30T21:43:41.512264Z
7558bd56b7a5bd9f,CA,AT&T - 5005,AT&T,,Contra Costa County,37,2024-06-25,2024-08-24,Layoff Permanent,2026-08-30T21:43:41.512264Z
56f73e1028e4e635,CA,"Aveanna Healthcare, LLC",Aveanna Healthcare,,Orange County,1,2024-06-25,2024-08-31,Closure Permanent,2026-08-30T21:43:41.512264Z
48e9f8175e853e95,CA,Corteva Agriscience,Corteva Agriscience,,Contra Costa County,2,2024-06-25,2024-11-08,Layoff Permanent,2026-08-30T21:43:41.512264Z
450dc4d9c4a977fa,CA,"Ginkgo Bioworks, Inc.",Ginkgo Bioworks,,Alameda County,3,2024-06-25,2024-08-23,Layoff Permanent,2026-08-30T21:43:41.512264Z
4440dd30f7f0d214,CA,"Aveanna Healtcare, LLC",Aveanna Healtcare,,San Diego County,3,2024-06-25,2024-08-31,Closure Permanent,2026-08-30T21:43:41.512264Z
2e73e65874d22c61,CA,Hilton Oakland Airport Hotel,Hilton Oakland Airport Hotel,,Alameda County,152,2024-06-25,2024-06-28,Closure Permanent,2026-08-30T21:43:41.512264Z
1fff09a63f717649,CA,Corteva Agriscience,Corteva Agriscience,,Contra Costa County,4,2024-06-25,2024-09-27,Layoff Permanent,2026-08-30T21:43:41.512264Z
02f4a716bc08b373,CA,"Lacework, Inc.",Lacework,,Santa Clara County,180,2024-06-25,2024-08-23,Layoff Permanent,2026-08-30T21:43:41.512264Z
f17ec4b2b2a28da8,CA,ITC Federal,ITC Federal,,Orange County,44,2024-06-24,2024-08-23,Layoff Permanent,2026-08-30T21:43:41.512264Z
510e85d7ff470f7e,CA,Moxion Power Co.,Moxion Power,,Contra Costa County,101,2024-06-24,2024-08-20,Layoff Permanent,2026-08-30T21:43:41.512264Z
43b1bcf6bdc4ab9d,CA,"Trego/Dugan Aviation of Grand Island, Inc.",Trego/Dugan Aviation of Grand Island,,Shasta County,10,2024-06-24,2024-08-26,Layoff Permanent,2026-08-30T21:43:41.512264Z
24c1aad6e414bcee,CA,"Trego/Dugan Aviation of Grand Island, Inc.",Trego/Dugan Aviation of Grand Island,,Humboldt County,6,2024-06-24,2024-08-30,Layoff Permanent,2026-08-30T21:43:41.512264Z
6e6de3e664334cac,CA,California Institute of Technology,California Institute of Technology,,Los Angeles County,54,2024-06-21,2024-08-19,Layoff Permanent,2026-08-30T21:43:41.512264Z
fa848f1cb5039610,CA,"ARTHA Wellness Weho, LLC",ARTHA Wellness Weho,,Los Angeles County,40,2024-06-20,2024-06-30,Closure Permanent,2026-08-30T21:43:41.512264Z
23c22e6844610269,CA,"Astellas Gene Therapies, Inc.",Astellas Gene Therapies,,San Mateo County,10,2024-06-20,2024-06-19,Layoff Permanent,2026-08-30T21:43:41.512264Z
bf6d99cf9ed8fdb3,CA,"OTS Solutions, LLC dba On Time Staffing",OTS Solutions,On Time Staffing,Los Angeles County,6,2024-06-19,2024-08-17,Layoff Permanent,2026-08-30T21:43:41.512264Z
4a7e11d13fe5691b,CA,WestRock,WestRock,,Riverside County,77,2024-06-19,2024-08-18,Closure Permanent,2026-08-30T21:43:41.512264Z
9ce5b4d479b13148,CA,"Ginkgo Bioworks, Inc.",Ginkgo Bioworks,,Alameda County,30,2024-06-18,2024-08-16,Layoff Permanent,2026-08-30T21:43:41.512264Z
8d1d245775e3dccd,CA,"Ginkgo Bioworks, Inc.",Ginkgo Bioworks,,Alameda County,4,2024-06-18,2024-08-16,Layoff Permanent,2026-08-30T21:43:41.512264Z
51a0ec035188ff99,CA,"Pixelogic Media Partners, LLC",Pixelogic Media Partners,,Los Angeles County,11,2024-06-18,2024-06-12,Layoff Permanent,2026-08-30T21:43:41.512264Z
512704d6ec7c24c1,CA,Thought Stream dba Bluescape,Thought Stream,Bluescape,San Mateo County,35,2024-06-18,2024-06-12,Closure Permanent,2026-08-30T21:43:41.512264Z
49cc8658dc717750,CA,"Pixelogic Media Partners, LLC",Pixelogic Media Partners,,Los Angeles County,91,2024-06-18,2024-06-12,Layoff Permanent,2026-08-30T21:43:41.512264Z
c725964319825bf5,CA,"Herbalife International of America, Inc.",Herbalife International of America,,Los Angeles County,56,2024-06-17,2024-05-31,Layoff Permanent,2026-08-30T21:43:41.512264Z
be85b06bfe8148a3,CA,"Herbalife International of America, Inc.",Herbalife International of America,,Los Angeles County,29,2024-06-17,2024-05-31,Layoff Permanent,2026-08-30T21:43:41.512264Z
64f853f0380959ba,CA,"Shadow Holdings, LLC dba Bright Innovation Labs",Shadow Holdings,Bright Innovation Labs,Los Angeles County,3,2024-06-17,2024-08-16,Layoff Permanent,2026-08-30T21:43:41.512264Z
0bb406033bd082c1,CA,"Herbalife International of America, Inc.",Herbalife International of America,,Los Angeles County,78,2024-06-17,2024-05-31,Layoff Permanent,2026-08-30T21:43:41.512264Z
47486dc59889b607,CA,Golden Gate University,Golden Gate University,,San Francisco County,1,2024-06-14,2024-08-15,Layoff Permanent,2026-08-30T21:43:41.512264Z
014223c23942cac3,CA,"Western Power Sports, LLC",Western Power Sports,,Fresno County,2,2024-06-14,2024-08-16,Layoff Permanent,2026-08-30T21:43:41.512264Z
efb1511bc09c27e2,CA,Cushman & Wakefield U.S. Inc.,Cushman & Wakefield U.S,,Santa Clara County,51,2024-06-13,2024-08-18,Layoff Permanent,2026-08-30T21:43:41.512264Z
e856717ace94ea6a,CA,"Del Monte Capitol Meat Company, LLC dba Allen Brothers West Coast",Del Monte Capitol Meat,Allen Brothers West Coast,Alameda County,63,2024-06-13,2024-08-12,Closure Permanent,2026-08-30T21:43:41.512264Z
c6d11fa59a2c1ef7,CA,Charter Communications Customer Contact Center,Charter Communications Customer Contact Center,,San Bernardino County,430,2024-06-13,2024-08-15,Closure Permanent,2026-08-30T21:43:41.512264Z
b461e18c4fac3859,CA,Cushman & Wakefield U.S. Inc.,Cushman & Wakefield U.S,,Los Angeles County,1,2024-06-13,2024-08-18,Layoff Permanent,2026-08-30T21:43:41.512264Z
665ba9508833d090,CA,Cushman & Wakefield U.S. Inc.,Cushman & Wakefield U.S,,San Francisco County,22,2024-06-13,2024-08-18,Layoff Permanent,2026-08-30T21:43:41.512264Z
3915f0a3da3419f3,CA,UPS,UPS,,San Bernardino County,153,2024-06-13,2024-08-12,Layoff Permanent,2026-08-30T21:43:41.512264Z
296b561bd82b1628,CA,"Del Monte Capitol Meat Company, LLC dba Allen Brothers West Coast",Del Monte Capitol Meat,Allen Brothers West Coast,Napa County,5,2024-06-13,2024-08-11,Closure Permanent,2026-08-30T21:43:41.512264Z
7f0f219a816ef237,CA,"Zones, LLC",Zones,,Los Angeles County,3,2024-06-12,2024-08-11,Layoff Permanent,2026-08-30T21:43:41.512264Z
3da873c7ffb21da7,CA,"SINO Television, Inc.",SINO Television,,Los Angeles County,6,2024-06-12,2024-08-11,Layoff Permanent,2026-08-30T21:43:41.512264Z
91c73238e1cb5e9c,CA,Coach USA,Coach,,Sacramento County,59,2024-06-11,2024-09-03,Closure Permanent,2026-08-30T21:43:41.512264Z
793b889c69c520ed,CA,Beacon Logistics,Beacon Logistics,,Glenn County,91,2024-06-11,2024-08-10,Closure Permanent,2026-08-30T21:43:41.512264Z
5ac29540ac481670,CA,North American Specialties Laminations LLC,North American Specialties Laminations,,San Diego County,10,2024-06-11,2024-08-04,Closure Permanent,2026-08-30T21:43:41.512264Z
521b4bd98d4a3964,CA,Ryder,Ryder,,Los Angeles County,10,2024-06-11,2024-08-09,Layoff Permanent,2026-08-30T21:43:41.512264Z
e8d1f68199ab3722,CA,Cargill Meat Solutions Corporation,Cargill Meat Solutions,,Fresno County,20,2024-06-07,2024-08-04,Layoff Permanent,2026-08-30T21:43:41.512264Z
74f231475d225c62,CA,"Agilent Technologies, Inc.",Agilent Technologies,,San Diego County,6,2024-06-07,2024-08-09,Layoff Permanent,2026-08-30T21:43:41.512264Z
454ad122d00bae4c,CA,"Agilent Technologies, Inc.",Agilent Technologies,,Sacramento County,4,2024-06-07,2024-08-09,Layoff Permanent,2026-08-30T21:43:41.512264Z
4215eab63b64f4a8,CA,"Agilent Technologies, Inc.",Agilent Technologies,,San Diego County,11,2024-06-07,2024-08-09,Layoff Permanent,2026-08-30T21:43:41.512264Z
3cfb2a70a929aa27,CA,"Agilent Technologies, Inc.",Agilent Technologies,,Santa Clara County,156,2024-06-07,2024-08-09,Layoff Permanent,2026-08-30T21:43:41.512264Z
2f781d6b9d61cf43,CA,"Agilent Technologies, Inc.",Agilent Technologies,,Santa Barbara County,3,2024-06-07,2024-08-09,Layoff Permanent,2026-08-30T21:43:41.512264Z
156f281fb4e016b2,CA,Amazon,Amazon,,Los Angeles County,54,2024-06-07,2024-08-07,Layoff Permanent,2026-08-30T21:43:41.512264Z
56f39ff0d9c7246c,CA,"Commerce Distribution Company, LLC",Commerce Distribution,,San Bernardino County,89,2024-06-06,2024-08-07,Layoff Permanent,2026-08-30T21:43:41.512264Z
561104858bd65e76,CA,La Petite Baleen Inc.,La Petite Baleen,,San Mateo County,77,2024-06-06,2024-08-05,Closure Temporary,2026-08-30T21:43:41.512264Z
4e9950fd538fb3ab,CA,"Commerce Distribution Company, LLC",Commerce Distribution,,Los Angeles County,57,2024-06-06,2024-08-07,Layoff Permanent,2026-08-30T21:43:41.512264Z
ec084c8c51ec7885,CA,"Success Valley Farms, LLC",Success Valley Farms,,Ventura County,200,2024-06-05,2024-07-31,Closure Permanent,2026-08-30T21:43:41.512264Z
9af2d1a36e740cca,CA,Cargill Meat Solutions Corporation,Cargill Meat Solutions,,Fresno County,17,2024-06-05,2024-08-04,Layoff Permanent,2026-08-30T21:43:41.512264Z
63d6687ed0552040,CA,Cargill Meat Solutions Corporation,Cargill Meat Solutions,,Fresno County,141,2024-06-05,2024-08-04,Layoff Permanent,2026-08-30T21:43:41.512264Z
62884ad9ac35de80,CA,EMCORE Corporation - Raymond,EMCORE Corporation - Raymond,,Los Angeles County,26,2024-06-05,2024-07-24,Closure Permanent,2026-08-30T21:43:41.512264Z
4af8348af8843896,CA,EMCORE Corporation,Emcore,,Los Angeles County,25,2024-06-05,2024-07-24,Closure Permanent,2026-08-30T21:43:41.512264Z
43f5d5b884b184e2,CA,"Lucid USA, Inc.",Lucid,,Alameda County,256,2024-06-05,2024-07-23,Layoff Permanent,2026-08-30T21:43:41.512264Z
8bf21689184a5f97,CA,"Hybrid Promotions, LLC dba Hybrid Apparel",Hybrid Promotions,Hybrid Apparel,Orange County,6,2024-06-04,2024-08-04,Closure Permanent,2026-08-30T21:43:41.512264Z
f5f183497aa5a1d2,CA,"Herbalife International of America, Inc",Herbalife International of America,,Los Angeles County,76,2024-06-03,2024-05-31,Layoff Permanent,2026-08-30T21:43:41.512264Z
e32af98fa12bb05c,CA,"Monarch Litho, Inc.",Monarch Litho,,Los Angeles County,117,2024-06-03,2024-08-02,Closure Permanent,2026-08-30T21:43:41.512264Z
c97b7a22b11b6984,CA,"Mathy Machine, Inc.",Mathy Machine,,San Diego County,13,2024-06-03,2024-08-03,Closure Permanent,2026-08-30T21:43:41.512264Z
c7374f36a99c1793,CA,"Gehr Industries, Inc.",Gehr Industries,,Los Angeles County,21,2024-06-03,2024-08-16,Layoff Permanent,2026-08-30T21:43:41.512264Z
ae57b00e219f2a29,CA,"Herbalife International of America, Inc.",Herbalife International of America,,Los Angeles County,57,2024-06-03,2024-05-31,Layoff Permanent,2026-08-30T21:43:41.512264Z
955a9a3d6f92b836,CA,"Western Power Sports, LLC",Western Power Sports,,Fresno County,28,2024-06-03,2024-07-31,Layoff Permanent,2026-08-30T21:43:41.512264Z
4b59ca4df6cafd70,CA,"Herbalife International of America, Inc.",Herbalife International of America,,Los Angeles County,28,2024-06-03,2024-05-31,Layoff Permanent,2026-08-30T21:43:41.512264Z
2eb4164bc657cee3,CA,"OTS Solutions, LLC dba On Time Staffing",OTS Solutions,On Time Staffing,Los Angeles County,3,2024-06-03,2024-07-31,Layoff Permanent,2026-08-30T21:43:41.512264Z
db8efed9a93880b1,CA,"Ruiz Food Products, Inc.",Ruiz Food Products,,Tulare County,215,2024-05-31,2024-08-30,Closure Permanent,2026-08-30T21:43:41.512264Z
2db9ae127b16f244,CA,Golden Gate University,Golden Gate University,,San Francisco County,11,2024-05-31,2024-07-31,Layoff Permanent,2026-08-30T21:43:41.512264Z
1804a9fa466d2f0c,CA,Rico Corp. dba D'Addario Woodwinds,Rico,D'Addario Woodwinds,Los Angeles County,1,2024-05-31,2024-07-31,Layoff Permanent,2026-08-30T21:43:41.512264Z
06ba40fa5123293d,CA,"TuSimple, Inc.",TuSimple,,San Diego County,1,2024-05-31,2024-07-30,Layoff Permanent,2026-08-30T21:43:41.512264Z
32eb672048ce40fb,CA,Union Pacific,Union Pacific,,San Bernardino County,15,2024-05-30,2024-07-31,Closure Permanent,2026-08-30T21:43:41.512264Z
f7ff86cc4cb5dbbe,CA,"BEN Group, Inc.",BEN Group,,Los Angeles County,4,2024-05-29,2024-07-23,Layoff Permanent,2026-08-30T21:43:41.512264Z
d1edefae75fc5654,CA,"CHEP Services, LLC",CHEP Services,,Stanislaus County,83,2024-05-29,2024-08-02,Closure Permanent,2026-08-30T21:43:41.512264Z
3f69805b6188c004,CA,"Alteryx, Inc.",Alteryx,,Orange County,76,2024-05-29,2024-06-01,Layoff Permanent,2026-08-30T21:43:41.512264Z
1e4915dd35d0956b,CA,"BEN Group, Inc.",BEN Group,,Los Angeles County,72,2024-05-29,2024-07-23,Layoff Permanent,2026-08-30T21:43:41.512264Z
fdfb577ab8bf2c26,CA,"VSP Optical Group, Inc.",VSP Optical Group,,Sacramento County,57,2024-05-28,2024-08-02,Layoff Permanent,2026-08-30T21:43:41.512264Z
b3ae04f3a7a76b7f,CA,"Commute is Great Logistics, LLC",Commute is Great Logistics,,Riverside County,96,2024-05-28,2024-07-27,Closure Permanent,2026-08-30T21:43:41.512264Z
96ff0de85e5e4218,CA,Amazon,Amazon,,San Joaquin County,390,2024-05-28,2024-07-30,Layoff Permanent,2026-08-30T21:43:41.512264Z
610246c308af34a3,CA,The Sun Valley Group,Sun Valley Group,,Ventura County,38,2024-05-28,2024-07-22,Layoff Permanent,2026-08-30T21:43:41.512264Z
2c244d04429d7ffa,CA,"CHEP Services, LLC",CHEP Services,,San Bernardino County,162,2024-05-28,2024-07-30,Closure Permanent,2026-08-30T21:43:41.512264Z
20f017c805c883d6,CA,The Sun Valley Group,Sun Valley Group,,Humboldt County,116,2024-05-28,2024-07-22,Layoff Permanent,2026-08-30T21:43:41.512264Z
48496cb757876cc5,CA,ITC Federal,ITC Federal,,Orange County,88,2024-05-24,2024-07-26,Layoff Permanent,2026-08-30T21:43:41.512264Z
3742a62d410dc982,CA,"Shadow Holdings, LLC dba Bright Innovation Labs",Shadow Holdings,Bright Innovation Labs,Los Angeles County,7,2024-05-24,2024-07-26,Closure Permanent,2026-08-30T21:43:41.512264Z
164618d9ad56b622,CA,TikTok Inc.,TikTok,,Los Angeles County,58,2024-05-24,2024-07-26,Layoff Permanent,2026-08-30T21:43:41.512264Z
e2e6a35e0e55ae53,CA,"Phoenix Labs USA Operations, Inc. aka Phoenix Labs (Foster City)",Phoenix Labs USA Operations,Phoenix Labs (Foster City,San Mateo County,162,2024-05-23,2024-05-22,Layoff Permanent,2026-08-30T21:43:41.512264Z
dbed493b4b3e2789,CA,Adventist Health Simi Valley,Adventist Health Simi Valley,,Ventura County,3,2024-05-23,2024-05-23,Layoff Permanent,2026-08-30T21:43:41.512264Z
d204a7a360787802,CA,"Ryder Integrated Logistics, Inc.",Ryder Integrated Logistics,,San Bernardino County,9,2024-05-23,2024-07-19,Closure Permanent,2026-08-30T21:43:41.512264Z
c16a155994c4fd09,CA,"Watermark Services IV, LLC",Watermark Services IV,,San Francisco County,52,2024-05-23,2024-06-14,Layoff Permanent,2026-08-30T21:43:41.512264Z
61552f98e56de53b,CA,"Ryder Integrated Logistics, Inc.",Ryder Integrated Logistics,,San Bernardino County,148,2024-05-23,2024-07-26,Closure Permanent,2026-08-30T21:43:41.512264Z
1125d969526efa74,CA,Pixar,Pixar,,Alameda County,181,2024-05-23,2024-07-26,Layoff Permanent,2026-08-30T21:43:41.512264Z
df292fd740e8fc64,CA,Cue Health Inc.,Cue Health,,San Diego County,2,2024-05-21,2024-05-24,Layoff Permanent,2026-08-30T21:43:41.512264Z
ce9f9a477a7f37ec,CA,Cue Health Inc.,Cue Health,,San Diego County,10,2024-05-21,2024-05-24,Layoff Permanent,2026-08-30T21:43:41.512264Z
c7ed1b26fac29ac0,CA,Cue Health Inc.,Cue Health,,San Diego County,11,2024-05-21,2024-05-24,Layoff Permanent,2026-08-30T21:43:41.512264Z
b9e7bc9d2c668562,CA,Cue Health Inc.,Cue Health,,San Diego County,26,2024-05-21,2024-05-24,Layoff Permanent,2026-08-30T21:43:41.512264Z
73dcfbc86627336d,CA,Cue Health Inc.,Cue Health,,San Diego County,101,2024-05-21,2024-05-24,Layoff Permanent,2026-08-30T21:43:41.512264Z
465a613618f89939,CA,Cue Health Inc.,Cue Health,,San Diego County,15,2024-05-21,2024-05-24,Layoff Permanent,2026-08-30T21:43:41.512264Z
06191b24eaa50163,CA,Cue Health Inc.,Cue Health,,San Diego County,25,2024-05-21,2024-05-24,Layoff Permanent,2026-08-30T21:43:41.512264Z
b7161218b08f7588,CA,Walmart,Walmart,,Santa Clara County,16,2024-05-20,2024-08-09,Layoff Permanent,2026-08-30T21:43:41.512264Z
9252563821d3f3cc,CA,Walmart,Walmart,,San Mateo County,250,2024-05-20,2024-08-09,Layoff Permanent,2026-08-30T21:43:41.512264Z
85a859b434a70d7b,CA,Superior Grocers,Superior Grocers,,Los Angeles County,62,2024-05-20,2024-05-28,Closure Permanent,2026-08-30T21:43:41.512264Z
7b236a6e8db4a545,CA,"Herbalife International of America, Inc.",Herbalife International of America,,Los Angeles County,76,2024-05-20,2024-05-31,Layoff Permanent,2026-08-30T21:43:41.512264Z
5dc7aa7b482508a1,CA,"Herbalife International of America, Inc.",Herbalife International of America,,Los Angeles County,53,2024-05-20,2024-05-31,Layoff Permanent,2026-08-30T21:43:41.512264Z
546ea62c3a0dc25d,CA,Walmart,Walmart,,San Mateo County,11,2024-05-20,2024-08-09,Layoff Permanent,2026-08-30T21:43:41.512264Z
4b49385a79a69400,CA,Walmart,Walmart,,Santa Clara County,30,2024-05-20,2024-08-09,Layoff Permanent,2026-08-30T21:43:41.512264Z
432c26d1717295e2,CA,Walmart,Walmart,,Santa Clara County,34,2024-05-20,2024-08-09,Layoff Permanent,2026-08-30T21:43:41.512264Z
09e474dcbf0c1eb0,CA,Walmart,Walmart,,Santa Clara County,7,2024-05-20,2024-08-09,Layoff Permanent,2026-08-30T21:43:41.512264Z
080be062bd23ab42,CA,"Herbalife International of America, Inc.",Herbalife International of America,,Los Angeles County,27,2024-05-20,2024-05-31,Layoff Permanent,2026-08-30T21:43:41.512264Z
e861b0d29c89160d,CA,Baden-Powell Clubhouse,Baden-Powell Clubhouse,,Orange County,11,2024-05-17,2024-07-15,Layoff Permanent,2026-08-30T21:43:41.512264Z
d4e1326661ddb463,CA,"Fresenius USA, Inc.",Fresenius,,Contra Costa County,6,2024-05-17,2025-06-20,Closure Permanent,2026-08-30T21:43:41.512264Z
ce2494b53f59faef,CA,"Fresenius USA, Inc.",Fresenius,,Contra Costa County,14,2024-05-17,2024-10-25,Closure Permanent,2026-08-30T21:43:41.512264Z
cc86ed1f024a0930,CA,"Bolt Biotherapeutics, Inc.",Bolt Biotherapeutics,,San Mateo County,38,2024-05-17,2024-07-15,Layoff Permanent,2026-08-30T21:43:41.512264Z
c45ffc62ec15b1c6,CA,Low Clubhouse,Low Clubhouse,,Orange County,14,2024-05-17,2024-07-15,Layoff Permanent,2026-08-30T21:43:41.512264Z
be9898d7b17e6b3d,CA,"Chedraui USA, Inc. dba El Super Distribution Center",Chedraui,El Super Distribution Center,San Bernardino County,61,2024-05-17,2024-07-19,Layoff Permanent,2026-08-30T21:43:41.512264Z
a99ccbe3d7a8fe89,CA,"Fresenius USA, Inc.",Fresenius,,Contra Costa County,123,2024-05-17,2024-08-16,Closure Permanent,2026-08-30T21:43:41.512264Z
a95a8500d527aa17,CA,Marshall Clubhouse,Marshall Clubhouse,,Orange County,16,2024-05-17,2024-07-15,Layoff Permanent,2026-08-30T21:43:41.512264Z
9db20a83ba28dffb,CA,Disney Clubhouse,Disney Clubhouse,,Orange County,5,2024-05-17,2024-07-15,Layoff Permanent,2026-08-30T21:43:41.512264Z
807c6c5a7791e6fc,CA,Salk Clubhouse,Salk Clubhouse,,Orange County,12,2024-05-17,2024-07-15,Layoff Permanent,2026-08-30T21:43:41.512264Z
799fe518fdb1d367,CA,Scweitzer Clubhouse,Scweitzer Clubhouse,,Orange County,15,2024-05-17,2024-07-15,Layoff Permanent,2026-08-30T21:43:41.512264Z
78af7d66d81402d6,CA,"Fresenius USA, Inc.",Fresenius,,Contra Costa County,118,2024-05-17,2024-09-27,Closure Permanent,2026-08-30T21:43:41.512264Z
45bc82b3fe499131,CA,Walter Clubhouse,Walter Clubhouse,,Orange County,7,2024-05-17,2024-07-15,Layoff Permanent,2026-08-30T21:43:41.512264Z
4583c320b7dbacfb,CA,Maxwell Clubhouse,Maxwell Clubhouse,,Orange County,11,2024-05-17,2024-07-15,Layoff Permanent,2026-08-30T21:43:41.512264Z
32c793d224544166,CA,"Fresenius USA, Inc.",Fresenius,,Contra Costa County,42,2024-05-17,2024-12-20,Closure Permanent,2026-08-30T21:43:41.512264Z
2286dc529bcbfb36,CA,"William Kreysler & Associates, Inc.",William Kreysler & Associates,,Solano County,3,2024-05-17,2024-06-20,Layoff Permanent,2026-08-30T21:43:41.512264Z
1eb6afe5426d66b8,CA,"Tropicale Foods, LLC, aka PLM Operations, LLC",Tropicale Foods,"PLM Operations, LLC",Stanislaus County,168,2024-05-17,2024-07-12,Closure Permanent,2026-08-30T21:43:41.512264Z
08db270fa812df51,CA,Pyles Clubhouse,Pyles Clubhouse,,Orange County,7,2024-05-17,2024-07-15,Layoff Permanent,2026-08-30T21:43:41.512264Z
06cfe06827c08eb7,CA,"Fresenius USA, Inc.",Fresenius,,Contra Costa County,6,2024-05-17,2025-03-28,Closure Permanent,2026-08-30T21:43:41.512264Z
f9db4ec6eb11dcbf,CA,First Student,First Student,,San Bernardino County,201,2024-05-16,2024-07-16,Layoff Permanent,2026-08-30T21:43:41.512264Z
f57be8b456250795,CA,Texas de Brazil Corporation,Texas de Brazil,,Contra Costa County,30,2024-05-16,2024-07-14,Closure Permanent,2026-08-30T21:43:41.512264Z
834c271434e754d8,CA,Alto Pharmacy LLC,Alto Pharmacy,,San Francisco County,82,2024-05-16,2024-07-16,Layoff Permanent,2026-08-30T21:43:41.512264Z
fb188b58b42cc924,CA,Wellpath,Wellpath,,Tulare County,47,2024-05-15,2024-06-30,Closure Permanent,2026-08-30T21:43:41.512264Z
b4c2cb431863fd51,CA,WellSpace Health,WellSpace Health,,Sacramento County,2,2024-05-15,2024-06-30,Layoff Permanent,2026-08-30T21:43:41.512264Z
8da8a5b5575057c4,CA,WellSpace Health,WellSpace Health,,Sacramento County,18,2024-05-15,2024-06-30,Layoff Permanent,2026-08-30T21:43:41.512264Z
7df2906e82c2ae5e,CA,WellSpace Health,WellSpace Health,,Sacramento County,36,2024-05-15,2024-06-30,Layoff Permanent,2026-08-30T21:43:41.512264Z
77df703155a2097c,CA,WellSpace Health,WellSpace Health,,Sacramento County,3,2024-05-15,2024-06-30,Layoff Permanent,2026-08-30T21:43:41.512264Z
7500897b2037948b,CA,WellSpace Health,WellSpace Health,,Sacramento County,4,2024-05-15,2024-06-30,Layoff Permanent,2026-08-30T21:43:41.512264Z
703a2e9c7ca225a8,CA,WellSpace Health,WellSpace Health,,Sacramento County,16,2024-05-15,2024-06-30,Layoff Permanent,2026-08-30T21:43:41.512264Z
6d7fbf049b78dfa6,CA,Wellpath,Wellpath,,Tulare County,26,2024-05-15,2024-06-30,Closure Permanent,2026-08-30T21:43:41.512264Z
48871414e5ac14ac,CA,WellSpace Health,WellSpace Health,,Sacramento County,8,2024-05-15,2024-06-30,Layoff Permanent,2026-08-30T21:43:41.512264Z
2c1f20caf2b29d9e,CA,WellSpace Health,WellSpace Health,,Amador County,1,2024-05-15,2024-06-30,Layoff Permanent,2026-08-30T21:43:41.512264Z
2781db7997228b52,CA,WellSpace Health,WellSpace Health,,Sacramento County,7,2024-05-15,2024-06-30,Layoff Permanent,2026-08-30T21:43:41.512264Z
249d42c5a57fd2c6,CA,Wellpath,Wellpath,,Tulare County,14,2024-05-15,2024-06-30,Closure Permanent,2026-08-30T21:43:41.512264Z
0974105997ff5219,CA,WellSpace Health,WellSpace Health,,Sacramento County,9,2024-05-15,2024-06-30,Layoff Permanent,2026-08-30T21:43:41.512264Z
05137264d29c90a0,CA,Wellpath,Wellpath,,Tulare County,13,2024-05-15,2024-06-30,Closure Permanent,2026-08-30T21:43:41.512264Z
f5b4131a1658c61a,CA,Wayfinder Family Services,Wayfinder Family Services,,Los Angeles County,9,2024-05-14,2024-07-07,Closure Permanent,2026-08-30T21:43:41.512264Z
f1803fd09db2acd0,CA,Wayfinder Family Services,Wayfinder Family Services,,Los Angeles County,6,2024-05-14,2024-07-07,Closure Permanent,2026-08-30T21:43:41.512264Z
dff7be876ff31672,CA,BioMarin Pharmaceutical Inc.,BioMarin Pharmaceutical,,San Mateo County,3,2024-05-14,2024-07-13,Layoff Permanent,2026-08-30T21:43:41.512264Z
d1e996fa96a48603,CA,BioMarin Pharmaceutical Inc.,BioMarin Pharmaceutical,,Sonoma County,1,2024-05-14,2024-07-13,Layoff Permanent,2026-08-30T21:43:41.512264Z
c102032c6e67b3ca,CA,BioMarin Pharmaceutical Inc.,BioMarin Pharmaceutical,,Marin County,57,2024-05-14,2024-07-13,Layoff Permanent,2026-08-30T21:43:41.512264Z
b0b5b5a4329cf735,CA,"Herbalife International of America, Inc.",Herbalife International of America,,Los Angeles County,25,2024-05-14,2024-05-31,Layoff Permanent,2026-08-30T21:43:41.512264Z
a82e53b2df2b1834,CA,Laboratory Corporation of America Holdings,Laboratory Corporation of America Holdings,,Los Angeles County,81,2024-05-14,2024-07-19,Closure Permanent,2026-08-30T21:43:41.512264Z
96cb9749092e18da,CA,"Herbalife International of America, Inc.",Herbalife International of America,,Los Angeles County,70,2024-05-14,2024-05-31,Layoff Permanent,2026-08-30T21:43:41.512264Z
8abff3f1046e03dc,CA,Wayfinder Family Services,Wayfinder Family Services,,Los Angeles County,7,2024-05-14,2024-07-07,Closure Permanent,2026-08-30T21:43:41.512264Z
895bbae4cd661e4c,CA,Amentum 1106th TASMG,Amentum 1106th TASMG,,Fresno County,113,2024-05-14,2024-06-28,Layoff Permanent,2026-08-30T21:43:41.512264Z
831596d76ed3eaa3,CA,BioMarin Pharmaceutical Inc.,BioMarin Pharmaceutical,,Marin County,71,2024-05-14,2024-07-13,Layoff Permanent,2026-08-30T21:43:41.512264Z
75f6db7df0ec42fa,CA,Indeed Inc.,Indeed,,San Mateo County,87,2024-05-14,2024-07-12,Layoff Permanent,2026-08-30T21:43:41.512264Z
7042b1a1d81554d1,CA,"Sensei Wellness Holdings, Inc dba Sensei Porcupine Creek",Sensei Wellness Holdings,Sensei Porcupine Creek,Riverside County,78,2024-05-14,2024-07-14,Layoff Temporary,2026-08-30T21:43:41.512264Z
44a7421ec8b9f74a,CA,"Tropitone Furniture Company, Inc.",Tropitone Furniture,,Orange County,117,2024-05-14,2024-08-30,Closure Permanent,2026-08-30T21:43:41.512264Z
3a5182b41bf5d019,CA,Wayfinder Family Services,Wayfinder Family Services,,Los Angeles County,13,2024-05-14,2024-06-07,Closure Permanent,2026-08-30T21:43:41.512264Z
1987cd4dd6ed74b5,CA,"Herbalife International of America, Inc.",Herbalife International of America,,Los Angeles County,40,2024-05-14,2024-05-31,Layoff Permanent,2026-08-30T21:43:41.512264Z
03c13aaaaac8ca09,CA,Dennis Dillon RV,Dennis Dillon RV,,Orange County,67,2024-05-14,2024-07-12,Closure Permanent,2026-08-30T21:43:41.512264Z
d498f8caaf0a1c08,CA,"Tesla, Inc.",Tesla,,Alameda County,164,2024-05-13,2024-06-20,Layoff Permanent,2026-08-30T21:43:41.512264Z
bd59b67b95ce9b9c,CA,"Tesla, Inc.",Tesla,,Santa Clara County,118,2024-05-13,2024-06-20,Layoff Permanent,2026-08-30T21:43:41.512264Z
978a1492c7377986,CA,"Tesla, Inc.",Tesla,,Santa Clara County,53,2024-05-13,2024-06-20,Layoff Permanent,2026-08-30T21:43:41.512264Z
8f1ac176ff92f39e,CA,"Knox Attorney Service, Inc.",Knox Attorney Service,,Yolo County,2,2024-05-13,2024-08-31,Closure Permanent,2026-08-30T21:43:41.512264Z
8c9abc88377de2dc,CA,"Tesla, Inc.",Tesla,,Alameda County,65,2024-05-13,2024-06-20,Layoff Permanent,2026-08-30T21:43:41.512264Z
7c0f8234a602cf5f,CA,"Tesla, Inc.",Tesla,,Santa Clara County,52,2024-05-13,2024-06-20,Layoff Permanent,2026-08-30T21:43:41.512264Z
55cd7862a8846df2,CA,"Tesla, Inc.",Tesla,,Santa Clara County,149,2024-05-13,2024-06-20,Layoff Permanent,2026-08-30T21:43:41.512264Z
0e894899d9c4e940,CA,"American Eagle Outfitters, Inc.",American Eagle Outfitters,,San Francisco County,52,2024-05-13,2024-07-12,Closure Permanent,2026-08-30T21:43:41.512264Z
fd4f32b06c2a331c,CA,University of Southern California - Keck School of Medicine,University of Southern California - Keck School of Medicine,,Los Angeles County,80,2024-05-10,2024-06-30,Layoff Permanent,2026-08-30T21:43:41.512264Z
f3fb26685046faca,CA,Motional AD Inc.,Motional AD,,Los Angeles County,52,2024-05-10,2024-07-06,Layoff Permanent,2026-08-30T21:43:41.512264Z
e83c5fcb55d5f5f2,CA,"Biological Dynamics, Inc.",Biological Dynamics,,San Diego County,62,2024-05-10,2024-06-30,Closure Permanent,2026-08-30T21:43:41.512264Z
e265bb8892a481b6,CA,City National Bank - Flower St.,City National Bank - Flower St,,Los Angeles County,14,2024-05-10,2024-07-05,Layoff Permanent,2026-08-30T21:43:41.512264Z
dfe3393e44f7a3d6,CA,"Fisker Group, Inc.",Fisker Group,,Orange County,35,2024-05-10,2024-06-28,Closure Permanent,2026-08-30T21:43:41.512264Z
de1d2272bb10deb6,CA,Motional AD Inc.,Motional AD,,Santa Clara County,41,2024-05-10,2024-07-06,Layoff Permanent,2026-08-30T21:43:41.512264Z
dcf9d3ae3840db03,CA,"William Kreysler & Associates, Inc.",William Kreysler & Associates,,Solano County,2,2024-05-10,2024-07-03,Layoff Permanent,2026-08-30T21:43:41.512264Z
d76595e499a4db2b,CA,Coherent Corp.,Coherent,,Santa Clara County,70,2024-05-10,2024-07-02,Layoff Permanent,2026-08-30T21:43:41.512264Z
b9ea80a3e65b10d9,CA,Cue Health Inc. Moda North,Cue Health Inc. Moda North,,San Diego County,2,2024-05-10,2024-07-01,Layoff Permanent,2026-08-30T21:43:41.512264Z
b315e55e62b6808a,CA,Cue Health Inc. Moda North II,Cue Health Inc. Moda North II,,San Diego County,5,2024-05-10,2024-07-01,Layoff Permanent,2026-08-30T21:43:41.512264Z
a9d928872db41185,CA,University of Southern California - Herman Ostrow School of Dentistry,University of Southern California - Herman Ostrow School of Dentistry,,Los Angeles County,5,2024-05-10,2024-06-30,Layoff Permanent,2026-08-30T21:43:41.512264Z
a75accde5e6515ec,CA,PT Solutions at Adventist Health Bakersfield,PT Solutions at Adventist Health Bakersfield,,Kern County,41,2024-05-10,2024-07-09,Closure Permanent,2026-08-30T21:43:41.512264Z
a6ac555b82dd2984,CA,Pro Youth,Pro Youth,,Tulare County,247,2024-05-10,2024-08-15,Layoff Permanent,2026-08-30T21:43:41.512264Z
8f39bee6a96c864a,CA,Cue Health Inc. Vista,Cue Health Inc. Vista,,San Diego County,15,2024-05-10,2024-07-01,Layoff Permanent,2026-08-30T21:43:41.512264Z
7e67f53d6e6bce82,CA,Cue Health Inc. Nancy Ridge II,Cue Health Inc. Nancy Ridge II,,San Diego County,7,2024-05-10,2024-07-01,Layoff Permanent,2026-08-30T21:43:41.512264Z
75e889912a3d8a10,CA,Cue Health Inc. Moda South,Cue Health Inc. Moda South,,San Diego County,84,2024-05-10,2024-07-01,Layoff Permanent,2026-08-30T21:43:41.512264Z
664c47937a997906,CA,"Takeda Development Centers America, Inc.",Takeda Development Centers America,,San Diego County,324,2024-05-10,2024-07-22,Closure Permanent,2026-08-30T21:43:41.512264Z
61648016f3d31309,CA,Cue Health Inc. Moda West,Cue Health Inc. Moda West,,San Diego County,4,2024-05-10,2024-07-01,Layoff Permanent,2026-08-30T21:43:41.512264Z
5a0e5a68dfd6be44,CA,Activision Blizzard,Activision Blizzard,,Los Angeles County,9,2024-05-10,2024-06-07,Layoff Permanent,2026-08-30T21:43:41.512264Z
5417a54433822c46,CA,PT Solutions at Adventist Health Tehachapi Valley,PT Solutions at Adventist Health Tehachapi Valley,,Kern County,5,2024-05-10,2024-07-09,Closure Permanent,2026-08-30T21:43:41.512264Z
47651bb8e0b9ece1,CA,"Fisker Group, Inc.",Fisker Group,,San Francisco County,45,2024-05-10,2024-06-28,Closure Permanent,2026-08-30T21:43:41.512264Z
4622db9d663dcbec,CA,PT Solutions at Adventist Health Delano,PT Solutions at Adventist Health Delano,,Kern County,4,2024-05-10,2024-07-09,Closure Permanent,2026-08-30T21:43:41.512264Z
43d6f6dbeb6f29e2,CA,City National Bank - Olympic Blvd.,City National Bank - Olympic Blvd,,Los Angeles County,1,2024-05-10,2024-07-05,Layoff Permanent,2026-08-30T21:43:41.512264Z
38e5f0e72c9662cb,CA,Cue Health Inc. Waples,Cue Health Inc. Waples,,San Diego County,64,2024-05-10,2024-07-01,Layoff Permanent,2026-08-30T21:43:41.512264Z
38887b9633f9fac6,CA,"Aaron Thomas Company, Inc.",Aaron Thomas,,Orange County,64,2024-05-10,2024-07-09,Layoff Permanent,2026-08-30T21:43:41.512264Z
33e61660f45c85b1,CA,Golden Gate University,Golden Gate University,,San Francisco County,5,2024-05-10,2024-06-30,Layoff Permanent,2026-08-30T21:43:41.512264Z
33b733c9fd67861b,CA,"GXO Logistics Supply Chain, Inc",GXO Logistics Supply Chain,,San Bernardino County,76,2024-05-10,2024-07-06,Layoff Permanent,2026-08-30T21:43:41.512264Z
336fd2d0ce335d9f,CA,Activision Blizzard,Activision Blizzard,,Los Angeles County,5,2024-05-10,2024-06-07,Layoff Permanent,2026-08-30T21:43:41.512264Z
31a53c0b4fabea9f,CA,City National Bank - Grand Ave.,City National Bank - Grand Ave,,Los Angeles County,23,2024-05-10,2024-07-05,Layoff Permanent,2026-08-30T21:43:41.512264Z
30b0f94726268c8b,CA,The Hain Celestial Group,Hain Celestial Group,,Los Angeles County,60,2024-05-10,2024-06-29,Closure Permanent,2026-08-30T21:43:41.512264Z
2f08e0648a412268,CA,"William Kreysler & Associates, Inc.",William Kreysler & Associates,,Solano County,2,2024-05-10,2024-07-09,Layoff Permanent,2026-08-30T21:43:41.512264Z
2b1deb09932e6b08,CA,"Fisker Group, Inc.",Fisker Group,,Los Angeles County,244,2024-05-10,2024-06-28,Closure Permanent,2026-08-30T21:43:41.512264Z
1ff75f59eca51c81,CA,"National Aerospace Solutions, LLC (NAS)","National Aerospace Solutions, LLC (NAS)",,Santa Clara County,60,2024-05-10,2024-06-30,Layoff Permanent,2026-08-30T21:43:41.512264Z
19134d44abafed09,CA,Cue Health Inc. Vista II,Cue Health Inc. Vista II,,San Diego County,8,2024-05-10,2024-07-01,Layoff Permanent,2026-08-30T21:43:41.512264Z
fa4c8223ac56c8b2,CA,Catholic Charities of Santa Clara County,Catholic Charities of Santa Clara County,,Santa Clara County,2,2024-05-09,2024-06-30,Layoff Permanent,2026-08-30T21:43:41.512264Z
c1132d90da17941b,CA,"Devine Holdings, LLC",Devine Holdings,,San Bernardino County,39,2024-05-09,2024-07-01,Layoff Not known at this time,2026-08-30T21:43:41.512264Z
bada72327cf942e0,CA,Catholic Charities of Santa Clara County,Catholic Charities of Santa Clara County,,Santa Clara County,6,2024-05-09,2024-06-30,Layoff Permanent,2026-08-30T21:43:41.512264Z
8f27a3bade1b6883,CA,Catholic Charities of Santa Clara County,Catholic Charities of Santa Clara County,,Santa Clara County,4,2024-05-09,2024-06-30,Layoff Permanent,2026-08-30T21:43:41.512264Z
8b87c9d9da4b336f,CA,"Devine Holdings, LLC",Devine Holdings,,Orange County,6,2024-05-09,2024-07-01,Layoff Not known at this time,2026-08-30T21:43:41.512264Z
8a81e126f753a09c,CA,Paramount Global,Paramount Global,,Los Angeles County,1,2024-05-09,2024-06-25,Layoff Permanent,2026-08-30T21:43:41.512264Z
3f4d8f5388d11eae,CA,Catholic Charities of Santa Clara County,Catholic Charities of Santa Clara County,,Santa Clara County,3,2024-05-09,2024-06-30,Layoff Permanent,2026-08-30T21:43:41.512264Z
22b6671b3b40fdc6,CA,Catholic Charities of Santa Clara County,Catholic Charities of Santa Clara County,,Santa Clara County,5,2024-05-09,2024-06-30,Layoff Permanent,2026-08-30T21:43:41.512264Z
1415c55cfac0c08c,CA,Catholic Charities of Santa Clara County,Catholic Charities of Santa Clara County,,Santa Clara County,9,2024-05-09,2024-06-30,Layoff Permanent,2026-08-30T21:43:41.512264Z
0e58b0872e99bf3d,CA,"TuSimple, Inc.",TuSimple,,San Diego County,3,2024-05-09,2024-06-29,Layoff Permanent,2026-08-30T21:43:41.512264Z
fc87ec7430466477,CA,California Communications Access Foundation,California Communications Access Foundation,,Alameda County,15,2024-05-08,2024-07-01,Layoff Permanent,2026-08-30T21:43:41.512264Z
e7f6a19b5cbded6b,CA,"Pacific Biosciences of California, Inc.",Pacific Biosciences of California,,San Mateo County,71,2024-05-08,2024-06-28,Layoff Permanent,2026-08-30T21:43:41.512264Z
dd557b04642e66c8,CA,California Communications Access Foundation,California Communications Access Foundation,,Shasta County,2,2024-05-08,2024-07-01,Layoff Permanent,2026-08-30T21:43:41.512264Z
c4fd741dec5b6fe0,CA,Google US-SFO-SPEAR121,Google US-SFO-SPEAR121,,San Francisco County,6,2024-05-08,2024-06-09,Layoff Permanent,2026-08-30T21:43:41.512264Z
bcc010e688808175,CA,Google US-SFO-SPE,Google US-SFO-SPE,,San Francisco County,26,2024-05-08,2024-06-09,Layoff Permanent,2026-08-30T21:43:41.512264Z
b9980a03f635c45e,CA,California Communications Access Foundation,California Communications Access Foundation,,Alameda County,11,2024-05-08,2024-07-01,Layoff Permanent,2026-08-30T21:43:41.512264Z
b1058e065a2e61a8,CA,Rico Corp. dba D'Addario Woodwinds,Rico,D'Addario Woodwinds,Los Angeles County,1,2024-05-08,2024-07-01,Layoff Permanent,2026-08-30T21:43:41.512264Z
acca9117610921f4,CA,California Communications Access Foundation,California Communications Access Foundation,,Fresno County,10,2024-05-08,2024-07-01,Layoff Permanent,2026-08-30T21:43:41.512264Z
8f5415e18b7332b4,CA,Elijah House Foundation,Elijah House Foundation,,Contra Costa County,42,2024-05-08,2024-06-30,Layoff Permanent,2026-08-30T21:43:41.512264Z
8b5dace00e2f4a42,CA,Elijah House Foundation,Elijah House Foundation,,Butte County,38,2024-05-08,2024-06-30,Layoff Permanent,2026-08-30T21:43:41.512264Z
866275fefc6f334d,CA,California Communications Access Foundation,California Communications Access Foundation,,San Diego County,5,2024-05-08,2024-07-01,Layoff Permanent,2026-08-30T21:43:41.512264Z
5ca2bca061d51656,CA,"Pacific Biosciences of California, Inc.",Pacific Biosciences of California,,San Diego County,108,2024-05-08,2024-06-28,Closure Permanent,2026-08-30T21:43:41.512264Z
591105b6fe8710ab,CA,California Communications Access Foundation,California Communications Access Foundation,,Orange County,9,2024-05-08,2024-07-01,Layoff Permanent,2026-08-30T21:43:41.512264Z
5878d5e6f66e64e3,CA,Google US-SFO-FRE199,Google US-SFO-FRE199,,San Francisco County,1,2024-05-08,2024-06-09,Layoff Permanent,2026-08-30T21:43:41.512264Z
4d304b5e68f00b5f,CA,"Aaron Thomas Company, Inc.",Aaron Thomas,,Orange County,155,2024-05-08,2024-07-09,Layoff Permanent,2026-08-30T21:43:41.512264Z
4938357120f18f4e,CA,California Communications Access Foundation,California Communications Access Foundation,,Santa Barbara County,1,2024-05-08,2024-07-01,Layoff Permanent,2026-08-30T21:43:41.512264Z
44ffb693d51a7a9b,CA,Bristol Myers Squibb,Bristol Myers Squibb,,San Mateo County,114,2024-05-08,2024-06-25,Layoff Permanent,2026-08-30T21:43:41.512264Z
3f44746d290b512b,CA,Google US-SFO-MKT1,Google US-SFO-MKT1,,San Francisco County,1,2024-05-08,2024-06-09,Layoff Permanent,2026-08-30T21:43:41.512264Z
37fe26506d68b78c,CA,Elijah House Foundation,Elijah House Foundation,,Monterey County,18,2024-05-08,2024-06-30,Layoff Permanent,2026-08-30T21:43:41.512264Z
283abca70411e309,CA,Google US-SFO-1MST,Google US-SFO-1MST,,San Francisco County,6,2024-05-08,2024-06-09,Layoff Permanent,2026-08-30T21:43:41.512264Z
2785e60fb34bf08e,CA,California Communications Access Foundation,California Communications Access Foundation,,Los Angeles County,8,2024-05-08,2024-07-01,Layoff Permanent,2026-08-30T21:43:41.512264Z
13fd1ff52823077c,CA,Google US-SFO-FRE215,Google US-SFO-FRE215,,San Francisco County,14,2024-05-08,2024-06-09,Layoff Permanent,2026-08-30T21:43:41.512264Z
0e22f97e78be1b41,CA,Google US-SFO-FERRY,Google US-SFO-FERRY,,San Francisco County,3,2024-05-08,2024-06-09,Layoff Permanent,2026-08-30T21:43:41.512264Z
070166ab3d82d04a,CA,California Communications Access Foundation,California Communications Access Foundation,,Riverside County,7,2024-05-08,2024-07-01,Layoff Permanent,2026-08-30T21:43:41.512264Z
f9f62abfa5bf94da,CA,"Rivian Automotive, LLC",Rivian Automotive,,Orange County,2,2024-05-07,2024-06-18,Layoff Permanent,2026-08-30T21:43:41.512264Z
cb22f3db1c3190bb,CA,"Rivian Automotive, LLC",Rivian Automotive,,Orange County,33,2024-05-07,2024-06-18,Layoff Permanent,2026-08-30T21:43:41.512264Z
c5be6e7402017035,CA,"Rivian Automotive, LLC",Rivian Automotive,,Orange County,5,2024-05-07,2024-06-18,Layoff Permanent,2026-08-30T21:43:41.512264Z
bb7b67fa0e759a61,CA,"Cretex Medical Component and Device Technologies, Inc. dba JunoPacific",Cretex Medical Component and Device Technologies,JunoPacific,Santa Cruz County,96,2024-05-07,2024-07-26,Closure Permanent,2026-08-30T21:43:41.512264Z
a38655623acc9712,CA,"Rivian Automotive, LLC",Rivian Automotive,,Orange County,1,2024-05-07,2024-06-18,Layoff Permanent,2026-08-30T21:43:41.512264Z
9503680d42655fe2,CA,"Sientra, Inc.",Sientra,,Orange County,57,2024-05-07,2024-06-18,Closure Permanent,2026-08-30T21:43:41.512264Z
31631219feaa5185,CA,"Rivian Automotive, LLC",Rivian Automotive,,Santa Clara County,26,2024-05-07,2024-06-18,Layoff Permanent,2026-08-30T21:43:41.512264Z
2ced4bea29485fdb,CA,"San Miguel Produce, Inc.",San Miguel Produce,,Ventura County,127,2024-05-07,2024-06-28,Closure Permanent,2026-08-30T21:43:41.512264Z
226af4c4a7885343,CA,"Rivian Automotive, LLC",Rivian Automotive,,Orange County,46,2024-05-07,2024-06-18,Layoff Permanent,2026-08-30T21:43:41.512264Z
fa7127c3b24c24f2,CA,Kaiser Foundation Hospitals,Kaiser Foundation Hospitals,,Los Angeles County,5,2024-05-01,2024-06-21,Layoff Permanent,2026-08-30T21:43:41.512264Z
e0332760a168a478,CA,Google US-SVL-CRSM1260,Google US-SVL-CRSM1260,,Santa Clara County,3,2024-05-01,2024-06-15,Layoff Permanent,2026-08-30T21:43:41.512264Z
acde0fb0d94edc3e,CA,Kaiser Foundation Hospitals,Kaiser Foundation Hospitals,,Los Angeles County,17,2024-05-01,2024-06-21,Layoff Permanent,2026-08-30T21:43:41.512264Z
ac05fdcb3034ff1b,CA,HomeFirst Services,HomeFirst Services,,Santa Clara County,24,2024-05-01,2024-06-30,Layoff Permanent,2026-08-30T21:43:41.512264Z
ab598a4b425c4056,CA,AHMC San Gabriel Valley Medical Center LP dba San Gabriel Valley Medical Center,AHMC San Gabriel Valley Medical Center,San Gabriel Valley Medical Center,Los Angeles County,6,2024-05-01,2024-06-24,Layoff Permanent,2026-08-30T21:43:41.512264Z
aab0da61425619b2,CA,"FreeWire Technologies, Inc.",FreeWire Technologies,,Alameda County,113,2024-05-01,2024-06-24,Closure Permanent,2026-08-30T21:43:41.512264Z
a9031960677e2bef,CA,Kaiser Foundation Hospitals,Kaiser Foundation Hospitals,,Los Angeles County,2,2024-05-01,2024-06-21,Layoff Permanent,2026-08-30T21:43:41.512264Z
97682c8b5cad701d,CA,SunPower Corp.,SunPower,,San Bernardino County,81,2024-05-01,2024-06-24,Closure Permanent,2026-08-30T21:43:41.512264Z
900bb974c4f53ab9,CA,SunPower Corp.,SunPower,,San Diego County,71,2024-05-01,2024-06-24,Closure Permanent,2026-08-30T21:43:41.512264Z
8af71308d47c1ee6,CA,SunPower Corp.,SunPower,,Alameda County,65,2024-05-01,2024-06-24,Closure Permanent,2026-08-30T21:43:41.512264Z
82d2fb5c5fa6ea5d,CA,Kaiser Foundation Hospitals,Kaiser Foundation Hospitals,,Alameda County,33,2024-05-01,2024-06-21,Layoff Permanent,2026-08-30T21:43:41.512264Z
76f8e68106d29f47,CA,SunPower Corp.,SunPower,,Los Angeles County,77,2024-05-01,2024-06-24,Closure Permanent,2026-08-30T21:43:41.512264Z
729b2fa6b3645560,CA,ITC Federal,ITC Federal,,Orange County,135,2024-05-01,2024-06-21,Layoff Permanent,2026-08-30T21:43:41.512264Z
6e9414c1c6710392,CA,SunPower Corp.,SunPower,,Santa Clara County,64,2024-05-01,2024-06-24,Closure Permanent,2026-08-30T21:43:41.512264Z
6368793696e9d072,CA,Walmart,Walmart,,Alameda County,169,2024-05-01,2024-07-26,Closure Permanent,2026-08-30T21:43:41.512264Z
5bf97bf8f3bf6699,CA,Google US-SVL-CRSM1265,Google US-SVL-CRSM1265,,Santa Clara County,29,2024-05-01,2024-06-15,Layoff Permanent,2026-08-30T21:43:41.512264Z
56c50dc7cf3fb5b7,CA,"Western Power Sports, LLC",Western Power Sports,,Fresno County,12,2024-05-01,2024-06-28,Closure Permanent,2026-08-30T21:43:41.512264Z
551e1e82490fc09b,CA,Google US-SVL-CRSM1225,Google US-SVL-CRSM1225,,Santa Clara County,18,2024-05-01,2024-06-15,Layoff Permanent,2026-08-30T21:43:41.512264Z
37a967282df73f1c,CA,Anaheim Family YMCA,Anaheim Family YMCA,,Orange County,97,2024-05-01,2024-07-01,Layoff Permanent,2026-08-30T21:43:41.512264Z
32bea9b7e59df7a8,CA,Intel Corporation,Intel,,Santa Clara County,75,2024-05-01,2024-05-31,Layoff Permanent,2026-08-30T21:43:41.512264Z
2478187e47b35c29,CA,Kaiser Foundation Hospitals,Kaiser Foundation Hospitals,,Alameda County,1,2024-05-01,2024-06-21,Layoff Permanent,2026-08-30T21:43:41.512264Z
18b1fe92a6d3bf5a,CA,Amazon,Amazon,,San Francisco County,85,2024-05-01,2024-06-27,Closure Permanent,2026-08-30T21:43:41.512264Z
170583bc8ca6bbea,CA,Ensemble Therapy,Ensemble Therapy,,San Bernardino County,48,2024-05-01,2024-06-30,Layoff Permanent,2026-08-30T21:43:41.512264Z
02e491e4c1e9420a,CA,Kaiser Foundation Hospitals,Kaiser Foundation Hospitals,,Alameda County,9,2024-05-01,2024-06-21,Layoff Permanent,2026-08-30T21:43:41.512264Z
7cb14fa40b2ac97f,CA,"Gilead Sciences, Inc.",Gilead Sciences,,San Mateo County,58,2024-04-30,2024-06-28,Layoff Permanent,2026-08-30T21:43:41.512264Z
78388d36980fa0b3,CA,PIRCH,Pirch,,San Diego County,9,2024-04-30,2024-04-04,Layoff Permanent,2026-08-30T21:43:41.512264Z
68a994a52a888429,CA,PIRCH,Pirch,,Riverside County,11,2024-04-30,2024-04-04,Layoff Permanent,2026-08-30T21:43:41.512264Z
664880c39b8d62c9,CA,PIRCH,Pirch,,Los Angeles County,24,2024-04-30,2024-04-04,Layoff Permanent,2026-08-30T21:43:41.512264Z
3c44af0a0111a250,CA,PIRCH,Pirch,,Los Angeles County,31,2024-04-30,2024-04-04,Layoff Permanent,2026-08-30T21:43:41.512264Z
241c774275398eee,CA,"Freenome, Inc.",Freenome,,San Mateo County,118,2024-04-30,2024-06-22,Layoff Permanent,2026-08-30T21:43:41.512264Z
23fda2d4b326120e,CA,PIRCH,Pirch,,San Diego County,67,2024-04-30,2024-04-04,Layoff Permanent,2026-08-30T21:43:41.512264Z
218534baf440cc0e,CA,PIRCH,Pirch,,Riverside County,6,2024-04-30,2024-04-04,Layoff Permanent,2026-08-30T21:43:41.512264Z
1d17e1af6f47c181,CA,PIRCH,Pirch,,San Diego County,48,2024-04-30,2024-04-04,Layoff Permanent,2026-08-30T21:43:41.512264Z
0b58a51ef32cf0b4,CA,PIRCH,Pirch,,San Diego County,59,2024-04-30,2024-04-04,Layoff Permanent,2026-08-30T21:43:41.512264Z
03b08529b9e3634a,CA,PIRCH,Pirch,,Los Angeles County,29,2024-04-30,2024-04-04,Layoff Permanent,2026-08-30T21:43:41.512264Z
cfba0e3232a37f40,CA,Twenty Twenty Therapeutics LLC,Twenty Twenty Therapeutics,,San Mateo County,76,2024-04-29,2024-06-26,Closure Permanent,2026-08-30T21:43:41.512264Z
a18d8f3a3d41b0b8,CA,"Shadow Holdings, LLC dba Bright Innovation Labs",Shadow Holdings,Bright Innovation Labs,Los Angeles County,28,2024-04-29,2024-06-28,Closure Permanent,2026-08-30T21:43:41.512264Z
8d190d0d971caada,CA,"SDH Services West, LLC. - Sodexo","SDH Services West, LLC. - Sodexo",,Contra Costa County,61,2024-04-29,2024-06-30,Closure Permanent,2026-08-30T21:43:41.512264Z
f5268801f141b2db,CA,"Tesla, Inc.",Tesla,,San Joaquin County,17,2024-04-25,2024-06-14,Layoff Permanent,2026-08-30T21:43:41.512264Z
ec90f432ae63a711,CA,Revol Greens,Revol Greens,,Kern County,100,2024-04-25,2024-06-18,Layoff Permanent,2026-08-30T21:43:41.512264Z
ea5210987c43fa9f,CA,"Tesla, Inc.",Tesla,,San Joaquin County,32,2024-04-25,2024-06-14,Layoff Permanent,2026-08-30T21:43:41.512264Z
e8168848a3256192,CA,"Tesla, Inc.",Tesla,,San Joaquin County,1,2024-04-25,2024-06-14,Layoff Permanent,2026-08-30T21:43:41.512264Z
dcab3ed034423683,CA,"Tesla, Inc.",Tesla,,Alameda County,25,2024-04-25,2024-06-14,Layoff Permanent,2026-08-30T21:43:41.512264Z
d59e0eee7247ab68,CA,"Tesla, Inc.",Tesla,,Santa Clara County,81,2024-04-25,2024-06-14,Layoff Permanent,2026-08-30T21:43:41.512264Z
d49431b168d8ac75,CA,"Tesla, Inc.",Tesla,,Los Angeles County,30,2024-04-25,2024-06-14,Layoff Permanent,2026-08-30T21:43:41.512264Z
d18f9e150a321c91,CA,"Tesla, Inc.",Tesla,,San Joaquin County,9,2024-04-25,2024-06-14,Layoff Permanent,2026-08-30T21:43:41.512264Z
cbc632dba4701bd7,CA,"Tesla, Inc.",Tesla,,San Joaquin County,77,2024-04-25,2024-06-14,Layoff Permanent,2026-08-30T21:43:41.512264Z
c8ab30af3770020b,CA,"Tesla, Inc.",Tesla,,San Joaquin County,23,2024-04-25,2024-06-14,Layoff Permanent,2026-08-30T21:43:41.512264Z
bf743d3da3be5efe,CA,"Tesla, Inc.",Tesla,,Santa Clara County,2,2024-04-25,2024-06-14,Layoff Permanent,2026-08-30T21:43:41.512264Z
b049762869e2badf,CA,"Tesla, Inc.",Tesla,,San Joaquin County,3,2024-04-25,2024-06-14,Layoff Permanent,2026-08-30T21:43:41.512264Z
a3243a8a6b7496bf,CA,"Tesla, Inc.",Tesla,,Alameda County,1452,2024-04-25,2024-06-14,Layoff Permanent,2026-08-30T21:43:41.512264Z
9e3c712ca3973d95,CA,"Tesla, Inc.",Tesla,,Alameda County,11,2024-04-25,2024-06-14,Layoff Permanent,2026-08-30T21:43:41.512264Z
9aa52f77901c61fb,CA,"Tesla, Inc.",Tesla,,San Joaquin County,403,2024-04-25,2024-06-14,Layoff Permanent,2026-08-30T21:43:41.512264Z
93a298528d434887,CA,"Tesla, Inc.",Tesla,,Alameda County,6,2024-04-25,2024-06-14,Layoff Permanent,2026-08-30T21:43:41.512264Z
77a11fc8cf80a65e,CA,"Tesla, Inc.",Tesla,,San Joaquin County,24,2024-04-25,2024-06-14,Layoff Permanent,2026-08-30T21:43:41.512264Z
76fd9d16f7a3fe32,CA,"Tesla, Inc.",Tesla,,Santa Clara County,155,2024-04-25,2024-06-14,Layoff Permanent,2026-08-30T21:43:41.512264Z
760a6bd7a63d3f08,CA,"Tesla, Inc.",Tesla,,Alameda County,8,2024-04-25,2024-06-14,Layoff Permanent,2026-08-30T21:43:41.512264Z
6e0a326f3ab97e1e,CA,"Tesla, Inc.",Tesla,,San Joaquin County,19,2024-04-25,2024-06-14,Layoff Permanent,2026-08-30T21:43:41.512264Z
6d18f415453cc114,CA,"Tesla, Inc.",Tesla,,San Joaquin County,214,2024-04-25,2024-06-14,Layoff Permanent,2026-08-30T21:43:41.512264Z
5a2d4225d7fb1d5e,CA,"SAP America, Inc.",SAP America,,Contra Costa County,42,2024-04-25,2024-06-17,Layoff Permanent,2026-08-30T21:43:41.512264Z
43bfd6e0927631ab,CA,"Tesla, Inc.",Tesla,,San Joaquin County,284,2024-04-25,2024-06-14,Layoff Permanent,2026-08-30T21:43:41.512264Z
2bbbb420f137636f,CA,"Tesla, Inc.",Tesla,,Santa Clara County,237,2024-04-25,2024-06-14,Layoff Permanent,2026-08-30T21:43:41.512264Z
26c4c4195206bb3b,CA,"Tesla, Inc.",Tesla,,San Joaquin County,108,2024-04-25,2024-06-14,Layoff Permanent,2026-08-30T21:43:41.512264Z
043fa0b1154b3cb0,CA,"Tesla, Inc.",Tesla,,San Joaquin County,49,2024-04-25,2024-06-14,Layoff Permanent,2026-08-30T21:43:41.512264Z
02fdb6f4639ee520,CA,"Tesla, Inc.",Tesla,,Los Angeles County,28,2024-04-25,2024-06-14,Layoff Permanent,2026-08-30T21:43:41.512264Z
24a1062e01f3df4b,CA,Nestle USA,Nestle,,Stanislaus County,74,2024-04-24,2024-07-01,Closure Temporary,2026-08-30T21:43:41.512264Z
a67a6bff4acd31ea,CA,DermTech,DermTech,,San Diego County,101,2024-04-23,2024-06-17,Layoff Permanent,2026-08-30T21:43:41.512264Z
9995df8b5274e933,CA,JELD-WEN Inc.,Jeld-Wen,,San Diego County,113,2024-04-23,2024-04-11,Layoff Permanent,2026-08-30T21:43:41.512264Z
81727aff8780e6b4,CA,"Experian Information Solutions, Inc.",Experian Information Solutions,,Orange County,10,2024-04-23,2024-06-14,Layoff Permanent,2026-08-30T21:43:41.512264Z
547321eee50243fc,CA,"Herbalife International of America, Inc.",Herbalife International of America,,Los Angeles County,21,2024-04-23,2024-05-31,Layoff Permanent,2026-08-30T21:43:41.512264Z
4159703abccb5da4,CA,"Herbalife International of America, Inc.",Herbalife International of America,,Los Angeles County,59,2024-04-23,2024-05-31,Layoff Permanent,2026-08-30T21:43:41.512264Z
337d88f1bfcebb0d,CA,"Molina Healthcare, Inc",Molina Healthcare,,Los Angeles County,52,2024-04-23,2024-06-18,Layoff Permanent,2026-08-30T21:43:41.512264Z
23e30e23982764de,CA,Rehrig Pacific Company,Rehrig Pacific,,Los Angeles County,71,2024-04-23,2024-07-05,Closure Permanent,2026-08-30T21:43:41.512264Z
227d7f1c0e1e3e6f,CA,Super Store Industries,Super Store Industries,,San Joaquin County,36,2024-04-23,2024-07-15,Layoff Permanent,2026-08-30T21:43:41.512264Z
21bdfa60a8879d82,CA,"St. Vincent de Paul Society of Lane County, Inc.",St. Vincent de Paul Society of Lane County,,Alameda County,16,2024-04-23,2024-06-15,Closure Permanent,2026-08-30T21:43:41.512264Z
f33618f3795be68c,CA,Triple Canopy,Triple Canopy,,San Francisco County,7,2024-04-22,2024-05-31,Layoff Permanent,2026-08-30T21:43:41.512264Z
ed1d8e3394dc22bd,CA,Triple Canopy,Triple Canopy,,Fresno County,3,2024-04-22,2024-05-31,Layoff Permanent,2026-08-30T21:43:41.512264Z
cae2df569696345a,CA,Triple Canopy,Triple Canopy,,San Francisco County,24,2024-04-22,2024-05-31,Layoff Permanent,2026-08-30T21:43:41.512264Z
c038315f11b8e4ca,CA,Triple Canopy,Triple Canopy,,Fresno County,10,2024-04-22,2024-05-31,Layoff Permanent,2026-08-30T21:43:41.512264Z
b8c84398b6c654bc,CA,Triple Canopy,Triple Canopy,,San Francisco County,20,2024-04-22,2024-05-31,Layoff Permanent,2026-08-30T21:43:41.512264Z
afdcae9bb55df6da,CA,Triple Canopy,Triple Canopy,,Alameda County,1,2024-04-22,2024-05-31,Layoff Permanent,2026-08-30T21:43:41.512264Z
ac9c6e2c142ad757,CA,Triple Canopy,Triple Canopy,,San Francisco County,5,2024-04-22,2024-05-31,Layoff Permanent,2026-08-30T21:43:41.512264Z
a226fea2d1cb86a9,CA,Triple Canopy,Triple Canopy,,Placer County,4,2024-04-22,2024-05-31,Layoff Permanent,2026-08-30T21:43:41.512264Z
977c7059920b320b,CA,Triple Canopy,Triple Canopy,,Fresno County,2,2024-04-22,2024-05-31,Layoff Permanent,2026-08-30T21:43:41.512264Z
8684562fa93c7ef1,CA,Triple Canopy,Triple Canopy,,Fresno County,6,2024-04-22,2024-05-31,Layoff Permanent,2026-08-30T21:43:41.512264Z
54ac8ae05f7336f5,CA,Triple Canopy,Triple Canopy,,San Francisco County,9,2024-04-22,2024-05-31,Layoff Permanent,2026-08-30T21:43:41.512264Z
2054c2e98de2655e,CA,Triple Canopy,Triple Canopy,,Santa Clara County,38,2024-04-22,2024-05-31,Layoff Permanent,2026-08-30T21:43:41.512264Z
05ce6117cd4a176c,CA,Triple Canopy,Triple Canopy,,San Francisco County,13,2024-04-22,2024-05-31,Layoff Permanent,2026-08-30T21:43:41.512264Z
e61fb6232506a2ea,CA,Aura Management Co.,Aura Management,,Alameda County,13,2024-04-18,2024-06-19,Closure Permanent,2026-08-30T21:43:41.512264Z
e585fc17e818d013,CA,Aura Management Co.,Aura Management,,Santa Clara County,19,2024-04-18,2024-07-17,Closure Permanent,2026-08-30T21:43:41.512264Z
c8e9efe88d29d7bc,CA,Para Los Ninos,Para Los Ninos,,Los Angeles County,23,2024-04-18,2024-06-11,Layoff Permanent,2026-08-30T21:43:41.512264Z
c5a0c93cda22834f,CA,Aura Management Co.,Aura Management,,Alameda County,11,2024-04-18,2024-06-27,Closure Permanent,2026-08-30T21:43:41.512264Z
a7428d5fd68dd589,CA,Aura Management Co.,Aura Management,,Solano County,17,2024-04-18,2024-06-04,Closure Permanent,2026-08-30T21:43:41.512264Z
a2f7b5a6a981cbab,CA,Aura Management Co.,Aura Management,,San Mateo County,20,2024-04-18,2024-06-25,Closure Permanent,2026-08-30T21:43:41.512264Z
9e2d42534ff00a99,CA,Aura Management Co.,Aura Management,,Contra Costa County,20,2024-04-18,2024-07-11,Closure Permanent,2026-08-30T21:43:41.512264Z
9d6c990e271560d6,CA,Aura Management Co.,Aura Management,,Santa Clara County,15,2024-04-18,2024-07-10,Closure Permanent,2026-08-30T21:43:41.512264Z
7c1b5cd1ab16508b,CA,Aura Management Co.,Aura Management,,Alameda County,13,2024-04-18,2024-06-20,Closure Permanent,2026-08-30T21:43:41.512264Z
7be26e71a24c711e,CA,Para Los Ninos,Para Los Ninos,,Los Angeles County,25,2024-04-18,2024-06-11,Layoff Permanent,2026-08-30T21:43:41.512264Z
6a99b36dab8fecb0,CA,Aura Management Co.,Aura Management,,Solano County,13,2024-04-18,2024-06-06,Closure Permanent,2026-08-30T21:43:41.512264Z
66cd14f262b62473,CA,Aura Management Co.,Aura Management,,Solano County,13,2024-04-18,2024-06-03,Closure Permanent,2026-08-30T21:43:41.512264Z
6489aa6a8d18134f,CA,Chick-fil-A,Chick-fil-A,,Los Angeles County,82,2024-04-18,2024-06-06,Closure Temporary,2026-08-30T21:43:41.512264Z
537ab3f98d71f14f,CA,Aura Management Co.,Aura Management,,Sonoma County,12,2024-04-18,2024-06-05,Closure Permanent,2026-08-30T21:43:41.512264Z
4f4b990fdc974486,CA,Aura Management Co.,Aura Management,,Contra Costa County,13,2024-04-18,2024-06-17,Closure Permanent,2026-08-30T21:43:41.512264Z
4e3c18e358d90c18,CA,Aura Management Co.,Aura Management,,Contra Costa County,13,2024-04-18,2024-06-13,Closure Permanent,2026-08-30T21:43:41.512264Z
3bc240469207e415,CA,Aura Management Co.,Aura Management,,Santa Clara County,13,2024-04-18,2024-07-11,Closure Permanent,2026-08-30T21:43:41.512264Z
3b5dfc95a65398e5,CA,Aura Management Co.,Aura Management,,Santa Cruz County,11,2024-04-18,2024-07-16,Closure Permanent,2026-08-30T21:43:41.512264Z
38a6663c38e2c5ad,CA,Para Los Ninos,Para Los Ninos,,Los Angeles County,19,2024-04-18,2024-06-11,Layoff Permanent,2026-08-30T21:43:41.512264Z
379831104677613c,CA,Aura Management Co,Aura Management,,Santa Clara County,12,2024-04-18,2024-07-08,Closure Permanent,2026-08-30T21:43:41.512264Z
21ac028adef35028,CA,Aura Management Co.,Aura Management,,Contra Costa County,17,2024-04-18,2024-06-24,Closure Permanent,2026-08-30T21:43:41.512264Z
21160e281df481de,CA,Aura Management Co.,Aura Management,,Santa Clara County,6,2024-04-18,2024-07-09,Closure Permanent,2026-08-30T21:43:41.512264Z
1b43abb6bf85feb6,CA,Aura Management Co.,Aura Management,,Monterey County,14,2024-04-18,2024-07-15,Closure Permanent,2026-08-30T21:43:41.512264Z
144aad16f6a5b127,CA,Aura Management Co.,Aura Management,,Contra Costa County,16,2024-04-18,2024-06-18,Closure Permanent,2026-08-30T21:43:41.512264Z
0f6075bf577716c8,CA,Aura Management Co.,Aura Management,,Contra Costa County,11,2024-04-18,2024-07-31,Closure Permanent,2026-08-30T21:43:41.512264Z
054caed7cdab9f1c,CA,Aura Management Co.,Aura Management,,Contra Costa County,16,2024-04-18,2024-06-10,Closure Permanent,2026-08-30T21:43:41.512264Z
0464681557b42b71,CA,Aura Management Co.,Aura Management,,Contra Costa County,16,2024-04-18,2024-06-12,Closure Permanent,2026-08-30T21:43:41.512264Z
f950e00ac79f85ec,CA,Cracker Barrel,Cracker Barrel,,Sacramento County,70,2024-04-17,2024-06-14,Closure Permanent,2026-08-30T21:43:41.512264Z
f5599c91f6b262d9,CA,"Participant Media, LLC",Participant Media,,Los Angeles County,107,2024-04-17,2024-05-07,Closure Permanent,2026-08-30T21:43:41.512264Z
da67865bccb4ab2a,CA,"Del Monte Capitol Meat Company, LLC dba Allen Brothers West Coast",Del Monte Capitol Meat,Allen Brothers West Coast,San Francisco County,53,2024-04-17,2024-06-09,Closure Permanent,2026-08-30T21:43:41.512264Z
9e0f97608c344696,CA,Stanislaus Surgical Hospital,Stanislaus Surgical Hospital,,Stanislaus County,191,2024-04-17,2024-04-30,Closure Temporary,2026-08-30T21:43:41.512264Z
7de057eecc297497,CA,Cracker Barrel,Cracker Barrel,,Santa Barbara County,81,2024-04-17,2024-06-14,Closure Permanent,2026-08-30T21:43:41.512264Z
20922ec3945f4617,CA,Post Acute Registry LLC,Post Acute Registry,,Los Angeles County,42,2024-04-17,2024-06-15,Closure Permanent,2026-08-30T21:43:41.512264Z
1a256b220774aefc,CA,"SAP America, Inc.",SAP America,,Santa Clara County,108,2024-04-17,2024-06-17,Layoff Permanent,2026-08-30T21:43:41.512264Z
1095d186481786e3,CA,DHL Supply Chain,DHL Supply Chain,,San Bernardino County,109,2024-04-17,2024-08-31,Closure Permanent,2026-08-30T21:43:41.512264Z
02a0be13bdd49f2b,CA,Rico Corp. dba D'Addario Woodwinds,Rico,D'Addario Woodwinds,Los Angeles County,5,2024-04-17,2024-06-14,Closure Permanent,2026-08-30T21:43:41.512264Z
faa93c1a7ca43f54,CA,"Project Fusion, LLC",Project Fusion,,Butte County,22,2024-04-16,2024-06-11,Closure Permanent,2026-08-30T21:43:41.512264Z
d73bf1e9f33db7d3,CA,99 Cents Only Stores LLC,99 Cents Only Stores,,Sacramento County,39,2024-04-16,2024-06-03,Closure Permanent,2026-08-30T21:43:41.512264Z
d3e8bdf1def19945,CA,99 Cents Only Stores LLC,99 Cents Only Stores,,San Diego County,46,2024-04-16,2024-06-03,Closure Permanent,2026-08-30T21:43:41.512264Z
cda22986363f6736,CA,99 Cents Only Stores LLC,99 Cents Only Stores,,Los Angeles County,41,2024-04-16,2024-06-03,Closure Permanent,2026-08-30T21:43:41.512264Z
be44a27abf82ea45,CA,99 Cents Only Stores LLC,99 Cents Only Stores,,Orange County,32,2024-04-16,2024-06-03,Closure Permanent,2026-08-30T21:43:41.512264Z
bdff326c63f5938e,CA,"Checkr, Inc.",Checkr,,San Francisco County,260,2024-04-16,2024-06-10,Layoff Permanent,2026-08-30T21:43:41.512264Z
ae758163d99dbd2b,CA,99 Cents Only Stores LLC,99 Cents Only Stores,,Los Angeles County,26,2024-04-16,2024-06-03,Closure Permanent,2026-08-30T21:43:41.512264Z
a9a042f40d5ccc6e,CA,99 Cents Only Stores LLC,99 Cents Only Stores,,San Diego County,52,2024-04-16,2024-06-03,Closure Permanent,2026-08-30T21:43:41.512264Z
a8bb92afb253d911,CA,99 Cents Only Stores LLC,99 Cents Only Stores,,Los Angeles County,40,2024-04-16,2024-06-03,Closure Permanent,2026-08-30T21:43:41.512264Z
97bfda705a1479d7,CA,99 Cents Only Stores LLC,99 Cents Only Stores,,Sacramento County,50,2024-04-16,2024-06-03,Closure Permanent,2026-08-30T21:43:41.512264Z
87013d53e399eca6,CA,"Project Fusion, LLC",Project Fusion,,Butte County,26,2024-04-16,2024-06-11,Closure Permanent,2026-08-30T21:43:41.512264Z
701751c14e9d1f2d,CA,Aura Management Co.,Aura Management,,Alameda County,12,2024-04-16,2024-06-26,Layoff Permanent,2026-08-30T21:43:41.512264Z
55965de9abf187ac,CA,99 Cents Only Stores LLC,99 Cents Only Stores,,Los Angeles County,44,2024-04-16,2024-06-03,Closure Permanent,2026-08-30T21:43:41.512264Z
4f0a7af695f4a5fc,CA,99 Cents Only Stores LLC,99 Cents Only Stores,,San Diego County,49,2024-04-16,2024-06-03,Closure Permanent,2026-08-30T21:43:41.512264Z
4ee9ba67094a8872,CA,99 Cents Only Stores LLC,99 Cents Only Stores,,Los Angeles County,453,2024-04-16,2024-06-03,Closure Permanent,2026-08-30T21:43:41.512264Z
412978c94c161186,CA,"Project Fusion, LLC",Project Fusion,,Butte County,34,2024-04-16,2024-06-11,Closure Permanent,2026-08-30T21:43:41.512264Z
3139f21b6f1c0d70,CA,99 Cents Only Stores LLC,99 Cents Only Stores,,Contra Costa County,34,2024-04-16,2024-06-03,Closure Permanent,2026-08-30T21:43:41.512264Z
00f69b450f1b9093,CA,99 Cents Only Stores LLC,99 Cents Only Stores,,Contra Costa County,56,2024-04-16,2024-06-03,Closure Permanent,2026-08-30T21:43:41.512264Z
2ed4d9a4ad66243e,CA,"OTS Solutions, LLC dba On Time Staffing",OTS Solutions,On Time Staffing,Los Angeles County,6,2024-04-15,2024-06-10,Layoff Permanent,2026-08-30T21:43:41.512264Z
1627341b3123c374,CA,"Hinge Health, Inc.",Hinge Health,,San Francisco County,45,2024-04-15,2024-06-11,Layoff Permanent,2026-08-30T21:43:41.512264Z
e26c510ceaee5a4d,CA,Lockheed Martin Space,Lockheed Martin Space,,Santa Clara County,2,2024-04-12,2024-06-10,Layoff Permanent,2026-08-30T21:43:41.512264Z
c5b7006b6588cbad,CA,The Health Trust,Health Trust,,Santa Clara County,15,2024-04-12,2024-06-28,Layoff Permanent,2026-08-30T21:43:41.512264Z
bca4b0eb1b3e7008,CA,The Health Trust,Health Trust,,Santa Clara County,16,2024-04-12,2024-06-28,Layoff Permanent,2026-08-30T21:43:41.512264Z
ab670b24e97235e8,CA,Lockheed Martin Space,Lockheed Martin Space,,Santa Cruz County,1,2024-04-12,2024-06-10,Layoff Permanent,2026-08-30T21:43:41.512264Z
9dd0037d54764fdb,CA,The Health Trust,Health Trust,,Santa Clara County,33,2024-04-12,2024-06-28,Layoff Permanent,2026-08-30T21:43:41.512264Z
90dd6a9279ae0a0b,CA,The Health Trust,Health Trust,,Santa Clara County,23,2024-04-12,2024-06-28,Layoff Permanent,2026-08-30T21:43:41.512264Z
51f0b24af509d866,CA,Activision Blizzard,Activision Blizzard,,Los Angeles County,1,2024-04-12,2024-06-07,Layoff Permanent,2026-08-30T21:43:41.512264Z
4aa0c093e2770c7b,CA,Activision Blizzard,Activision Blizzard,,Orange County,16,2024-04-12,2024-06-07,Layoff Permanent,2026-08-30T21:43:41.512264Z
426dd9e9bdd57905,CA,"J.B. Hunt Transport, Inc.",J.B. Hunt Transport,,Los Angeles County,231,2024-04-12,2024-06-04,Closure Permanent,2026-08-30T21:43:41.512264Z
339c5b90bba58ecc,CA,Lockheed Martin Space,Lockheed Martin Space,,Santa Clara County,66,2024-04-12,2024-06-10,Layoff Permanent,2026-08-30T21:43:41.512264Z
2c2c9c54afd181c6,CA,Coherent Corp.,Coherent,,Santa Clara County,61,2024-04-12,2024-06-10,Layoff Permanent,2026-08-30T21:43:41.512264Z
6f33e9a09c25493f,CA,"Experian Information Solutions, Inc.",Experian Information Solutions,,Orange County,70,2024-04-10,2024-06-07,Layoff Permanent,2026-08-30T21:43:41.512264Z
fc19b2b2ac05d51f,CA,Levy Premium Foodservice Limited Partnership,Levy Premium Foodservice Limited Partnership,,San Diego County,124,2024-04-09,2024-06-30,Closure Permanent,2026-08-30T21:43:41.512264Z
e27a35425658cb11,CA,PIRCH,Pirch,,San Diego County,23,2024-04-09,2024-04-04,Layoff Permanent,2026-08-30T21:43:41.512264Z
d3fb326d4224c2f3,CA,Volta Inc.,Volta,,San Francisco County,68,2024-04-09,2024-05-31,Closure Permanent,2026-08-30T21:43:41.512264Z
d0341b702e0b259b,CA,Lockheed Martin,Lockheed Martin,,Los Angeles County,150,2024-04-09,2024-04-08,Layoff Permanent,2026-08-30T21:43:41.512264Z
b76600b2f6529fd7,CA,Pacific Racing Association dba Golden Gate Fields,Pacific Racing Association,Golden Gate Fields,Alameda County,203,2024-04-09,2024-06-09,Closure Permanent,2026-08-30T21:43:41.512264Z
b5f6bdf88d0fff76,CA,"Genentech, Inc.",Genentech,,San Mateo County,436,2024-04-09,2024-06-05,Layoff Permanent,2026-08-30T21:43:41.512264Z
348b24ce85dc675d,CA,PIRCH,Pirch,,Orange County,1,2024-04-09,2024-04-04,Layoff Permanent,2026-08-30T21:43:41.512264Z
1e332801da5bde81,CA,"Transdev Services, Inc.",Transdev Services,,Los Angeles County,179,2024-04-09,2024-06-30,Closure Permanent,2026-08-30T21:43:41.512264Z
165456bc1d12971f,CA,PIRCH,Pirch,,Orange County,14,2024-04-09,2024-04-04,Layoff Permanent,2026-08-30T21:43:41.512264Z
1534e2ade89d88f2,CA,PIRCH,Pirch,,Orange County,2,2024-04-09,2024-04-04,Layoff Permanent,2026-08-30T21:43:41.512264Z
0d7999332d9ab987,CA,"Retail Services WIS Corporation, dba WIS International",Retail Services WIS,WIS International,San Diego County,12,2024-04-09,2024-05-28,Closure Permanent,2026-08-30T21:43:41.512264Z
064c70194edaee72,CA,Temple Nightclub,Temple Nightclub,,San Francisco County,86,2024-04-09,2024-05-25,Closure Permanent,2026-08-30T21:43:41.512264Z
927d63971fbeedee,CA,Intel Corporation,Intel,,Santa Clara County,5,2024-04-08,2024-05-25,Layoff Permanent,2026-08-30T21:43:41.512264Z
56aa7959d47c063e,CA,Providence Holy Cross Medical Center,Providence Holy Cross Medical Center,,Los Angeles County,1,2024-04-08,2024-06-03,Layoff Permanent,2026-08-30T21:43:41.512264Z
4949b74bbedb1df6,CA,Providence Holy Cross Medical Center,Providence Holy Cross Medical Center,,Los Angeles County,2,2024-04-08,2024-06-03,Layoff Permanent,2026-08-30T21:43:41.512264Z
3218f104ac3f3e8a,CA,Telecare Corporation,Telecare,,San Mateo County,100,2024-04-08,2024-06-03,Closure Permanent,2026-08-30T21:43:41.512264Z
2e20393d7e02ef54,CA,Providence Holy Cross Medical Center,Providence Holy Cross Medical Center,,Los Angeles County,5,2024-04-08,2024-06-03,Layoff Permanent,2026-08-30T21:43:41.512264Z
1f779e815281c11a,CA,Intel Corporation,Intel,,Santa Clara County,57,2024-04-08,2024-05-25,Layoff Permanent,2026-08-30T21:43:41.512264Z
a7223116828cf6b4,CA,"Bionano Genomics, Inc.",Bionano Genomics,,San Diego County,64,2024-04-05,2024-05-24,Layoff Permanent,2026-08-30T21:43:41.512264Z
9f513838c0f9e62b,CA,Sanofi,Sanofi,,San Mateo County,100,2024-04-05,2024-06-03,Closure Permanent,2026-08-30T21:43:41.512264Z
14643cd79bee5e7d,CA,"Image Solutions Apparel, Inc",Image Solutions Apparel,,Los Angeles County,21,2024-04-05,2024-05-31,Closure Permanent,2026-08-30T21:43:41.512264Z
dac0f9f2ac03eb99,CA,Full Steam Staffing,Full Steam Staffing,,Los Angeles County,323,2024-04-04,2024-05-24,Layoff Permanent,2026-08-30T21:43:41.512264Z
e27d911f04f2cb49,CA,"Williams-Sonoma Direct, Inc.",Williams-Sonoma Direct,,Contra Costa County,36,2024-04-03,2024-06-04,Closure Permanent,2026-08-30T21:43:41.512264Z
c1f6e9090dc678eb,CA,Owens-Brockway Glass Container Inc.,Owens-Brockway Glass Container,,Solano County,16,2024-04-03,2024-05-31,Closure Permanent,2026-08-30T21:43:41.512264Z
a164fadff37a8dc0,CA,UPS,UPS,,San Bernardino County,68,2024-04-03,2024-04-30,Layoff Permanent,2026-08-30T21:43:41.512264Z
73bb0ce509f44e4b,CA,Abbott Vascular,Abbott Vascular,,Orange County,12,2024-04-03,2024-06-01,Closure Permanent,2026-08-30T21:43:41.512264Z
6a0fb1ec0522bfe3,CA,"Osso VR, Inc.",Osso VR,,San Francisco County,67,2024-04-03,2024-05-27,Layoff Permanent,2026-08-30T21:43:41.512264Z
68cecd629cb0ad28,CA,"A.C. Vroman, Inc. dba Vroman's Bookstore and Book Soup",A.C. Vroman,Vroman's Bookstore and Book Soup,Los Angeles County,12,2024-04-03,2024-05-25,Closure Permanent,2026-08-30T21:43:41.512264Z
58d5cd82a2aa606f,CA,Woodbury University,Woodbury University,,San Diego County,10,2024-04-03,2024-06-30,Closure Permanent,2026-08-30T21:43:41.512264Z
3cbeb6fa5cbc0c65,CA,Rico Corp. dba D'Addario Woodwinds,Rico,D'Addario Woodwinds,Los Angeles County,6,2024-04-03,2024-05-31,Layoff Permanent,2026-08-30T21:43:41.512264Z
331ecd931949cb73,CA,Thermo Fisher Scientific,Thermo Fisher Scientific,,San Diego County,74,2024-04-03,2024-05-31,Closure Permanent,2026-08-30T21:43:41.512264Z
22334ab905638439,CA,"Happy Money, Inc.",Happy Money,,Los Angeles County,89,2024-04-03,2024-06-03,Layoff Permanent,2026-08-30T21:43:41.512264Z
1aade37a182e39df,CA,"Sakata Seed America, Inc.",Sakata Seed America,,Santa Clara County,36,2024-04-03,2024-05-31,Closure Permanent,2026-08-30T21:43:41.512264Z
f3f17822fed87e47,CA,"Western Power Sports, LLC",Western Power Sports,,Fresno County,11,2024-04-02,2024-05-31,Closure Permanent,2026-08-30T21:43:41.512264Z
d3eb68389a228891,CA,"Resort Vacations, Inc.",Resort Vacations,,Orange County,34,2024-04-02,2024-05-21,Layoff Permanent,2026-08-30T21:43:41.512264Z
ce06e95e8aa3cb5e,CA,Apple Inc.,Apple,,Santa Clara County,49,2024-04-02,2024-05-27,Layoff Permanent,2026-08-30T21:43:41.512264Z
cd712c440ea2a66f,CA,Apple Inc.,Apple,,Santa Clara County,52,2024-04-02,2024-05-27,Layoff Permanent,2026-08-30T21:43:41.512264Z
ca1f35fda24cf320,CA,Apple Inc.,Apple,,Santa Clara County,11,2024-04-02,2024-05-27,Layoff Permanent,2026-08-30T21:43:41.512264Z
c11640ae86924571,CA,Apple Inc.,Apple,,Santa Clara County,35,2024-04-02,2024-05-27,Layoff Permanent,2026-08-30T21:43:41.512264Z
b589125a99fff5fd,CA,Apple Inc.,Apple,,Santa Clara County,371,2024-04-02,2024-05-27,Layoff Permanent,2026-08-30T21:43:41.512264Z
83748531b13d1b05,CA,"Resort Vacations, Inc.",Resort Vacations,,Orange County,24,2024-04-02,2024-05-21,Closure Permanent,2026-08-30T21:43:41.512264Z
7e7c36848215650d,CA,Apple Inc.,Apple,,Santa Clara County,15,2024-04-02,2024-05-27,Layoff Permanent,2026-08-30T21:43:41.512264Z
749653b6aae55e06,CA,Apple Inc.,Apple,,Santa Clara County,23,2024-04-02,2024-05-27,Layoff Permanent,2026-08-30T21:43:41.512264Z
747235b72cd10140,CA,"Reins International California, Inc. dba Gyu-Kaku",Reins International California,Gyu-Kaku,Los Angeles County,52,2024-04-02,2024-06-05,Closure Permanent,2026-08-30T21:43:41.512264Z
69220a78f4a97f98,CA,Apple Inc.,Apple,,Santa Clara County,58,2024-04-02,2024-05-27,Layoff Permanent,2026-08-30T21:43:41.512264Z
35d1f08d26a262a7,CA,"The Ronin Project, Inc.",Ronin Project,,San Mateo County,131,2024-04-02,2024-03-01,Closure Permanent,2026-08-30T21:43:41.512264Z
0da4090f9b32df58,CA,"Sega of America, Inc.",Sega of America,,Orange County,15,2024-04-02,2024-04-05,Layoff Permanent,2026-08-30T21:43:41.512264Z
03aabd1118d2e7e7,CA,US Display Group,US Display Group,,Riverside County,50,2024-04-02,2024-05-22,Closure Permanent,2026-08-30T21:43:41.512264Z
eb4372cb1909688f,CA,"La Reina, a California religious nonprofit corporation, aka La Reina High School and Middle School","La Reina, a California religious nonprofit",La Reina High School and Middle School,Ventura County,57,2024-03-29,2024-05-31,Closure Permanent,2026-08-30T21:43:41.512264Z
ac8d896aa5f2a45c,CA,"OTS Solutions, LLC dba On Time Staffing",OTS Solutions,On Time Staffing,Los Angeles County,19,2024-03-29,2024-05-20,Layoff Permanent,2026-08-30T21:43:41.512264Z
33686c5005c34bb1,CA,"OTS Solutions, LLC dba On Time Staffing",OTS Solutions,On Time Staffing,Los Angeles County,2,2024-03-29,2024-05-20,Layoff Permanent,2026-08-30T21:43:41.512264Z
ea7dcdb59cdaa485,CA,Cole Haan,Cole Haan,,Santa Clara County,9,2024-03-27,2024-03-26,Layoff Permanent,2026-08-30T21:43:41.512264Z
d963a10d5ea9cc74,CA,"NSI Services, Inc.",NSI Services,,Los Angeles County,14,2024-03-27,2024-05-18,Closure Permanent,2026-08-30T21:43:41.512264Z
af9763d22d5da332,CA,"Medtronic, Inc.",Medtronic,,San Diego County,44,2024-03-27,2024-05-19,Layoff Permanent,2026-08-30T21:43:41.512264Z
a839fb5bba82e37a,CA,ISU PETASYS CORP.,Isu Petasys,,Los Angeles County,96,2024-03-27,2024-05-31,Closure Permanent,2026-08-30T21:43:41.512264Z
8aa0d79b49e347e1,CA,"NSI Services, Inc.",NSI Services,,Orange County,51,2024-03-27,2024-05-18,Closure Permanent,2026-08-30T21:43:41.512264Z
7c1534e895b72b42,CA,Jabil Inc.,Jabil,,San Joaquin County,43,2024-03-27,2024-05-31,Closure Permanent,2026-08-30T21:43:41.512264Z
66ed0e928935c147,CA,"NSI Services, Inc.",NSI Services,,Los Angeles County,56,2024-03-27,2024-05-18,Closure Permanent,2026-08-30T21:43:41.512264Z
23910b4f314b7ca9,CA,"NSI Services, Inc.",NSI Services,,San Luis Obispo County,6,2024-03-27,2024-05-18,Closure Permanent,2026-08-30T21:43:41.512264Z
100972c380534816,CA,"NSI Services, Inc.",NSI Services,,Los Angeles County,64,2024-03-27,2024-05-18,Closure Permanent,2026-08-30T21:43:41.512264Z
0f733afd0eb7a082,CA,"NSI Services, Inc.",NSI Services,,Los Angeles County,7,2024-03-27,2024-05-18,Closure Permanent,2026-08-30T21:43:41.512264Z
da52832db7cc9c6f,CA,"The Real Good Food Company, LLC",Real Good Food,,Los Angeles County,21,2024-03-26,2024-05-24,Closure Permanent,2026-08-30T21:43:41.512264Z
d8171577a7094cec,CA,"The Real Good Food Company, LLC",Real Good Food,,Los Angeles County,7,2024-03-26,2024-05-24,Layoff Permanent,2026-08-30T21:43:41.512264Z
f64f0c2d63ac49ae,CA,"IKEA Distribution Services, Inc.",IKEA Distribution Services,,Napa County,147,2024-03-25,2024-06-01,Closure Permanent,2026-08-30T21:43:41.512264Z
6c9035dc51eeb405,CA,Adventist Health,Adventist Health,,Tulare County,22,2024-03-25,2024-06-06,Layoff Permanent,2026-08-30T21:43:41.512264Z
24fabcfcd287568d,CA,Unity Technologies SF,Unity Technologies SF,,San Francisco County,49,2024-03-25,2024-04-06,Layoff Permanent,2026-08-30T21:43:41.512264Z
f4b93178e4c182ae,CA,Northrop Grumman,Northrop Grumman,,Los Angeles County,2,2024-03-20,2024-04-29,Layoff Permanent,2026-08-30T21:43:41.512264Z
b0a2a13929f8b2d9,CA,Northrop Grumman,Northrop Grumman,,Los Angeles County,105,2024-03-20,2024-04-29,Layoff Permanent,2026-08-30T21:43:41.512264Z
a3f81da948bfb0d2,CA,Northrop Grumman,Northrop Grumman,,Los Angeles County,731,2024-03-20,2024-04-29,Layoff Permanent,2026-08-30T21:43:41.512264Z
9952c24060e40e86,CA,Northrop Grumman,Northrop Grumman,,Los Angeles County,3,2024-03-20,2024-04-29,Layoff Permanent,2026-08-30T21:43:41.512264Z
830358318c5fec3e,CA,Abbott Laboratories,Abbott Laboratories,,Solano County,195,2024-03-20,2024-05-18,Closure Permanent,2026-08-30T21:43:41.512264Z
57fcd6139ef6b1cf,CA,Northrop Grumman,Northrop Grumman,,Los Angeles County,227,2024-03-20,2024-04-29,Layoff Permanent,2026-08-30T21:43:41.512264Z
2c300fee9c206bc9,CA,Northrop Grumman,Northrop Grumman,,Los Angeles County,1,2024-03-20,2024-04-29,Layoff Permanent,2026-08-30T21:43:41.512264Z
1dcc8713731243e7,CA,Fashion Institute of Design & Merchandising,Fashion Institute of Design & Merchandising,,Los Angeles County,95,2024-03-20,2024-06-17,Layoff Permanent,2026-08-30T21:43:41.512264Z
ba85fe281cbf298e,CA,The Hills Hotel,Hills Hotel,,Orange County,73,2024-03-18,2024-05-17,Layoff Permanent,2026-08-30T21:43:41.512264Z
b40c14a6f0e69277,CA,"TuSimple, Inc.",TuSimple,,San Diego County,6,2024-03-18,2024-03-15,Layoff Permanent,2026-08-30T21:43:41.512264Z
933ec0e02c04bf80,CA,Walmart,Walmart,,Placer County,79,2024-03-18,2024-06-14,Layoff Permanent,2026-08-30T21:43:41.512264Z
fdc4cc9bb20a83bd,CA,Bristol Myers Squibb,Bristol Myers Squibb,,San Diego County,252,2024-03-15,2024-04-22,Layoff Permanent,2026-08-30T21:43:41.512264Z
e0c00df9b66bd059,CA,Scripps Health,Scripps Health,,San Diego County,13,2024-03-15,2024-05-13,Layoff Permanent,2026-08-30T21:43:41.512264Z
ddcca909f27b28ee,CA,Scripps Health,Scripps Health,,San Diego County,134,2024-03-15,2024-06-23,Layoff Permanent,2026-08-30T21:43:41.512264Z
486be0a876b0550a,CA,"Shadow Holdings, LLC dba Bright Innovation Labs",Shadow Holdings,Bright Innovation Labs,Los Angeles County,60,2024-03-15,2024-05-17,Closure Permanent,2026-08-30T21:43:41.512264Z
507848fc3124911a,CA,PKL Services Inc,PKL Services,,San Diego County,89,2024-03-14,2024-04-30,Layoff Permanent,2026-08-30T21:43:41.512264Z
034c2530d677f98a,CA,"Watermark Services IV, LLC",Watermark Services IV,,San Francisco County,41,2024-03-14,2024-06-14,Layoff Permanent,2026-08-30T21:43:41.512264Z
7a6ac12669ee8d8f,CA,AHMC San Gabriel Valley Medical Center LP dba San Gabriel Valley Medical Center,AHMC San Gabriel Valley Medical Center,San Gabriel Valley Medical Center,Los Angeles County,62,2024-03-13,2024-05-13,Layoff Permanent,2026-08-30T21:43:41.512264Z
32d7d44159daa378,CA,Rico Corp. dba D'Addario Woodwinds,Rico,D'Addario Woodwinds,Los Angeles County,4,2024-03-13,2024-05-05,Layoff Permanent,2026-08-30T21:43:41.512264Z
26adbf1e10c6c53b,CA,Kett Engineering Corporation,Kett Engineering,,Santa Clara County,180,2024-03-12,2024-05-14,Layoff Permanent,2026-08-30T21:43:41.512264Z
26dff8e0c936b439,CA,WaFD Bank,WaFD Bank,,Los Angeles County,49,2024-03-11,2024-04-30,Layoff Permanent,2026-08-30T21:43:41.512264Z
8f0404f32755a006,CA,NFI National Distribution Centers LLC,NFI National Distribution Centers,,San Joaquin County,1,2024-03-08,2024-04-28,Closure Permanent,2026-08-30T21:43:41.512264Z
73c937a331da2e46,CA,"PetVet Care Centers (California), Inc.",PetVet Care Centers (California),,San Joaquin County,2,2024-03-08,2024-05-07,Closure Permanent,2026-08-30T21:43:41.512264Z
cc354a3ac191d9e0,CA,Epic Games,Epic Games,,Los Angeles County,30,2024-03-07,2023-10-02,Layoff Permanent,2026-08-30T21:43:41.512264Z
889a202853cf67c7,CA,Epic Games,Epic Games,,San Diego County,33,2024-03-07,2023-10-02,Layoff Permanent,2026-08-30T21:43:41.512264Z
78f34340d6528270,CA,Epic Games,Epic Games,,Marin County,34,2024-03-07,2023-10-02,Layoff Permanent,2026-08-30T21:43:41.512264Z
43cfdb9e26270159,CA,Nordstrom,Nordstrom,,San Bernardino County,784,2024-03-07,2024-07-01,Closure Permanent,2026-08-30T21:43:41.512264Z
fc49216e2f04f8d7,CA,Lumentum Operations LLC,Lumentum Operations,,Santa Clara County,5,2024-03-06,2024-05-06,Layoff Permanent,2026-08-30T21:43:41.512264Z
e8ae87394893255c,CA,Lumentum Operations LLC,Lumentum Operations,,Santa Clara County,66,2024-03-06,2024-05-06,Layoff Permanent,2026-08-30T21:43:41.512264Z
c3af45c9bbe0554f,CA,"Catalent, Inc.",Catalent,,San Mateo County,50,2024-03-06,2024-05-24,Closure Permanent,2026-08-30T21:43:41.512264Z
949390291a5ab098,CA,"Catalent, Inc.",Catalent,,San Mateo County,40,2024-03-06,2024-05-24,Closure Permanent,2026-08-30T21:43:41.512264Z
7fa155d0f9ddbd3b,CA,"Neovia Logistics Distribution, LP",Neovia Logistics Distribution,,San Bernardino County,31,2024-03-06,2024-07-31,Closure Permanent,2026-08-30T21:43:41.512264Z
79ef686e00a6bef9,CA,NFI National Distribution Centers LLC,NFI National Distribution Centers,,Orange County,30,2024-03-06,2024-05-06,Closure Permanent,2026-08-30T21:43:41.512264Z
65e3a616e732744b,CA,ADT Solar,ADT Solar,,San Bernardino County,58,2024-03-06,2024-02-23,Closure Permanent,2026-08-30T21:43:41.512264Z
5db1789b7da4914c,CA,UPS,UPS,,San Bernardino County,333,2024-03-06,2024-04-27,Layoff Permanent,2026-08-30T21:43:41.512264Z
4ff86100639264a3,CA,"Juniper Networks, Inc.",Juniper Networks,,Santa Clara County,7,2024-03-06,2024-05-06,Layoff Permanent,2026-08-30T21:43:41.512264Z
15c94e81952dc054,CA,Bay Area PL Services dba BayPLS,Bay Area PL Services,BayPLS,San Mateo County,87,2024-03-06,2024-05-04,Layoff Permanent,2026-08-30T21:43:41.512264Z
03e1d5dceac88968,CA,Lumentum Operations LLC,Lumentum Operations,,Santa Clara County,11,2024-03-06,2024-05-06,Layoff Permanent,2026-08-30T21:43:41.512264Z
de000e8bf3c9103d,CA,"FM Restaurants HQ, LLC",FM Restaurants HQ,,Orange County,40,2024-03-05,2024-05-03,Closure Permanent,2026-08-30T21:43:41.512264Z
dc946cf0f5e88723,CA,"UMG Recordings, Inc. (Universal Music Group)","UMG Recordings, Inc. (Universal Music Group)",,Los Angeles County,4,2024-03-05,2024-05-08,Layoff Permanent,2026-08-30T21:43:41.512264Z
acbb41a3277dd73f,CA,"UMG Recordings, Inc. (Universal Music Group)","UMG Recordings, Inc. (Universal Music Group)",,Los Angeles County,2,2024-03-05,2024-05-08,Layoff Permanent,2026-08-30T21:43:41.512264Z
9f7d2b43557cf2c5,CA,"UMG Recordings, Inc. (Universal Music Group)","UMG Recordings, Inc. (Universal Music Group)",,Los Angeles County,56,2024-03-05,2024-05-08,Layoff Permanent,2026-08-30T21:43:41.512264Z
9ab843718fb79b0c,CA,"UMG Recordings, Inc. (Universal Music Group)","UMG Recordings, Inc. (Universal Music Group)",,Los Angeles County,14,2024-03-05,2024-05-08,Layoff Permanent,2026-08-30T21:43:41.512264Z
3dd0e243f30da5d3,CA,"FM Restaurants HQ, LLC",FM Restaurants HQ,,Solano County,48,2024-03-05,2024-05-03,Closure Permanent,2026-08-30T21:43:41.512264Z
1425717beb7d4e94,CA,"UMG Recordings, Inc. (Universal Music Group)","UMG Recordings, Inc. (Universal Music Group)",,Los Angeles County,7,2024-03-05,2024-05-08,Layoff Permanent,2026-08-30T21:43:41.512264Z
0950c86888a29f62,CA,"Safran Cabin, Inc.",Safran Cabin,,Orange County,281,2024-03-05,2024-04-30,Closure Permanent,2026-08-30T21:43:41.512264Z
ecfcef6b9d605535,CA,AHMC San Gabriel Valley Medical Center LP dba San Gabriel Valley Medical Center,AHMC San Gabriel Valley Medical Center,San Gabriel Valley Medical Center,Los Angeles County,3,2024-03-04,2024-04-30,Layoff Permanent,2026-08-30T21:43:41.512264Z
d852f3f96d79321c,CA,Walters & Wolf Precast,Walters & Wolf Precast,,Alameda County,86,2024-03-04,2024-04-30,Closure Permanent,2026-08-30T21:43:41.512264Z
53fb3abfbe71d0a1,CA,Orion Strategic Solutions LLC,Orion Strategic Solutions,,San Diego County,10,2024-03-04,2024-04-30,Layoff Permanent,2026-08-30T21:43:41.512264Z
50c65e79eeb07919,CA,St. Vincent de Paul High School,St. Vincent de Paul High School,,Sonoma County,68,2024-03-04,2024-05-01,Closure Permanent,2026-08-30T21:43:41.512264Z
0cabc34911ec1b81,CA,Walmart,Walmart,,Los Angeles County,233,2024-03-04,2024-05-31,Closure Permanent,2026-08-30T21:43:41.512264Z
dd847f96d9bc8559,CA,Paramount Global,Paramount Global,,Los Angeles County,1,2024-03-01,2024-04-19,Layoff Permanent,2026-08-30T21:43:41.512264Z
dbe5cb2c0d6e16c0,CA,Gruma Corp dba Mission Foods,Gruma,Mission Foods,San Bernardino County,93,2024-03-01,2024-04-28,Layoff Permanent,2026-08-30T21:43:41.512264Z
d981f69e75dbc633,CA,Delta Dental Plan of California,Delta Dental Plan of California,,Sacramento County,137,2024-03-01,2024-05-17,Layoff Permanent,2026-08-30T21:43:41.512264Z
aa38565a0675758a,CA,Levi Strauss & Co.,Levi Strauss &,,San Francisco County,146,2024-03-01,2024-04-27,Layoff Permanent,2026-08-30T21:43:41.512264Z
d31f57f6d12a5bf1,CA,"Moondoggies, Inc dba The Dog",Moondoggies,The Dog,San Diego County,5,2024-02-29,2024-09-03,Closure Permanent,2026-08-30T21:43:41.512264Z
bb3c718300f19df3,CA,"BuzzFeed Media Enterprises, Inc.",BuzzFeed Media Enterprises,,Los Angeles County,59,2024-02-29,2024-04-29,Layoff Permanent,2026-08-30T21:43:41.512264Z
8cb230e47d6cddca,CA,Balfour Beatty US Civils,Balfour Beatty US Civils,,San Mateo County,222,2024-02-29,2024-04-26,Layoff Permanent,2026-08-30T21:43:41.512264Z
deb5491fd18ded0e,CA,Kaiser Foundation Hospitals,Kaiser Foundation Hospitals,,Alameda County,49,2024-02-28,2024-04-26,Layoff Permanent,2026-08-30T21:43:41.512264Z
ba4fe0e9cba3e1a7,CA,Kaiser Foundation Hospitals,Kaiser Foundation Hospitals,,Los Angeles County,10,2024-02-28,2024-04-26,Layoff Permanent,2026-08-30T21:43:41.512264Z
5d1bafcda016977a,CA,Kaiser Foundation Hospitals,Kaiser Foundation Hospitals,,San Joaquin County,2,2024-02-28,2024-04-26,Layoff Permanent,2026-08-30T21:43:41.512264Z
4df843ac2d2f6cd8,CA,Kaiser Foundation Hospitals,Kaiser Foundation Hospitals,,Alameda County,1,2024-02-28,2024-04-26,Layoff Permanent,2026-08-30T21:43:41.512264Z
429a3f672de56c67,CA,Kaiser Foundation Hospitals,Kaiser Foundation Hospitals,,Los Angeles County,8,2024-02-28,2024-04-26,Layoff Permanent,2026-08-30T21:43:41.512264Z
276dfe60fa6d6681,CA,Sony Interactive Entertainment LLC,Sony Interactive Entertainment,,San Mateo County,118,2024-02-28,2024-03-16,Layoff Permanent,2026-08-30T21:43:41.512264Z
f7403c934e380be2,CA,"Exelixis, Inc.",Exelixis,,Alameda County,143,2024-02-27,2024-03-08,Layoff Permanent,2026-08-30T21:43:41.512264Z
b5214976b8649f08,CA,Jabil Inc.,Jabil,,Santa Clara County,9,2024-02-27,2024-07-31,Closure Permanent,2026-08-30T21:43:41.512264Z
786f6a6bbb8f8a61,CA,"Marvell Semiconductor, Inc.",Marvell Semiconductor,,Orange County,43,2024-02-27,2024-03-26,Layoff Permanent,2026-08-30T21:43:41.512264Z
434e5b2956a0372b,CA,"Marvell Semiconductor, Inc.",Marvell Semiconductor,,Santa Clara County,23,2024-02-27,2024-03-26,Layoff Permanent,2026-08-30T21:43:41.512264Z
d2130409ae4c21e3,CA,"Rivian Automotive, LLC",Rivian Automotive,,Santa Clara County,45,2024-02-26,2024-04-23,Layoff Permanent,2026-08-30T21:43:41.512264Z
cfc73c749d7d87cb,CA,"Rivian Automotive, LLC",Rivian Automotive,,Orange County,5,2024-02-26,2024-04-23,Layoff Permanent,2026-08-30T21:43:41.512264Z
b5ed22524bdd15df,CA,"Rivian Automotive, LLC",Rivian Automotive,,Santa Clara County,9,2024-02-26,2024-04-23,Layoff Permanent,2026-08-30T21:43:41.512264Z
90bb8c177f43781a,CA,"Rivian Automotive, LLC",Rivian Automotive,,Santa Clara County,77,2024-02-26,2024-04-23,Layoff Permanent,2026-08-30T21:43:41.512264Z
8b3dfb49a8f2ebd8,CA,"Rivian Automotive, LLC",Rivian Automotive,,Orange County,35,2024-02-26,2024-04-23,Layoff Permanent,2026-08-30T21:43:41.512264Z
8a914e195e33ee0c,CA,"Rivian Automotive, LLC",Rivian Automotive,,Orange County,6,2024-02-26,2024-04-23,Layoff Permanent,2026-08-30T21:43:41.512264Z
6f9b651d147efb09,CA,"Rivian Automotive, LLC",Rivian Automotive,,Orange County,2,2024-02-26,2024-04-23,Layoff Permanent,2026-08-30T21:43:41.512264Z
6abdbfbfb416c8c6,CA,"Rivian Automotive, LLC",Rivian Automotive,,Santa Clara County,18,2024-02-26,2024-04-23,Layoff Permanent,2026-08-30T21:43:41.512264Z
44e432925fc77256,CA,"Rivian Automotive, LLC",Rivian Automotive,,Orange County,99,2024-02-26,2024-04-23,Layoff Permanent,2026-08-30T21:43:41.512264Z
264450e2f384fc2d,CA,"Rivian Automotive, LLC",Rivian Automotive,,Orange County,14,2024-02-26,2024-04-23,Layoff Permanent,2026-08-30T21:43:41.512264Z
02278adcfd207bae,CA,"Rivian Automotive, LLC",Rivian Automotive,,Orange County,30,2024-02-26,2024-04-23,Layoff Permanent,2026-08-30T21:43:41.512264Z
fe26055b10d9f601,CA,Southern California Pizza Company LLC,Southern California Pizza,,Santa Barbara County,8,2024-02-23,2024-02-05,Layoff Permanent,2026-08-30T21:43:41.512264Z
e4d89c82a3096978,CA,SoCal South OC LLC,SoCal South OC,,Orange County,5,2024-02-23,2024-02-05,Layoff Permanent,2026-08-30T21:43:41.512264Z
8239cdc970f6bfe3,CA,"SoCal Pizza Holdings, LLC",SoCal Pizza Holdings,,San Bernardino County,10,2024-02-23,2024-02-05,Layoff Permanent,2026-08-30T21:43:41.512264Z
80c0c0dcd682f123,CA,SoCal South OC LLC,SoCal South OC,,Orange County,12,2024-02-23,2024-02-05,Layoff Permanent,2026-08-30T21:43:41.512264Z
797db5776b86a813,CA,Southern California Pizza Company LLC,Southern California Pizza,,Orange County,129,2024-02-23,2024-02-05,Layoff Permanent,2026-08-30T21:43:41.512264Z
77e4f69016223753,CA,"SoCal Pizza Holdings, LLC",SoCal Pizza Holdings,,Santa Barbara County,6,2024-02-23,2024-02-05,Layoff Permanent,2026-08-30T21:43:41.512264Z
734691d6af6af440,CA,Southern California Pizza Company LLC,Southern California Pizza,,San Bernardino County,80,2024-02-23,2024-02-05,Layoff Permanent,2026-08-30T21:43:41.512264Z
6a23fa1df9e2c739,CA,"SoCal Pizza Holdings, LLC",SoCal Pizza Holdings,,Orange County,28,2024-02-23,2024-02-05,Layoff Permanent,2026-08-30T21:43:41.512264Z
67ef2841c5dea75c,CA,SoCal South OC LLC,SoCal South OC,,Orange County,2,2024-02-23,2024-02-05,Layoff Permanent,2026-08-30T21:43:41.512264Z
4aa5259c7d5b9e32,CA,"SoCal Pizza Holdings, LLC",SoCal Pizza Holdings,,Los Angeles County,64,2024-02-23,2024-02-05,Layoff Permanent,2026-08-30T21:43:41.512264Z
487d80b22a2a13ec,CA,Southern California Pizza Company LLC,Southern California Pizza,,Riverside County,67,2024-02-23,2024-02-05,Layoff Permanent,2026-08-30T21:43:41.512264Z
29ccc209f24d4e37,CA,Southern California Pizza Company LLC,Southern California Pizza,,Ventura County,9,2024-02-23,2024-02-05,Layoff Permanent,2026-08-30T21:43:41.512264Z
0bd78492a873d367,CA,SoCal South OC LLC,SoCal South OC,,Orange County,4,2024-02-23,2024-02-05,Layoff Permanent,2026-08-30T21:43:41.512264Z
0bcb179303f6c59e,CA,Southern California Pizza Company LLC,Southern California Pizza,,Los Angeles County,393,2024-02-23,2024-02-05,Layoff Permanent,2026-08-30T21:43:41.512264Z
0928fc0f8696510a,CA,"Janssen Research & Development, LLC",Janssen Research & Development,,San Mateo County,55,2024-02-23,2024-04-26,Closure Permanent,2026-08-30T21:43:41.512264Z
05fe653cb62a6176,CA,"SoCal Pizza Holdings, LLC",SoCal Pizza Holdings,,Riverside County,22,2024-02-23,2024-02-05,Layoff Permanent,2026-08-30T21:43:41.512264Z
d484db53e168b181,CA,"Cisco Systems, Inc.",Cisco Systems,,Santa Clara County,447,2024-02-22,2024-04-15,Layoff Permanent,2026-08-30T21:43:41.512264Z
c0017b56a6659c43,CA,"La Tortilla Factory, Inc.",La Tortilla Factory,,Sonoma County,132,2024-02-22,2024-03-31,Closure Permanent,2026-08-30T21:43:41.512264Z
be0f101bcabf3622,CA,Daifuku Services America Corporation,Daifuku Services America,,Kern County,75,2024-02-22,2024-04-22,Layoff Permanent,2026-08-30T21:43:41.512264Z
b53865f9a3e709ff,CA,"Cisco Systems, Inc.",Cisco Systems,,Santa Clara County,176,2024-02-22,2024-04-15,Layoff Permanent,2026-08-30T21:43:41.512264Z
b48e402f5165020c,CA,Marriott San Mateo Hotel,Marriott San Mateo Hotel,,San Mateo County,127,2024-02-22,2024-05-01,Closure Permanent,2026-08-30T21:43:41.512264Z
88d9f30371cb561f,CA,"FM Restaurants HQ, LLC",FM Restaurants HQ,,Alameda County,62,2024-02-22,2024-04-16,Closure Permanent,2026-08-30T21:43:41.512264Z
39ee951692f20dc8,CA,"Cisco Systems, Inc.",Cisco Systems,,San Francisco County,108,2024-02-22,2024-04-15,Layoff Permanent,2026-08-30T21:43:41.512264Z
33b98f7ab27ad6ce,CA,Workforce Enterprises,Workforce Enterprises,,San Bernardino County,93,2024-02-22,2024-04-15,Closure Permanent,2026-08-30T21:43:41.512264Z
1af015c5e1240ac9,CA,"Jacmar Foodservice Distribution, LLC",Jacmar Foodservice Distribution,,Los Angeles County,92,2024-02-22,2024-05-20,Layoff Permanent,2026-08-30T21:43:41.512264Z
15161e2c883a8dda,CA,Daifuku Services America Corporation,Daifuku Services America,,Kern County,80,2024-02-22,2024-04-22,Layoff Permanent,2026-08-30T21:43:41.512264Z
fb6d924bd283415f,CA,Carbon Health Medical Group,Carbon Health Medical Group,,San Francisco County,7,2024-02-21,2024-03-12,Layoff Permanent,2026-08-30T21:43:41.512264Z
ad143208a2907a3f,CA,"William Kreysler & Associates, Inc.",William Kreysler & Associates,,Solano County,25,2024-02-21,2024-04-19,Layoff Permanent,2026-08-30T21:43:41.512264Z
a2bc429e32d4901c,CA,Carbon Health Medical Group,Carbon Health Medical Group,,Marin County,10,2024-02-21,2024-03-12,Layoff Permanent,2026-08-30T21:43:41.512264Z
720e3da71a12e060,CA,Carbon Health Medical Group,Carbon Health Medical Group,,Orange County,5,2024-02-21,2024-03-12,Layoff Permanent,2026-08-30T21:43:41.512264Z
62092b85c0c9ee64,CA,Carbon Health Medical Group,Carbon Health Medical Group,,Los Angeles County,2,2024-02-21,2024-03-12,Layoff Permanent,2026-08-30T21:43:41.512264Z
5bd8ce21ecae2b1d,CA,Carbon Health Medical Group,Carbon Health Medical Group,,Los Angeles County,1,2024-02-21,2024-03-12,Layoff Permanent,2026-08-30T21:43:41.512264Z
18ca59417954d23b,CA,Carbon Health Medical Group,Carbon Health Medical Group,,Los Angeles County,6,2024-02-21,2024-03-12,Layoff Permanent,2026-08-30T21:43:41.512264Z
102647a0b6d56efd,CA,Carbon Health Medical Group,Carbon Health Medical Group,,Los Angeles County,4,2024-02-21,2024-03-12,Layoff Permanent,2026-08-30T21:43:41.512264Z
f98864bf7a244c2d,CA,Excalibur Pizza LLC dba Round Table Pizza,Excalibur Pizza,Round Table Pizza,Placer County,4,2024-02-20,2024-04-19,Layoff Permanent,2026-08-30T21:43:41.512264Z
e0cd86ab60e46736,CA,Ridgecrest Regional Hospital,Ridgecrest Regional Hospital,,Kern County,31,2024-02-20,2024-04-08,Layoff Permanent,2026-08-30T21:43:41.512264Z
dd05d5ec1feb15d3,CA,Excalibur Pizza LLC dba Round Table Pizza,Excalibur Pizza,Round Table Pizza,Sacramento County,1,2024-02-20,2024-04-19,Layoff Permanent,2026-08-30T21:43:41.512264Z
d5791c5fe5cb2b5c,CA,Excalibur Pizza LLC dba Round Table Pizza,Excalibur Pizza,Round Table Pizza,Sacramento County,7,2024-02-20,2024-04-19,Layoff Permanent,2026-08-30T21:43:41.512264Z
cd531ed3912944ba,CA,Excalibur Pizza LLC,Excalibur Pizza,,Sacramento County,4,2024-02-20,2024-04-19,Layoff Permanent,2026-08-30T21:43:41.512264Z
76fe75417a52f14d,CA,Excalibur Pizza LLC dba Round Table Pizza,Excalibur Pizza,Round Table Pizza,Sacramento County,5,2024-02-20,2024-04-19,Layoff Permanent,2026-08-30T21:43:41.512264Z
6a92ebd2c9c981f9,CA,Excalibur Pizza LLC dba Round Table Pizza,Excalibur Pizza,Round Table Pizza,Sacramento County,3,2024-02-20,2024-04-19,Layoff Permanent,2026-08-30T21:43:41.512264Z
44786f5a23877399,CA,Rico Corp. dba D'Addario Woodwinds,Rico,D'Addario Woodwinds,Los Angeles County,6,2024-02-20,2024-04-19,Layoff Permanent,2026-08-30T21:43:41.512264Z
3b49626eb004261b,CA,Paramount Global,Paramount Global,,Los Angeles County,56,2024-02-20,2024-04-19,Layoff Permanent,2026-08-30T21:43:41.512264Z
28bc6fe577893724,CA,"TuSimple, Inc.",TuSimple,,San Diego County,6,2024-02-20,2024-04-15,Layoff Permanent,2026-08-30T21:43:41.512264Z
1aa596faabcd18e0,CA,Paramount Global,Paramount Global,,Los Angeles County,85,2024-02-20,2024-04-19,Layoff Permanent,2026-08-30T21:43:41.512264Z
107eaa120dd11507,CA,Excalibur Pizza LLC dba Round Table Pizza,Excalibur Pizza,Round Table Pizza,Sacramento County,9,2024-02-20,2024-04-19,Layoff Permanent,2026-08-30T21:43:41.512264Z
073b525d6e48c934,CA,Excalibur Pizza LLC dba Round Table Pizza,Excalibur Pizza,Round Table Pizza,Yolo County,8,2024-02-20,2024-04-19,Layoff Permanent,2026-08-30T21:43:41.512264Z
e4d84c030afaea0c,CA,AVMAC LLC,Avmac,,San Diego County,153,2024-02-16,2024-04-30,Layoff Permanent,2026-08-30T21:43:41.512264Z
a6f954ec6bd0aeab,CA,DXS Logistics LLC,DXS Logistics,,Orange County,80,2024-02-16,2024-04-13,Closure Permanent,2026-08-30T21:43:41.512264Z
1dc9471e35a384ac,CA,The Rinks Foundation,Rinks Foundation,,Orange County,35,2024-02-16,2024-04-07,Closure Permanent,2026-08-30T21:43:41.512264Z
f43ff6b76c7392ef,CA,"Sorrento Therapeutics, Inc.",Sorrento Therapeutics,,San Diego County,62,2024-02-15,2024-02-20,Layoff Permanent,2026-08-30T21:43:41.512264Z
831b5df0962f11b0,CA,"Sorrento Therapeutics, Inc.",Sorrento Therapeutics,,San Diego County,15,2024-02-15,2024-02-20,Layoff Permanent,2026-08-30T21:43:41.512264Z
fa284734385d66ef,CA,Nordson Corporation,Nordson,,San Diego County,69,2024-02-14,2024-04-26,Layoff Permanent,2026-08-30T21:43:41.512264Z
c42de5cc4a5b9018,CA,Riot Games,Riot Games,,Los Angeles County,330,2024-02-14,2024-03-25,Layoff Permanent,2026-08-30T21:43:41.512264Z
60e1a6f0cb0fabf7,CA,Riot Games,Riot Games,,San Mateo County,6,2024-02-14,2024-03-25,Layoff Permanent,2026-08-30T21:43:41.512264Z
55e1617ea68fbf35,CA,Maplebear Inc. dba Instacart,Maplebear,Instacart,San Francisco County,105,2024-02-14,2024-02-16,Layoff Permanent,2026-08-30T21:43:41.512264Z
0d5fdf7e34781558,CA,"Universal Intermodal Services, Inc.",Universal Intermodal Services,,San Bernardino County,42,2024-02-14,2024-04-19,Layoff Permanent,2026-08-30T21:43:41.512264Z
dc816edb9c531d5c,CA,"Zwift, Inc.",Zwift,,Los Angeles County,76,2024-02-13,2024-04-07,Layoff Permanent,2026-08-30T21:43:41.512264Z
73327cbcff3b5e54,CA,"Gibson Overseas, Inc.",Gibson Overseas,,San Bernardino County,44,2024-02-13,2024-04-30,Closure Permanent,2026-08-30T21:43:41.512264Z
445bfa5f18586e77,CA,Aurora Solar Inc.,Aurora Solar,,San Francisco County,115,2024-02-13,2024-01-31,Layoff Permanent,2026-08-30T21:43:41.512264Z
c1bd96aa85872c48,CA,Johnson & Johnson Consumer Inc. dba Kenvue,Johnson & Johnson Consumer,Kenvue,Los Angeles County,84,2024-02-12,2024-04-12,Closure Permanent,2026-08-30T21:43:41.512264Z
83819f4e7a04bad0,CA,City National Bank,City National Bank,,Los Angeles County,32,2024-02-12,2024-04-14,Layoff Permanent,2026-08-30T21:43:41.512264Z
5f0000a7fd21c35a,CA,City National Bank,City National Bank,,Los Angeles County,24,2024-02-12,2024-04-14,Layoff Permanent,2026-08-30T21:43:41.512264Z
89564d19e2de9b7f,CA,"Leggett & Platt, Incorporated",Leggett & Platt,,Los Angeles County,55,2024-02-09,2024-04-26,Closure Permanent,2026-08-30T21:43:41.512264Z
0c599bc691bcd0a3,CA,California Institute of Technology,California Institute of Technology,,Los Angeles County,521,2024-02-09,2024-04-07,Layoff Permanent,2026-08-30T21:43:41.512264Z
006d97600a46fa63,CA,Adventist Health Simi Valley,Adventist Health Simi Valley,,Ventura County,53,2024-02-09,2024-05-08,Layoff Permanent,2026-08-30T21:43:41.512264Z
c80ff1d064a317db,CA,Brookfield Properties (USA II) LLC,Brookfield Properties (USA II),,Los Angeles County,18,2024-02-08,2024-04-01,Layoff Permanent,2026-08-30T21:43:41.512264Z
b5ddd31929343f25,CA,Brookfield Properties (USA II) LLC,Brookfield Properties (USA II),,Los Angeles County,29,2024-02-08,2024-04-01,Layoff Permanent,2026-08-30T21:43:41.512264Z
8c32f69e35e728c5,CA,Brookfield Properties (USA II) LLC,Brookfield Properties (USA II),,Los Angeles County,9,2024-02-08,2024-04-01,Layoff Permanent,2026-08-30T21:43:41.512264Z
8b9cae1eb6f731a9,CA,Brookfield Properties (USA II) LLC,Brookfield Properties (USA II),,Los Angeles County,12,2024-02-08,2024-04-01,Layoff Permanent,2026-08-30T21:43:41.512264Z
6b2c3cc5a6dd779e,CA,"Grammarly, Inc.",Grammarly,,San Francisco County,82,2024-02-08,2024-04-08,Layoff Permanent,2026-08-30T21:43:41.512264Z
58195a02642c9140,CA,Brookfield Properties (USA II) LLC,Brookfield Properties (USA II),,Los Angeles County,7,2024-02-08,2024-04-01,Layoff Permanent,2026-08-30T21:43:41.512264Z
4e4102c826ed8685,CA,Brookfield Properties (USA II) LLC,Brookfield Properties (USA II),,San Francisco County,3,2024-02-08,2024-04-01,Layoff Permanent,2026-08-30T21:43:41.512264Z
449ffeb9e8cc1698,CA,Brookfield Properties (USA II) LLC,Brookfield Properties (USA II),,Los Angeles County,13,2024-02-08,2024-04-01,Layoff Permanent,2026-08-30T21:43:41.512264Z
23bb0e87706f1284,CA,Brookfield Properties (USA II) LLC,Brookfield Properties (USA II),,Santa Clara County,1,2024-02-08,2024-04-01,Layoff Permanent,2026-08-30T21:43:41.512264Z
19306a623d3ebb22,CA,Brookfield Properties (USA II) LLC,Brookfield Properties (USA II),,San Francisco County,2,2024-02-08,2024-04-01,Layoff Permanent,2026-08-30T21:43:41.512264Z
00bd55945c0be4a7,CA,Brookfield Properties (USA II) LLC,Brookfield Properties (USA II),,Los Angeles County,19,2024-02-08,2024-04-01,Layoff Permanent,2026-08-30T21:43:41.512264Z
0ab0dc205d8fcb34,CA,"Pure Storage, Inc.",Pure Storage,,Santa Clara County,81,2024-02-07,2024-04-08,Layoff Permanent,2026-08-30T21:43:41.512264Z
f4de77a7c69d73d5,CA,"Boardriders Wholesale, LLC",Boardriders Wholesale,,Orange County,1,2024-02-06,2024-03-22,Layoff Permanent,2026-08-30T21:43:41.512264Z
e308de5f1a01b411,CA,"Boardriders Wholesale, LLC",Boardriders Wholesale,,Orange County,6,2024-02-06,2024-03-01,Layoff Permanent,2026-08-30T21:43:41.512264Z
de58d440c4bc80d0,CA,"Boardriders Wholesale, LLC",Boardriders Wholesale,,Orange County,1,2024-02-06,2024-01-05,Layoff Permanent,2026-08-30T21:43:41.512264Z
d7e5e76c6a4af8ab,CA,"Boardriders Wholesale, LLC",Boardriders Wholesale,,Riverside County,246,2024-02-06,2024-04-26,Layoff Permanent,2026-08-30T21:43:41.512264Z
d2de5682f2b3fec5,CA,"Boardriders Wholesale, LLC",Boardriders Wholesale,,Orange County,84,2024-02-06,2024-03-29,Layoff Permanent,2026-08-30T21:43:41.512264Z
a4fd8a5263c7520a,CA,Google US-MTV-RLS2,Google US-MTV-RLS2,,Santa Clara County,16,2024-02-06,2024-03-04,Layoff Permanent,2026-08-30T21:43:41.512264Z
81ad7caa23946592,CA,"Boardriders Wholesale, LLC",Boardriders Wholesale,,Orange County,20,2024-02-06,2024-04-26,Layoff Permanent,2026-08-30T21:43:41.512264Z
7a8de5eed10625bc,CA,"Boardriders Wholesale, LLC",Boardriders Wholesale,,Orange County,1,2024-02-06,2024-01-31,Layoff Permanent,2026-08-30T21:43:41.512264Z
669f64be1e1014e1,CA,DHL Supply Chain,DHL Supply Chain,,San Bernardino County,13,2024-02-06,2024-03-16,Closure Permanent,2026-08-30T21:43:41.512264Z
6633ed0e70c2ce01,CA,"Boardriders Wholesale, LLC",Boardriders Wholesale,,Orange County,1,2024-02-06,2024-03-08,Layoff Permanent,2026-08-30T21:43:41.512264Z
4ac196fa41ae6d9b,CA,"Boardriders Wholesale, LLC",Boardriders Wholesale,,Orange County,6,2024-02-06,2024-02-16,Layoff Permanent,2026-08-30T21:43:41.512264Z
454c3e9640491112,CA,"Boardriders Wholesale, LLC",Boardriders Wholesale,,Orange County,1,2024-02-06,2024-01-24,Layoff Permanent,2026-08-30T21:43:41.512264Z
4523d63a5034fede,CA,"Boardriders Wholesale, LLC",Boardriders Wholesale,,Orange County,4,2024-02-06,2024-01-26,Layoff Permanent,2026-08-30T21:43:41.512264Z
44b8e8df43de76ac,CA,Google US-MTV-RLS1,Google US-MTV-RLS1,,Santa Clara County,57,2024-02-06,2024-03-04,Layoff Permanent,2026-08-30T21:43:41.512264Z
362314a205ea34d1,CA,"Boardriders Wholesale, LLC",Boardriders Wholesale,,Orange County,1,2024-02-06,2024-03-29,Layoff Permanent,2026-08-30T21:43:41.512264Z
34ceaa3f377b4c75,CA,"Boardriders Wholesale, LLC",Boardriders Wholesale,,Orange County,2,2024-02-06,2024-03-15,Layoff Permanent,2026-08-30T21:43:41.512264Z
2069fcd1d49e7483,CA,Pixelberry Studios,Pixelberry Studios,,Santa Clara County,120,2024-02-06,2024-03-15,Layoff Permanent,2026-08-30T21:43:41.512264Z
105be2dd91f2fb8e,CA,"Boardriders Wholesale, LLC",Boardriders Wholesale,,Orange County,1,2024-02-06,2024-04-05,Layoff Permanent,2026-08-30T21:43:41.512264Z
0545ee4814eae88e,CA,"Boardriders Wholesale, LLC",Boardriders Wholesale,,Riverside County,89,2024-02-06,2024-02-05,Layoff Permanent,2026-08-30T21:43:41.512264Z
de96ba961c8dbeff,CA,PayPal,PayPal,,Santa Clara County,311,2024-02-05,2024-03-30,Layoff Permanent,2026-08-30T21:43:41.512264Z
cbc3563e84bc5060,CA,"Viasat, Inc",Viasat,,San Diego County,4,2024-02-05,2024-03-31,Layoff Permanent,2026-08-30T21:43:41.512264Z
c102b706d420df62,CA,"CamelBak Products, LLC",CamelBak Products,,Sonoma County,43,2024-02-05,2024-04-01,Layoff Permanent,2026-08-30T21:43:41.512264Z
b179695ee8d4e819,CA,"Salesforce, Inc.",Salesforce,,San Francisco County,51,2024-02-05,2024-04-23,Layoff Permanent,2026-08-30T21:43:41.512264Z
ae532746248fcd4c,CA,"Okta, Inc.",Okta,,San Francisco County,83,2024-02-05,2024-04-04,Layoff Permanent,2026-08-30T21:43:41.512264Z
8feacd8fb66b90c5,CA,"Flexport, Inc.",Flexport,,San Francisco County,99,2024-02-05,2024-02-02,Layoff Permanent,2026-08-30T21:43:41.512264Z
88c0a283ba46a67b,CA,Snap Inc.,Snap,,Los Angeles County,122,2024-02-05,2024-02-06,Layoff Permanent,2026-08-30T21:43:41.512264Z
8088f016fffa2ba9,CA,Pennymac,Pennymac,,Ventura County,1,2024-02-05,2024-04-01,Layoff Permanent,2026-08-30T21:43:41.512264Z
75d2fca2dd4d5d29,CA,Snap Inc.,Snap,,Santa Clara County,52,2024-02-05,2024-02-06,Layoff Permanent,2026-08-30T21:43:41.512264Z
6f610a26dbb6d78c,CA,Corteva Agriscience LLC,Corteva Agriscience,,Contra Costa County,6,2024-02-05,2024-04-26,Layoff Permanent,2026-08-30T21:43:41.512264Z
6156fd17573dc606,CA,"Del Monte Capitol Meat Company, LLC DBA Allen Brothers West Coast",Del Monte Capitol Meat,Allen Brothers West Coast,San Mateo County,92,2024-02-05,2024-03-31,Closure Permanent,2026-08-30T21:43:41.512264Z
08ed893c6d96e3b9,CA,"Shadow Holdings, LLC.",Shadow Holdings,,Los Angeles County,60,2024-02-05,2024-04-12,Layoff Permanent,2026-08-30T21:43:41.512264Z
ffdf089880befdca,CA,Activision Blizzard,Activision Blizzard,,Los Angeles County,49,2024-02-02,2024-03-30,Layoff Permanent,2026-08-30T21:43:41.512264Z
fc73c1e24d35ac7f,CA,"AppFolio, Inc.",AppFolio,,Santa Barbara County,16,2024-02-02,2024-03-31,Layoff Permanent,2026-08-30T21:43:41.512264Z
e619b0565539e233,CA,"Cue Health, Moda North II","Cue Health, Moda North II",,San Diego County,8,2024-02-02,2024-03-26,Layoff Permanent,2026-08-30T21:43:41.512264Z
e4f676b5dd5f3b21,CA,Parker Hannifin Corporation BWF Division,Parker Hannifin Corporation BWF Division,,Sacramento County,8,2024-02-02,2024-05-31,Closure Permanent,2026-08-30T21:43:41.512264Z
e21fde17b0ada93d,CA,Maxar Space LLC - Charleston,Maxar Space LLC - Charleston,,Santa Clara County,1,2024-02-02,2024-02-02,Layoff Permanent,2026-08-30T21:43:41.512264Z
db8f02ce9cbf22ef,CA,Activision Blizzard,Activision Blizzard,,Los Angeles County,130,2024-02-02,2024-03-30,Layoff Permanent,2026-08-30T21:43:41.512264Z
db1fb023df244014,CA,"Hawker Pacific Aerospace, Inc.",Hawker Pacific Aerospace,,Los Angeles County,260,2024-02-02,2024-04-05,Layoff Permanent,2026-08-30T21:43:41.512264Z
d556ae8e847bb782,CA,Mazar Space LLC - Leghorn,Mazar Space LLC - Leghorn,,Santa Clara County,6,2024-02-02,2024-02-02,Layoff Permanent,2026-08-30T21:43:41.512264Z
c76ee71536bd2741,CA,ITC Federal,ITC Federal,,Orange County,125,2024-02-02,2024-03-29,Layoff Permanent,2026-08-30T21:43:41.512264Z
c5b30f136a5d235f,CA,Activision Blizzard,Activision Blizzard,,San Mateo County,76,2024-02-02,2024-03-30,Layoff Permanent,2026-08-30T21:43:41.512264Z
b724fcaee14a4c77,CA,"El Dorado National (California), Inc.",El Dorado National (California),,Riverside County,425,2024-02-02,2024-03-29,Layoff Permanent,2026-08-30T21:43:41.512264Z
b6553099bba6e1e7,CA,Maxar Space LLC - Fabian,Maxar Space LLC - Fabian,,Santa Clara County,48,2024-02-02,2024-02-02,Layoff Permanent,2026-08-30T21:43:41.512264Z
b257ed56acc16cab,CA,Covanta Long Beach Renewable Energy Corp.,Covanta Long Beach Renewable Energy,,Los Angeles County,39,2024-02-02,2024-04-01,Closure Permanent,2026-08-30T21:43:41.512264Z
adb812d3ca268752,CA,Levy Premium Foodservice Limited Partnership at The Rose Bowl,Levy Premium Foodservice Limited Partnership at The Rose Bowl,,Los Angeles County,83,2024-02-02,2024-03-28,Layoff Temporary,2026-08-30T21:43:41.512264Z
9d473fec90049b43,CA,Rico Corp. dba D' Addario Woodwinds,Rico,D' Addario Woodwinds,Los Angeles County,4,2024-02-02,2024-03-29,Layoff Permanent,2026-08-30T21:43:41.512264Z
94689fd3bbec6802,CA,Activision Blizzard,Activision Blizzard,,Orange County,478,2024-02-02,2024-03-30,Layoff Permanent,2026-08-30T21:43:41.512264Z
8e87cf05fd9cd375,CA,"Cue Health, Vista","Cue Health, Vista",,San Diego County,70,2024-02-02,2024-03-26,Layoff Permanent,2026-08-30T21:43:41.512264Z
879adfc2d87fdb46,CA,Curio Employer LLC,Curio Employer,,San Diego County,7,2024-02-02,2024-03-11,Layoff Temporary,2026-08-30T21:43:41.512264Z
86990435cf16857f,CA,Activision Blizzard,Activision Blizzard,,Los Angeles County,79,2024-02-02,2024-03-30,Layoff Permanent,2026-08-30T21:43:41.512264Z
822fd57e830d5a4a,CA,Woodland Rite Aid Distribution Center,Woodland Rite Aid Distribution Center,,Yolo County,241,2024-02-02,2024-03-04,Closure Permanent,2026-08-30T21:43:41.512264Z
81575c1ed4885d02,CA,"Cue Health, Moda West","Cue Health, Moda West",,San Diego County,1,2024-02-02,2024-03-26,Layoff Permanent,2026-08-30T21:43:41.512264Z
7bfee791755d1ec9,CA,"Syngenta Seeds, LLC",Syngenta Seeds,,Glenn County,56,2024-02-02,2024-03-31,Closure Permanent,2026-08-30T21:43:41.512264Z
6d9a6d710e0ddd8f,CA,Curio Employer LLC,Curio Employer,,San Bernardino County,5,2024-02-02,2024-03-21,Layoff Temporary,2026-08-30T21:43:41.512264Z
6ca8527ad725d14b,CA,TE Connectivity,TE Connectivity,,Nevada County,58,2024-02-02,2024-04-05,Closure Permanent,2026-08-30T21:43:41.512264Z
6497c89857654fd9,CA,Los Angeles Times Communications LLC,Los Angeles Times Communications,,Los Angeles County,77,2024-02-02,2024-03-25,Layoff Permanent,2026-08-30T21:43:41.512264Z
513371d8274a55c8,CA,Maxar Space LLC - Meadow,Maxar Space LLC - Meadow,,Santa Clara County,8,2024-02-02,2024-02-02,Layoff Permanent,2026-08-30T21:43:41.512264Z
4a7b15cd52e76e7a,CA,"Cue Health, Moda North","Cue Health, Moda North",,San Diego County,9,2024-02-02,2024-03-26,Layoff Permanent,2026-08-30T21:43:41.512264Z
3490b29e62c91821,CA,MedMen Enterprises Inc.,MedMen Enterprises,,Santa Clara County,7,2024-02-02,2024-01-30,Layoff Permanent,2026-08-30T21:43:41.512264Z
2ad509558d462466,CA,"Home EC, Inc. dba Connect Homes",Home EC,Connect Homes,San Bernardino County,75,2024-02-02,2024-03-31,Closure Permanent,2026-08-30T21:43:41.512264Z
23441ddbc7e472d6,CA,Activision Blizzard,Activision Blizzard,,Marin County,85,2024-02-02,2024-03-30,Layoff Permanent,2026-08-30T21:43:41.512264Z
223335717f83a942,CA,Los Angeles Times Communications LLC,Los Angeles Times Communications,,Los Angeles County,19,2024-02-02,2024-03-25,Layoff Permanent,2026-08-30T21:43:41.512264Z
174c9c810dce6662,CA,Cue Health - Moda South,Cue Health - Moda South,,San Diego County,26,2024-02-02,2024-03-26,Layoff Permanent,2026-08-30T21:43:41.512264Z
1573608d47f517ed,CA,"Cue Health, Waples","Cue Health, Waples",,San Diego County,12,2024-02-02,2024-03-26,Layoff Permanent,2026-08-30T21:43:41.512264Z
01e480081e497240,CA,MedMen Enterprises Inc.,MedMen Enterprises,,Los Angeles County,10,2024-02-02,2024-01-30,Layoff Permanent,2026-08-30T21:43:41.512264Z
f5bab82fbc705ec3,CA,"Lund Motion Products, Inc.",Lund Motion Products,,Orange County,117,2024-02-01,2024-03-28,Layoff Permanent,2026-08-30T21:43:41.512264Z
df46cefb52e5deb1,CA,Collins Pine Company,Collins Pine,,Plumas County,62,2024-02-01,2024-01-19,Layoff Temporary,2026-08-30T21:43:41.512264Z
d7a2b773c80b0328,CA,Sugar Foods LLC,Sugar Foods,,Los Angeles County,72,2024-02-01,2024-03-25,Closure Permanent,2026-08-30T21:43:41.512264Z
cca2090ef19e2e03,CA,SMTC Corporation,SMTC,,Santa Clara County,14,2024-02-01,2024-03-22,Layoff Permanent,2026-08-30T21:43:41.512264Z
ca57070d4c27256f,CA,eBay Inc.,eBay,,Santa Clara County,261,2024-02-01,2024-01-24,Layoff Permanent,2026-08-30T21:43:41.512264Z
c6393d6ec4ff9502,CA,Hollingsworth LLC,Hollingsworth,,Los Angeles County,15,2024-02-01,2024-03-31,Closure Permanent,2026-08-30T21:43:41.512264Z
aeb400bb564d17cf,CA,Nevro Corp.,Nevro,,San Mateo County,63,2024-02-01,2024-03-08,Layoff Permanent,2026-08-30T21:43:41.512264Z
94e310201c7bb481,CA,MemorialCare Long Beach Medical Center and Miller Children's and Women's Hospital Long Beach,MemorialCare Long Beach Medical Center and Miller Children's and Women's Hospital Long Beach,,Los Angeles County,58,2024-02-01,2024-01-26,Layoff Permanent,2026-08-30T21:43:41.512264Z
8daaf888b0d3bb14,CA,eBay Inc.,eBay,,San Francisco County,20,2024-02-01,2024-01-24,Layoff Permanent,2026-08-30T21:43:41.512264Z
8b783dae74989b65,CA,"Berry Global, Inc.",Berry Global,,Orange County,160,2024-02-01,2024-03-24,Closure Permanent,2026-08-30T21:43:41.512264Z
65321a0dfdff0608,CA,Covenant Living Communities & Services (Covenant Living West) dba Brandel Manor and Cypress Assisted,Covenant Living Communities & Services (Covenant Living West),Brandel Manor and Cypress Assisted,Stanislaus County,168,2024-02-01,2024-03-15,Closure Permanent,2026-08-30T21:43:41.512264Z
649bf0c678839030,CA,"William Kreysler & Associates, Inc.",William Kreysler & Associates,,Solano County,59,2024-02-01,2024-03-29,Layoff Permanent,2026-08-30T21:43:41.512264Z
62ef29c1e1bbc890,CA,"In-N-Out Burgers, a California corporation","In-N-Out Burgers, a California",,Alameda County,115,2024-02-01,2024-03-24,Closure Permanent,2026-08-30T21:43:41.512264Z
5c4baffe46abb839,CA,"Pacific Catch, Inc.",Pacific Catch,,Santa Clara County,73,2024-02-01,2024-03-04,Closure Temporary,2026-08-30T21:43:41.512264Z
56ebff96f8800380,CA,"Wayfair, LLC",Wayfair,,Santa Clara County,74,2024-02-01,2024-03-19,Layoff Permanent,2026-08-30T21:43:41.512264Z
19ec4e547263bd24,CA,Robert Bosch LLC,Robert Bosch,,San Bernardino County,14,2024-02-01,2024-04-01,Layoff Permanent,2026-08-30T21:43:41.512264Z
f8a2dbe93fa12a22,CA,Bechtel Infrastructure & Power Corporation,Bechtel Infrastructure & Power,,San Bernardino County,3,2024-01-31,2024-03-18,Closure Permanent,2026-08-30T21:43:41.512264Z
e6d392b5870d69b5,CA,"Baxalta US, Inc. dba Takeda",Baxalta US,Takeda,Ventura County,5,2024-01-31,2024-01-01,Layoff Permanent,2026-08-30T21:43:41.512264Z
e27666e80c6250ef,CA,Plenty Unlimited Inc.,Plenty Unlimited,,Los Angeles County,86,2024-01-31,2024-01-18,Layoff Permanent,2026-08-30T21:43:41.512264Z
e269002a8ca9976c,CA,"ABM General Services, Inc. at ONT 6 Amazon","ABM General Services, Inc. at ONT 6 Amazon",,Riverside County,51,2024-01-31,2024-03-19,Layoff Permanent,2026-08-30T21:43:41.512264Z
d0b8c7ee7041dd01,CA,"Rise Baking Company dba South Coast Baking, LLC",Rise Baking,"South Coast Baking, LLC",Orange County,85,2024-01-31,2024-03-29,Closure Permanent,2026-08-30T21:43:41.512264Z
bdc4a8728a864c0f,CA,"ABM General Services, Inc. at FAT 1 Amazon","ABM General Services, Inc. at FAT 1 Amazon",,Fresno County,96,2024-01-31,2024-03-19,Layoff Permanent,2026-08-30T21:43:41.512264Z
ae4974b0159b6195,CA,"ABM General Services, Inc. at PSP 1 Amazon","ABM General Services, Inc. at PSP 1 Amazon",,Riverside County,79,2024-01-31,2024-03-19,Layoff Permanent,2026-08-30T21:43:41.512264Z
a85043e391da15e4,CA,Bechtel Infrastructure & Power Corporation,Bechtel Infrastructure & Power,,San Diego County,6,2024-01-31,2024-03-18,Closure Permanent,2026-08-30T21:43:41.512264Z
7b60d3f1790676a2,CA,Plenty Unlimited Inc.,Plenty Unlimited,,San Mateo County,55,2024-01-31,2024-01-18,Layoff Permanent,2026-08-30T21:43:41.512264Z
7755995298d4caab,CA,"National Distribution Centers, LLC",National Distribution Centers,,Los Angeles County,2,2024-01-31,2024-03-22,Layoff Not known at this time,2026-08-30T21:43:41.512264Z
71cd22f535ac3077,CA,"Covanta Projects, LLC",Covanta Projects,,Los Angeles County,10,2024-01-31,2024-03-18,Closure Permanent,2026-08-30T21:43:41.512264Z
631d5967d768aeeb,CA,LAVO Italian Restaurant San Diego,LAVO Italian Restaurant San Diego,,San Diego County,83,2024-01-31,2024-03-28,Closure Permanent,2026-08-30T21:43:41.512264Z
6274a6847249e29f,CA,"National Distribution Centers, LLC",National Distribution Centers,,Los Angeles County,3,2024-01-31,2024-03-22,Layoff Not known at this time,2026-08-30T21:43:41.512264Z
426882cf1a212ba4,CA,"FedEx Supply Chain, Inc.",FedEx Supply Chain,,Riverside County,39,2024-01-31,2024-03-22,Layoff Permanent,2026-08-30T21:43:41.512264Z
3b89cb31cb1bafdd,CA,TAO Group Hospitality,TAO Group Hospitality,,Los Angeles County,10,2024-01-31,2024-03-28,Layoff Permanent,2026-08-30T21:43:41.512264Z
28d15430a966d450,CA,"ABM General Services, Inc. at SBD 1 Amazon","ABM General Services, Inc. at SBD 1 Amazon",,San Bernardino County,39,2024-01-31,2024-03-19,Layoff Permanent,2026-08-30T21:43:41.512264Z
2066170bd9dda2f5,CA,Bechtel Infrastructure & Power Corporation,Bechtel Infrastructure & Power,,Alameda County,11,2024-01-31,2024-03-18,Closure Permanent,2026-08-30T21:43:41.512264Z
14b8f301679d7dc3,CA,"ABM General Services, Inc. at SNA 4 Amazon","ABM General Services, Inc. at SNA 4 Amazon",,San Bernardino County,25,2024-01-31,2024-03-19,Layoff Permanent,2026-08-30T21:43:41.512264Z
09f98da49427eca8,CA,Beauty & Essex,Beauty & Essex,,Los Angeles County,82,2024-01-31,2024-03-28,Closure Permanent,2026-08-30T21:43:41.512264Z
098ff03daea84a7d,CA,Bechtel Infrastructure & Power Corporation,Bechtel Infrastructure & Power,,Orange County,64,2024-01-31,2024-03-18,Closure Permanent,2026-08-30T21:43:41.512264Z
0284b4acb2fd3dce,CA,"National Distribution Centers, LLC",National Distribution Centers,,Los Angeles County,1,2024-01-31,2024-03-22,Layoff Not known at this time,2026-08-30T21:43:41.512264Z
fafb01e7ad798ae0,CA,DI Overnite LLC/DI Express LLC dba Deliver-It,DI Overnite LLC/DI Express,Deliver-It,Orange County,22,2024-01-30,2024-03-15,Closure Permanent,2026-08-30T21:43:41.512264Z
f146d2889631fe25,CA,"Spencer Construction, LLC",Spencer Construction,,San Diego County,73,2024-01-30,2024-03-15,Layoff Permanent,2026-08-30T21:43:41.512264Z
d6ee4683540ad841,CA,Macy's Simi Valley Town Center Store,Macy's Simi Valley Town Center Store,,Ventura County,68,2024-01-30,2024-03-19,Closure Permanent,2026-08-30T21:43:41.512264Z
cdfad8a2d9900214,CA,DI Overnite LLC/DI Express LLC dba Deliver-It,DI Overnite LLC/DI Express,Deliver-It,Los Angeles County,56,2024-01-30,2024-03-15,Closure Permanent,2026-08-30T21:43:41.512264Z
a6f65df95dcd32aa,CA,DI Overnite LLC/DI Express LLC dba Deliver-IT,DI Overnite LLC/DI Express,Deliver-IT,Orange County,3,2024-01-30,2024-03-15,Layoff Permanent,2026-08-30T21:43:41.512264Z
a22f8bea7cf2b933,CA,Tower Semiconductor,Tower Semiconductor,,Orange County,699,2024-01-30,2024-04-01,Layoff Temporary,2026-08-30T21:43:41.512264Z
8764c71c7b56ccad,CA,Macy's Bayfair Store,Macy's Bayfair Store,,Alameda County,66,2024-01-30,2024-03-19,Closure Permanent,2026-08-30T21:43:41.512264Z
764bb5e7995b515d,CA,"Spencer Construction, LLC",Spencer Construction,,San Diego County,32,2024-01-30,2024-03-15,Layoff Permanent,2026-08-30T21:43:41.512264Z
4e48efc3376aba77,CA,"Matheson Postal Services, Inc.",Matheson Postal Services,,Sacramento County,18,2024-01-30,2024-01-31,Layoff Permanent,2026-08-30T21:43:41.512264Z
484cf154ae38d044,CA,"Matheson Postal Services, Inc.",Matheson Postal Services,,Sacramento County,10,2024-01-30,2024-01-31,Layoff Permanent,2026-08-30T21:43:41.512264Z
473c5084729a5244,CA,DI Overnite LLC/DI Express LLC dba Deliver-It,DI Overnite LLC/DI Express,Deliver-It,San Bernardino County,29,2024-01-30,2024-03-15,Closure Permanent,2026-08-30T21:43:41.512264Z
20b799ee3bc64041,CA,"Matheson Postal Services, Inc.",Matheson Postal Services,,San Bernardino County,13,2024-01-30,2024-01-31,Layoff Permanent,2026-08-30T21:43:41.512264Z
16198eeb45591106,CA,Safeway,Safeway,,San Francisco County,111,2024-01-30,2025-01-01,Closure Permanent,2026-08-30T21:43:41.512264Z
037ae7b4fe14fa01,CA,Allakos Inc.,Allakos,,San Mateo County,59,2024-01-30,2024-01-18,Layoff Permanent,2026-08-30T21:43:41.512264Z
f45255462cb4d2f5,CA,"Imperial Bag & Paper Co. LLC, dba Imperial Dade",Imperial Bag & Paper,Imperial Dade,Orange County,20,2024-01-29,2024-04-05,Closure Permanent,2026-08-30T21:43:41.512264Z
eeb3710f4f60c018,CA,Rico Corp. dba D'Addario Woodwinds,Rico,D'Addario Woodwinds,Los Angeles County,7,2024-01-29,2024-03-15,Layoff Permanent,2026-08-30T21:43:41.512264Z
d901fa73912741b4,CA,Amazon,Amazon,,Los Angeles County,2,2024-01-29,2024-03-11,Layoff Permanent,2026-08-30T21:43:41.512264Z
c150372923559783,CA,"Illumina, Inc.",Illumina,,San Diego County,111,2024-01-29,2024-03-12,Layoff Permanent,2026-08-30T21:43:41.512264Z
b007ac8eeb147271,CA,Apple Inc.,Apple,,San Diego County,121,2024-01-29,2024-04-26,Layoff Permanent,2026-08-30T21:43:41.512264Z
ad95510faf76691a,CA,Atara Biotherapeutics,Atara Biotherapeutics,,Ventura County,43,2024-01-29,2024-03-08,Layoff Permanent,2026-08-30T21:43:41.512264Z
a7a8a6a4ae5c5c98,CA,Atara Biotherapeutics,Atara Biotherapeutics,,Ventura County,1,2024-01-29,2024-03-08,Layoff Permanent,2026-08-30T21:43:41.512264Z
a3476e5ad6387ee8,CA,Walmart,Walmart,,San Diego County,125,2024-01-29,2024-04-19,Closure Permanent,2026-08-30T21:43:41.512264Z
99e3e7b27dc3617a,CA,"Bridge Staffing, LLC",Bridge Staffing,,Orange County,115,2024-01-29,2024-03-05,Closure Permanent,2026-08-30T21:43:41.512264Z
7f766287f4375925,CA,"Penske Logistics, LLC providing services for Aldi, Inc.","Penske Logistics, LLC providing services for Aldi",,Riverside County,95,2024-01-29,2024-03-11,Layoff Permanent,2026-08-30T21:43:41.512264Z
6b37d58d1f9930f6,CA,TE Connectivity,TE Connectivity,,San Bernardino County,61,2024-01-29,2024-02-23,Closure Permanent,2026-08-30T21:43:41.512264Z
60b09ef7999c2791,CA,"Sega of America, Inc.",Sega of America,,Orange County,12,2024-01-29,2024-03-08,Layoff Permanent,2026-08-30T21:43:41.512264Z
42acdd7bd7e352c7,CA,Walmart,Walmart,,San Diego County,232,2024-01-29,2024-04-19,Closure Permanent,2026-08-30T21:43:41.512264Z
2ea443840e17dd82,CA,Amazon,Amazon,,Los Angeles County,13,2024-01-29,2024-03-11,Layoff Permanent,2026-08-30T21:43:41.512264Z
150a7d2ce6b9b389,CA,Amazon,Amazon,,Los Angeles County,98,2024-01-29,2024-03-11,Layoff Permanent,2026-08-30T21:43:41.512264Z
0a66d0f40fcbe8e8,CA,"Sega of America, Inc.",Sega of America,,Orange County,49,2024-01-29,2024-03-08,Layoff Permanent,2026-08-30T21:43:41.512264Z
f74834fb1cc22983,CA,NEOTech,NEOTech,,San Diego County,76,2024-01-26,2024-02-19,Closure Permanent,2026-08-30T21:43:41.512264Z
f6613a7999d54756,CA,Xerxes Corporation,Xerxes,,Orange County,106,2024-01-26,2024-01-08,Closure Permanent,2026-08-30T21:43:41.512264Z
f06c5cc7ae152b43,CA,Silgan Containers Manufacturing Corporation,Silgan Containers Manufacturing,,Stanislaus County,64,2024-01-26,2024-03-31,Closure Permanent,2026-08-30T21:43:41.512264Z
ea1e49be28471305,CA,Cue Health Inc.,Cue Health,,San Diego County,9,2024-01-26,2024-03-05,Layoff Permanent,2026-08-30T21:43:41.512264Z
cdeee6c3420112a2,CA,Cue Health Inc.,Cue Health,,San Diego County,7,2024-01-26,2024-03-05,Layoff Permanent,2026-08-30T21:43:41.512264Z
c5025a03a7eda3cf,CA,"ChargePoint, Inc.",ChargePoint,,Santa Clara County,116,2024-01-26,2024-03-11,Layoff Permanent,2026-08-30T21:43:41.512264Z
bf4b0b71b438a23e,CA,"Twitch Interactive, Inc. SFO19 Facility","Twitch Interactive, Inc. SFO19 Facility",,San Francisco County,218,2024-01-26,2024-04-01,Layoff Permanent,2026-08-30T21:43:41.512264Z
b1e7e73ba1eb5355,CA,Los Angeles Times Communications LLC,Los Angeles Times Communications,,Los Angeles County,148,2024-01-26,2024-03-06,Closure Permanent,2026-08-30T21:43:41.512264Z
91dc0109db54f713,CA,Cue Health Inc.,Cue Health,,San Diego County,6,2024-01-26,2024-03-05,Layoff Permanent,2026-08-30T21:43:41.512264Z
8ca0ecd07b5dcfa4,CA,Gannett Publishing Services dba Visalia Times Delta,Gannett Publishing Services,Visalia Times Delta,Tulare County,24,2024-01-26,2024-03-11,Layoff Permanent,2026-08-30T21:43:41.512264Z
593e4b2a931429a5,CA,Workforce Enterprises,Workforce Enterprises,,Los Angeles County,93,2024-01-26,2024-02-20,Closure Permanent,2026-08-30T21:43:41.512264Z
57ddae4b748ddb1d,CA,Cue Health Inc,Cue Health,,San Diego County,4,2024-01-26,2024-03-05,Layoff Permanent,2026-08-30T21:43:41.512264Z
48c8fdee17c2b2ec,CA,Cue Health Inc.,Cue Health,,San Diego County,1,2024-01-26,2024-03-05,Layoff Permanent,2026-08-30T21:43:41.512264Z
333f91a73e8cd0f2,CA,Discord Inc.,Discord,,San Francisco County,160,2024-01-26,2024-02-02,Layoff Permanent,2026-08-30T21:43:41.512264Z
0b09f5baffedfec0,CA,Cue Health Inc.,Cue Health,,San Diego County,11,2024-01-26,2024-03-05,Layoff Permanent,2026-08-30T21:43:41.512264Z
fcdbf783bf16d07a,CA,Google US-MTV-43,Google US-MTV-43,,Santa Clara County,12,2024-01-25,2024-03-10,Layoff Permanent,2026-08-30T21:43:41.512264Z
f4a3fdc15887afb3,CA,Google US-MTV-41,Google US-MTV-41,,Santa Clara County,80,2024-01-25,2024-03-10,Layoff Permanent,2026-08-30T21:43:41.512264Z
ede5f1992262a5d5,CA,Google US-MTV-1965,Google US-MTV,,Santa Clara County,14,2024-01-25,2024-03-10,Layoff Permanent,2026-08-30T21:43:41.512264Z
e841513c531f3b3d,CA,Google US-MTV-STLN2061,Google US-MTV-STLN2061,,Santa Clara County,28,2024-01-25,2024-03-10,Layoff Permanent,2026-08-30T21:43:41.512264Z
d945d3d397f7a6f9,CA,Trove Recommerce,Trove Recommerce,,San Mateo County,60,2024-01-25,2024-03-01,Closure Permanent,2026-08-30T21:43:41.512264Z
cfa7ccaff44b1e32,CA,"Technical Consumer Products, Inc.",Technical Consumer Products,,San Bernardino County,11,2024-01-25,2024-05-31,Closure Permanent,2026-08-30T21:43:41.512264Z
cf6e780dd11f10a9,CA,"Curio Employer LLC dba The Hotel del Coronado, Curio Collection by Hilton",Curio Employer,"The Hotel del Coronado, Curio Collection by Hilton",San Diego County,53,2024-01-25,2024-03-04,Layoff Temporary,2026-08-30T21:43:41.512264Z
c9492a5dc7b39d9c,CA,Google US-SVL-HMBLT3,Google US-SVL-HMBLT3,,Santa Clara County,32,2024-01-25,2024-03-10,Layoff Permanent,2026-08-30T21:43:41.512264Z
c8010a433a8ac0b0,CA,Cepheid,Cepheid,,Santa Clara County,83,2024-01-25,2024-02-12,Layoff Permanent,2026-08-30T21:43:41.512264Z
bd0e1c61670f373d,CA,Google US-SVL-HMBLT4,Google US-SVL-HMBLT4,,Santa Clara County,25,2024-01-25,2024-03-10,Layoff Permanent,2026-08-30T21:43:41.512264Z
b4df82e60cb1dc22,CA,Google US-MTV-2000,Google US-MTV,,Santa Clara County,28,2024-01-25,2024-03-10,Layoff Permanent,2026-08-30T21:43:41.512264Z
b4690b167c97749d,CA,Google US-MTV-STLN2027,Google US-MTV-STLN2027,,Santa Clara County,35,2024-01-25,2024-03-10,Layoff Permanent,2026-08-30T21:43:41.512264Z
b0285e6ad3a46dda,CA,Google US-MTV-CL3,Google US-MTV-CL3,,Santa Clara County,14,2024-01-25,2024-03-10,Layoff Permanent,2026-08-30T21:43:41.512264Z
a2db570acece8121,CA,Google US-SVL-HMBLT1,Google US-SVL-HMBLT1,,Santa Clara County,2,2024-01-25,2024-03-10,Layoff Permanent,2026-08-30T21:43:41.512264Z
82dc022f72a6a37f,CA,Google US-MTV-1945,Google US-MTV,,Santa Clara County,5,2024-01-25,2024-03-10,Layoff Permanent,2026-08-30T21:43:41.512264Z
817e06b612a00eef,CA,Google US-MTV-1950,Google US-MTV,,Santa Clara County,8,2024-01-25,2024-03-10,Layoff Permanent,2026-08-30T21:43:41.512264Z
7f0e697572ba5502,CA,"NZXT, Inc.",NZXT,,Los Angeles County,55,2024-01-25,2024-03-31,Closure Permanent,2026-08-30T21:43:41.512264Z
7c22763464622832,CA,Google US-MTV-STLN2029,Google US-MTV-STLN2029,,Santa Clara County,2,2024-01-25,2024-03-10,Layoff Permanent,2026-08-30T21:43:41.512264Z
7b800b88c06b2c19,CA,Google US-MTV-CL4,Google US-MTV-CL4,,Santa Clara County,5,2024-01-25,2024-03-10,Layoff Permanent,2026-08-30T21:43:41.512264Z
7b4ec4a58e55dca5,CA,Unity Technologies SF,Unity Technologies SF,,San Francisco County,120,2024-01-25,2024-03-08,Layoff Permanent,2026-08-30T21:43:41.512264Z
7470755fb4233f39,CA,Trove Recommerce,Trove Recommerce,,San Mateo County,2,2024-01-25,2024-05-01,Closure Permanent,2026-08-30T21:43:41.512264Z
743444e062b364ee,CA,"US Motor Works, LLC",US Motor Works,,Orange County,8,2024-01-25,2023-12-31,Layoff Permanent,2026-08-30T21:43:41.512264Z
6573ae435c6cfedb,CA,Trove Recommerce,Trove Recommerce,,San Mateo County,62,2024-01-25,2024-04-01,Closure Permanent,2026-08-30T21:43:41.512264Z
5ac90479ed4535bd,CA,Google US-MTV-1900,Google US-MTV,,Santa Clara County,1,2024-01-25,2024-03-10,Layoff Permanent,2026-08-30T21:43:41.512264Z
56f9b77b491fce4b,CA,Google US-SVL-CRSM1260,Google US-SVL-CRSM1260,,Santa Clara County,11,2024-01-25,2024-03-10,Layoff Permanent,2026-08-30T21:43:41.512264Z
532e3267b3fce4bb,CA,Google US-SVL-CRSM1265,Google US-SVL-CRSM1265,,Santa Clara County,32,2024-01-25,2024-03-10,Layoff Permanent,2026-08-30T21:43:41.512264Z
519f6b04834709cb,CA,Google US-MTV-CL5,Google US-MTV-CL5,,Santa Clara County,19,2024-01-25,2024-03-10,Layoff Permanent,2026-08-30T21:43:41.512264Z
509fa68f8f78a72d,CA,Google US-SVL-CRSM1225,Google US-SVL-CRSM1225,,Santa Clara County,59,2024-01-25,2024-03-10,Layoff Permanent,2026-08-30T21:43:41.512264Z
36dbd4c7c61a4b69,CA,Google US-SFO-1MST,Google US-SFO-1MST,,San Francisco County,42,2024-01-25,2024-03-10,Layoff Permanent,2026-08-30T21:43:41.512264Z
2d011b1d884bda5b,CA,Google US-MTV-42,Google US-MTV-42,,Santa Clara County,84,2024-01-25,2024-03-10,Layoff Permanent,2026-08-30T21:43:41.512264Z
262e77073b774402,CA,Google US-SFO-SPE,Google US-SFO-SPE,,San Francisco County,26,2024-01-25,2024-03-10,Layoff Permanent,2026-08-30T21:43:41.512264Z
1f2b22e6cece5986,CA,Google US-SFO-FRE215,Google US-SFO-FRE215,,San Francisco County,23,2024-01-25,2024-03-10,Layoff Permanent,2026-08-30T21:43:41.512264Z
1285b9dc95570094,CA,Google US-MTV-40,Google US-MTV-40,,Santa Clara County,1,2024-01-25,2024-03-10,Layoff Permanent,2026-08-30T21:43:41.512264Z
0dad574003267a1b,CA,Google US-MTV-STLN2051,Google US-MTV-STLN2051,,Santa Clara County,1,2024-01-25,2024-03-10,Layoff Permanent,2026-08-30T21:43:41.512264Z
0ab491993dd77eeb,CA,Cepheid,Cepheid,,Santa Clara County,1,2024-01-25,2024-02-12,Layoff Permanent,2026-08-30T21:43:41.512264Z
081e98a0f41a09f8,CA,TMG Hotel Figueroa F&B Venues,TMG Hotel Figueroa F&B Venues,,Los Angeles County,144,2024-01-25,2024-02-12,Closure Permanent,2026-08-30T21:43:41.512264Z
0630a8139970cc7a,CA,Google US-MTV-CL2,Google US-MTV-CL2,,Santa Clara County,25,2024-01-25,2024-03-10,Layoff Permanent,2026-08-30T21:43:41.512264Z
03cf44729624b500,CA,Google US-SFO-MKT1,Google US-SFO-MKT1,,San Francisco County,14,2024-01-25,2024-03-10,Layoff Permanent,2026-08-30T21:43:41.512264Z
fded2cf293a4d98b,CA,"NuVasive, Inc.",NuVasive,,San Diego County,157,2024-01-24,2024-03-05,Layoff Permanent,2026-08-30T21:43:41.512264Z
f9dc718abb1be6dc,CA,PacPizza dba Pizza Hut - 032516,PacPizza,Pizza Hut,Santa Clara County,5,2024-01-24,2024-02-17,Layoff Permanent,2026-08-30T21:43:41.512264Z
f96e8604217f668f,CA,"DirectBuy Home Improvement, Inc. dba Z Gallerie",DirectBuy Home Improvement,Z Gallerie,Marin County,15,2024-01-24,2024-01-31,Layoff Permanent,2026-08-30T21:43:41.512264Z
f33478da773d106f,CA,CalPac Pizza dba Pizza Hut - 027401,CalPac Pizza,Pizza Hut,Fresno County,5,2024-01-24,2024-02-13,Layoff Permanent,2026-08-30T21:43:41.512264Z
f201e921f42401c3,CA,PacPizza dba Pizza Hut,PacPizza,Pizza Hut,San Joaquin County,3,2024-01-24,2024-02-15,Layoff Permanent,2026-08-30T21:43:41.512264Z
ef56d6e5de0d6c53,CA,CalPac Pizza dba Pizza Hut,CalPac Pizza,Pizza Hut,Tulare County,5,2024-01-24,2024-02-16,Layoff Permanent,2026-08-30T21:43:41.512264Z
e245100de4e10879,CA,CalPac Pizza II LLC dba Pizza Hut,CalPac Pizza II,Pizza Hut,Merced County,5,2024-01-24,2024-02-16,Layoff Permanent,2026-08-30T21:43:41.512264Z
e12ae0df3ea567ae,CA,CalPac Pizza dba Pizza Hut,CalPac Pizza,Pizza Hut,Merced County,4,2024-01-24,2024-02-17,Layoff Permanent,2026-08-30T21:43:41.512264Z
e04605b2004f1118,CA,Southern PacPizza dba Pizza Hut - 029225,Southern PacPizza,Pizza Hut,San Bernardino County,10,2024-01-24,2024-02-16,Layoff Permanent,2026-08-30T21:43:41.512264Z
d9dd182b0bfe99a2,CA,CalPac Pizza II LLC dba Pizza Hut,CalPac Pizza II,Pizza Hut,Sacramento County,4,2024-01-24,2024-02-12,Layoff Permanent,2026-08-30T21:43:41.512264Z
d92406a985996234,CA,Southern PacPizza dba Pizza Hut - 029229,Southern PacPizza,Pizza Hut,Tulare County,10,2024-01-24,2024-02-16,Layoff Permanent,2026-08-30T21:43:41.512264Z
d52d6d7cbe06b482,CA,Southern PacPizza dba Pizza Hut - 029232,Southern PacPizza,Pizza Hut,Riverside County,8,2024-01-24,2024-02-19,Layoff Permanent,2026-08-30T21:43:41.512264Z
d2dc8541193f9a7a,CA,Southern PacPizza dba Pizza Hut - 029215,Southern PacPizza,Pizza Hut,San Bernardino County,13,2024-01-24,2024-02-16,Layoff Permanent,2026-08-30T21:43:41.512264Z
cf9ca5ba9c7c155d,CA,Southern PacPizza dba Pizza Hut - 029222,Southern PacPizza,Pizza Hut,Riverside County,5,2024-01-24,2024-02-15,Layoff Permanent,2026-08-30T21:43:41.512264Z
cb5e0435c66c2340,CA,Southern PacPizza dba Pizza Hut - 029211,Southern PacPizza,Pizza Hut,San Bernardino County,7,2024-01-24,2024-02-19,Layoff Permanent,2026-08-30T21:43:41.512264Z
cac19711e6a95be0,CA,Southern PacPizza dba Pizza Hut - 029230,Southern PacPizza,Pizza Hut,Tulare County,6,2024-01-24,2024-02-16,Layoff Permanent,2026-08-30T21:43:41.512264Z
c799f430dce04d20,CA,Southern PacPizza dba Pizza Hut - 029198,Southern PacPizza,Pizza Hut,Riverside County,6,2024-01-24,2024-02-23,Layoff Permanent,2026-08-30T21:43:41.512264Z
c74d4508d3e4afc1,CA,Southern PacPizza dba Pizza Hut - 029210,Southern PacPizza,Pizza Hut,San Bernardino County,3,2024-01-24,2024-02-15,Layoff Permanent,2026-08-30T21:43:41.512264Z
c73f9f08c9d0d007,CA,PacPizza dba Pizza Hut,PacPizza,Pizza Hut,Stanislaus County,2,2024-01-24,2024-02-15,Layoff Permanent,2026-08-30T21:43:41.512264Z
c55f8d6b6eb3bcb4,CA,CalPac Pizza dba Pizza Hut,CalPac Pizza,Pizza Hut,Merced County,7,2024-01-24,2024-02-17,Layoff Permanent,2026-08-30T21:43:41.512264Z
c2f1040a9f2cc183,CA,Southern PacPizza dba Pizza Hut - 029200,Southern PacPizza,Pizza Hut,San Bernardino County,2,2024-01-24,2024-02-15,Layoff Permanent,2026-08-30T21:43:41.512264Z
c2482ffb6a9ba717,CA,Southern PacPizza dba Pizza Hut - 029203,Southern PacPizza,Pizza Hut,Riverside County,7,2024-01-24,2024-02-18,Layoff Permanent,2026-08-30T21:43:41.512264Z
c1971170f0c7ec16,CA,CalPac Pizza dba Pizza Hut,CalPac Pizza,Pizza Hut,Madera County,6,2024-01-24,2024-02-13,Layoff Permanent,2026-08-30T21:43:41.512264Z
bff5e573e61b749c,CA,Pacpizza dba Pizza Hut,Pacpizza,Pizza Hut,Butte County,2,2024-01-24,2024-02-23,Layoff Permanent,2026-08-30T21:43:41.512264Z
bf9bab21120d741b,CA,CalPac Pizza dba Pizza Hut - 027385,CalPac Pizza,Pizza Hut,Kern County,8,2024-01-24,2024-02-16,Layoff Permanent,2026-08-30T21:43:41.512264Z
b55aecadf8178e53,CA,CalPac Pizza II LLC dba Pizza Hut,CalPac Pizza II,Pizza Hut,Kings County,4,2024-01-24,2024-02-17,Layoff Permanent,2026-08-30T21:43:41.512264Z
b2951772e2d7dfcc,CA,CalPac Pizza dba Pizza Hut - 027398,CalPac Pizza,Pizza Hut,Kern County,6,2024-01-24,2024-02-16,Layoff Permanent,2026-08-30T21:43:41.512264Z
aaeaf677902314ab,CA,Southern PacPizza dba Pizza Hut - 029221,Southern PacPizza,Pizza Hut,Riverside County,6,2024-01-24,2024-02-18,Layoff Permanent,2026-08-30T21:43:41.512264Z
aa7cb4e13c8d94e1,CA,Southern PacPizza dba Pizza Hut - 029199,Southern PacPizza,Pizza Hut,Riverside County,1,2024-01-24,2024-02-12,Layoff Permanent,2026-08-30T21:43:41.512264Z
a7a0232c89cab1d7,CA,Southern PacPizza dba Pizza Hut - 029208,Southern PacPizza,Pizza Hut,Riverside County,5,2024-01-24,2024-02-18,Layoff Permanent,2026-08-30T21:43:41.512264Z
a2926ef0986334fc,CA,PacPizza dba Pizza Hut - 014697,PacPizza,Pizza Hut,Sacramento County,4,2024-01-24,2024-02-25,Layoff Permanent,2026-08-30T21:43:41.512264Z
a1eda8a1af845781,CA,PacPizza dba Pizza Hut,PacPizza,Pizza Hut,San Joaquin County,3,2024-01-24,2024-02-13,Layoff Permanent,2026-08-30T21:43:41.512264Z
9f7192d55d35bf89,CA,CalPac Pizza dba Pizza Hut - 027383,CalPac Pizza,Pizza Hut,Kern County,4,2024-01-24,2024-02-16,Layoff Permanent,2026-08-30T21:43:41.512264Z
9d0025dcbbbd2185,CA,PacPartners dba Pizza Hut,PacPartners,Pizza Hut,Alameda County,2,2024-01-24,2024-02-17,Layoff Permanent,2026-08-30T21:43:41.512264Z
9b79dc423c17edf6,CA,PacPizza dba Pizza Hut - 011730,PacPizza,Pizza Hut,Santa Clara County,3,2024-01-24,2024-02-16,Layoff Permanent,2026-08-30T21:43:41.512264Z
991ccd9e19a8d613,CA,CalPac Pizza dba Pizza Hut,CalPac Pizza,Pizza Hut,Kern County,3,2024-01-24,2024-02-15,Layoff Permanent,2026-08-30T21:43:41.512264Z
967d6f529702f5c2,CA,Southern PacPizza dba Pizza Hut - 029207,Southern PacPizza,Pizza Hut,Riverside County,4,2024-01-24,2024-02-16,Layoff Permanent,2026-08-30T21:43:41.512264Z
95e4a487c209efe2,CA,CalPac Pizza dba Pizza Hut,CalPac Pizza,Pizza Hut,Kings County,5,2024-01-24,2024-02-17,Layoff Permanent,2026-08-30T21:43:41.512264Z
94f88779d7e39180,CA,Southern PacPizza dba Pizza Hut - 029202,Southern PacPizza,Pizza Hut,San Bernardino County,5,2024-01-24,2024-02-19,Layoff Permanent,2026-08-30T21:43:41.512264Z
91b2ad49aa168143,CA,"Adidas America, Inc.",Adidas America,,San Francisco County,28,2024-01-24,2024-03-02,Closure Permanent,2026-08-30T21:43:41.512264Z
8e00b89d8bbd23b2,CA,PacPizza dba Pizza Hut,PacPizza,Pizza Hut,Yuba County,7,2024-01-24,2024-02-23,Layoff Permanent,2026-08-30T21:43:41.512264Z
8c9900c9c2686e62,CA,PacPizza dba Pizza Hut - 011728,PacPizza,Pizza Hut,Santa Clara County,4,2024-01-24,2024-02-23,Layoff Permanent,2026-08-30T21:43:41.512264Z
89155a94b627a20e,CA,CalPac Pizza II dba Pizza Hut,CalPac Pizza II,Pizza Hut,Fresno County,3,2024-01-24,2024-02-17,Layoff Permanent,2026-08-30T21:43:41.512264Z
853a019bf63b9b54,CA,PacPizza dba Pizza Hut,PacPizza,Pizza Hut,San Joaquin County,4,2024-01-24,2024-02-14,Layoff Permanent,2026-08-30T21:43:41.512264Z
8405a58c2975be4a,CA,CalPac Pizza dba Pizza Hut - 027408,CalPac Pizza,Pizza Hut,Kern County,10,2024-01-24,2024-02-16,Layoff Permanent,2026-08-30T21:43:41.512264Z
7b456440d18fc51f,CA,PacPizza dba Pizza Hut - 011664,PacPizza,Pizza Hut,Sacramento County,3,2024-01-24,2024-02-15,Layoff Permanent,2026-08-30T21:43:41.512264Z
78e6b988f8749121,CA,PacPizza dba Pizza Hut - 011761,PacPizza,Pizza Hut,Sacramento County,7,2024-01-24,2024-02-17,Layoff Permanent,2026-08-30T21:43:41.512264Z
6e9cb1506827d0b0,CA,Southern PacPizza dba Pizza Hut - 029226,Southern PacPizza,Pizza Hut,Tulare County,4,2024-01-24,2024-02-17,Layoff Permanent,2026-08-30T21:43:41.512264Z
6093c7d8a920179b,CA,Southern PacPizza dba Pizza Hut - 029205,Southern PacPizza,Pizza Hut,Riverside County,6,2024-01-24,2024-02-18,Layoff Permanent,2026-08-30T21:43:41.512264Z
59679b2ed0c83323,CA,Southern PacPizza dba Pizza Hut - 029220,Southern PacPizza,Pizza Hut,Riverside County,8,2024-01-24,2024-02-18,Layoff Permanent,2026-08-30T21:43:41.512264Z
58831cc361f140c1,CA,CalPac Pizza dba Pizza Hut,CalPac Pizza,Pizza Hut,Kern County,5,2024-01-24,2024-02-15,Layoff Permanent,2026-08-30T21:43:41.512264Z
4de7bdd6a1d7f22b,CA,CalPac Pizza II dba Pizza Hut,CalPac Pizza II,Pizza Hut,Fresno County,4,2024-01-24,2024-02-15,Layoff Permanent,2026-08-30T21:43:41.512264Z
4c4bb9c330a0bf43,CA,Southern PacPizza dba Pizza Hut - 029224,Southern PacPizza,Pizza Hut,Riverside County,10,2024-01-24,2024-02-16,Layoff Permanent,2026-08-30T21:43:41.512264Z
4bd7e32f79449ad8,CA,PacPizza dba Pizza Hut,PacPizza,Pizza Hut,Stanislaus County,4,2024-01-24,2024-02-15,Layoff Permanent,2026-08-30T21:43:41.512264Z
465205f619b9b0f3,CA,PacPizza dba Pizza Hut - 011755,PacPizza,Pizza Hut,Sacramento County,7,2024-01-24,2024-02-16,Layoff Permanent,2026-08-30T21:43:41.512264Z
4382be4caf53c332,CA,PacPizza dba Pizza Hut,PacPizza,Pizza Hut,Butte County,4,2024-01-24,2024-02-25,Layoff Permanent,2026-08-30T21:43:41.512264Z
3b6b753654852501,CA,CalPac Pizza dba Pizza Hut - 027403,CalPac Pizza,Pizza Hut,Fresno County,5,2024-01-24,2024-02-15,Layoff Permanent,2026-08-30T21:43:41.512264Z
3879af48b46514b1,CA,CalPac Pizza dba Pizza Hut - 027406,CalPac Pizza,Pizza Hut,Fresno County,5,2024-01-24,2024-02-17,Layoff Permanent,2026-08-30T21:43:41.512264Z
26720809266c3615,CA,PacPizza dba Pizza Hut,PacPizza,Pizza Hut,Santa Clara County,4,2024-01-24,2024-02-24,Layoff Permanent,2026-08-30T21:43:41.512264Z
22c3d28d2709a1b7,CA,CalPac Pizza II LLC dba Pizza Hut,CalPac Pizza II,Pizza Hut,Stanislaus County,6,2024-01-24,2024-02-15,Layoff Permanent,2026-08-30T21:43:41.512264Z
21c1446dd9464038,CA,Southern PacPizza dba Pizza Hut - 029212,Southern PacPizza,Pizza Hut,Riverside County,2,2024-01-24,2024-02-12,Layoff Permanent,2026-08-30T21:43:41.512264Z
217b1b449a077b77,CA,PacPizza dba Pizza Hut,PacPizza,Pizza Hut,Stanislaus County,6,2024-01-24,2024-02-20,Layoff Permanent,2026-08-30T21:43:41.512264Z
20264efe3f781d59,CA,PacPartners dba Pizza Hut,PacPartners,Pizza Hut,Riverside County,8,2024-01-24,2024-02-15,Layoff Permanent,2026-08-30T21:43:41.512264Z
14b089012aa7ed61,CA,PacPizza dba Pizza Hut,PacPizza,Pizza Hut,El Dorado County,3,2024-01-24,2024-02-24,Layoff Permanent,2026-08-30T21:43:41.512264Z
13dc71d9ffe28b5f,CA,Southern PacPizza dba Pizza Hut - 029228,Southern PacPizza,Pizza Hut,Tulare County,8,2024-01-24,2024-02-17,Layoff Permanent,2026-08-30T21:43:41.512264Z
137d934a673af20b,CA,PacPizza dba Pizza Hut,PacPizza,Pizza Hut,Santa Clara County,2,2024-01-24,2024-02-16,Layoff Permanent,2026-08-30T21:43:41.512264Z
1201cd160699d689,CA,CalPac Pizza dba Pizza Hut - 027386,CalPac Pizza,Pizza Hut,Kern County,3,2024-01-24,2024-02-16,Layoff Permanent,2026-08-30T21:43:41.512264Z
1126583cc18813ad,CA,BrightDrop,BrightDrop,,Santa Clara County,6,2024-01-24,2023-12-15,Layoff Permanent,2026-08-30T21:43:41.512264Z
0c02d7332fbbd7d8,CA,Southern PacPizza dba Pizza Hut - 029197,Southern PacPizza,Pizza Hut,Riverside County,5,2024-01-24,2024-02-16,Layoff Permanent,2026-08-30T21:43:41.512264Z
0ba4b4083d047369,CA,CalPac Pizza dba Pizza Hut - 027384,CalPac Pizza,Pizza Hut,Kern County,7,2024-01-24,2024-02-16,Layoff Permanent,2026-08-30T21:43:41.512264Z
09da5ca27cf269ad,CA,Southern PacPizza dba Pizza Hut - 029213,Southern PacPizza,Pizza Hut,San Bernardino County,4,2024-01-24,2024-02-20,Layoff Permanent,2026-08-30T21:43:41.512264Z
09606bda55ca6c87,CA,PacPizza dba Pizza Hut - 011753,PacPizza,Pizza Hut,Sacramento County,1,2024-01-24,2024-02-18,Layoff Permanent,2026-08-30T21:43:41.512264Z
06450b51e9624fa3,CA,CalPac Pizza dba Pizza Hut - 027400,CalPac Pizza,Pizza Hut,Fresno County,5,2024-01-24,2024-02-19,Layoff Permanent,2026-08-30T21:43:41.512264Z
059a1e7ff1babb38,CA,PacPizza dba Pizza Hut - 011729,PacPizza,Pizza Hut,Santa Clara County,4,2024-01-24,2024-02-17,Layoff Permanent,2026-08-30T21:43:41.512264Z
0350949bb2284cc4,CA,Southern PacPizza dba Pizza Hut - 029201,Southern PacPizza,Pizza Hut,Riverside County,6,2024-01-24,2024-02-16,Layoff Permanent,2026-08-30T21:43:41.512264Z
f94e89bbb848a01a,CA,"DirectBuy Home Improvement, Inc. dba Z Gellerie",DirectBuy Home Improvement,Z Gellerie,Los Angeles County,15,2024-01-23,2024-01-31,Layoff Permanent,2026-08-30T21:43:41.512264Z
e7f10b6000f6b5b6,CA,Pfizer,Pfizer,,San Mateo County,52,2024-01-23,2024-02-12,Layoff Permanent,2026-08-30T21:43:41.512264Z
e07ce3c2d1ffd470,CA,HMSHost located at Admirals Clubs & Lounges at Los Angeles International Airport (LAX),HMSHost located at Admirals Clubs & Lounges at Los Angeles International Airport (LAX),,Los Angeles County,127,2024-01-23,2024-02-25,Closure Permanent,2026-08-30T21:43:41.512264Z
b97ed27c47d305d3,CA,"DirectBuy Home Improvement, Inc. dba Z Gallerie",DirectBuy Home Improvement,Z Gallerie,Placer County,9,2024-01-23,2024-01-31,Layoff Permanent,2026-08-30T21:43:41.512264Z
84b89e1091284d70,CA,Il Fornaio (America) LLC dba Il Fornaio Pasadena Ristorante,Il Fornaio (America),Il Fornaio Pasadena Ristorante,Los Angeles County,54,2024-01-23,2024-01-14,Closure Permanent,2026-08-30T21:43:41.512264Z
1d021da879879f16,CA,ACRT Pacific,ACRT Pacific,,Orange County,4,2024-01-23,2024-01-31,Layoff Permanent,2026-08-30T21:43:41.512264Z
18b2b0db2a85c528,CA,"DirectBuy Home Improvement, Inc. dba Z Gallerie",DirectBuy Home Improvement,Z Gallerie,Orange County,11,2024-01-23,2024-01-31,Layoff Permanent,2026-08-30T21:43:41.512264Z
0a2181d9a0211797,CA,"DirectBuy Home Improvement, Inc. dba Z Gallerie",DirectBuy Home Improvement,Z Gallerie,Riverside County,8,2024-01-23,2024-01-31,Layoff Permanent,2026-08-30T21:43:41.512264Z
085f18f4ff15aae2,CA,"DirectBuy Home Improvement, Inc. dba Z Gallerie",DirectBuy Home Improvement,Z Gallerie,Los Angeles County,46,2024-01-23,2024-01-31,Layoff Permanent,2026-08-30T21:43:41.512264Z
e75e5230194a3fd9,CA,ACRT Pacific,ACRT Pacific,,Los Angeles County,3,2024-01-22,2024-01-31,Layoff Permanent,2026-08-30T21:43:41.512264Z
ccc51281a8aa8ad1,CA,"TIDAL, a subsidary of Block, Inc.","TIDAL, a subsidary of Block",,San Francisco County,1,2024-01-22,2024-02-05,Layoff Permanent,2026-08-30T21:43:41.512264Z
55c4645272b2fc53,CA,ACRT Pacific,ACRT Pacific,,Tulare County,24,2024-01-22,2024-01-31,Layoff Permanent,2026-08-30T21:43:41.512264Z
13fe7f5854c291e0,CA,ACRT Pacific,ACRT Pacific,,San Bernardino County,20,2024-01-22,2024-01-31,Layoff Permanent,2026-08-30T21:43:41.512264Z
04aba750e846c635,CA,ACRT Pacific,ACRT Pacific,,Los Angeles County,7,2024-01-22,2024-01-31,Layoff Permanent,2026-08-30T21:43:41.512264Z
f16995aa554616fe,CA,Cruise LLC,Cruise,,San Francisco County,121,2024-01-19,2023-12-14,Layoff Permanent,2026-08-30T21:43:41.512264Z
ccab51634ce9fae6,CA,LinkedIn Corporation,LinkedIn,,Santa Clara County,349,2024-01-19,2023-12-15,Layoff Permanent,2026-08-30T21:43:41.512264Z
c31e6ff9d9bd9627,CA,LinkedIn Corporation,LinkedIn,,Santa Clara County,42,2024-01-19,2023-12-15,Layoff Permanent,2026-08-30T21:43:41.512264Z
ae325fff418922f3,CA,Cruise LLC - CC,Cruise LLC - CC,,San Francisco County,23,2024-01-19,2023-12-14,Layoff Permanent,2026-08-30T21:43:41.512264Z
9540c9af0500ec13,CA,Cruise LLC,Cruise,,Santa Clara County,43,2024-01-19,2023-12-14,Layoff Permanent,2026-08-30T21:43:41.512264Z
7ed60723b9a1974c,CA,Cruise LLC,Cruise,,San Mateo County,18,2024-01-19,2023-12-14,Layoff Permanent,2026-08-30T21:43:41.512264Z
356d9ed7fda56bf9,CA,LinkedIn Corporation,LinkedIn,,Santa Barbara County,5,2024-01-19,2023-12-15,Layoff Permanent,2026-08-30T21:43:41.512264Z
1d3360d8a2a12ded,CA,"Distribution Alternatives, Inc.",Distribution Alternatives,,San Bernardino County,1,2024-01-19,2024-02-16,Closure Permanent,2026-08-30T21:43:41.512264Z
1236b21fc0b6a310,CA,Cruise LLC - Headquarters,Cruise LLC - Headquarters,,San Mateo County,330,2024-01-19,2023-12-14,Layoff Permanent,2026-08-30T21:43:41.512264Z
1206db594b7b2d3a,CA,Z Global Logistics dba Kelly Toys Holding LLC,Z Global Logistics,Kelly Toys Holding LLC,Los Angeles County,8,2024-01-19,2023-12-15,Closure Permanent,2026-08-30T21:43:41.512264Z
fcb35d8e7a9c4bbb,CA,"DePuy Synthes Products, Inc.",DePuy Synthes Products,,Alameda County,25,2024-01-18,2024-02-02,Layoff Permanent,2026-08-30T21:43:41.512264Z
f6887dc29da0ff06,CA,Ridgecrest Regional Hospital,Ridgecrest Regional Hospital,,Kern County,30,2024-01-18,2024-02-28,Layoff Permanent,2026-08-30T21:43:41.512264Z
effed75258668e20,CA,Steelcase Inc.,Steelcase,,San Bernardino County,40,2024-01-18,2024-03-22,Closure Permanent,2026-08-30T21:43:41.512264Z
e0db8185f6e21bc9,CA,Invitae Corporation,Invitae,,San Francisco County,238,2024-01-18,2024-02-12,Layoff Permanent,2026-08-30T21:43:41.512264Z
6b4f3649ff8d8fdc,CA,"Carbon, Inc.",Carbon,,San Mateo County,60,2024-01-18,2024-02-15,Layoff Permanent,2026-08-30T21:43:41.512264Z
503e1bbc4501991b,CA,Quanex Homeshield LLC,Quanex Homeshield,,San Bernardino County,58,2024-01-18,2024-02-02,Closure Permanent,2026-08-30T21:43:41.512264Z
3625a2442f70b32e,CA,"AMQ Solutions, LLC",AMQ Solutions,,San Bernardino County,37,2024-01-18,2024-03-22,Closure Permanent,2026-08-30T21:43:41.512264Z
30ce4d83a634720f,CA,Wellness Innovation Group Inc. dba Lowell Farms,Wellness Innovation Group,Lowell Farms,Monterey County,11,2024-01-18,2024-02-10,Closure Permanent,2026-08-30T21:43:41.512264Z
1a104e4f45b7f643,CA,"Becton, Dickinson and Company","Becton, Dickinson and",,Santa Clara County,111,2024-01-18,2023-03-30,Layoff Permanent,2026-08-30T21:43:41.512264Z
187478d429fb8f89,CA,"TuSimple, Inc.",TuSimple,,San Diego County,95,2024-01-18,2024-02-01,Layoff Permanent,2026-08-30T21:43:41.512264Z
11f1b6adc684dbb0,CA,Lifelong Medical Care dba Lifelong Ashby Health Center,Lifelong Medical Care,Lifelong Ashby Health Center,Alameda County,55,2024-01-18,2024-02-16,Closure Permanent,2026-08-30T21:43:41.512264Z
0c7da29aa12d55a2,CA,Global Medical Response,Global Medical Response,,Alameda County,84,2024-01-18,2024-02-01,Closure Permanent,2026-08-30T21:43:41.512264Z
e08938f0cd9865dc,CA,"Amyris, Inc.",Amyris,,Alameda County,89,2024-01-17,2024-02-07,Layoff Permanent,2026-08-30T21:43:41.512264Z
dbbfbc1805b27828,CA,Country Club Mortgage,Country Club Mortgage,,Kings County,3,2024-01-17,2024-02-06,Closure Permanent,2026-08-30T21:43:41.512264Z
b964690282678dbc,CA,"Valley Processing, a HEXPOL Company","Valley Processing, a HEXPOL",,Los Angeles County,60,2024-01-17,2024-02-09,Closure Permanent,2026-08-30T21:43:41.512264Z
b52d6b66b2d25232,CA,Alsco Inc.,Alsco,,San Diego County,107,2024-01-17,2024-02-09,Closure Permanent,2026-08-30T21:43:41.512264Z
aa284322009d8f57,CA,Country Club Mortgage,Country Club Mortgage,,Fresno County,6,2024-01-17,2024-02-06,Closure Permanent,2026-08-30T21:43:41.512264Z
a96d90c67460cf52,CA,SPS Ventures Inc.,SPS Ventures,,Los Angeles County,162,2024-01-17,2024-02-03,Layoff Permanent,2026-08-30T21:43:41.512264Z
a68f302a5842f95f,CA,Country Club Mortgage - Hall,Country Club Mortgage - Hall,,Tulare County,28,2024-01-17,2024-02-06,Closure Permanent,2026-08-30T21:43:41.512264Z
9a05bf762170741e,CA,"Age of Learning, Inc.",Age of Learning,,Los Angeles County,94,2024-01-17,2024-02-05,Layoff Permanent,2026-08-30T21:43:41.512264Z
964630078e5aeef7,CA,Google,Google,,Santa Clara County,73,2024-01-17,2024-08-09,Closure Permanent,2026-08-30T21:43:41.512264Z
93fd0e66a2234a3a,CA,"E. J. Lauren, LLC",E. J. Lauren,,Los Angeles County,69,2024-01-17,2024-02-07,Closure Permanent,2026-08-30T21:43:41.512264Z
8e311c980d251651,CA,"QG Printing II, LLC",QG Printing II,,Yolo County,56,2024-01-17,2024-02-22,Closure Permanent,2026-08-30T21:43:41.512264Z
8b297d559e6ffa13,CA,VF Santa Fe Springs Distribution Center,VF Santa Fe Springs Distribution Center,,Los Angeles County,48,2024-01-17,2024-03-22,Closure Permanent,2026-08-30T21:43:41.512264Z
78e867cc1840c08b,CA,Spotify USA Inc.,Spotify,,San Francisco County,44,2024-01-17,2024-03-04,Layoff Permanent,2026-08-30T21:43:41.512264Z
700d5ad29f59cb0b,CA,Country Club Mortgage,Country Club Mortgage,,Fresno County,24,2024-01-17,2024-02-06,Closure Permanent,2026-08-30T21:43:41.512264Z
6382cbbf5310cce6,CA,Country Club Mortgage - Center,Country Club Mortgage - Center,,Tulare County,41,2024-01-17,2024-02-06,Closure Permanent,2026-08-30T21:43:41.512264Z
515704321c9a535e,CA,"Juniper Networks, Inc.",Juniper Networks,,Santa Clara County,51,2024-01-17,2024-02-05,Layoff Permanent,2026-08-30T21:43:41.512264Z
36b0b1961bc9297f,CA,VF Santa Fe Springs Distribution Center,VF Santa Fe Springs Distribution Center,,Los Angeles County,207,2024-01-17,2024-02-23,Closure Permanent,2026-08-30T21:43:41.512264Z
2ee4061c2425e735,CA,Ace Hotel Group LLC at Ace Hotel Los Angeles,Ace Hotel Group LLC at Ace Hotel Los Angeles,,Los Angeles County,169,2024-01-17,2024-01-31,Layoff Permanent,2026-08-30T21:43:41.512264Z
19bbacafebf71fbf,CA,Spotify USA Inc,Spotify,,Los Angeles County,87,2024-01-17,2024-03-04,Layoff Permanent,2026-08-30T21:43:41.512264Z
02ac02e6816a9aaf,CA,B. Braun Medical Inc.,B. Braun Medical,,Orange County,13,2024-01-17,2024-02-05,Layoff Permanent,2026-08-30T21:43:41.512264Z
78aa6185b369ddb7,CA,"Eclipse Advantage, LLC at Rite Aid","Eclipse Advantage, LLC at Rite Aid",,Los Angeles County,27,2024-01-16,2024-02-02,Closure Permanent,2026-08-30T21:43:41.512264Z
6ce9648c094ff5c7,CA,Bristol Farms' Newfound Market Irvine Grocery Store,Bristol Farms' Newfound Market Irvine Grocery Store,,Orange County,138,2024-01-16,2024-01-31,Closure Permanent,2026-08-30T21:43:41.512264Z
54748dd558e3777f,CA,"Distribution Alternatives, Inc.",Distribution Alternatives,,San Bernardino County,1,2024-01-16,2024-01-15,Closure Permanent,2026-08-30T21:43:41.512264Z
402aa45e1dade376,CA,Dynaflex Prodcuts,Dynaflex Prodcuts,,Los Angeles County,14,2024-01-16,2024-03-29,Closure Permanent,2026-08-30T21:43:41.512264Z
3ee21b7004c02d76,CA,"BILL Operations, LLC",BILL Operations,,Santa Clara County,156,2024-01-16,2024-02-05,Layoff Permanent,2026-08-30T21:43:41.512264Z
14434e884237362d,CA,"Eclipse Advantage, LLC at Rite Aid","Eclipse Advantage, LLC at Rite Aid",,Yolo County,11,2024-01-16,2024-02-02,Closure Permanent,2026-08-30T21:43:41.512264Z
eddb1d4b803ab556,CA,Ruan Transport Corporation,Ruan Transport,,Tulare County,92,2024-01-12,2024-01-08,Closure Permanent,2026-08-30T21:43:41.512264Z
bd1f4cd3051181c8,CA,"Matheson Trucking, Inc.",Matheson Trucking,,Sacramento County,40,2024-01-12,2024-01-31,Closure Permanent,2026-08-30T21:43:41.512264Z
b35de685eabf6d68,CA,Ruan Transport Corporation,Ruan Transport,,Stanislaus County,47,2024-01-12,2024-01-08,Closure Permanent,2026-08-30T21:43:41.512264Z
a652742272cb1161,CA,"Matheson Flight Extenders, Inc.",Matheson Flight Extenders,,Sacramento County,57,2024-01-12,2024-01-31,Closure Permanent,2026-08-30T21:43:41.512264Z
4cc46a1c2da48c6d,CA,"C&E GP Specialists, Inc.",C&E GP Specialists,,San Diego County,16,2024-01-12,2024-01-05,Closure Permanent,2026-08-30T21:43:41.512264Z
eb4a8e1fe6a27469,CA,"Boardriders Wholesale, LLC",Boardriders Wholesale,,Riverside County,139,2024-01-11,2024-02-04,Layoff Permanent,2026-08-30T21:43:41.512264Z
d410317165648cbf,CA,"Personalis, Inc.",Personalis,,Alameda County,62,2024-01-11,2024-01-30,Layoff Permanent,2026-08-30T21:43:41.512264Z
95c5ab3d5bc6f4f7,CA,Knauf Insulation Inc.,Knauf Insulation,,Shasta County,97,2024-01-11,2024-01-29,Layoff Temporary,2026-08-30T21:43:41.512264Z
8d1055715511515f,CA,"Lonza Biologics, Inc.",Lonza Biologics,,Alameda County,218,2024-01-11,2024-02-02,Closure Permanent,2026-08-30T21:43:41.512264Z
6ac91cd4a0e0e5eb,CA,"Boardriders Wholesale, LLC",Boardriders Wholesale,,Orange County,9,2024-01-11,2023-12-05,Layoff Permanent,2026-08-30T21:43:41.512264Z
5b99af7502afaac0,CA,Chart Inc.,Chart,,Alameda County,8,2024-01-11,2024-02-28,Closure Permanent,2026-08-30T21:43:41.512264Z
57e845d586f3dd1a,CA,Crystal Geyser Water Company,Crystal Geyser Water,,Napa County,28,2024-01-11,2024-01-31,Layoff Permanent,2026-08-30T21:43:41.512264Z
43c9e2f933e5be84,CA,"Block, Inc.",Block,,San Francisco County,51,2024-01-10,2024-01-29,Layoff Permanent,2026-08-30T21:43:41.512264Z
0a9b3fda4b24358d,CA,Vans HQ,Vans HQ,,Orange County,42,2024-01-10,2024-01-30,Layoff Permanent,2026-08-30T21:43:41.512264Z
f8321bd19030105d,CA,"Herbalife International of America, Inc",Herbalife International of America,,Los Angeles County,34,2024-01-08,2024-01-19,Layoff Permanent,2026-08-30T21:43:41.512264Z
c5dd73fa09cc6146,CA,"Herbalife International of America, Inc",Herbalife International of America,,Los Angeles County,63,2024-01-08,2024-01-19,Layoff Permanent,2026-08-30T21:43:41.512264Z
ba408482f50d2ce0,CA,Sunrun Inc.,Sunrun,,San Diego County,37,2024-01-08,2024-01-13,Layoff Permanent,2026-08-30T21:43:41.512264Z
b98cb19b00fd276c,CA,"Herbalife International of America, Inc",Herbalife International of America,,Los Angeles County,12,2024-01-08,2024-01-19,Layoff Permanent,2026-08-30T21:43:41.512264Z
81b7149e6c38b7ff,CA,HMI,HMI,,Alameda County,16,2024-01-08,2024-01-29,Closure Permanent,2026-08-30T21:43:41.512264Z
6432c8aa185777c4,CA,Sunrun Inc.,Sunrun,,San Diego County,15,2024-01-08,2024-01-13,Layoff Permanent,2026-08-30T21:43:41.512264Z
6347e9e01b4ba825,CA,Quality Fabrication Inc.,Quality Fabrication,,Los Angeles County,55,2024-01-08,2024-01-16,Closure Permanent,2026-08-30T21:43:41.512264Z
4573d02ad23db8cb,CA,Sunrun Inc.,Sunrun,,San Diego County,10,2024-01-08,2024-01-13,Layoff Permanent,2026-08-30T21:43:41.512264Z
04d7ff63d076ce2a,CA,"Dairy Farmers of America, Inc.",Dairy Farmers of America,,Ventura County,68,2024-01-08,2024-01-26,Closure Permanent,2026-08-30T21:43:41.512264Z
fc038377e454b959,CA,Kinecta Federal Credit Union,Kinecta Federal Credit Union,,Los Angeles County,85,2024-01-03,2023-11-06,Layoff Permanent,2026-08-30T21:43:41.512264Z
f2d1da45e1e1058e,CA,GE United Technologies LLC,GE United Technologies,,Los Angeles County,188,2024-01-03,2023-11-21,Closure Permanent,2026-08-30T21:43:41.512264Z
d3969eca7e24d335,CA,Lendlease Americas Inc.,Lendlease Americas,,San Francisco County,1,2024-01-03,2024-01-08,Closure Permanent,2026-08-30T21:43:41.512264Z
cc4356c1f3116f51,CA,Lendlease Americas Inc.,Lendlease Americas,,Santa Clara County,27,2024-01-03,2024-01-08,Layoff Permanent,2026-08-30T21:43:41.512264Z
c2742b2d5d92bd62,CA,Bandier West Hollywood LLC,Bandier West Hollywood,,Los Angeles County,7,2024-01-03,2023-11-22,Layoff Permanent,2026-08-30T21:43:41.512264Z
b1bfa199311be5c4,CA,GE United Technologies II Inc.,GE United Technologies II,,San Mateo County,60,2024-01-03,2023-11-21,Closure Permanent,2026-08-30T21:43:41.512264Z
ab68e01b1edf6efa,CA,EchoPark Automotive Long Beach,EchoPark Automotive Long Beach,,Los Angeles County,32,2024-01-03,2023-08-21,Closure Permanent,2026-08-30T21:43:41.512264Z
98d4163548e7e10d,CA,Lendlease Americas Inc.,Lendlease Americas,,Santa Clara County,13,2024-01-03,2024-01-08,Layoff Permanent,2026-08-30T21:43:41.512264Z
6958262056935c26,CA,Lendlease Americas Inc.,Lendlease Americas,,Santa Clara County,16,2024-01-03,2024-01-08,Layoff Permanent,2026-08-30T21:43:41.512264Z
400bfaef7d3198b2,CA,Lance Camper Mfg. Corp,Lance Camper Mfg,,Los Angeles County,123,2024-01-03,2024-01-22,Layoff Permanent,2026-08-30T21:43:41.512264Z
06caf8a771966cac,CA,Broadcom Inc.,Broadcom,,Santa Clara County,1267,2024-01-03,2024-01-26,Layoff Permanent,2026-08-30T21:43:41.512264Z
025cf8249c9446ca,CA,"Boardriders Wholesale, LLC",Boardriders Wholesale,,Orange County,2,2024-01-03,2023-12-22,Layoff Permanent,2026-08-30T21:43:41.512264Z
