id,state,company,company_canonical,company_dba,location,employees_affected,notice_date,effective_date,notice_type,first_seen
621ee24cfe2e37cb,FL,Saddle Creek Corporation,Saddle Creek,,"PLANT CITY, FL, 33566",178,2026-08-17,2026-10-15,,2026-08-31T10:29:52.309603Z
c03c67f46373ec01,FL,"Nearly Natural, LLC",Nearly Natural,,"HIALEAH, FL, 33018",60,2026-08-13,2026-10-12,,2026-08-31T10:29:52.309603Z
574ce993bc928e54,FL,"Postal Center International, Inc.",Postal Center International,,"WESTON, FL, 33331",181,2026-08-12,2026-08-13,,2026-08-31T10:29:52.309603Z
4020ea65a176f916,FL,SMBC Manubank,SMBC Manubank,,"MULTIPLE LOCATIONS, FL, 10172",9,2026-08-11,2026-10-09,,2026-08-31T10:29:52.309603Z
8f675f5435056fa5,FL,West Marine's Florida Support Center,West Marine's Florida Support Center,,"FORT LAUDERDALE, FL, 33301",80,2026-08-06,2026-10-03,,2026-08-31T10:29:52.309603Z
a56603c7c9c5eb57,FL,"MV Transportation, Inc.",MV Transportation,,"NAPLES, FL, 34104",151,2026-07-30,2026-09-30,,2026-08-31T10:29:52.309603Z
66054a3eeca2a39d,FL,COLSA Corporation,Colsa,,"EGLIN AFB, FL, 32542",97,2026-07-27,2026-09-30,,2026-08-31T10:29:52.309603Z
b8fb28e34fe4bac8,FL,"Parallel Florida, LLC",Parallel Florida,,"WIMAUMA, FL, 33595",157,2026-07-21,2026-07-06,,2026-08-31T10:29:52.309603Z
0a5913bdd0e66a96,FL,"Parallel Florida, LLC",Parallel Florida,,"LAKELAND, FL, 33811",54,2026-07-21,2026-07-06,,2026-08-31T10:29:52.309603Z
b19774b7961043df,FL,"Freight Handlers, LLC (FHI)","Freight Handlers, LLC (FHI)",,"LAKELAND, FL, 33815",38,2026-07-20,2026-09-19,,2026-08-31T10:29:52.309603Z
a38adbf5caf95569,FL,"Freight Handlers, LLC (FHI)","Freight Handlers, LLC (FHI)",,"LAKELAND, FL, 33815",38,2026-07-20,2026-09-19,,2026-08-31T10:29:52.309603Z
9de7b028a3ebc882,FL,"Freight Handlers, LLC (FHI)","Freight Handlers, LLC (FHI)",,"LAKELAND, FL, 33815",38,2026-07-20,2026-09-19,,2026-08-31T10:29:52.309603Z
0efce04f77f6a4e8,FL,"Freight Handlers, LLC (FHI)","Freight Handlers, LLC (FHI)",,"SARASOTA, FL, 34232",17,2026-07-20,2026-09-19,,2026-08-31T10:29:52.309603Z
04a2df6a2d3e2b15,FL,"Freight Handlers, LLC (FHI)","Freight Handlers, LLC (FHI)",,"LAKELAND, FL, 33811",37,2026-07-20,2026-09-19,,2026-08-31T10:29:52.309603Z
85c4aabd128c7cc1,FL,Magic Leap,Magic Leap,,"PLANTATION, FL, 33322",193,2026-07-16,2026-10-01,,2026-08-31T10:29:52.309603Z
18d8af281ba1422b,FL,Amazon,Amazon,,"PORT SAINT LUCIE, FL, 34986",494,2026-07-16,2026-09-17,,2026-08-31T10:29:52.309603Z
02fd1cff12466494,FL,Temco Logistics,Temco Logistics,,"HIALEAH, FL, 33018",60,2026-07-16,2026-10-03,,2026-08-31T10:29:52.309603Z
b60709b52f10ee24,FL,Notions Marketing,Notions Marketing,,"CLEAR WATER, FL, 33760",3,2026-07-02,2026-06-28,,2026-08-31T10:29:52.309603Z
99a3671de5a422ba,FL,"MV Transportation, Inc.",MV Transportation,,"FORT WALTON BEACH, FL, 32547",53,2026-06-30,2026-08-31,,2026-08-31T10:29:52.309603Z
f6076690e84b939f,FL,Conduent,Conduent,,"LOXAHATCHEE, FL, 33470",1,2026-06-27,2026-07-31,,2026-08-31T10:29:52.309603Z
f562522730b75909,FL,Conduent,Conduent,,"PORT SAINT LUCIE, FL, 34987",1,2026-06-27,2026-07-31,,2026-08-31T10:29:52.309603Z
e7ca3f59db1501b5,FL,Conduent,Conduent,,"NEW PORT RICHEY, FL, 34654",1,2026-06-27,2026-07-31,,2026-08-31T10:29:52.309603Z
e339dcce94116505,FL,Conduent,Conduent,,"LYNN HAVEN, FL, 32444",1,2026-06-27,2026-07-31,,2026-08-31T10:29:52.309603Z
e217598a3acf0967,FL,Conduent,Conduent,,"JACKSONVILLE, FL, 32209",1,2026-06-27,2026-07-31,,2026-08-31T10:29:52.309603Z
df80318d49cbd38f,FL,Conduent,Conduent,,"FORT LAUDERDALE, FL, 33319",1,2026-06-27,2026-07-31,,2026-08-31T10:29:52.309603Z
df37ba418bb7c847,FL,Conduent,Conduent,,"LAKE CITY, FL, 32024",1,2026-06-27,2026-07-31,,2026-08-31T10:29:52.309603Z
dcabcb0125dbef45,FL,Conduent,Conduent,,"WESLEY CHAPEL, FL, 33544",1,2026-06-27,2026-07-31,,2026-08-31T10:29:52.309603Z
db6a69d9054da452,FL,Conduent,Conduent,,"HIALEAH, FL, 33016",1,2026-06-27,2026-07-31,,2026-08-31T10:29:52.309603Z
d9b89d8e3ef71b44,FL,Conduent,Conduent,,"RUSKIN, FL, 33570",1,2026-06-27,2026-07-31,,2026-08-31T10:29:52.309603Z
d1a22ee833c34834,FL,Conduent,Conduent,,"GAINESVILLE, FL, 32609",1,2026-06-27,2026-07-31,,2026-08-31T10:29:52.309603Z
c8c7a5534acb635c,FL,Conduent,Conduent,,"TALLAHASSEE, FL, 32309",1,2026-06-27,2026-07-31,,2026-08-31T10:29:52.309603Z
c25841b944c46da3,FL,Conduent,Conduent,,"CITRUS SPRINGS, FL, 32703",1,2026-06-27,2026-07-31,,2026-08-31T10:29:52.309603Z
b7a40e26dc828795,FL,Conduent,Conduent,,"MIDDLEBURG, FL, 32068",1,2026-06-27,2026-07-31,,2026-08-31T10:29:52.309603Z
b630dc8cbef2c04a,FL,Conduent,Conduent,,"APOPKA, FL, 32703",1,2026-06-27,2026-07-31,,2026-08-31T10:29:52.309603Z
9d896eb5266e4522,FL,Conduent,Conduent,,"CLERMONT, FL, 34714",1,2026-06-27,2026-07-31,,2026-08-31T10:29:52.309603Z
9356974c6ef47a5e,FL,Conduent,Conduent,,"LAND O LAKES, FL, 34638",1,2026-06-27,2026-07-31,,2026-08-31T10:29:52.309603Z
907480404548bce3,FL,Conduent,Conduent,,"KISSIMMEE, FL, 34747",1,2026-06-27,2026-07-31,,2026-08-31T10:29:52.309603Z
7ad1c71510ee05d9,FL,Conduent,Conduent,,"DAVENPORT, FL, 33897",1,2026-06-27,2026-07-31,,2026-08-31T10:29:52.309603Z
7ab6a9e3b89c5db4,FL,Conduent,Conduent,,"PEMBROKE PINES, FL, 33029",1,2026-06-27,2026-07-31,,2026-08-31T10:29:52.309603Z
76fe476bc0b7056f,FL,Conduent,Conduent,,"ORANGE PARK, FL, 32065",1,2026-06-27,2026-07-31,,2026-08-31T10:29:52.309603Z
76592cd02ad7003a,FL,Conduent,Conduent,,"SEBASTIAN, FL, 32958",1,2026-06-27,2026-07-31,,2026-08-31T10:29:52.309603Z
7616fafe2875635e,FL,Conduent,Conduent,,"WEST PALM BEACH, FL, 33401",1,2026-06-27,2026-07-31,,2026-08-31T10:29:52.309603Z
750acef1c3f6e992,FL,Conduent,Conduent,,"PALM COAST, FL, 32164",1,2026-06-27,2026-07-31,,2026-08-31T10:29:52.309603Z
6e26aff885bd1ede,FL,Conduent,Conduent,,"TARPON SPRINGS, FL, 34689",1,2026-06-27,2026-07-31,,2026-08-31T10:29:52.309603Z
68cdefb6be1ad364,FL,Conduent,Conduent,,"POINCIANA, FL, 34759",1,2026-06-27,2026-07-31,,2026-08-31T10:29:52.309603Z
652ac5bf3898531c,FL,Conduent,Conduent,,"TAMARAC, FL, 33321",1,2026-06-27,2026-07-31,,2026-08-31T10:29:52.309603Z
60cdebcb8cf2d90e,FL,Conduent,Conduent,,"WINTER PARK, FL, 32792",1,2026-06-27,2026-07-31,,2026-08-31T10:29:52.309603Z
5e0307add024bd8c,FL,Conduent,Conduent,,"TAMPA, FL, 33315",1,2026-06-27,2026-07-31,,2026-08-31T10:29:52.309603Z
52d4be72b0f9bfad,FL,Conduent,Conduent,,"MIAMI, FL, 33193",1,2026-06-27,2026-07-31,,2026-08-31T10:29:52.309603Z
4eb905f99e7b2353,FL,Conduent,Conduent,,"PALM BAY, FL, 32905",1,2026-06-27,2026-07-31,,2026-08-31T10:29:52.309603Z
4c24bddc06f02a7a,FL,Conduent,Conduent,,"PANAMA CITY, FL, 32405",1,2026-06-27,2026-07-31,,2026-08-31T10:29:52.309603Z
461a02144207b13e,FL,Conduent,Conduent,,"CLEAR WATER, FL, 33760",1,2026-06-27,2026-07-31,,2026-08-31T10:29:52.309603Z
4126692ed9908f05,FL,Conduent,Conduent,,"DAVIE, FL, 33325",1,2026-06-27,2026-07-31,,2026-08-31T10:29:52.309603Z
29d392c4498fa6d9,FL,Conduent,Conduent,,"ORLANDO, FL, 32812",1,2026-06-27,2026-07-31,,2026-08-31T10:29:52.309603Z
1788033dda2394f7,FL,Conduent,Conduent,,"WELLBORN, FL, 32094",1,2026-06-27,2026-07-31,,2026-08-31T10:29:52.309603Z
0eb4c9eeea71aa96,FL,Conduent,Conduent,,"HERNANDO, FL, 34442",1,2026-06-27,2026-07-31,,2026-08-31T10:29:52.309603Z
06ad5f57dc0a934c,FL,Conduent,Conduent,,"DELTONA, FL, 32738",1,2026-06-27,2026-07-31,,2026-08-31T10:29:52.309603Z
0048e67f86ff0412,FL,Conduent,Conduent,,"MALABAR, FL, 32950",1,2026-06-27,2026-07-31,,2026-08-31T10:29:52.309603Z
9c4de2de71ff8aee,FL,"Enkei America, Inc.",Enkei America,,"JACKSONVILLE, FL, 32218",62,2026-06-24,2026-08-30,,2026-08-31T10:29:52.309603Z
d4333f3b2a486d7b,FL,Hard Rock Cafe Miami,Hard Rock Cafe Miami,,"MIAMI, FL, 33132",117,2026-06-20,2026-08-19,,2026-08-31T10:29:52.309603Z
f6f7edab7026217d,FL,Southeast Home Care,Southeast Home Care,,"JACKSONVILLE, FL, 32216",10,2026-06-18,2026-08-31,,2026-08-31T10:29:52.309603Z
ee2319b96fb607f8,FL,Southeast Home Care,Southeast Home Care,,"ORLANDO, FL, 33716",21,2026-06-18,2026-08-31,,2026-08-31T10:29:52.309603Z
de41869b7ecfd820,FL,Southeast Home Care,Southeast Home Care,,"DORAL, FL, 33122",73,2026-06-18,2026-08-31,,2026-08-31T10:29:52.309603Z
3f9181cec6640cae,FL,W South Beach & Residences,W South Beach & Residences,,"MIAMI BEACH, FL, 33139",337,2026-06-18,2026-08-19,,2026-08-31T10:29:52.309603Z
317758a186b67d5c,FL,Southeast Home Care,Southeast Home Care,,"FORT LAUDERDALE, FL, 33309",39,2026-06-18,2026-08-31,,2026-08-31T10:29:52.309603Z
244a48b2a0c60f7a,FL,Southeast Home Care,Southeast Home Care,,"TAMPA, FL, 33619",23,2026-06-18,2026-08-31,,2026-08-31T10:29:52.309603Z
1230389a5a14d3bb,FL,Southeast Home Care,Southeast Home Care,,"SAINT PETERSBURG, FL, 33716",12,2026-06-18,2026-08-31,,2026-08-31T10:29:52.309603Z
7ff3cf0572946603,FL,Pitney Bowes Inc.,Pitney Bowes,,"JACKSONVILLE, FL, 32219",68,2026-06-10,2026-08-14,,2026-08-31T10:29:52.309603Z
fdd2587c577556ca,FL,Sanitas Medical Centers,Sanitas Medical Centers,,"CORAL SPRINGS, FL, 33065",3,2026-06-08,2026-06-09,,2026-08-31T10:29:52.309603Z
ec0c5a71d9b8000a,FL,Sanitas Medical Centers,Sanitas Medical Centers,,"FORT MYERS, FL, 33907",3,2026-06-08,2026-06-09,,2026-08-31T10:29:52.309603Z
ec05e800206fbcdf,FL,Sanitas Medical Centers,Sanitas Medical Centers,,"TAMPA, FL, 33614",3,2026-06-08,2026-06-09,,2026-08-31T10:29:52.309603Z
dfd73332db278c8b,FL,Sanitas Medical Centers,Sanitas Medical Centers,,"CORAL GABLES, FL, 33146",20,2026-06-08,2026-06-09,,2026-08-31T10:29:52.309603Z
dbc31bd1c5ecbdae,FL,Sanitas Medical Centers,Sanitas Medical Centers,,"TALLAHASSEE, FL, 32301",7,2026-06-08,2026-06-09,,2026-08-31T10:29:52.309603Z
c373f5a6b1a37b00,FL,Sanitas Medical Centers,Sanitas Medical Centers,,"HOLLYWOOD, FL, 33024",3,2026-06-08,2026-06-09,,2026-08-31T10:29:52.309603Z
bf2a22de3292e4aa,FL,Sanitas Medical Centers,Sanitas Medical Centers,,"LAUDERDALE LAKES, FL, 33313",2,2026-06-08,2026-06-09,,2026-08-31T10:29:52.309603Z
9bf3c2973f8b94d2,FL,Sanitas Medical Centers,Sanitas Medical Centers,,"LAUDERHILL, FL, 33319",2,2026-06-08,2026-06-09,,2026-08-31T10:29:52.309603Z
7ebe62728cd4e4c7,FL,Sanitas Medical Centers,Sanitas Medical Centers,,"SAINT CLOUD, FL, 34771",12,2026-06-08,2026-06-09,,2026-08-31T10:29:52.309603Z
4ad1cb8d5e319de7,FL,Sanitas Medical Centers,Sanitas Medical Centers,,"JACKSONVILLE, FL, 32202",1,2026-06-08,2026-06-09,,2026-08-31T10:29:52.309603Z
495a9cfe49f09fb4,FL,Sanitas Medical Centers,Sanitas Medical Centers,,"TALLAHASSEE, FL, 32303",2,2026-06-08,2026-06-09,,2026-08-31T10:29:52.309603Z
459e689bdba7f43e,FL,Sanitas Medical Centers,Sanitas Medical Centers,,"DORAL, FL, 33122",115,2026-06-08,2026-06-09,,2026-08-31T10:29:52.309603Z
3ceceb24627af73e,FL,Sanitas Medical Centers,Sanitas Medical Centers,,"COCONUT CREEK, FL, 33063",5,2026-06-08,2026-06-09,,2026-08-31T10:29:52.309603Z
2e2456378a18a33d,FL,Sanitas Medical Centers,Sanitas Medical Centers,,"TEMPLE TERRACE, FL, 33617",6,2026-06-08,2026-06-09,,2026-08-31T10:29:52.309603Z
1956a5f94bea8581,FL,Sanitas Medical Centers,Sanitas Medical Centers,,"CLERMONT, FL, 34771",25,2026-06-08,2026-06-09,,2026-08-31T10:29:52.309603Z
08943bc8718f38fa,FL,Sanitas Medical Centers,Sanitas Medical Centers,,"PLANTATION, FL, 33324",2,2026-06-08,2026-06-09,,2026-08-31T10:29:52.309603Z
7777c1933a7d26aa,FL,Maersk,Maersk,,"MIAMI, FL, 33147",56,2026-05-29,2026-07-31,,2026-08-31T10:29:52.309603Z
5bcc1632391d8e5c,FL,"Rifle, LLC",Rifle,,"MAITLAND, FL, 32751",74,2026-05-29,2026-07-31,,2026-08-31T10:29:52.309603Z
23a80af413c595c2,FL,Mittera,Mittera,,"JACKSONVILLE, FL, 32218",100,2026-05-18,2026-07-17,,2026-08-31T10:29:52.309603Z
e3cd389114465549,FL,ACL Roofing,ACL Roofing,,"ENGLEWOOD, FL, 34223",65,2026-05-16,2026-07-14,,2026-08-31T10:29:52.309603Z
e028f997141abb04,FL,Stryker Employment Services,Stryker Employment Services,,"LAKELAND, FL, 33815",2,2026-05-07,2026-07-10,,2026-08-31T10:29:52.309603Z
b71f0893572ac6d9,FL,Maximus Global Services,Maximus Global Services,,"FORT LAUDERDALE, FL, 33315",123,2026-05-06,2026-05-03,,2026-08-31T10:29:52.309603Z
806ab253bd430892,FL,"Areas USA MCO, LLC (GastroHub-Orlando International Airport)","Areas USA MCO, LLC (GastroHub-Orlando International Airport)",,"ORLANDO, FL, 32827",101,2026-05-06,2026-06-30,,2026-08-31T10:29:52.309603Z
f726ce976064c473,FL,Spirit Airlines,Spirit Airlines,,"FORT LAUDERDALE, FL, 33315",2529,2026-05-04,2026-05-02,,2026-08-31T10:29:52.309603Z
ced0ae526aca4c7e,FL,Spirit Airlines,Spirit Airlines,,"ORLANDO, FL, 32827",796,2026-05-04,2026-05-02,,2026-08-31T10:29:52.309603Z
1e5df01089919e75,FL,Spirit Airlines,Spirit Airlines,,"MIAMI, FL, 33142",181,2026-05-04,2026-05-02,,2026-08-31T10:29:52.309603Z
1141de712130c887,FL,Spirit Airlines,Spirit Airlines,,"ORLANDO, FL, 32827",796,2026-05-04,2026-05-02,,2026-08-31T10:29:52.309603Z
0a2e76b4dc5b0c5b,FL,Spirit Airlines,Spirit Airlines,,"DANIA BEACH, FL, 33004",551,2026-05-04,2026-05-02,,2026-08-31T10:29:52.309603Z
63bd8e3dd4cbef12,FL,Atento,Atento,,"MIRAMAR, FL, 33027",91,2026-04-28,2026-06-26,,2026-08-31T10:29:52.309603Z
a67442a990e9717d,FL,Peterson Brands,Peterson Brands,,"FORT MYERS, FL, 33913",135,2026-04-27,2026-06-27,,2026-08-31T10:29:52.309603Z
7152aeda0f5365ca,FL,Management & Training Corporation,Management & Training,,"PANAMA CITY, FL, 32404",161,2026-04-27,2026-08-31,,2026-08-31T10:29:52.309603Z
316cb61c1ae3c7b7,FL,Msgr. Bryan Walsh Children’s Village,Msgr. Bryan Walsh Children's Village,,"MIAMI, FL, 33157",84,2026-04-27,2026-05-31,,2026-08-31T10:29:52.309603Z
2272736a16b00f66,FL,Management & Training Corporation,Management & Training,,"GRACEVILLE, FL, 32440",259,2026-04-27,2026-08-31,,2026-08-31T10:29:52.309603Z
d81dc3182d5f6829,FL,Republic National Distributing Company,Republic National Distributing,,"TAMPA, FL, 33634",393,2026-04-22,2026-06-21,,2026-08-31T10:29:52.309603Z
a30ad9c4fbd43418,FL,Republic National Distributing Company,Republic National Distributing,,"PENSACOLA, FL, 32305",121,2026-04-22,2026-06-21,,2026-08-31T10:29:52.309603Z
91d5a239039f708f,FL,Republic National Distributing Company,Republic National Distributing,,"DEERFIELD BEACH, FL, 33442",363,2026-04-22,2026-06-21,,2026-08-31T10:29:52.309603Z
2dc17d5e31712c52,FL,Republic National Distributing Company,Republic National Distributing,,"JACKSONVILLE, FL, 32218",169,2026-04-22,2026-06-21,,2026-08-31T10:29:52.309603Z
f806c0e5fb30265f,FL,Amazon,Amazon,,"HOMESTEAD, FL, 33032",616,2026-04-17,2026-07-02,,2026-08-31T10:29:52.309603Z
f647f7028ed64b13,FL,"Iron Galaxy Studios, LLC",Iron Galaxy Studios,,"ORLANDO, FL, 32801",50,2026-04-17,2026-04-17,,2026-08-31T10:29:52.309603Z
7b393c3d3ff3ff8e,FL,Ari Ben Aviator Inc,Ari Ben Aviator,,"FORT PIERCE, FL, 34946",50,2026-04-13,2026-04-15,,2026-08-31T10:29:52.309603Z
cd42e62371898fa2,FL,Bahama Breeze,Bahama Breeze,,"BRANDON, FL, 33511",86,2026-04-07,2026-04-20,,2026-08-31T10:29:52.309603Z
ad19e8cb3c8e2e8e,FL,U.S. Committee for Refugees and Immigrants,U.S. Committee for Refugees and Immigrants,,"LAKE WORTH, FL, 33463",53,2026-04-01,2026-03-31,,2026-08-31T10:29:52.309603Z
036562b169d095a7,FL,"Highgate Hotels, L.P",Highgate Hotels,,"MIAMI BEACH, FL, 33139",114,2026-04-01,2026-05-31,,2026-08-31T10:29:52.309603Z
1c793f45299e0a52,FL,"HCL America, Inc",HCL America,,"ORLANDO, FL, 32819",120,2026-03-27,2026-05-26,,2026-08-31T10:29:52.309603Z
a6b07a13c493b9a3,FL,City Cellar,City Cellar,,"WEST PALM BEACH, FL, 33401",96,2026-03-25,2026-05-24,,2026-08-31T10:29:52.309603Z
340d604dfa7dc526,FL,"Milestone Reporting Company, LLC",Milestone Reporting,,"ORLANDO, FL, 32801",80,2026-03-16,2026-05-15,,2026-08-31T10:29:52.309603Z
a09d1c10dc86b96b,FL,Nan McKay & Associates,Nan McKay & Associates,,"MIAMI GARDENS, FL, 33169",4,2026-03-11,2026-05-11,,2026-08-31T10:29:52.309603Z
01ced26c80e75c27,FL,Nan McKay & Associates,Nan McKay & Associates,,"MIAMI, FL, 33131",97,2026-03-11,2026-05-11,,2026-08-31T10:29:52.309603Z
e4bb01afcefd7611,FL,C2 Technologies,C2 Technologies,,"DELAND, FL, 32720",1,2026-03-05,2026-03-06,,2026-08-31T10:29:52.309603Z
d36e406af4c36773,FL,C2 Technologies,C2 Technologies,,"DELTONA, FL, 32725",1,2026-03-05,2026-03-06,,2026-08-31T10:29:52.309603Z
d2cf4401db0ba7a0,FL,C2 Technologies,C2 Technologies,,"PALM BAY, FL, 32905",1,2026-03-05,2026-03-06,,2026-08-31T10:29:52.309603Z
c74a0b8fed5a1140,FL,C2 Technologies,C2 Technologies,,"SHALIMAR, FL, 32579",1,2026-03-05,2026-03-06,,2026-08-31T10:29:52.309603Z
a1e64c0081aee41f,FL,C2 Technologies,C2 Technologies,,"OCALA, FL, 34470",1,2026-03-05,2026-03-06,,2026-08-31T10:29:52.309603Z
a11a3f661eb59268,FL,C2 Technologies,C2 Technologies,,"PORT SAINT LUCIE, FL, 34945",1,2026-03-05,2026-03-06,,2026-08-31T10:29:52.309603Z
91a3986dfe184ba3,FL,C2 Technologies,C2 Technologies,,"JACKSONVILLE, FL, 32202",1,2026-03-05,2026-03-06,,2026-08-31T10:29:52.309603Z
823ebc24c13b9131,FL,C2 Technologies,C2 Technologies,,"ALTAMONTE SPRINGS, FL, 32716",1,2026-03-05,2026-03-06,,2026-08-31T10:29:52.309603Z
739d3e0a1b3b2cd1,FL,C2 Technologies,C2 Technologies,,"TAMPA, FL, 33602",1,2026-03-05,2026-03-06,,2026-08-31T10:29:52.309603Z
663c3e9cc424d797,FL,C2 Technologies,C2 Technologies,,"TALLAHASSEE, FL, 32305",2,2026-03-05,2026-03-06,,2026-08-31T10:29:52.309603Z
59359a142e4b837c,FL,C2 Technologies,C2 Technologies,,"ORLANDO, FL, 32801",3,2026-03-05,2026-03-06,,2026-08-31T10:29:52.309603Z
4eefae38ea104030,FL,C2 Technologies,C2 Technologies,,"WINTER SPRINGS, FL, 32708",1,2026-03-05,2026-03-06,,2026-08-31T10:29:52.309603Z
4d4a33a3c13ac561,FL,C2 Technologies,C2 Technologies,,"APOPKA, FL, 32703",1,2026-03-05,2026-03-06,,2026-08-31T10:29:52.309603Z
44ff274396f61ebb,FL,C2 Technologies,C2 Technologies,,"BRANDON, FL, 33511",1,2026-03-05,2026-03-06,,2026-08-31T10:29:52.309603Z
447498b7148cc162,FL,C2 Technologies,C2 Technologies,,"KISSIMMEE, FL, 34741",1,2026-03-05,2026-03-06,,2026-08-31T10:29:52.309603Z
379ecc0c05dc7377,FL,C2 Technologies,C2 Technologies,,"PLANT CITY, FL, 33563",1,2026-03-05,2026-03-06,,2026-08-31T10:29:52.309603Z
35d8c401feae5e83,FL,C2 Technologies,C2 Technologies,,"GREEN COVE SPRINGS, FL, 32043",1,2026-03-05,2026-03-06,,2026-08-31T10:29:52.309603Z
0845d0fd18a92e13,FL,C2 Technologies,C2 Technologies,,"LAKELAND, FL, 33801",1,2026-03-05,2026-03-06,,2026-08-31T10:29:52.309603Z
26f7f51f2f4cb635,FL,"Trulieve, Inc.",Trulieve,,"CLEAR WATER, FL, 33760",58,2026-03-02,2026-05-01,,2026-08-31T10:29:52.309603Z
bf56e5da70fa8fdc,FL,L3Harris,L3Harris,,"ORLANDO, FL, 34744",63,2026-02-27,2026-04-30,,2026-08-31T10:29:52.309603Z
3e7c10dd9d93c90f,FL,Professional Course Management II LTD,Professional Course Management II,,"MIAMI SHORES, FL, 33138",68,2026-02-27,2026-05-01,,2026-08-31T10:29:52.309603Z
f2822de2b6bd7df8,FL,"IPIC Theaters, LLC",IPIC Theaters,,"BOCA RATON, FL, 33432",98,2026-02-26,2026-04-28,,2026-08-31T10:29:52.309603Z
e6a059b1ba45f169,FL,"IPIC Theaters, LLC",IPIC Theaters,,"DELRAY BEACH, FL, 33483",51,2026-02-26,2026-04-28,,2026-08-31T10:29:52.309603Z
e26ec5ce5d5db8bd,FL,"IPIC Theaters, LLC",IPIC Theaters,,"NORTH MIAMI BEACH, FL, 33160",58,2026-02-26,2026-04-28,,2026-08-31T10:29:52.309603Z
a432489cfb31f8de,FL,"Parsec, LLC",Parsec,,"JACKSONVILLE, FL, 32219",147,2026-02-23,2026-05-01,,2026-08-31T10:29:52.309603Z
f5e801d8971d9aec,FL,UF Health Central Florida,UF Health Central Florida,,"LEESBURG, FL, 34748",58,2026-02-18,2026-05-01,,2026-08-31T10:29:52.309603Z
ec8461a6fc8ea622,FL,UF Health Shands,UF Health Shands,,"GAINESVILLE, FL, 32608",139,2026-02-18,2026-05-01,,2026-08-31T10:29:52.309603Z
a00172ad31cc3bd2,FL,UF Health Central Florida,UF Health Central Florida,,"THE VILLAGES, FL, 32159",102,2026-02-18,2026-05-01,,2026-08-31T10:29:52.309603Z
8d76e28523dc900c,FL,Clarifying LLC,Clarifying,,"CLEAR WATER, FL, 33764",103,2026-02-18,2026-04-19,,2026-08-31T10:29:52.309603Z
a4e32b1fb5746db1,FL,HCL,HCL,,"LAKELAND, FL, 33801",98,2026-02-17,2026-04-20,,2026-08-31T10:29:52.309603Z
d34d5221e5b154f7,FL,"Main Street Sports Group, LLC",Main Street Sports Group,,"TAMPA, FL, 33614",4,2026-02-13,2026-04-10,,2026-08-31T10:29:52.309603Z
c53ae423cba85477,FL,"Main Street Sports Group, LLC",Main Street Sports Group,,"FORT LAUDERDALE, FL, 33394",20,2026-02-13,2026-04-10,,2026-08-31T10:29:52.309603Z
2f4917b74e522876,FL,ILLUMUS,Illumus,,"TITUSVILLE, FL, 33811",84,2026-02-13,2026-04-15,,2026-08-31T10:29:52.309603Z
01d12bb0365fde37,FL,TTEC,TTEC,,"SAINT PETERSBURG, FL, 33711",57,2026-02-13,2026-04-14,,2026-08-31T10:29:52.309603Z
fc67aa6e42ae3bd7,FL,DHL Supply Chain,DHL Supply Chain,,"LAKELAND, FL, 33811",203,2026-02-10,2026-04-01,,2026-08-31T10:29:52.309603Z
92a187a2fcbf2411,FL,"Ritz-Carlton, Bal Harbour","Ritz-Carlton, Bal Harbour",,"BAL HARBOUR, FL, 33154",108,2026-02-06,2026-04-06,,2026-08-31T10:29:52.309603Z
76583005615dbb22,FL,Liberty Dental Plan Corporation,Liberty Dental Plan,,"TAMPA, FL, 33607",102,2026-02-05,2026-04-06,,2026-08-31T10:29:52.309603Z
1fdfbbbc5dbe0f53,FL,HGS USA,HGS,,"ORLANDO, FL, 32789",1,2026-02-04,2026-03-31,,2026-08-31T10:29:52.309603Z
f33d303452f9a39b,FL,"Innodata Services, LLC",Innodata Services,,"MIDDLEBURG, FL, 32050",1,2026-02-03,2026-02-06,,2026-08-31T10:29:52.309603Z
e91500c771613f03,FL,"Innodata Services, LLC",Innodata Services,,"SUNRISE, FL, 33313",1,2026-02-03,2026-02-06,,2026-08-31T10:29:52.309603Z
e793a6ef56ca41b5,FL,Bahama Breeze,Bahama Breeze,,"MIAMI, FL, 33186",77,2026-02-03,2026-04-05,,2026-08-31T10:29:52.309603Z
e75ed60acec5f706,FL,"Innodata Services, LLC",Innodata Services,,"SAINT JOHNS, FL, 32259",1,2026-02-03,2026-02-06,,2026-08-31T10:29:52.309603Z
e164459742608564,FL,"Innodata Services, LLC",Innodata Services,,"VENICE, FL, 34284",1,2026-02-03,2026-02-06,,2026-08-31T10:29:52.309603Z
d851a3f908639c74,FL,"Innodata Services, LLC",Innodata Services,,"HIALEAH, FL, 33002",1,2026-02-03,2026-02-06,,2026-08-31T10:29:52.309603Z
d84318941fd3fa19,FL,"Innodata Services, LLC",Innodata Services,,"OVIEDO, FL, 32762",1,2026-02-03,2026-02-06,,2026-08-31T10:29:52.309603Z
d050e3636cd81229,FL,"Innodata Services, LLC",Innodata Services,,"MIAMI, FL, 33101",4,2026-02-03,2026-02-06,,2026-08-31T10:29:52.309603Z
cbb31ce0db0fa815,FL,Bahama Breeze,Bahama Breeze,,"PEMBROKE PINES, FL, 33028",75,2026-02-03,2026-04-05,,2026-08-31T10:29:52.309603Z
b03280e8aa5c777f,FL,"Innodata Services, LLC",Innodata Services,,"ORLANDO, FL, 32804",3,2026-02-03,2026-02-06,,2026-08-31T10:29:52.309603Z
94168077b74020b0,FL,"Innodata Services, LLC",Innodata Services,,"KISSIMMEE, FL, 34742",3,2026-02-03,2026-02-06,,2026-08-31T10:29:52.309603Z
90a46133c01af4b0,FL,Bahama Breeze,Bahama Breeze,,"SANFORD, FL, 32771",75,2026-02-03,2026-04-05,,2026-08-31T10:29:52.309603Z
882a837012fddc5d,FL,"Innodata Services, LLC",Innodata Services,,"GREENACRES, FL, 33413",1,2026-02-03,2026-02-06,,2026-08-31T10:29:52.309603Z
770f24da806b42fe,FL,"Innodata Services, LLC",Innodata Services,,"DORAL, FL, 33178",1,2026-02-03,2026-02-06,,2026-08-31T10:29:52.309603Z
76e43226755a8c8b,FL,"Innodata Services, LLC",Innodata Services,,"PENSACOLA, FL, 32501",1,2026-02-03,2026-02-06,,2026-08-31T10:29:52.309603Z
762e556048bf4b6c,FL,"Innodata Services, LLC",Innodata Services,,"CLEAR WATER, FL, 33765",1,2026-02-03,2026-02-06,,2026-08-31T10:29:52.309603Z
7075470429029a51,FL,Bahama Breeze,Bahama Breeze,,"JACKSONVILLE, FL, 32246",75,2026-02-03,2026-04-05,,2026-08-31T10:29:52.309603Z
67a59804756d96e3,FL,"Innodata Services, LLC",Innodata Services,,"SAINT CLOUD, FL, 34744",2,2026-02-03,2026-02-06,,2026-08-31T10:29:52.309603Z
4c14db28b268ad94,FL,"Innodata Services, LLC",Innodata Services,,"SAINT PETERSBURG, FL, 33701",1,2026-02-03,2026-02-06,,2026-08-31T10:29:52.309603Z
4a99caa80bd322b7,FL,"Innodata Services, LLC",Innodata Services,,"TAMPA, FL, 33601",2,2026-02-03,2026-02-06,,2026-08-31T10:29:52.309603Z
475da2185c72f0f0,FL,"Innodata Services, LLC",Innodata Services,,"POMPANO BEACH, FL, 33069",1,2026-02-03,2026-02-06,,2026-08-31T10:29:52.309603Z
438b67d59c9f6630,FL,"Innodata Services, LLC",Innodata Services,,"LUTZ, FL, 33647",1,2026-02-03,2026-02-06,,2026-08-31T10:29:52.309603Z
408bb3365139cd1b,FL,"Innodata Services, LLC",Innodata Services,,"SUNNY ISLES BEACH, FL, 33160",1,2026-02-03,2026-02-06,,2026-08-31T10:29:52.309603Z
0ef1feffbd96dc1a,FL,Bahama Breeze,Bahama Breeze,,"KISSIMMEE, FL, 34741",75,2026-02-03,2026-04-05,,2026-08-31T10:29:52.309603Z
07eb944c20c28d9e,FL,"Innodata Services, LLC",Innodata Services,,"PINELLAS PARK, FL, 33702",1,2026-02-03,2026-02-06,,2026-08-31T10:29:52.309603Z
03beb20ba76fcba2,FL,"Innodata Services, LLC",Innodata Services,,"WINTER HAVEN, FL, 33881",1,2026-02-03,2026-02-06,,2026-08-31T10:29:52.309603Z
eac5e132bff8a244,FL,Naples Grande Beach Resort,Naples Grande Beach Resort,,"NAPLES, FL, 34103",235,2026-01-27,2026-04-03,,2026-08-31T10:29:52.309603Z
d0d2bc1fc952cf4e,FL,"ECS Federal, LLC",ECS Federal,,"ORLANDO, FL, 32826",117,2026-01-23,2026-02-14,,2026-08-31T10:29:52.309603Z
2d202ff65782ecbe,FL,"Paradies Lagardere FL EE Dining, LLC",Paradies Lagardere FL EE Dining,,"ORLANDO, FL, 32827",87,2026-01-23,2026-01-23,,2026-08-31T10:29:52.309603Z
0bdacb62315121ca,FL,Aimbridge,Aimbridge,,"MIAMI, FL, 33132",66,2026-01-23,2026-03-24,,2026-08-31T10:29:52.309603Z
0b4b6e61c3c60a19,FL,Saks & Company LLC,Saks &,,"MIRAMAR, FL, 33025",74,2026-01-23,2026-03-27,,2026-08-31T10:29:52.309603Z
e7a8b5963e5aa878,FL,"TelaForce, LLC",TelaForce,,"FORT WALTON BEACH, FL, 32548",59,2026-01-19,2026-03-20,,2026-08-31T10:29:52.309603Z
69d1f8a35c405c47,FL,"Host International, Inc.",Host International,,"ORLANDO, FL, 32827",92,2026-01-16,2026-01-30,,2026-08-31T10:29:52.309603Z
dc8d53414c7494ae,FL,SMBC MANUBANK,Smbc Manubank,,"BONITA SPRINGS, FL, 33931",1,2026-01-08,2026-03-10,,2026-08-31T10:29:52.309603Z
d65cc335f4f9c1b7,FL,SMBC MANUBANK,Smbc Manubank,,"LAND O LAKES, FL, 33599",1,2026-01-08,2026-03-10,,2026-08-31T10:29:52.309603Z
b12cf3c5114a1050,FL,SMBC MANUBANK,Smbc Manubank,,"ORLANDO, FL, 32789",1,2026-01-08,2026-03-10,,2026-08-31T10:29:52.309603Z
9f6c49c18e5e72ba,FL,SMBC MANUBANK,Smbc Manubank,,"MARCO ISLAND, FL, 34145",1,2026-01-08,2026-03-10,,2026-08-31T10:29:52.309603Z
9283137b095cac06,FL,SMBC MANUBANK,Smbc Manubank,,"INDIALANTIC, FL, 32903",1,2026-01-08,2026-03-10,,2026-08-31T10:29:52.309603Z
9100407d96de490e,FL,SMBC MANUBANK,Smbc Manubank,,"VALRICO, FL, 33527",1,2026-01-08,2026-03-10,,2026-08-31T10:29:52.309603Z
57cbe68d1ae1a647,FL,SMBC MANUBANK,Smbc Manubank,,"JACKSONVILLE, FL, 32099",4,2026-01-08,2026-03-10,,2026-08-31T10:29:52.309603Z
1f9e9e50c0158805,FL,SMBC MANUBANK,Smbc Manubank,,"MIAMI, FL, 33101",1,2026-01-08,2026-03-10,,2026-08-31T10:29:52.309603Z
178ee2742dc51800,FL,SMBC MANUBANK,Smbc Manubank,,"FORT MYERS, FL, 33901",1,2026-01-08,2026-03-10,,2026-08-31T10:29:52.309603Z
0e2214574790a0a9,FL,SMBC MANUBANK,Smbc Manubank,,"PONTE VEDRA BEACH, FL, 32082",1,2026-01-08,2026-03-10,,2026-08-31T10:29:52.309603Z
0e041f0ab1ec4233,FL,SMBC MANUBANK,Smbc Manubank,,"BRADENTON, FL, 34207",1,2026-01-08,2026-03-10,,2026-08-31T10:29:52.309603Z
e77b55e15673f81a,FL,Chemours,Chemours,,"STARKE, FL, 32091",12,2026-01-05,2026-03-06,,2026-08-31T10:29:52.309603Z
a95616005cc733a4,FL,Chemours,Chemours,,"MACCLENNY, FL, 32063",19,2026-01-05,2026-03-06,,2026-08-31T10:29:52.309603Z
200f6d962056faeb,FL,Chemours,Chemours,,"STARKE, FL, 32063",44,2026-01-05,2026-03-06,,2026-08-31T10:29:52.309603Z
b6e1b9f44cba2449,FL,Railcrew Xpress,Railcrew Xpress,,"MULBERRY, FL, 33860",24,2025-12-22,2026-02-27,,2026-08-31T10:29:52.309603Z
b668ee006c3905ca,FL,Railcrew Xpress,Railcrew Xpress,,"ORLANDO, FL, 32824",7,2025-12-22,2026-02-27,,2026-08-31T10:29:52.309603Z
7802fd165662b868,FL,Ideal Image,Ideal Image,,"TAMPA, FL, 33609",255,2025-12-22,2026-02-20,,2026-08-31T10:29:52.309603Z
5f0aa26aa4b0ad10,FL,Railcrew Xpress,Railcrew Xpress,,"TAMPA, FL, 33619",10,2025-12-22,2026-02-27,,2026-08-31T10:29:52.309603Z
53bffcd3db2b3fb9,FL,Railcrew Xpress,Railcrew Xpress,,"JACKSONVILLE, FL, 32254",34,2025-12-22,2026-02-27,,2026-08-31T10:29:52.309603Z
00b2a9ff1d312814,FL,Railcrew Xpress,Railcrew Xpress,,"MIAMI, FL, 33147",4,2025-12-22,2026-02-27,,2026-08-31T10:29:52.309603Z
ad3a5341f10ac717,FL,Avanti Installation,Avanti Installation,,"FORT MYERS, FL, 33912",19,2025-12-15,2026-02-15,,2026-08-31T10:29:52.309603Z
8cc3753f7b644a41,FL,Avanti Installation,Avanti Installation,,"WEST PALM BEACH, FL, 33413",19,2025-12-15,2026-02-15,,2026-08-31T10:29:52.309603Z
2d3dc21965b475b7,FL,Avanti Installation,Avanti Installation,,"MEDLEY, FL, 33166",14,2025-12-15,2026-02-15,,2026-08-31T10:29:52.309603Z
7c0cf29daa7aa193,FL,Tampa Bay Girls Academy,Tampa Bay Girls Academy,,"TAMPA, FL, 33619",144,2025-12-09,2025-12-11,,2026-08-31T10:29:52.309603Z
d59c8b285f4b0bfb,FL,Roads Express LLC,Roads Express,,"TAMPA, FL, 33634",84,2025-12-01,2026-01-30,,2026-08-31T10:29:52.309603Z
cf9c1e31521ad613,FL,"Sodexo, Inc and Affiliates","Sodexo, Inc and Affiliates",,"MIAMI, FL, 33137",163,2025-11-22,2026-02-28,,2026-08-31T10:29:52.309603Z
849fda920e3329c2,FL,Invincible Boat Company,Invincible Boat,,"OPA LOCKA, FL, 33054",80,2025-11-20,2026-01-20,,2026-08-31T10:29:52.309603Z
bcd9c8b5890435da,FL,Nordstrom,Nordstrom,,"SAINT PETERSBURG, FL, 33704",1,2025-11-19,2026-03-01,,2026-08-31T10:29:52.309603Z
46a2f456e43e73c1,FL,Nordstrom,Nordstrom,,"CLEARWATER, FL, 33760",1,2025-11-19,2026-03-01,,2026-08-31T10:29:52.309603Z
3229c378d65592ce,FL,Nordstrom,Nordstrom,,"PUNTA GORDA, FL, 33955",1,2025-11-19,2026-03-01,,2026-08-31T10:29:52.309603Z
0d9c6a25b9637f88,FL,Nordstrom,Nordstrom,,"ORLANDO, FL, 32827",1,2025-11-19,2026-03-01,,2026-08-31T10:29:52.309603Z
ed4d3d44e1506eef,FL,CNO Financial Group,CNO Financial Group,,"ORLANDO, FL, 32821",247,2025-11-18,2026-01-30,,2026-08-31T10:29:52.309603Z
c0dd5dd8db05796f,FL,Hudson,Hudson,,"ORLANDO, FL, 32827",133,2025-11-18,2026-01-23,,2026-08-31T10:29:52.309603Z
b84dbacb24a7dbb7,FL,Kroger Fulfillment Network LLC,Kroger Fulfillment Network,,"ROCKLEDGE, FL, 32955",53,2025-11-18,2026-02-01,,2026-08-31T10:29:52.309603Z
b322476079383a33,FL,"Kroger Fulfillment Network LLC,",Kroger Fulfillment Network,,"JACKSONVILLE, FL, 32219",181,2025-11-18,2026-02-01,,2026-08-31T10:29:52.309603Z
7ec13220071f390f,FL,Kroger Fulfillment Network LLC,Kroger Fulfillment Network,,"TAMPA, FL, 33619",234,2025-11-18,2026-02-01,,2026-08-31T10:29:52.309603Z
5ad89a537dcda105,FL,Kroger Fulfillment Network LLC,Kroger Fulfillment Network,,"GROVELAND, FL, 34736",935,2025-11-18,2026-02-01,,2026-08-31T10:29:52.309603Z
d0b43a018a136e70,FL,"Fanatics, LLC",Fanatics,,"RIVERVIEW, FL, 33578",286,2025-11-14,2026-03-01,,2026-08-31T10:29:52.309603Z
7e0d36a07fefc720,FL,"Bechtel National, Inc.",Bechtel National,,"MERRITT ISLAND, FL, 32953",248,2025-11-11,2026-01-16,,2026-08-31T10:29:52.309603Z
7942b554964c6bf9,FL,"T&H Solutions, LLC",T&H Solutions,,"ORLANDO, FL, 32826",4,2025-11-07,2025-11-30,,2026-08-31T10:29:52.309603Z
7d074376596755f7,FL,"Bambu Systems, LLC",Bambu Systems,,"WEST PALM BEACH, FL, 33405",141,2025-11-04,2025-11-03,,2026-08-31T10:29:52.309603Z
6560752e0b37a0b9,FL,"Frito-Lay, Inc",Frito-Lay,,"ORLANDO, FL, 32808",454,2025-11-04,2025-11-04,,2026-08-31T10:29:52.309603Z
4ab2ca27d6d493d0,FL,"Frito-Lay, Inc",Frito-Lay,,"ORLANDO, FL, 32808",46,2025-11-04,2025-11-04,,2026-08-31T10:29:52.309603Z
07809ead6fcd1c97,FL,"Marvin Lumber and Cedar Company, LLC.",Marvin Lumber and Cedar,,"WEST PALM BEACH, FL, 33413",167,2025-11-03,2026-04-17,,2026-08-31T10:29:52.309603Z
f55cd313f4b63f78,FL,North Florida Surgeons Orthopaedic Associates,North Florida Surgeons Orthopaedic Associates,,"PANAMA CITY, FL, 32408",2,2025-10-30,2025-12-29,,2026-08-31T10:29:52.309603Z
0718fc54b08ac7c7,FL,North Florida Surgeons Orthopaedic Associates,North Florida Surgeons Orthopaedic Associates,,"PANAMA CITY, FL, 32405",82,2025-10-30,2025-12-29,,2026-08-31T10:29:52.309603Z
c15278c042beda7c,FL,Hudson,Hudson,,"ORLANDO, FL, 32877",14,2025-10-24,2025-12-28,,2026-08-31T10:29:52.309603Z
cd7ca8310ada9cb9,FL,Eulen Aviation,Eulen Aviation,,"MIAMI, FL, 33142",100,2025-10-23,2025-12-06,,2026-08-31T10:29:52.309603Z
208fa9abdee37013,FL,"Niagara Bottling, LLC",Niagara Bottling,,"OCALA, FL, 34475",85,2025-10-21,2025-12-31,,2026-08-31T10:29:52.309603Z
e51293d2e880e7a4,FL,"Heinlein Foods USA, Inc.",Heinlein Foods,,"DELRAY BEACH, FL, 33444",72,2025-10-17,2025-10-19,,2026-08-31T10:29:52.309603Z
356f94ccfd8e016b,FL,"Republic Services, Inc",Republic Services,,"HUDSON, FL, 34667",72,2025-10-16,2025-12-31,,2026-08-31T10:29:52.309603Z
cb04ef3d18d54e5e,FL,"ONX, Inc.",ONX,,"HOMESTEAD, FL, 33030",107,2025-10-14,2025-12-14,,2026-08-31T10:29:52.309603Z
9aeab930b71b7d1a,FL,"ONX, Inc.",ONX,,"POMPANO BEACH, FL, 33069",30,2025-10-14,2025-12-14,,2026-08-31T10:29:52.309603Z
76b1d419e423d577,FL,"Reworld Projects, LLC",Reworld Projects,,"SAINT PETERSBURG, FL, 33716",70,2025-10-10,2025-12-31,,2026-08-31T10:29:52.309603Z
4d6ffa45718a67bc,FL,RGNext,RGNext,,"MERRITT ISLAND, FL, 32953",22,2025-10-10,2025-11-30,,2026-08-31T10:29:52.309603Z
4932d9962abfbb06,FL,RGNext,RGNext,,"PATRICK SFB, FL, 32925",228,2025-10-10,2025-11-30,,2026-08-31T10:29:52.309603Z
0f72a62b187452e3,FL,RGNext,RGNext,,"CAPE CANAVERAL, FL, 32925",255,2025-10-10,2025-11-30,,2026-08-31T10:29:52.309603Z
bf4c5a897674f80b,FL,"Simply IOA, LLC",Simply IOA,,"LONGWOOD, FL, 32750",66,2025-10-07,2025-12-02,,2026-08-31T10:29:52.309603Z
e319e246788005ba,FL,Sentara Health,Sentara Health,,"DORAL, FL, 33122",80,2025-10-03,2025-12-05,,2026-08-31T10:29:52.309603Z
21db886f78e89006,FL,ID Logistics,ID Logistics,,"SAINT PETERSBURG, FL, 33702",119,2025-10-02,2025-12-14,,2026-08-31T10:29:52.309603Z
0b39a13e2c294c0e,FL,ID Logistics,ID Logistics,,"SAINT PETERSBURG, FL, 33702",55,2025-10-02,2025-12-14,,2026-08-31T10:29:52.309603Z
b72e0d1b0e3f7b2c,FL,Roll-N-Lock Corporation,Roll-N-Lock,,"POMPANO BEACH, FL, 33060",73,2025-09-30,2025-12-30,,2026-08-31T10:29:52.309603Z
5f658b9ae7f0d9e5,FL,Spirit Airlines,Spirit Airlines,,"FORT LAUDERDALE, FL, 33315",100,2025-09-30,2025-12-01,,2026-08-31T10:29:52.309603Z
b331098e1c0d0bcf,FL,MS Leisure Company,MS Leisure,,"MIAMI, FL, 33149",129,2025-09-26,2025-11-25,,2026-08-31T10:29:52.309603Z
f8899aecaab37402,FL,Spirit Airlines,Spirit Airlines,,"FORT LAUDERDALE, FL, 33315",309,2025-09-25,2025-12-01,,2026-08-31T10:29:52.309603Z
e4fe7160c9972475,FL,Spirit Airlines,Spirit Airlines,,"ORLANDO, FL, 32827",350,2025-09-25,2025-12-01,,2026-08-31T10:29:52.309603Z
309cbe340d5a227c,FL,Spirit Airlines,Spirit Airlines,,"MIAMI, FL, 33142",71,2025-09-25,2025-12-01,,2026-08-31T10:29:52.309603Z
ee63de8b147944c6,FL,"Boston Whaler, Inc.",Boston Whaler,,"FLAGLER BEACH, FL, 32136",272,2025-09-17,2026-01-16,,2026-08-31T10:29:52.309603Z
e2f444884b3bc036,FL,"Lazydays Holdings, Inc.",Lazydays Holdings,,"TAMPA, FL, 33610",76,2025-09-16,2025-11-16,,2026-08-31T10:29:52.309603Z
e58f6d981eeb142c,FL,Jewish Community Center and Federation,Jewish Community Center and Federation,,"TAMPA, FL, 32305",61,2025-09-12,2025-10-24,,2026-08-31T10:29:52.309603Z
6ad9aacedf1f8f0a,FL,Jewish Community Center and Federation,Jewish Community Center and Federation,,"TAMPA, FL, 33625",25,2025-09-12,2025-10-24,,2026-08-31T10:29:52.309603Z
5d3ffec7f4c36111,FL,Jewish Community Center and Federation,Jewish Community Center and Federation,,"TAMPA, FL, 33625",4,2025-09-12,2025-10-24,,2026-08-31T10:29:52.309603Z
fc308db39cca8cb2,FL,CyraCom International Inc,CyraCom International,,"TAMPA, FL, 33610",150,2025-09-04,2025-11-01,,2026-08-31T10:29:52.309603Z
7ce2e8e642a37930,FL,Essendant,Essendant,,"ORLANDO, FL, 32819",73,2025-09-04,2025-12-31,,2026-08-31T10:29:52.309603Z
6ff2c000e32e174a,FL,"PGT Industries, LLC’s","PGT Industries, LLC's",,"HIALEAH, FL, 33018",382,2025-09-02,2025-11-01,,2026-08-31T10:29:52.309603Z
4fce75cd8aa8bb83,FL,"PGT Industries, LLC’s","PGT Industries, LLC's",,"MEDLEY, FL, 33166",60,2025-09-02,2025-11-01,,2026-08-31T10:29:52.309603Z
d926c2efaef08db5,FL,Guide to Insure,Guide to Insure,,"TAMPA, FL, 33614",76,2025-08-29,2025-08-29,,2026-08-31T10:29:52.309603Z
0e8ac169f9f5b90b,FL,Havana Harry's,Havana Harry's,,"CORAL GABLES, FL, 33146",28,2025-08-28,2025-08-24,,2026-08-31T10:29:52.309603Z
b820605a6ed29c43,FL,"Tata Consultancy Services, Ltd",Tata Consultancy Services,,"JACKSONVILLE, FL, 32202",58,2025-08-19,2025-10-18,,2026-08-31T10:29:52.309603Z
fc1940a8f081609a,FL,General Dynamics Information Technology,General Dynamics Information Technology,,"DORAL, FL, 33172",151,2025-08-18,2025-10-24,,2026-08-31T10:29:52.309603Z
d7470a9166eb8150,FL,"Zeco Systems, Inc.",Zeco Systems,,"SAINT JOHNS, FL, 32259",1,2025-08-18,2025-10-04,,2026-08-31T10:29:52.309603Z
625231d40ccd9373,FL,"Promises Behavioral Health, LLC",Promises Behavioral Health,,"ORMOND BEACH, FL, 32174",64,2025-08-18,2025-08-18,,2026-08-31T10:29:52.309603Z
55b26971b53fa604,FL,"Zeco Systems, Inc.",Zeco Systems,,"JACKSONVILLE BEACH, FL, 32250",1,2025-08-18,2025-10-04,,2026-08-31T10:29:52.309603Z
19f820ecb36dc037,FL,"Zeco Systems, Inc.",Zeco Systems,,"MILTON, FL, 32570",1,2025-08-18,2025-10-04,,2026-08-31T10:29:52.309603Z
0e94249f71f3eb7c,FL,"Zeco Systems, Inc.",Zeco Systems,,"FORT LAUDERDALE, FL, 33301",1,2025-08-18,2025-10-04,,2026-08-31T10:29:52.309603Z
8c830df44acbc42a,FL,"Block, Inc.",Block,,"APOPKA, FL, 32703",1,2025-08-12,2025-08-12,,2026-08-31T10:29:52.309603Z
3599d9f64a31120e,FL,Marriott Vacations Worldwide,Marriott Vacations Worldwide,,"LAKELAND, FL, 33801",136,2025-08-08,2025-10-07,,2026-08-31T10:29:52.309603Z
05d0490f63ef56ce,FL,"Pasa Services, Inc. d/b/a Flamingo Graphics",Pasa Services,Flamingo Graphics,"OPA LOCKA, FL, 33054",36,2025-08-08,2025-10-09,,2026-08-31T10:29:52.309603Z
22de93b7c9dc81f4,FL,"LGSTX Distribution Services, Inc",LGSTX Distribution Services,,"ORLANDO, FL, 32824",26,2025-08-06,2025-10-05,,2026-08-31T10:29:52.309603Z
0eefcec98c11d2da,FL,BayFirst National Bank,BayFirst National Bank,,"SAINT PETERSBURG, FL, 33701",73,2025-08-04,2025-08-04,,2026-08-31T10:29:52.309603Z
e5545a073ff3660a,FL,"MV Transportation, Inc",MV Transportation,,"NAPLES, FL, 34101",146,2025-07-31,2025-09-30,,2026-08-31T10:29:52.309603Z
d1cbbbdd70de8e01,FL,Carroll Fulmer Logistics Corporation,Carroll Fulmer Logistics,,"GROVELAND, FL, 34736",330,2025-07-29,2025-09-27,,2026-08-31T10:29:52.309603Z
94bab4f1739abae6,FL,Materia Group Corporation,Materia Group,,"BOCA RATON, FL, 33431",77,2025-07-28,2025-08-01,,2026-08-31T10:29:52.309603Z
58b1438517c53062,FL,"Mizkan America, Inc",Mizkan America,,"LAKE ALFRED, FL, 33850",57,2025-07-17,2025-09-19,,2026-08-31T10:29:52.309603Z
be60030fc88b176f,FL,KIRA Services LLC and KIRA Training Services,KIRA Services LLC and KIRA Training Services,,"DUNNELLON, FL, 34432",1,2025-07-16,2025-08-11,,2026-08-31T10:29:52.309603Z
9d6710d57dacfd54,FL,KIRA Services LLC and KIRA Training Services,KIRA Services LLC and KIRA Training Services,,"KEY WEST, FL, 33040",8,2025-07-16,2025-08-11,,2026-08-31T10:29:52.309603Z
57dd1fa16ff8c64e,FL,KIRA Services LLC and KIRA Training Services,KIRA Services LLC and KIRA Training Services,,"JACKSONVILLE, FL, 32212",6,2025-07-16,2025-08-11,,2026-08-31T10:29:52.309603Z
3a13b688642fc22b,FL,KIRA Services LLC and KIRA Training Services,KIRA Services LLC and KIRA Training Services,,"ALTOONA, FL, 92702",14,2025-07-16,2025-08-11,,2026-08-31T10:29:52.309603Z
899bea7dcd3027ec,FL,Sofgen Pharmaceuticals LLC,Sofgen Pharmaceuticals,,"RIVIERA BEACH, FL, 34761",45,2025-07-07,2025-09-11,,2026-08-31T10:29:52.309603Z
4038ca9c104a3c19,FL,"QB Intermediate Holdings, LLC, Quality Built, LLC, Foresite Technology Solutions, LLC (f/k/a QB Technology Co., LLC), SMC Systems LLC (d/b/a SkyeTec), SkyeTec Engineering Services, LLC, and DuctTesters, Inc.","QB Intermediate Holdings, LLC, Quality Built, LLC, Foresite Technology Solutions, LLC (f/k/a QB Technology Co., LLC), SMC Systems","SkyeTec), SkyeTec Engineering Services, LLC, and DuctTesters, Inc","JACKSONVILLE, FL, 32225",20,2025-07-07,2025-07-03,,2026-08-31T10:29:52.309603Z
366d2b494d33b730,FL,"QB Intermediate Holdings, LLC, Quality Built, LLC, Foresite Technology Solutions, LLC (f/k/a QB Technology Co., LLC), SMC Systems LLC (d/b/a SkyeTec), SkyeTec Engineering Services, LLC, and DuctTesters, Inc.","QB Intermediate Holdings, LLC, Quality Built, LLC, Foresite Technology Solutions, LLC (f/k/a QB Technology Co., LLC), SMC Systems","SkyeTec), SkyeTec Engineering Services, LLC, and DuctTesters, Inc","FORT LAUDERDALE, FL, 33301",50,2025-07-07,2025-07-03,,2026-08-31T10:29:52.309603Z
f9b9569f58a502cd,FL,"Pourlessoins, LLC d/b/a Synergy Health Services and Zomleben, LLC d/b/a Synergy Healthcare Solutions",Pourlessoins,"Synergy Health Services and Zomleben, LLC d/b/a Synergy Healthcare Solutions","LONGWOOD, FL, 32750",2,2025-07-02,2025-08-31,,2026-08-31T10:29:52.309603Z
eb3263ed0f87c550,FL,"Pourlessoins, LLC d/b/a Synergy Health Services and Zomleben, LLC d/b/a Synergy Healthcare Solutions",Pourlessoins,"Synergy Health Services and Zomleben, LLC d/b/a Synergy Healthcare Solutions","OCOEE, FL, 32703",1,2025-07-02,2025-08-31,,2026-08-31T10:29:52.309603Z
e6193886e99347de,FL,"Pourlessoins, LLC d/b/a Synergy Health Services and Zomleben, LLC d/b/a Synergy Healthcare Solutions",Pourlessoins,"Synergy Health Services and Zomleben, LLC d/b/a Synergy Healthcare Solutions","SANFORD, FL, 32746",1,2025-07-02,2025-08-31,,2026-08-31T10:29:52.309603Z
ddee70d165e434ee,FL,"Pourlessoins, LLC d/b/a Synergy Health Services and Zomleben, LLC d/b/a Synergy Healthcare Solutions",Pourlessoins,"Synergy Health Services and Zomleben, LLC d/b/a Synergy Healthcare Solutions","TALLAHASSEE, FL, 32305",1,2025-07-02,2025-08-31,,2026-08-31T10:29:52.309603Z
cd2be82f37f6df74,FL,"Pourlessoins, LLC d/b/a Synergy Health Services and Zomleben, LLC d/b/a Synergy Healthcare Solutions",Pourlessoins,"Synergy Health Services and Zomleben, LLC d/b/a Synergy Healthcare Solutions","WINTER HAVEN, FL, 33839",1,2025-07-02,2025-08-31,,2026-08-31T10:29:52.309603Z
cc51c2f92c8d4af1,FL,"Pourlessoins, LLC d/b/a Synergy Health Services and Zomleben, LLC d/b/a Synergy Healthcare Solutions",Pourlessoins,"Synergy Health Services and Zomleben, LLC d/b/a Synergy Healthcare Solutions","DAYTONA BEACH, FL, 32114",1,2025-07-02,2025-08-31,,2026-08-31T10:29:52.309603Z
c62c7080b5057d08,FL,"Pourlessoins, LLC d/b/a Synergy Health Services and Zomleben, LLC d/b/a Synergy Healthcare Solutions",Pourlessoins,"Synergy Health Services and Zomleben, LLC d/b/a Synergy Healthcare Solutions","ORLANDO, FL, 32789",6,2025-07-02,2025-08-31,,2026-08-31T10:29:52.309603Z
c61840d12e8f708b,FL,"Pourlessoins, LLC d/b/a Synergy Health Services and Zomleben, LLC d/b/a Synergy Healthcare Solutions",Pourlessoins,"Synergy Health Services and Zomleben, LLC d/b/a Synergy Healthcare Solutions","WINTER SPRINGS, FL, 32708",3,2025-07-02,2025-08-31,,2026-08-31T10:29:52.309603Z
c231a9e043cc2cf9,FL,"Pourlessoins, LLC d/b/a Synergy Health Services and Zomleben, LLC d/b/a Synergy Healthcare Solutions",Pourlessoins,"Synergy Health Services and Zomleben, LLC d/b/a Synergy Healthcare Solutions","MILTON, FL, 32570",2,2025-07-02,2025-08-31,,2026-08-31T10:29:52.309603Z
b2bdc65dc8643e1a,FL,"Pourlessoins, LLC d/b/a Synergy Health Services and Zomleben, LLC d/b/a Synergy Healthcare Solutions",Pourlessoins,"Synergy Health Services and Zomleben, LLC d/b/a Synergy Healthcare Solutions","PANAMA CITY, FL, 32401",1,2025-07-02,2025-08-31,,2026-08-31T10:29:52.309603Z
ad73cbe9416f8329,FL,"Pourlessoins, LLC d/b/a Synergy Health Services and Zomleben, LLC d/b/a Synergy Healthcare Solutions",Pourlessoins,"Synergy Health Services and Zomleben, LLC d/b/a Synergy Healthcare Solutions","APOPKA, FL, 32703",2,2025-07-02,2025-08-31,,2026-08-31T10:29:52.309603Z
99ef95e5e1fb8d1b,FL,"Pourlessoins, LLC d/b/a Synergy Health Services and Zomleben, LLC d/b/a Synergy Healthcare Solutions",Pourlessoins,"Synergy Health Services and Zomleben, LLC d/b/a Synergy Healthcare Solutions","KISSIMMEE, FL, 34746",2,2025-07-02,2025-08-31,,2026-08-31T10:29:52.309603Z
79b821deafb7a1f5,FL,"Pourlessoins, LLC d/b/a Synergy Health Services and Zomleben, LLC d/b/a Synergy Healthcare Solutions",Pourlessoins,"Synergy Health Services and Zomleben, LLC d/b/a Synergy Healthcare Solutions","TAMPA, FL, 33592",1,2025-07-02,2025-08-31,,2026-08-31T10:29:52.309603Z
76e04448505706fa,FL,"Pourlessoins, LLC d/b/a Synergy Health Services and Zomleben, LLC d/b/a Synergy Healthcare Solutions",Pourlessoins,"Synergy Health Services and Zomleben, LLC d/b/a Synergy Healthcare Solutions","VERO BEACH, FL, 32960",1,2025-07-02,2025-08-31,,2026-08-31T10:29:52.309603Z
76a2e374cabb0eb7,FL,"Pourlessoins, LLC d/b/a Synergy Health Services and Zomleben, LLC d/b/a Synergy Healthcare Solutions",Pourlessoins,"Synergy Health Services and Zomleben, LLC d/b/a Synergy Healthcare Solutions","SAINT AUGUSTINE, FL, 32080",1,2025-07-02,2025-08-31,,2026-08-31T10:29:52.309603Z
6801238ebedfceed,FL,"Pourlessoins, LLC d/b/a Synergy Health Services and Zomleben, LLC d/b/a Synergy Healthcare Solutions",Pourlessoins,"Synergy Health Services and Zomleben, LLC d/b/a Synergy Healthcare Solutions","SORRENTO, FL, 32776",3,2025-07-02,2025-08-31,,2026-08-31T10:29:52.309603Z
6209e0a1116026d2,FL,"Pourlessoins, LLC d/b/a Synergy Health Services and Zomleben, LLC d/b/a Synergy Healthcare Solutions",Pourlessoins,"Synergy Health Services and Zomleben, LLC d/b/a Synergy Healthcare Solutions","LAKE MARY, FL, 32035",1,2025-07-02,2025-08-31,,2026-08-31T10:29:52.309603Z
60c0182b5535319c,FL,"Pourlessoins, LLC d/b/a Synergy Health Services and Zomleben, LLC d/b/a Synergy Healthcare Solutions",Pourlessoins,"Synergy Health Services and Zomleben, LLC d/b/a Synergy Healthcare Solutions","TAVARES, FL, 32726",1,2025-07-02,2025-08-31,,2026-08-31T10:29:52.309603Z
5f6fce9f3476c252,FL,"Pourlessoins, LLC d/b/a Synergy Health Services and Zomleben, LLC d/b/a Synergy Healthcare Solutions",Pourlessoins,"Synergy Health Services and Zomleben, LLC d/b/a Synergy Healthcare Solutions","WINTER PARK, FL, 32789",3,2025-07-02,2025-08-31,,2026-08-31T10:29:52.309603Z
591a81044fa5c0a0,FL,"Pourlessoins, LLC d/b/a Synergy Health Services and Zomleben, LLC d/b/a Synergy Healthcare Solutions",Pourlessoins,"Synergy Health Services and Zomleben, LLC d/b/a Synergy Healthcare Solutions","DELTONA, FL, 32725",3,2025-07-02,2025-08-31,,2026-08-31T10:29:52.309603Z
55b63e5738fcf446,FL,"Pourlessoins, LLC d/b/a Synergy Health Services and Zomleben, LLC d/b/a Synergy Healthcare Solutions",Pourlessoins,"Synergy Health Services and Zomleben, LLC d/b/a Synergy Healthcare Solutions","ALTAMONTE SPRINGS, FL, 32701",2,2025-07-02,2025-08-31,,2026-08-31T10:29:52.309603Z
53d7d7a17ffd4f0b,FL,"Pourlessoins, LLC d/b/a Synergy Health Services and Zomleben, LLC d/b/a Synergy Healthcare Solutions",Pourlessoins,"Synergy Health Services and Zomleben, LLC d/b/a Synergy Healthcare Solutions","MOUNT DORA, FL, 32756",2,2025-07-02,2025-08-31,,2026-08-31T10:29:52.309603Z
43fe0d7dd02527ee,FL,"Pourlessoins, LLC d/b/a Synergy Health Services and Zomleben, LLC d/b/a Synergy Healthcare Solutions",Pourlessoins,"Synergy Health Services and Zomleben, LLC d/b/a Synergy Healthcare Solutions","ZELLWOOD, FL, 32798",1,2025-07-02,2025-08-31,,2026-08-31T10:29:52.309603Z
386a70aafb54aa95,FL,"Pourlessoins, LLC d/b/a Synergy Health Services and Zomleben, LLC d/b/a Synergy Healthcare Solutions",Pourlessoins,"Synergy Health Services and Zomleben, LLC d/b/a Synergy Healthcare Solutions","DUNNELLON, FL, 34431",1,2025-07-02,2025-08-31,,2026-08-31T10:29:52.309603Z
2c479272a58fa9e5,FL,"Pourlessoins, LLC d/b/a Synergy Health Services and Zomleben, LLC d/b/a Synergy Healthcare Solutions",Pourlessoins,"Synergy Health Services and Zomleben, LLC d/b/a Synergy Healthcare Solutions","JACKSONVILLE, FL, 32034",1,2025-07-02,2025-08-31,,2026-08-31T10:29:52.309603Z
0c16ca626105524b,FL,"Pourlessoins, LLC d/b/a Synergy Health Services and Zomleben, LLC d/b/a Synergy Healthcare Solutions",Pourlessoins,"Synergy Health Services and Zomleben, LLC d/b/a Synergy Healthcare Solutions","LAKE CITY, FL, 32025",1,2025-07-02,2025-08-31,,2026-08-31T10:29:52.309603Z
febb25612bbca6ce,FL,"Gulf Coast Optometry, P.A., D.Ba. Global Care Optometry","Gulf Coast Optometry, P.A., D.Ba. Global Care Optometry",,"CARROLLWOOD, FL, 33618",2,2025-07-01,2025-07-30,,2026-08-31T10:29:52.309603Z
edb8b60f0edc317b,FL,"Gulf Coast Optometry, P.A., D.Ba. Global Care Optometry","Gulf Coast Optometry, P.A., D.Ba. Global Care Optometry",,"MELBOURNE, FL, 32901",3,2025-07-01,2025-07-30,,2026-08-31T10:29:52.309603Z
e59689a2903b9f3f,FL,"Gulf Coast Optometry, P.A., D.Ba. Global Care Optometry","Gulf Coast Optometry, P.A., D.Ba. Global Care Optometry",,"LAKELAND, FL, 33809",3,2025-07-01,2025-07-30,,2026-08-31T10:29:52.309603Z
d99f137b33943076,FL,"Gulf Coast Optometry, P.A., D.Ba. Global Care Optometry","Gulf Coast Optometry, P.A., D.Ba. Global Care Optometry",,"WESLEY CHAPEL, FL, 33544",2,2025-07-01,2025-07-30,,2026-08-31T10:29:52.309603Z
cfc96de90f7e937a,FL,"Gulf Coast Optometry, P.A., D.Ba. Global Care Optometry","Gulf Coast Optometry, P.A., D.Ba. Global Care Optometry",,"OCALA, FL, 34474",3,2025-07-01,2025-07-30,,2026-08-31T10:29:52.309603Z
cd4709e0b9ab50af,FL,"Gulf Coast Optometry, P.A., D.Ba. Global Care Optometry","Gulf Coast Optometry, P.A., D.Ba. Global Care Optometry",,"MERRITT ISLAND, FL, 32901",3,2025-07-01,2025-07-30,,2026-08-31T10:29:52.309603Z
c770c8121f4072e7,FL,"Gulf Coast Optometry, P.A., D.Ba. Global Care Optometry","Gulf Coast Optometry, P.A., D.Ba. Global Care Optometry",,"ORLANDO, FL, 32803",2,2025-07-01,2025-07-30,,2026-08-31T10:29:52.309603Z
a9b2ab8a6f8cac79,FL,"Gulf Coast Optometry, P.A., D.Ba. Global Care Optometry","Gulf Coast Optometry, P.A., D.Ba. Global Care Optometry",,"CAPE CORAL, FL, 33990",2,2025-07-01,2025-07-30,,2026-08-31T10:29:52.309603Z
a4e8cf8880ad6d1c,FL,"Gulf Coast Optometry, P.A., D.Ba. Global Care Optometry","Gulf Coast Optometry, P.A., D.Ba. Global Care Optometry",,"DAYTONA BEACH, FL, 32114",3,2025-07-01,2025-07-30,,2026-08-31T10:29:52.309603Z
9d28715282a8cd99,FL,"Gulf Coast Optometry, P.A., D.Ba. Global Care Optometry","Gulf Coast Optometry, P.A., D.Ba. Global Care Optometry",,"JACKSONVILLE, FL, 32218",3,2025-07-01,2025-07-30,,2026-08-31T10:29:52.309603Z
9a3633c108921790,FL,"Gulf Coast Optometry, P.A., D.Ba. Global Care Optometry","Gulf Coast Optometry, P.A., D.Ba. Global Care Optometry",,"LAKE WORTH, FL, 33461",4,2025-07-01,2025-07-30,,2026-08-31T10:29:52.309603Z
956dfb20b40ec793,FL,"Gulf Coast Optometry, P.A., D.Ba. Global Care Optometry","Gulf Coast Optometry, P.A., D.Ba. Global Care Optometry",,"LADY LAKE, FL, 34475",3,2025-07-01,2025-07-30,,2026-08-31T10:29:52.309603Z
9188d196327d8fe9,FL,"Gulf Coast Optometry, P.A., D.Ba. Global Care Optometry","Gulf Coast Optometry, P.A., D.Ba. Global Care Optometry",,"WATERFORD LAKES, FL, 32828",4,2025-07-01,2025-07-30,,2026-08-31T10:29:52.309603Z
8659f605084f0792,FL,"Gulf Coast Optometry, P.A., D.Ba. Global Care Optometry","Gulf Coast Optometry, P.A., D.Ba. Global Care Optometry",,"FORT MYERS, FL, 33966",3,2025-07-01,2025-07-30,,2026-08-31T10:29:52.309603Z
85bdf44ddd26a632,FL,"Gulf Coast Optometry, P.A., D.Ba. Global Care Optometry","Gulf Coast Optometry, P.A., D.Ba. Global Care Optometry",,"BRANDON, FL, 33619",2,2025-07-01,2025-07-30,,2026-08-31T10:29:52.309603Z
85ae3320d8fdde72,FL,"Gulf Coast Optometry, P.A., D.Ba. Global Care Optometry","Gulf Coast Optometry, P.A., D.Ba. Global Care Optometry",,"SAINT PETERSBURG, FL, 33710",2,2025-07-01,2025-07-30,,2026-08-31T10:29:52.309603Z
8261fb1ac2ec6621,FL,"Gulf Coast Optometry, P.A., D.Ba. Global Care Optometry","Gulf Coast Optometry, P.A., D.Ba. Global Care Optometry",,"PORT CHARLOTTE, FL, 33948",3,2025-07-01,2025-07-30,,2026-08-31T10:29:52.309603Z
74e19422c46e3677,FL,"Gulf Coast Optometry, P.A., D.Ba. Global Care Optometry","Gulf Coast Optometry, P.A., D.Ba. Global Care Optometry",,"LARGO, FL, 33778",2,2025-07-01,2025-07-30,,2026-08-31T10:29:52.309603Z
6f030318b996648c,FL,"Gulf Coast Optometry, P.A., D.Ba. Global Care Optometry","Gulf Coast Optometry, P.A., D.Ba. Global Care Optometry",,"EUSTIS, FL, 33629",2,2025-07-01,2025-07-30,,2026-08-31T10:29:52.309603Z
66515e2d6becaa3d,FL,"Gulf Coast Optometry, P.A., D.Ba. Global Care Optometry","Gulf Coast Optometry, P.A., D.Ba. Global Care Optometry",,"PORT SAINT LUCIE, FL, 34986",2,2025-07-01,2025-07-30,,2026-08-31T10:29:52.309603Z
622d77721c0d1067,FL,"Gulf Coast Optometry, P.A., D.Ba. Global Care Optometry","Gulf Coast Optometry, P.A., D.Ba. Global Care Optometry",,"PALM BEACH GARDENS, FL, 33403",4,2025-07-01,2025-07-30,,2026-08-31T10:29:52.309603Z
61cfb34d42829647,FL,"Gulf Coast Optometry, P.A., D.Ba. Global Care Optometry","Gulf Coast Optometry, P.A., D.Ba. Global Care Optometry",,"TAMPA, FL, 33607",2,2025-07-01,2025-07-30,,2026-08-31T10:29:52.309603Z
5fb71c7606843dc5,FL,"Gulf Coast Optometry, P.A., D.Ba. Global Care Optometry","Gulf Coast Optometry, P.A., D.Ba. Global Care Optometry",,"KISSIMMEE, FL, 34741",3,2025-07-01,2025-07-30,,2026-08-31T10:29:52.309603Z
5d96bec00966645f,FL,"Gulf Coast Optometry, P.A., D.Ba. Global Care Optometry","Gulf Coast Optometry, P.A., D.Ba. Global Care Optometry",,"NEW PORT RICHEY, FL, 34655",3,2025-07-01,2025-07-30,,2026-08-31T10:29:52.309603Z
5871ae7890dcf19d,FL,"Gulf Coast Optometry, P.A., D.Ba. Global Care Optometry","Gulf Coast Optometry, P.A., D.Ba. Global Care Optometry",,"VENICE, FL, 34293",5,2025-07-01,2025-07-30,,2026-08-31T10:29:52.309603Z
5433c9da62b7678d,FL,"Gulf Coast Optometry, P.A., D.Ba. Global Care Optometry","Gulf Coast Optometry, P.A., D.Ba. Global Care Optometry",,"SAINT PETERSBURG, FL, 33704",2,2025-07-01,2025-07-30,,2026-08-31T10:29:52.309603Z
4d802e7fa636e3f1,FL,"Gulf Coast Optometry, P.A., D.Ba. Global Care Optometry","Gulf Coast Optometry, P.A., D.Ba. Global Care Optometry",,"CLEARWATER, FL, 33761",2,2025-07-01,2025-07-30,,2026-08-31T10:29:52.309603Z
4b5f8433defd1aca,FL,"Gulf Coast Optometry, P.A., D.Ba. Global Care Optometry","Gulf Coast Optometry, P.A., D.Ba. Global Care Optometry",,"NAPLES, FL, 34109",3,2025-07-01,2025-07-30,,2026-08-31T10:29:52.309603Z
43dfb901a15855f8,FL,"Gulf Coast Optometry, P.A., D.Ba. Global Care Optometry","Gulf Coast Optometry, P.A., D.Ba. Global Care Optometry",,"BRADENTON, FL, 34208",3,2025-07-01,2025-07-30,,2026-08-31T10:29:52.309603Z
408e4d0dae0f63b6,FL,"Gulf Coast Optometry, P.A., D.Ba. Global Care Optometry","Gulf Coast Optometry, P.A., D.Ba. Global Care Optometry",,"ALTAMONTE SPRINGS, FL, 32714",2,2025-07-01,2025-07-30,,2026-08-31T10:29:52.309603Z
3c23a06f54f1495a,FL,"Gulf Coast Optometry, P.A., D.Ba. Global Care Optometry","Gulf Coast Optometry, P.A., D.Ba. Global Care Optometry",,"JACKSONVILLE, FL, 32224",3,2025-07-01,2025-07-30,,2026-08-31T10:29:52.309603Z
3bee1545d3e4fab0,FL,"Gulf Coast Optometry, P.A., D.Ba. Global Care Optometry","Gulf Coast Optometry, P.A., D.Ba. Global Care Optometry",,"RIVERVIEW, FL, 33578",4,2025-07-01,2025-07-30,,2026-08-31T10:29:52.309603Z
34bc3021ab3dd200,FL,"Gulf Coast Optometry, P.A., D.Ba. Global Care Optometry","Gulf Coast Optometry, P.A., D.Ba. Global Care Optometry",,"ESTERO, FL, 33928",2,2025-07-01,2025-07-30,,2026-08-31T10:29:52.309603Z
2b6495d5517ee692,FL,"Gulf Coast Optometry, P.A., D.Ba. Global Care Optometry","Gulf Coast Optometry, P.A., D.Ba. Global Care Optometry",,"BOYNTON BEACH, FL, 33426",2,2025-07-01,2025-07-30,,2026-08-31T10:29:52.309603Z
2a7685ad92d2e84e,FL,"Gulf Coast Optometry, P.A., D.Ba. Global Care Optometry","Gulf Coast Optometry, P.A., D.Ba. Global Care Optometry",,"FORT MYERS, FL, 33907",3,2025-07-01,2025-07-30,,2026-08-31T10:29:52.309603Z
25cdf794ba84fd31,FL,"Gulf Coast Optometry, P.A., D.Ba. Global Care Optometry","Gulf Coast Optometry, P.A., D.Ba. Global Care Optometry",,"FORT WALTON BEACH, FL, 33966",2,2025-07-01,2025-07-30,,2026-08-31T10:29:52.309603Z
22bce131859bfd5d,FL,"Gulf Coast Optometry, P.A., D.Ba. Global Care Optometry","Gulf Coast Optometry, P.A., D.Ba. Global Care Optometry",,"SARASOTA, FL, 34243",2,2025-07-01,2025-07-30,,2026-08-31T10:29:52.309603Z
201e7d0462d3ce56,FL,"Gulf Coast Optometry, P.A., D.Ba. Global Care Optometry","Gulf Coast Optometry, P.A., D.Ba. Global Care Optometry",,"ORANGE PARK, FL, 32065",4,2025-07-01,2025-07-30,,2026-08-31T10:29:52.309603Z
1ad6ebac8fb487cf,FL,"Gulf Coast Optometry, P.A., D.Ba. Global Care Optometry","Gulf Coast Optometry, P.A., D.Ba. Global Care Optometry",,"NAPLES, FL, 34113",2,2025-07-01,2025-07-30,,2026-08-31T10:29:52.309603Z
118c2e2a090a2d8b,FL,"Gulf Coast Optometry, P.A., D.Ba. Global Care Optometry","Gulf Coast Optometry, P.A., D.Ba. Global Care Optometry",,"OCOEE, FL, 34761",2,2025-07-01,2025-07-30,,2026-08-31T10:29:52.309603Z
103f047c4fe77e61,FL,"Gulf Coast Optometry, P.A., D.Ba. Global Care Optometry","Gulf Coast Optometry, P.A., D.Ba. Global Care Optometry",,"CLEAR WATER, FL, 33618",2,2025-07-01,2025-07-30,,2026-08-31T10:29:52.309603Z
0e6d2a21f75939e8,FL,"Gulf Coast Optometry, P.A., D.Ba. Global Care Optometry","Gulf Coast Optometry, P.A., D.Ba. Global Care Optometry",,"LAKE MARY, FL, 32746",3,2025-07-01,2025-07-30,,2026-08-31T10:29:52.309603Z
2ecdd84771c6489a,FL,"Group 1001 Resources, LLC",Group 1001 Resources,,"MIRAMAR, FL, 33027",32,2025-06-25,2025-10-01,,2026-08-31T10:29:52.309603Z
852c5b31962b7d2a,FL,"Transit Management of Volusia County, Inc.",Transit Management of Volusia County,,"SOUTH DAYTONA, FL, 32119",267,2025-06-16,2025-08-15,,2026-08-31T10:29:52.309603Z
012bfb73279857d2,FL,Lightspeed Logistics Miami LLC,Lightspeed Logistics Miami,,"HIALEAH, FL, 33010",110,2025-06-13,2025-08-17,,2026-08-31T10:29:52.309603Z
db234dafb11952b4,FL,Need It Now,Need It Now,,"JUPITER, FL, 33478",103,2025-06-11,2025-08-09,,2026-08-31T10:29:52.309603Z
684c52772d90deae,FL,Need It Now,Need It Now,,"FORT LAUDERDALE, FL, 33309",68,2025-06-11,2025-08-09,,2026-08-31T10:29:52.309603Z
5bfe541e5e3c51bb,FL,"Resilience US, Inc",Resilience US,,"ALACHUA, FL, 32615",76,2025-06-09,2025-06-20,,2026-08-31T10:29:52.309603Z
ac7a6384553afeb1,FL,"Lewis Tree Service, Inc",Lewis Tree Service,,"MIAMI, FL, 33166",73,2025-06-05,2025-07-20,,2026-08-31T10:29:52.309603Z
8eb3482c8174e5a3,FL,"Lewis Tree Service, Inc",Lewis Tree Service,,"MIAMI GARDENS, FL, 33169",2,2025-06-05,2025-07-20,,2026-08-31T10:29:52.309603Z
2ac133ecde9753d7,FL,"Lewis Tree Service, Inc",Lewis Tree Service,,"MIAMI, FL, 33166",110,2025-06-05,2025-07-20,,2026-08-31T10:29:52.309603Z
17c9a5d95a454e0e,FL,"Lewis Tree Service, Inc",Lewis Tree Service,,"MIAMI, FL, 33158",62,2025-06-05,2025-07-20,,2026-08-31T10:29:52.309603Z
329c83b0a6ef2dd5,FL,Eckerd Connects,Eckerd Connects,,"SAINT PETERSBURG, FL, 33712",47,2025-06-03,2025-06-13,,2026-08-31T10:29:52.309603Z
8223535b39b681d1,FL,Exceed LLC,Exceed,,"SAINT PETERSBURG, FL, 33712",119,2025-06-02,2025-06-02,,2026-08-31T10:29:52.309603Z
55e2707a6305a68a,FL,Stephens Distributing Company,Stephens Distributing,,"FORT LAUDERDALE, FL, 33312",110,2025-06-02,2025-08-01,,2026-08-31T10:29:52.309603Z
e1f0489804dcd9be,FL,Eagle Healthcare LLC,Eagle Healthcare,,"DUNEDIN, FL, 34698",23,2025-05-19,2025-07-14,,2026-08-31T10:29:52.309603Z
da79770ba30feb6d,FL,Eagle Healthcare LLC,Eagle Healthcare,,"OAKLAND PARK, FL, 33309",23,2025-05-19,2025-07-14,,2026-08-31T10:29:52.309603Z
d507c118ffecaaf3,FL,Eagle Healthcare LLC,Eagle Healthcare,,"MIAMI, FL, 33179",23,2025-05-19,2025-07-14,,2026-08-31T10:29:52.309603Z
cb93a6e53e72a1f2,FL,Lacroix,Lacroix,,"TALLAHASSEE, FL, 32305",1,2025-05-19,2025-06-20,,2026-08-31T10:29:52.309603Z
9e3879cb06b04904,FL,Eagle Healthcare LLC,Eagle Healthcare,,"PORT SAINT JOE, FL, 32456",23,2025-05-19,2025-07-14,,2026-08-31T10:29:52.309603Z
97a067e5926918b2,FL,Eagle Healthcare LLC,Eagle Healthcare,,"LAKE WORTH, FL, 33463",22,2025-05-19,2025-07-14,,2026-08-31T10:29:52.309603Z
8f087baa9a52199a,FL,Eagle Healthcare LLC,Eagle Healthcare,,"DAVENPORT, FL, 33837",22,2025-05-19,2025-07-14,,2026-08-31T10:29:52.309603Z
845dc63a3f9ed230,FL,Eagle Healthcare LLC,Eagle Healthcare,,"SARASOTA, FL, 34234",22,2025-05-19,2025-07-14,,2026-08-31T10:29:52.309603Z
81f8e8aa854f5a3f,FL,Eagle Healthcare LLC,Eagle Healthcare,,"GREENVILLE, FL, 32331",22,2025-05-19,2025-07-14,,2026-08-31T10:29:52.309603Z
54e2f98815bbe00d,FL,Eagle Healthcare LLC,Eagle Healthcare,,"DANIA BEACH, FL, 33004",22,2025-05-19,2025-07-14,,2026-08-31T10:29:52.309603Z
25df3a4aef3d43e9,FL,Eagle Healthcare LLC,Eagle Healthcare,,"JACKSONVILLE, FL, 32244",22,2025-05-19,2025-07-14,,2026-08-31T10:29:52.309603Z
15284c953a08a175,FL,Eagle Healthcare LLC,Eagle Healthcare,,"MONTICELLO, FL, 32344",26,2025-05-19,2025-07-14,,2026-08-31T10:29:52.309603Z
93731f10b187f913,FL,Revlon Consumer Products LLC,Revlon Consumer Products,,"JACKSONVILLE, FL, 32254",127,2025-05-16,2025-07-18,,2026-08-31T10:29:52.309603Z
fa6da888d9e1ab9a,FL,Bahama Breeze,Bahama Breeze,,"NAPLES, FL, 34102",68,2025-05-15,2025-05-15,,2026-08-31T10:29:52.309603Z
f6c22c3aede71495,FL,Bahama Breeze,Bahama Breeze,,"DAYTONA BEACH, FL, 32114",69,2025-05-15,2025-05-15,,2026-08-31T10:29:52.309603Z
ed529d15311549e4,FL,Bahama Breeze,Bahama Breeze,,"GAINESVILLE, FL, 32608",68,2025-05-15,2025-05-15,,2026-08-31T10:29:52.309603Z
9fc0851b397b43be,FL,Bahama Breeze,Bahama Breeze,,"OAKLAND PARK, FL, 33306",68,2025-05-15,2025-05-15,,2026-08-31T10:29:52.309603Z
97a6f5c01306c9c4,FL,"Panera, LLC",Panera,,"ORLANDO, FL, 32809",114,2025-05-15,2025-07-23,,2026-08-31T10:29:52.309603Z
6a0b3acbc7870ca8,FL,Bahama Breeze,Bahama Breeze,,"SUNRISE, FL, 33323",69,2025-05-15,2025-05-15,,2026-08-31T10:29:52.309603Z
462d46a2d4cd553b,FL,Technology Partner,Technology Partner,,"MIAMI GARDENS, FL, 33014",58,2025-05-14,2025-07-14,,2026-08-31T10:29:52.309603Z
77f39f2419448c9e,FL,"GroundGame.Health, Inc.",GroundGame.Health,,"TAMPA, FL, 33607",97,2025-05-12,2025-07-11,,2026-08-31T10:29:52.309603Z
05029acb44e14faf,FL,"HSNi, LLC and HSN, Inc","HSNi, LLC and HSN",,"SAINT PETERSBURG, FL, 33792",529,2025-05-12,2025-07-01,,2026-08-31T10:29:52.309603Z
d419cbf1baf98bc3,FL,S&S Activewear,S&S Activewear,,"POMPANO BEACH, FL, 33069",51,2025-05-03,2025-07-03,,2026-08-31T10:29:52.309603Z
fd7902f7c55e2627,FL,"Institute for Intergovernmental Research, Inc",Institute for Intergovernmental Research,,"TALLAHASSEE, FL, 32317",200,2025-05-02,2025-04-23,,2026-08-31T10:29:52.309603Z
9213b79fab0acdb5,FL,Northern Air Cargo LLC,Northern Air Cargo,,"MIAMI, FL, 33126",30,2025-05-01,2025-06-30,,2026-08-31T10:29:52.309603Z
81135939511c905e,FL,ABM Industries,ABM Industries,,"ORLANDO, FL, 32877",175,2025-04-30,2025-07-01,,2026-08-31T10:29:52.309603Z
674c9cd5fa8c7c69,FL,C&S Wholesale Services,C&S Wholesale Services,,"BALDWIN, FL, 32234",490,2025-04-30,2025-07-04,,2026-08-31T10:29:52.309603Z
1873a5f9f19e1962,FL,ERMC Aviation Services,ERMC Aviation Services,,"FORT LAUDERDALE, FL, 33315",95,2025-04-30,2025-06-30,,2026-08-31T10:29:52.309603Z
73bd3585b1937493,FL,Thermo Fisher Scientific,Thermo Fisher Scientific,,"ORLANDO, FL, 32806",59,2025-04-29,2025-06-28,,2026-08-31T10:29:52.309603Z
dbc2e1e263ec0719,FL,Cano Health LLC,Cano Health,,"CLERMONT, FL, 34715",11,2025-04-28,2025-06-30,,2026-08-31T10:29:52.309603Z
be0f6ba9f478a793,FL,Cano Health LLC,Cano Health,,"ORLANDO, FL, 32812",11,2025-04-28,2025-06-30,,2026-08-31T10:29:52.309603Z
597576237ae9c60e,FL,Cano Health LLC,Cano Health,,"KISSIMMEE, FL, 34741",29,2025-04-28,2025-06-30,,2026-08-31T10:29:52.309603Z
1e6ca9a901e631c3,FL,Cano Health LLC,Cano Health,,"SAINT CLOUD, FL, 34769",27,2025-04-28,2025-06-30,,2026-08-31T10:29:52.309603Z
b88efa4961e5d87c,FL,Center for Family & Child Enrichment,Center for Family & Child Enrichment,,"MIAMI GARDENS, FL, 33056",106,2025-04-27,2025-06-30,,2026-08-31T10:29:52.309603Z
7167a2f1696afab6,FL,"Tampa Sportservice, Inc.",Tampa Sportservice,,"TAMPA, FL, 33602",580,2025-04-25,2025-06-30,,2026-08-31T10:29:52.309603Z
280087c359f3523c,FL,"Amerant Mortgage, LLC",Amerant Mortgage,,"LAKELAND, FL, 33801",58,2025-04-24,2025-06-23,,2026-08-31T10:29:52.309603Z
ba238d930ae93a85,FL,"Davis Express, Inc.",Davis Express,,"STARKE, FL, 32091",163,2025-04-16,2025-06-15,,2026-08-31T10:29:52.309603Z
29b4f96c6070a16a,FL,"Jones Lang LaSalle Americas, Inc. (“JLL”)","Jones Lang LaSalle Americas, Inc. (""JLL"")",,"ORLANDO, FL, 32824",86,2025-04-15,2025-06-14,,2026-08-31T10:29:52.309603Z
19d6e421eef0f14b,FL,"Aramark Campus, LLC",Aramark Campus,,"TAMPA, FL, 33620",949,2025-04-08,2025-06-18,,2026-08-31T10:29:52.309603Z
72d8af1985e25755,FL,Merlin Magic Shop,Merlin Magic Shop,,"LAKE WALES, FL, 33859",31,2025-04-01,2025-05-31,,2026-08-31T10:29:52.309603Z
e14e6aac9a16fc14,FL,Jacksonville Orthopedic Institute,Jacksonville Orthopedic Institute,,"FLEMING ISLAND, FL, 32003",8,2025-03-31,2025-05-30,,2026-08-31T10:29:52.309603Z
de256a52f5dc414f,FL,"Pretium Packaging, L.L.C",Pretium Packaging,,"JACKSONVILLE, FL, 32254",48,2025-03-31,2025-05-30,,2026-08-31T10:29:52.309603Z
d3fc337a1fb16656,FL,Jacksonville Orthopedic Institute,Jacksonville Orthopedic Institute,,"JACKSONVILLE, FL, 32207",65,2025-03-31,2025-05-30,,2026-08-31T10:29:52.309603Z
d3c38a867cd2950c,FL,Jacksonville Orthopedic Institute,Jacksonville Orthopedic Institute,,"JACKSONVILLE, FL, 32258",11,2025-03-31,2025-05-30,,2026-08-31T10:29:52.309603Z
c4faab6206fe8f2a,FL,Jacksonville Orthopedic Institute,Jacksonville Orthopedic Institute,,"JACKSONVILLE, FL, 32258",45,2025-03-31,2025-05-30,,2026-08-31T10:29:52.309603Z
af7c583e23b47c18,FL,Jacksonville Orthopedic Institute,Jacksonville Orthopedic Institute,,"JACKSONVILLE, FL, 32218",4,2025-03-31,2025-05-30,,2026-08-31T10:29:52.309603Z
abb4711ddd3cd88c,FL,Jacksonville Orthopedic Institute,Jacksonville Orthopedic Institute,,"JACKSONVILLE, FL, 32223",1,2025-03-31,2025-05-30,,2026-08-31T10:29:52.309603Z
a3fc22cd17760fd3,FL,Jacksonville Orthopedic Institute,Jacksonville Orthopedic Institute,,"JACKSONVILLE, FL, 32207",6,2025-03-31,2025-05-30,,2026-08-31T10:29:52.309603Z
971865a6775b25dd,FL,Jacksonville Orthopedic Institute,Jacksonville Orthopedic Institute,,"JACKSONVILLE, FL, 32225",1,2025-03-31,2025-05-30,,2026-08-31T10:29:52.309603Z
65c0fb67f3a06b38,FL,Jacksonville Orthopedic Institute,Jacksonville Orthopedic Institute,,"JACKSONVILLE, FL, 32223",2,2025-03-31,2025-05-30,,2026-08-31T10:29:52.309603Z
5924e0326a31cafa,FL,"FedEx Supply Chain, Inc.",FedEx Supply Chain,,"JACKSONVILLE, FL, 32220",87,2025-03-31,2025-05-31,,2026-08-31T10:29:52.309603Z
54cbb17fe1ce8e99,FL,Jacksonville Orthopedic Institute,Jacksonville Orthopedic Institute,,"SAINT AUGUSTINE, FL, 32092",4,2025-03-31,2025-05-30,,2026-08-31T10:29:52.309603Z
51fb6bec81409bf0,FL,Jacksonville Orthopedic Institute,Jacksonville Orthopedic Institute,,"JACKSONVILLE, FL, 32218",6,2025-03-31,2025-05-30,,2026-08-31T10:29:52.309603Z
2b390fb715c1bb9b,FL,"Mandarin Oriental, Miami, FL","Mandarin Oriental, Miami, FL",,"MIAMI, FL, 33131",430,2025-03-28,2025-05-31,,2026-08-31T10:29:52.309603Z
04ed82234fa23659,FL,"HSNi, LLC and HSN, Inc","HSNi, LLC and HSN",,"SAINT PETERSBURG, FL, 33792",145,2025-03-27,2025-05-26,,2026-08-31T10:29:52.309603Z
947770eb59352139,FL,"Interstate Management Company, LLC (""Aim bridge"")","Interstate Management Company, LLC (""Aim bridge"")",,"SARASOTA, FL, 34236",101,2025-03-26,2025-06-01,,2026-08-31T10:29:52.309603Z
790fcf9351761909,FL,"CSG Systems, Inc",CSG Systems,,"CRAWFORDVILLE, FL, 32327",99,2025-03-25,2025-05-30,,2026-08-31T10:29:52.309603Z
7e2d531a4108a19d,FL,"Cayuga Home for Children, dba Cayuga Centers",Cayuga Home for Children,Cayuga Centers,"MIAMI BEACH, FL, 33308",72,2025-03-21,2025-06-22,,2026-08-31T10:29:52.309603Z
546c075359a6703e,FL,"Cayuga Home for Children, dba Cayuga Centers",Cayuga Home for Children,Cayuga Centers,"BOYNTON BEACH, FL, 33426",4,2025-03-21,2025-06-22,,2026-08-31T10:29:52.309603Z
4b786cc311e3e135,FL,"Cayuga Home for Children, dba Cayuga Centers",Cayuga Home for Children,Cayuga Centers,"FORT LAUDERDALE, FL, 33308",9,2025-03-21,2025-06-22,,2026-08-31T10:29:52.309603Z
17b1945dc9c0003e,FL,"Cayuga Home for Children, dba Cayuga Centers",Cayuga Home for Children,Cayuga Centers,"PORT SAINT LUCIE, FL, 34986",16,2025-03-21,2025-06-22,,2026-08-31T10:29:52.309603Z
a54ce9cb47552a46,FL,National Distribution Centers LLC,National Distribution Centers,,"ORLANDO, FL, 32824",73,2025-03-20,2025-05-19,,2026-08-31T10:29:52.309603Z
46b9aa5d1828693f,FL,Wells Fargo,Wells Fargo,,"JACKSONVILLE, FL, 32207",4,2025-03-19,2025-03-18,,2026-08-31T10:29:52.309603Z
458ec1851b5fe8e2,FL,"SLS South Beach Employer, LLC",SLS South Beach Employer,,"MIAMI BEACH, FL, 33139",66,2025-03-17,2025-05-28,,2026-08-31T10:29:52.309603Z
7595413a254977b8,FL,AT&T,AT&T,,"SUNRISE, FL, 33323",88,2025-03-14,2025-05-13,,2026-08-31T10:29:52.309603Z
47f84228cfd2df1e,FL,SPOONFUL MANAGEMENT MIAMI LLC,Spoonful Management Miami,,"MIAMI BEACH, FL, 33139",134,2025-03-14,2025-05-28,,2026-08-31T10:29:52.309603Z
3a2ea48709d62072,FL,"SP+, A Metropolis Company","SP+, A Metropolis",,"ORLANDO, FL, 32827",110,2025-03-06,2025-05-01,,2026-08-31T10:29:52.309603Z
352bf23911708e95,FL,"Primo Brands, Inc",Primo Brands,,"LAKELAND, FL, 33810",39,2025-03-05,2025-06-06,,2026-08-31T10:29:52.309603Z
3245d6a98563fab2,FL,Wells Fargo,Wells Fargo,,"JACKSONVILLE, FL, 32207",90,2025-03-05,2025-02-04,,2026-08-31T10:29:52.309603Z
057a09d9802adcae,FL,Royal Palm South Beach Miami,Royal Palm South Beach Miami,,"MIAMI BEACH, FL, 33139",134,2025-03-04,2025-05-04,,2026-08-31T10:29:52.309603Z
31900e024c0f54bc,FL,"Veyer, LLC",Veyer,,"ORLANDO, FL, 32837",55,2025-02-28,2025-04-28,,2026-08-31T10:29:52.309603Z
8c6d270c2d05d37d,FL,Kindred Hospital East LLC d/b/aTampa Bay Area Hospital,Kindred Hospital East LLC d/b/aTampa Bay Area Hospital,,"TAMPA, FL, 33611",143,2025-02-27,2025-04-30,,2026-08-31T10:29:52.309603Z
afcc36d365ddc9cc,FL,UPS,UPS,,"HIALEAH, FL, 33013",65,2025-02-25,2025-04-27,,2026-08-31T10:29:52.309603Z
fc1ba0f5565ab58c,FL,Sodexo,Sodexo,,"ROCKLEDGE, FL, 32922",170,2025-02-24,2025-04-22,,2026-08-31T10:29:52.309603Z
f126f92c5364038e,FL,"Miami Mezze LLC, d/b/a Aba Restaurant",Miami Mezze,Aba Restaurant,"BAL HARBOUR, FL, 33154",60,2025-02-24,2025-05-01,,2026-08-31T10:29:52.309603Z
bff510f37bf98e96,FL,FirstService Residential,FirstService Residential,,"DANIA, FL, 33004",42,2025-02-24,2025-03-31,,2026-08-31T10:29:52.309603Z
a9fbd0150faf8e95,FL,The Ritz-Carlton,Ritz-Carlton,,"MIAMI, FL, 33149",425,2025-02-24,2025-05-01,,2026-08-31T10:29:52.309603Z
a4e31069e6e9acb4,FL,Transportation Operations & Management Solution LLC,Transportation Operations & Management Solution,,"ORLANDO, FL, 32832",50,2025-02-24,2025-04-22,,2026-08-31T10:29:52.309603Z
4bcf6450a6b7598f,FL,Enhance Health LLC,Enhance Health,,"SUNRISE, FL, 33323",196,2025-02-21,2025-04-22,,2026-08-31T10:29:52.309603Z
f42730c294e381d6,FL,Orlando Health,Orlando Health,,"ROCKLEDGE, FL, 32955",940,2025-02-20,2025-04-22,,2026-08-31T10:29:52.309603Z
d35908898cc051b2,FL,Harvest Sherwoord Food Distributors,Harvest Sherwoord Food Distributors,,"OPA LOCKA, FL, 33054",131,2025-02-18,2025-02-18,,2026-08-31T10:29:52.309603Z
a9632fc69786ceb0,FL,Behavioral Health Link,Behavioral Health Link,,"MIDDLEBURG, FL, 32068",1,2025-02-18,2025-03-23,,2026-08-31T10:29:52.309603Z
7b56caca2d442091,FL,Behavioral Health Link,Behavioral Health Link,,"ROTONDA WEST, FL, 33947",1,2025-02-18,2025-03-23,,2026-08-31T10:29:52.309603Z
282903806b75ae8f,FL,Behavioral Health Link,Behavioral Health Link,,"JACKSONVILLE, FL, 32225",1,2025-02-18,2025-03-23,,2026-08-31T10:29:52.309603Z
27440104368b0b1c,FL,Harvest Sherwoord Food Distributors,Harvest Sherwoord Food Distributors,,"ORLANDO, FL, 32808",41,2025-02-18,2025-02-18,,2026-08-31T10:29:52.309603Z
2c4e98d82e3b8ae0,FL,"Stryker Employment Company, LLC",Stryker Employment,,"LAKELAND, FL, 33815",500,2025-02-12,2025-04-15,,2026-08-31T10:29:52.309603Z
c0081ba374197a02,FL,Sky Lease Cargo,Sky Lease Cargo,,"MIAMI, FL, 33166",129,2025-02-10,2025-04-07,,2026-08-31T10:29:52.309603Z
cdbbaf81717e033a,FL,"Wise US, Inc",Wise US,,"TAMPA, FL, 33634",306,2025-02-07,2025-04-08,,2026-08-31T10:29:52.309603Z
1919f1c01c1df3e9,FL,"CHG Healthcare Services, Inc.",CHG Healthcare Services,,"BOCA RATON, FL, 33431",8,2025-02-06,2025-04-01,,2026-08-31T10:29:52.309603Z
a4f7fe046108d032,FL,e-TeleQuote Insurance,e-TeleQuote Insurance,,"TAMPA, FL, 33625",218,2025-02-03,2025-04-04,,2026-08-31T10:29:52.309603Z
6c8f97a51812953b,FL,Bellwether Beach Resort,Bellwether Beach Resort,,"ST. PETE BEACH, FL, 33706",107,2025-01-27,2024-11-11,,2026-08-31T10:29:52.309603Z
8ac05b78cc40d1b4,FL,"LEGOLAND Florida, Inc",LEGOLAND Florida,,"WINTER HAVEN, FL, 33884",234,2025-01-24,2025-03-25,,2026-08-31T10:29:52.309603Z
f88e190611ba7517,FL,Metropolis Company,Metropolis,,"ORLANDO, FL, 32830",32,2025-01-22,2025-02-19,,2026-08-31T10:29:52.309603Z
f54762406c0f7db6,FL,Metropolis Company,Metropolis,,"LAKE BUENA VISTA, FL, 32830",40,2025-01-22,2025-02-19,,2026-08-31T10:29:52.309603Z
a19baa0d4516c211,FL,Metropolis Company,Metropolis,,"LAKE BUENA VISTA, FL, 32830",23,2025-01-22,2025-02-19,,2026-08-31T10:29:52.309603Z
95ba382d15aefe46,FL,Metropolis Company,Metropolis,,"LAKE BUENA VISTA, FL, 32830",20,2025-01-22,2025-02-19,,2026-08-31T10:29:52.309603Z
0d9740de938a6ba1,FL,Metropolis Company,Metropolis,,"LAKE BUENA VISTA, FL, 32830",25,2025-01-22,2025-02-19,,2026-08-31T10:29:52.309603Z
e1c14f014ed0c99b,FL,NeuroBehavioral Hospitals,NeuroBehavioral Hospitals,,"BOYNTON BEACH, FL, 33426",79,2025-01-14,2025-01-25,,2026-08-31T10:29:52.309603Z
5ca9b342e6b1ad5e,FL,NeuroBehavioral Hospitals,NeuroBehavioral Hospitals,,"WEST PALM BEACH, FL, 33407",95,2025-01-14,2025-01-25,,2026-08-31T10:29:52.309603Z
e48752aeebe02274,FL,"Stryker Employment Company, LLC",Stryker Employment,,"LAKELAND, FL, 33815",22,2025-01-10,2025-03-09,,2026-08-31T10:29:52.309603Z
8f27c0f36988cf29,FL,"Alico, Inc",Alico,,"ARCADIA, FL, 34266",72,2025-01-06,2025-01-06,,2026-08-31T10:29:52.309603Z
249a131b4c20f9b2,FL,"CHG Healthcare Services, Inc.",CHG Healthcare Services,,"BOCA RATON, FL, 33431",8,2025-01-02,2025-03-01,,2026-08-31T10:29:52.309603Z
d113e6358ba4d383,FL,Morrison Healthcare,Morrison Healthcare,,"HIALEAH, FL, 33016",58,2024-12-27,2024-12-15,,2026-08-31T10:29:52.309603Z
cf5da4d397f974e7,FL,Morrison Healthcare,Morrison Healthcare,,"CORAL GABLES, FL, 33134",25,2024-12-27,2024-12-15,,2026-08-31T10:29:52.309603Z
4db042295af33944,FL,Morrison Healthcare,Morrison Healthcare,,"LAUDERDALE LAKES, FL, 33313",33,2024-12-27,2024-12-15,,2026-08-31T10:29:52.309603Z
43f2d32a8fe790b6,FL,Morrison Healthcare,Morrison Healthcare,,"MIAMI, FL, 33150",31,2024-12-27,2024-12-15,,2026-08-31T10:29:52.309603Z
2bb703c93b4434d1,FL,Morrison Healthcare,Morrison Healthcare,,"HIALEAH, FL, 33013",31,2024-12-27,2024-12-15,,2026-08-31T10:29:52.309603Z
6fc23f776b863092,FL,Crothall Healthcare,Crothall Healthcare,,"LAUDERDALE LAKES, FL, 33313",15,2024-12-26,2025-01-13,,2026-08-31T10:29:52.309603Z
e5945db4d8aea52f,FL,"Vimo, Inc. dba",Vimo,,"ALACHUA, FL, 32616",1,2024-12-20,2025-02-19,,2026-08-31T10:29:52.309603Z
e5672027bfa3bf51,FL,"Vimo, Inc. dba",Vimo,,"BROOKSVILLE, FL, 34609",1,2024-12-20,2025-02-19,,2026-08-31T10:29:52.309603Z
e3e338bede9c379c,FL,"Vimo, Inc. dba",Vimo,,"PINELLAS PARK, FL, 33780",1,2024-12-20,2025-02-19,,2026-08-31T10:29:52.309603Z
dd78a5879251ac4d,FL,Crothall Healthcare,Crothall Healthcare,,"HIALEAH, FL, 33106",78,2024-12-20,2024-12-15,,2026-08-31T10:29:52.309603Z
d6ba51d49e78ab81,FL,"Vimo, Inc. dba",Vimo,,"FORT MYERS, FL, 33901",3,2024-12-20,2025-02-19,,2026-08-31T10:29:52.309603Z
d47cf6ce4527f362,FL,"Vimo, Inc. dba",Vimo,,"MIAMI, FL, 33101",3,2024-12-20,2025-02-19,,2026-08-31T10:29:52.309603Z
ca3c2ffc032ae04d,FL,Pfizer,Pfizer,,"TAMPA, FL, 33602",62,2024-12-20,2025-02-24,,2026-08-31T10:29:52.309603Z
c93c483db69b6b3e,FL,"Vimo, Inc. dba,",Vimo,,"HERNANDO, FL, 34442",1,2024-12-20,2025-02-19,,2026-08-31T10:29:52.309603Z
c3a1a4215472db03,FL,"Vimo, Inc. dba",Vimo,,"LEE, FL, 32059",3,2024-12-20,2025-02-19,,2026-08-31T10:29:52.309603Z
be665c678d1cd9e2,FL,"Vimo, Inc. dba",Vimo,,"ORANGE CITY, FL, 32763",4,2024-12-20,2025-02-19,,2026-08-31T10:29:52.309603Z
bd07761c09d9837c,FL,"Vimo, Inc. dba",Vimo,,"NEW PORT RICHEY, FL, 34652",1,2024-12-20,2025-02-19,,2026-08-31T10:29:52.309603Z
a3400331d4c61a63,FL,"Vimo, Inc. dba",Vimo,,"TAMPA, FL, 33592",8,2024-12-20,2025-02-19,,2026-08-31T10:29:52.309603Z
9df610381870b454,FL,Crothall Healthcare,Crothall Healthcare,,"MIAMI, FL, 33150",44,2024-12-20,2024-12-15,,2026-08-31T10:29:52.309603Z
9ab3d30651f5595a,FL,"Vimo, Inc. dba",Vimo,,"JACKSONVILLE, FL, 32247",3,2024-12-20,2025-02-19,,2026-08-31T10:29:52.309603Z
9340b27e501d5bd8,FL,"Vimo, Inc. dba,",Vimo,,"PALM BEACH, FL, 33480",5,2024-12-20,2025-02-19,,2026-08-31T10:29:52.309603Z
90905d1c7025a470,FL,"Vimo, Inc. dba",Vimo,,"MELBOURNE, FL, 32901",1,2024-12-20,2025-02-19,,2026-08-31T10:29:52.309603Z
8f6f96ef0f7990a4,FL,"Vimo, Inc. dba",Vimo,,"FORT LAUDERDALE, FL, 33301",5,2024-12-20,2025-02-19,,2026-08-31T10:29:52.309603Z
8c35ff4e903e682b,FL,Crothall Healthcare,Crothall Healthcare,,"LAUDERDALE LAKES, FL, 33313",36,2024-12-20,2024-12-15,,2026-08-31T10:29:52.309603Z
89e8bd38a970a284,FL,Crothall Healthcare,Crothall Healthcare,,"HIALEAH, FL, 33013",39,2024-12-20,2024-12-15,,2026-08-31T10:29:52.309603Z
61174629db986c60,FL,"Vimo, Inc. dba",Vimo,,"PANAMA CITY, FL, 32401",2,2024-12-20,2025-02-19,,2026-08-31T10:29:52.309603Z
5dc56c1bf371d6a1,FL,"Vimo, Inc. dba",Vimo,,"DAYTONA BEACH, FL, 32114",1,2024-12-20,2025-02-19,,2026-08-31T10:29:52.309603Z
25d13b87a28c6a58,FL,"Vimo, Inc. dba",Vimo,,"POLK CITY, FL, 33801",2,2024-12-20,2025-02-19,,2026-08-31T10:29:52.309603Z
1a85d06ac2fe18fc,FL,Crothall Healthcare,Crothall Healthcare,,"CORAL GABLES, FL, 33134",28,2024-12-20,2024-12-15,,2026-08-31T10:29:52.309603Z
19c4a616dacf3216,FL,"Group 1001 Resources, LLC",Group 1001 Resources,,"MIRAMAR, FL, 33027",51,2024-12-20,2025-03-10,,2026-08-31T10:29:52.309603Z
0732220f58c8028c,FL,Crothall Healthcare,Crothall Healthcare,,"LAUDERDALE LAKES, FL, 33313",15,2024-12-20,2025-01-13,,2026-08-31T10:29:52.309603Z
60f176589ab14718,FL,AT&T,AT&T,,"FLEMING ISLAND, FL, 32003",138,2024-12-17,2025-01-21,,2026-08-31T10:29:52.309603Z
f848d9985bf21029,FL,Bags ( Metropolis Company),Bags ( Metropolis Company),,"LAKE BUENA VISTA, FL, 32830",26,2024-12-13,2025-01-20,,2026-08-31T10:29:52.309603Z
d40de580d4fc24c9,FL,Bags ( Metropolis Company),Bags ( Metropolis Company),,"LAKE BUENA VISTA, FL, 32830",26,2024-12-13,2025-01-20,,2026-08-31T10:29:52.309603Z
d130c1d7ec4935c1,FL,Bags ( Metropolis Company),Bags ( Metropolis Company),,"LAKE BUENA VISTA, FL, 32830",8,2024-12-13,2025-01-20,,2026-08-31T10:29:52.309603Z
ceb35a741e81ba0a,FL,Bags ( Metropolis Company),Bags ( Metropolis Company),,"LAKE BUENA VISTA, FL, 32830",40,2024-12-13,2025-01-20,,2026-08-31T10:29:52.309603Z
bd8be01333c478d6,FL,Bags ( Metropolis Company),Bags ( Metropolis Company),,"LAKE BUENA VISTA, FL, 32830",41,2024-12-13,2025-01-20,,2026-08-31T10:29:52.309603Z
ae2c81adf579d630,FL,Bags ( Metropolis Company),Bags ( Metropolis Company),,"LAKE BUENA VISTA, FL, 32830",25,2024-12-13,2025-01-20,,2026-08-31T10:29:52.309603Z
7de7ffe6e3ba5106,FL,Bags ( Metropolis Company),Bags ( Metropolis Company),,"GOLDEN OAK, FL, 32836",41,2024-12-13,2025-01-20,,2026-08-31T10:29:52.309603Z
4391cd9dff3b108d,FL,Bags ( Metropolis Company),Bags ( Metropolis Company),,"LAKE BUENA VISTA, FL, 32830",8,2024-12-13,2025-01-20,,2026-08-31T10:29:52.309603Z
1a1a3d8c1fb39625,FL,Bags ( Metropolis Company),Bags ( Metropolis Company),,"LAKE BUENA VISTA, FL, 32830",2,2024-12-13,2025-01-20,,2026-08-31T10:29:52.309603Z
146fba86a3222ba3,FL,Bags ( Metropolis Company),Bags ( Metropolis Company),,"LAKE BUENA VISTA, FL, 32830",27,2024-12-13,2025-01-20,,2026-08-31T10:29:52.309603Z
13bbce8b871c5c46,FL,Bags ( Metropolis Company),Bags ( Metropolis Company),,"LAKE BUENA VISTA, FL, 32830",27,2024-12-13,2025-01-20,,2026-08-31T10:29:52.309603Z
ba10085922536234,FL,Resilience Government Services,Resilience Government Services,,"ALACHUA, FL, 32615",105,2024-12-05,2025-02-03,,2026-08-31T10:29:52.309603Z
c62f6224ab6ba5bf,FL,"CHG Healthcare Services, Inc.",CHG Healthcare Services,,"BOCA RATON, FL, 33431",6,2024-12-04,2025-02-01,,2026-08-31T10:29:52.309603Z
79b740255bee8d30,FL,KIRA Government Services,KIRA Government Services,,"JACKSONVILLE, FL, 32212",61,2024-12-02,2025-01-31,,2026-08-31T10:29:52.309603Z
5a753b935e174dce,FL,"CareMax, Inc",CareMax,,"MIAMI, FL, 33126",530,2024-12-02,2025-01-31,,2026-08-31T10:29:52.309603Z
2080c68de81c2f9a,FL,KIRA Government Services,KIRA Government Services,,"JACKSONVILLE, FL, 32228",50,2024-12-02,2025-01-31,,2026-08-31T10:29:52.309603Z
0239e5f2ed412402,FL,CVS Health,CVS Health,,"TAMPA, FL, 33634",53,2024-11-26,2025-01-25,,2026-08-31T10:29:52.309603Z
60fc2e98a48cc09f,FL,Lehigh Regional Medical Center,Lehigh Regional Medical Center,,"LEHIGH ACRES, FL, 33936",294,2024-11-19,2025-01-18,,2026-08-31T10:29:52.309603Z
d63b29e79333e076,FL,BOEING,Boeing,,"TAMPA, FL, 33592",1,2024-11-18,2025-01-17,,2026-08-31T10:29:52.309603Z
d56463fa01f2757b,FL,BOEING,Boeing,,"JACKSONVILLE, FL, 32244",7,2024-11-18,2025-01-17,,2026-08-31T10:29:52.309603Z
d27b028cca499fee,FL,BOEING,Boeing,,"FORT LAUDERDALE, FL, 33309",3,2024-11-18,2025-01-17,,2026-08-31T10:29:52.309603Z
be3890f7575ed135,FL,BOEING,Boeing,,"NICEVILLE, FL, 32580",1,2024-11-18,2025-01-17,,2026-08-31T10:29:52.309603Z
bb9a4f558211b3f6,FL,BOEING,Boeing,,"JACKSONVILLE, FL, 32212",1,2024-11-18,2025-01-17,,2026-08-31T10:29:52.309603Z
b44bf7e252bd7994,FL,BOEING,Boeing,,"MIAMI, FL, 33142",7,2024-11-18,2025-01-17,,2026-08-31T10:29:52.309603Z
a9d474e03e4cd013,FL,BOEING,Boeing,,"DAYTONA BEACH, FL, 32114",1,2024-11-18,2025-01-17,,2026-08-31T10:29:52.309603Z
a765d8634e1771a1,FL,BOEING,Boeing,,"COCOA BEACH, FL, 32932",1,2024-11-18,2025-01-17,,2026-08-31T10:29:52.309603Z
a0dac89eb09cceeb,FL,BOEING,Boeing,,"MERRITT ISLAND, FL, 32899",5,2024-11-18,2025-01-17,,2026-08-31T10:29:52.309603Z
9f39eac937f09565,FL,BOEING,Boeing,,"FORT WALTON BEACH, FL, 32548",7,2024-11-18,2025-01-17,,2026-08-31T10:29:52.309603Z
9ebff170e0724a9b,FL,BOEING,Boeing,,"PANAMA CITY, FL, 32401",1,2024-11-18,2025-01-17,,2026-08-31T10:29:52.309603Z
965b375cb3f2c7d3,FL,BOEING,Boeing,,"CRESTVIEW, FL, 32539",1,2024-11-18,2025-01-17,,2026-08-31T10:29:52.309603Z
8bc46e2536b33fa6,FL,BOEING,Boeing,,"EGLIN AIR FORCE BASE, FL, 32542",3,2024-11-18,2025-01-17,,2026-08-31T10:29:52.309603Z
8b0e5a6f3a84285b,FL,BOEING,Boeing,,"FORT WALTON BEACH, FL, 32548",6,2024-11-18,2025-01-17,,2026-08-31T10:29:52.309603Z
8a0436ef8e59129e,FL,BOEING,Boeing,,"TITUSVILLE, FL, 32780",20,2024-11-18,2025-01-17,,2026-08-31T10:29:52.309603Z
7b672696564cd1ae,FL,BOEING,Boeing,,"MELBOURNE, FL, 32901",1,2024-11-18,2025-01-17,,2026-08-31T10:29:52.309603Z
7983bbd5f9450b11,FL,BOEING,Boeing,,"MERRITT ISLAND, FL, 32889",5,2024-11-18,2025-01-17,,2026-08-31T10:29:52.309603Z
731456568f2fc15b,FL,BOEING,Boeing,,"MIAMI, FL, 33166",5,2024-11-18,2025-01-17,,2026-08-31T10:29:52.309603Z
6eda8d8688dc9ded,FL,BOEING,Boeing,,"FORT WALTON BEACH, FL, 32548",6,2024-11-18,2025-01-17,,2026-08-31T10:29:52.309603Z
66ab0f04b9efae34,FL,Anchor Glass Container Corporation,Anchor Glass Container,,"JACKSONVILLE, FL, 32254",144,2024-11-18,2025-01-17,,2026-08-31T10:29:52.309603Z
648086542ba9e52a,FL,BOEING,Boeing,,"HURLBURT FIELD, FL, 32544",3,2024-11-18,2025-01-17,,2026-08-31T10:29:52.309603Z
63bbb2cd6c0ba73d,FL,BOEING,Boeing,,"MERRITT ISLAND, FL, 32815",5,2024-11-18,2025-01-17,,2026-08-31T10:29:52.309603Z
5aabc9f725badd65,FL,BOEING,Boeing,,"FORT WALTON BEACH, FL, 32548",7,2024-11-18,2025-01-17,,2026-08-31T10:29:52.309603Z
52cca05f77a16da1,FL,BOEING,Boeing,,"JACKSONVILLE, FL, 32221",8,2024-11-18,2025-01-17,,2026-08-31T10:29:52.309603Z
457b1bd993fefdda,FL,BOEING,Boeing,,"ORLANDO, FL, 32826",4,2024-11-18,2025-01-17,,2026-08-31T10:29:52.309603Z
43b279110d1e8245,FL,BOEING,Boeing,,"SAINT PETERSBURG, FL, 33701",3,2024-11-18,2025-01-17,,2026-08-31T10:29:52.309603Z
3e5cd5be28c05bfd,FL,BOEING,Boeing,,"MERRITT ISLAND, FL, 32815",6,2024-11-18,2025-01-17,,2026-08-31T10:29:52.309603Z
307f21efd7475c3e,FL,"NewSouth Window Solutions, LLC",NewSouth Window Solutions,,"TAMPA, FL, 33610",225,2024-11-18,2025-01-18,,2026-08-31T10:29:52.309603Z
2d091d8eb6aa6305,FL,BOEING,Boeing,,"PENSACOLA, FL, 32504",1,2024-11-18,2025-01-17,,2026-08-31T10:29:52.309603Z
259f00ede038d116,FL,BOEING,Boeing,,"MERRITT ISLAND, FL, 32899",5,2024-11-18,2025-01-17,,2026-08-31T10:29:52.309603Z
16e8afe79784ba7d,FL,BOEING,Boeing,,"CAPE CANAVERAL, FL, 32051",1,2024-11-18,2025-01-17,,2026-08-31T10:29:52.309603Z
127feda5d011bb5b,FL,BOEING,Boeing,,"JACKSONVILLE, FL, 32244",8,2024-11-18,2025-01-17,,2026-08-31T10:29:52.309603Z
064d239fb4dbc4ed,FL,BOEING,Boeing,,"JACKSONVILLE, FL, 32221",7,2024-11-18,2025-01-17,,2026-08-31T10:29:52.309603Z
005addee32b73216,FL,BOEING,Boeing,,"STUART, FL, 34957",1,2024-11-18,2025-01-17,,2026-08-31T10:29:52.309603Z
c2ab6f83df2f0518,FL,"Lukka, Inc",Lukka,,"NAPLES, FL, 34108",31,2024-11-15,2024-11-15,,2026-08-31T10:29:52.309603Z
ea6476b6a24685be,FL,"Stryker Employment Company, LLC",Stryker Employment,,"LAKELAND, FL, 33815",12,2024-11-14,2025-01-14,,2026-08-31T10:29:52.309603Z
e2d17c59aa06248d,FL,MCR Health,MCR Health,,"BRADENTON, FL, 34208",1,2024-11-08,2024-11-08,,2026-08-31T10:29:52.309603Z
cf6404348996a077,FL,MCR Health,MCR Health,,"SEMINOLE, FL, 33780",1,2024-11-08,2024-11-08,,2026-08-31T10:29:52.309603Z
c3ad37349c681acd,FL,MCR Health,MCR Health,,"ARCADIA, FL, 34266",5,2024-11-08,2024-11-08,,2026-08-31T10:29:52.309603Z
7cf532eac93cbdb4,FL,MCR Health,MCR Health,,"BRADENTON, FL, 34205",33,2024-11-08,2024-11-08,,2026-08-31T10:29:52.309603Z
03a59a6f7f30e5a0,FL,MCR Health,MCR Health,,"BRADENTON, FL, 34209",7,2024-11-08,2024-11-08,,2026-08-31T10:29:52.309603Z
1b346ed21247c508,FL,Nidec Motor Corporation dba Control,Nidec Motor,Control,"CORAL SPRINGS, FL, 33065",76,2024-11-07,2025-01-07,,2026-08-31T10:29:52.309603Z
11d2f6134b224352,FL,Allied Universal,Allied Universal,,"SUNRISE, FL, 33323",77,2024-11-07,2025-01-09,,2026-08-31T10:29:52.309603Z
bbcfd0862482d5ee,FL,Kimball Electronics,Kimball Electronics,,"TAMPA, FL, 33626",250,2024-11-04,2025-01-05,,2026-08-31T10:29:52.309603Z
16876a1e78687b92,FL,"Dart Industries, Inc",Dart Industries,,"ORLANDO, FL, 32837",145,2024-11-04,2024-12-31,,2026-08-31T10:29:52.309603Z
18abec09030d5da1,FL,ASMO d/b/a Eulen Aviation,ASMO,Eulen Aviation,"MIAMI, FL, 33142",87,2024-11-01,2024-11-30,,2026-08-31T10:29:52.309603Z
9898a29774264f19,FL,"CHG Healthcare Services, Inc.",CHG Healthcare Services,,"BOCA RATON, FL, 33431",7,2024-10-31,2024-12-31,,2026-08-31T10:29:52.309603Z
af404a3cd5021182,FL,AmeriHealth Caritas,AmeriHealth Caritas,,"PALM BEACH GARDENS, FL, 33410",50,2024-10-30,2024-12-31,,2026-08-31T10:29:52.309603Z
868b26fcfcacdf54,FL,"Stryker Employment Company, LLC",Stryker Employment,,"LAKELAND, FL, 33815",6,2024-10-30,2024-12-31,,2026-08-31T10:29:52.309603Z
80ef0263766a4b60,FL,DP Holdings Colorado LLC,DP Holdings Colorado,,"PALATKA, FL, 32177",113,2024-10-16,2024-12-31,,2026-08-31T10:29:52.309603Z
60c708a16f6edfb9,FL,"Gelato Petrini, LLC",Gelato Petrini,,"DELRAY BEACH, FL, 33444",35,2024-10-11,2024-09-20,,2026-08-31T10:29:52.309603Z
f416052e8ba31f76,FL,"Kaleo, Inc",Kaleo,,"BOYNTON BEACH, FL, 33424",1,2024-09-30,2024-11-30,,2026-08-31T10:29:52.309603Z
f3e03c9266b9c184,FL,"Kaleo, Inc",Kaleo,,"WELLINGTON, FL, 33411",2,2024-09-30,2024-11-30,,2026-08-31T10:29:52.309603Z
ca74856bbb4dd587,FL,"Midwest Transport, Inc",Midwest Transport,,"TAMPA, FL, 33605",111,2024-09-30,2024-09-02,,2026-08-31T10:29:52.309603Z
b917fb90f5557c84,FL,"Stryker Employment Company, LLC",Stryker Employment,,"LAKELAND, FL, 32216",6,2024-09-30,2024-11-30,,2026-08-31T10:29:52.309603Z
64f1fca618046f3c,FL,"Midwest Transport, Inc",Midwest Transport,,"JACKSONVILLE, FL, 32254",111,2024-09-30,2024-09-02,,2026-08-31T10:29:52.309603Z
158be96282f0dc7a,FL,"Kaleo, Inc",Kaleo,,"KISSIMMEE, FL, 34741",1,2024-09-30,2024-11-30,,2026-08-31T10:29:52.309603Z
051581b701ab170d,FL,Mayhew Bestway,Mayhew Bestway,,"ORMOND BEACH, FL, 32174",41,2024-09-30,2024-11-29,,2026-08-31T10:29:52.309603Z
5a07bfd770f642f0,FL,Genpact LLC,Genpact,,"JACKSONVILLE, FL, 32216",60,2024-09-26,2024-11-30,,2026-08-31T10:29:52.309603Z
6b8e377502e18552,FL,OBXtek,OBXtek,,"HURLBURT FIELD, FL, 32544",69,2024-09-25,2024-10-20,,2026-08-31T10:29:52.309603Z
d5905edd54903068,FL,"West Fraser, Inc",West Fraser,,"LAKE BUTLER, FL, 32054",131,2024-09-19,2024-11-19,,2026-08-31T10:29:52.309603Z
c083a5b8c94bbe31,FL,"FK Irons, Inc",FK Irons,,"DORAL, FL, 33126",4,2024-09-17,2024-11-18,,2026-08-31T10:29:52.309603Z
4b6a11a85afc90a6,FL,"FK Irons, Inc",FK Irons,,"DORAL, FL, 33126",38,2024-09-17,2024-11-18,,2026-08-31T10:29:52.309603Z
30f7eac2367deabf,FL,Labcorp,Labcorp,,"MELBOURNE, FL, 32901",65,2024-09-16,2024-11-22,,2026-08-31T10:29:52.309603Z
3b5f8e95e9131e6c,FL,"Conn Appliances, Inc",Conn Appliances,,"LAKELAND, FL, 33809",67,2024-09-13,2024-10-31,,2026-08-31T10:29:52.309603Z
45f1788ba205697f,FL,Smurfit Westrock Company,Smurfit Westrock,,"JACKSONVILLE, FL, 32307",2,2024-09-11,2024-10-18,,2026-08-31T10:29:52.309603Z
f8901ebc9539b921,FL,Tervis Tumbler Company,Tervis Tumbler,,"VENICE, FL, 34275",30,2024-09-10,2024-11-11,,2026-08-31T10:29:52.309603Z
d7fbb29c797a3f5d,FL,Tervis Tumbler Company,Tervis Tumbler,,"KEY WEST, FL, 33040",4,2024-09-10,2024-11-11,,2026-08-31T10:29:52.309603Z
c62c3ba3cc6c12b1,FL,Tervis Tumbler Company,Tervis Tumbler,,"ELLENTON, FL, 34222",4,2024-09-10,2024-11-11,,2026-08-31T10:29:52.309603Z
917ccc8cc449265d,FL,Tervis Tumbler Company,Tervis Tumbler,,"PANAMA CITY BEACH, FL, 32413",5,2024-09-10,2024-11-11,,2026-08-31T10:29:52.309603Z
8a3d62df65e797d1,FL,Tervis Tumbler Company,Tervis Tumbler,,"SAINT AUGUSTINE, FL, 32084",4,2024-09-10,2024-11-11,,2026-08-31T10:29:52.309603Z
6c64b0170442956d,FL,Tervis Tumbler Company,Tervis Tumbler,,"OSPREY, FL, 34229",1,2024-09-10,2024-11-11,,2026-08-31T10:29:52.309603Z
c36fe63839fd7259,FL,"Immunity Lost Boys Interactive, LLC",Immunity Lost Boys Interactive,,"ALTAMONTE SPRINGS, FL, 32701",1,2024-09-09,2024-09-09,,2026-08-31T10:29:52.309603Z
6061fa341bec7734,FL,"Immunity Lost Boys Interactive, LLC",Immunity Lost Boys Interactive,,"PALM BAY, FL, 32904",1,2024-09-09,2024-09-09,,2026-08-31T10:29:52.309603Z
55ac0f7c08496bf2,FL,"Immunity Lost Boys Interactive, LLC",Immunity Lost Boys Interactive,,"WINTER PARK, FL, 32789",1,2024-09-09,2024-09-09,,2026-08-31T10:29:52.309603Z
54e462311f371d0f,FL,"CHG Healthcare Services, Inc.",CHG Healthcare Services,,"BOCA RATON, FL, 33431",56,2024-09-09,2024-11-08,,2026-08-31T10:29:52.309603Z
d3a1f0f647257b60,FL,iVox Solutions,iVox Solutions,,"PORT SAINT LUCIE, FL, 34986",109,2024-08-30,2024-10-31,,2026-08-31T10:29:52.309603Z
30807a8a9141f8a3,FL,Immunity Bio,Immunity Bio,,"FORT LAUDERDALE, FL, 33301",1,2024-08-30,2024-10-29,,2026-08-31T10:29:52.309603Z
d4a45d83a301a9f8,FL,Yard-Nique,Yard-Nique,,"KISSIMMEE, FL, 34746",106,2024-08-28,2024-10-31,,2026-08-31T10:29:52.309603Z
beb02d9da9d43d2a,FL,Smurfit Westrock Company,Smurfit Westrock,,"JACKSONVILLE, FL, 32209",2,2024-08-26,2024-10-18,,2026-08-31T10:29:52.309603Z
dfc806a81562ef7a,FL,Leggett & Plat,Leggett & Plat,,"PLANT CITY, FL, 33566",78,2024-08-22,2024-10-21,,2026-08-31T10:29:52.309603Z
5e61815408aa7f1c,FL,"VSP Optical Group, Inc.",VSP Optical Group,,"CLEARWATER, FL, 33760",43,2024-08-14,2024-10-18,,2026-08-31T10:29:52.309603Z
fce97fa723d2f96c,FL,Sodexo,Sodexo,,"LAUDERDALE LAKES, FL, 33311",48,2024-08-12,2024-10-14,,2026-08-31T10:29:52.309603Z
0157688ad947e32f,FL,Sodexo,Sodexo,,"LAUDERDALE LAKES, FL, 33311",18,2024-08-12,2024-10-14,,2026-08-31T10:29:52.309603Z
b3e591df6eb46b87,FL,"Aviara Boats, LLC",Aviara Boats,,"MERRITT ISLAND, FL, 32952",181,2024-08-08,2024-08-08,,2026-08-31T10:29:52.309603Z
8b27c212e8b0a592,FL,W.S. Badcock LLC,W.S. Badcock,,"MULBERRY, FL, 33860",28,2024-08-07,2024-10-07,,2026-08-31T10:29:52.309603Z
f76ac6091416956a,FL,"Lutheran Services Florida, Inc.",Lutheran Services Florida,,"TAMPA, FL, 33614",150,2024-08-01,2024-09-30,,2026-08-31T10:29:52.309603Z
7e2025d3f38a0e63,FL,Volusia Tolling Program,Volusia Tolling Program,,"DAYTONA BEACH SHORES, FL, 32118",126,2024-07-30,2024-09-30,,2026-08-31T10:29:52.309603Z
12204996b163b35d,FL,Winn-Dixie,Winn-Dixie,,"LAKELAND, FL, 33813",48,2024-07-30,2024-07-29,,2026-08-31T10:29:52.309603Z
bc4af5d13f15ae4a,FL,W.S. Badcock LLC,W.S. Badcock,,"MULBERRY, FL, 33860",101,2024-07-24,2024-09-23,,2026-08-31T10:29:52.309603Z
9b452bf1e3577a28,FL,Wells Fargo,Wells Fargo,,"JACKSONVILLE, FL, 32207",74,2024-07-23,2024-07-23,,2026-08-31T10:29:52.309603Z
90ff4f0ea7047cd8,FL,Menzies Aviation,Menzies Aviation,,"MIAMI, FL, 33142",409,2024-07-17,2024-09-16,,2026-08-31T10:29:52.309603Z
545365a51f383784,FL,Pitney Bowes Inc,Pitney Bowes,,"ORLANDO, FL, 32819",1,2024-07-17,2024-09-17,,2026-08-31T10:29:52.309603Z
47a0134489dae1e5,FL,"Costa Delray, LLC",Costa Delray,,"VENUS, FL, 33960",170,2024-07-11,2024-10-11,,2026-08-31T10:29:52.309603Z
c6c223537511ce51,FL,Diagnostic Clinic Medical Group (DCMG),Diagnostic Clinic Medical Group (DCMG),,"LARGO, FL, 33770",155,2024-07-03,2024-09-03,,2026-08-31T10:29:52.309603Z
770d479faa1c6f46,FL,Diagnostic Clinic Medical Group (DCMG),Diagnostic Clinic Medical Group (DCMG),,"SAINT PETERSBURG, FL, 33710",15,2024-07-03,2024-09-03,,2026-08-31T10:29:52.309603Z
16d5e2d731c16600,FL,Diagnostic Clinic Medical Group (DCMG),Diagnostic Clinic Medical Group (DCMG),,"CLEARWATER, FL, 33761",70,2024-07-03,2024-09-03,,2026-08-31T10:29:52.309603Z
1411cd3b9fcc15e8,FL,Diagnostic Clinic Medical Group (DCMG),Diagnostic Clinic Medical Group (DCMG),,"WINTER HAVEN, FL, 33880",5,2024-07-03,2024-09-03,,2026-08-31T10:29:52.309603Z
6736729fe6189d53,FL,HMS HOST,HMS Host,,"SARASOTA, FL, 34243",97,2024-07-02,2024-08-31,,2026-08-31T10:29:52.309603Z
2c622dab21f54da6,FL,WestRock Company,WestRock,,"JACKSONVILLE, FL, 32209",1,2024-07-02,2024-08-30,,2026-08-31T10:29:52.309603Z
e3ecaa4ef71e83e1,FL,"AMA Consulting Group, LLC",AMA Consulting Group,,"PORT SAINT JOE, FL, 34952",1,2024-07-01,2024-07-31,,2026-08-31T10:29:52.309603Z
ded05806c52b71f1,FL,"AMA Consulting Group, LLC",AMA Consulting Group,,"OVIEDO, FL, 32765",1,2024-07-01,2024-07-31,,2026-08-31T10:29:52.309603Z
dc5b42eae29d9b3d,FL,"AMA Consulting Group, LLC",AMA Consulting Group,,"RIVERVIEW, FL, 33579",1,2024-07-01,2024-07-31,,2026-08-31T10:29:52.309603Z
cbddfddeb7caada6,FL,"AMA Consulting Group, LLC",AMA Consulting Group,,"KISSIMMEE, FL, 34741",1,2024-07-01,2024-07-31,,2026-08-31T10:29:52.309603Z
c0959fab87a91f43,FL,"AMA Consulting Group, LLC",AMA Consulting Group,,"TEMPLE TERRACE, FL, 33637",1,2024-07-01,2024-07-31,,2026-08-31T10:29:52.309603Z
b3582b860c98aa18,FL,"AMA Consulting Group, LLC",AMA Consulting Group,,"PENSACOLA, FL, 32503",1,2024-07-01,2024-07-31,,2026-08-31T10:29:52.309603Z
9d7c296fa5ae7f4b,FL,New York Sports Club,New York Sports Club,,"FORT MYERS, FL, 33907",37,2024-07-01,2024-08-31,,2026-08-31T10:29:52.309603Z
8b5278f399a38899,FL,"AMA Consulting Group, LLC",AMA Consulting Group,,"SANFORD, FL, 32773",1,2024-07-01,2024-07-31,,2026-08-31T10:29:52.309603Z
7ed42c117039a0a7,FL,"AMA Consulting Group, LLC",AMA Consulting Group,,"NORTH PORT, FL, 34288",1,2024-07-01,2024-07-31,,2026-08-31T10:29:52.309603Z
6dd228640b624a65,FL,New York Sports Club,New York Sports Club,,"CAPE CORAL, FL, 33991",37,2024-07-01,2024-08-31,,2026-08-31T10:29:52.309603Z
5e7ba7b1fc861375,FL,"AMA Consulting Group, LLC",AMA Consulting Group,,"ORLANDO, FL, 32805",1,2024-07-01,2024-07-31,,2026-08-31T10:29:52.309603Z
5c4c5ad29002acbb,FL,"AMA Consulting Group, LLC",AMA Consulting Group,,"ORLANDO, FL, 32829",1,2024-07-01,2024-07-31,,2026-08-31T10:29:52.309603Z
5ac4c0f68ee002b7,FL,"AMA Consulting Group, LLC",AMA Consulting Group,,"DELTONA, FL, 32738",1,2024-07-01,2024-07-31,,2026-08-31T10:29:52.309603Z
490c44647f3d35fb,FL,"AMA Consulting Group, LLC",AMA Consulting Group,,"PORT ORANGE, FL, 32128",1,2024-07-01,2024-07-31,,2026-08-31T10:29:52.309603Z
3300aa6ceb6d543f,FL,New York Sports Club,New York Sports Club,,"FORT MYERS, FL, 33966",34,2024-07-01,2024-08-31,,2026-08-31T10:29:52.309603Z
0271f67e43f5a809,FL,"AMA Consulting Group, LLC",AMA Consulting Group,,"SANFORD, FL, 32721",1,2024-07-01,2024-07-31,,2026-08-31T10:29:52.309603Z
f5718fcef59f8fdb,FL,"Delta Apparel, Inc",Delta Apparel,,"POMPANO BEACH, FL, 34236",5,2024-06-30,2024-08-29,,2026-08-31T10:29:52.309603Z
f3fe506425694137,FL,"Delta Apparel, Inc.",Delta Apparel,,"JACKSONVILLE, FL, 32250",8,2024-06-30,2024-08-29,,2026-08-31T10:29:52.309603Z
be2e6316bfe63427,FL,"Delta Apparel, Inc.",Delta Apparel,,"MIRAMAR, FL, 32500",6,2024-06-30,2024-08-29,,2026-08-31T10:29:52.309603Z
bd68221f7ad6095c,FL,"Delta Apparel, Inc.,",Delta Apparel,,"PALM BEACH GARDENS, FL, 33410",6,2024-06-30,2024-08-29,,2026-08-31T10:29:52.309603Z
a9c50cf169dd647d,FL,"Delta Apparel, Inc.",Delta Apparel,,"ESTERO, FL, 33928",8,2024-06-30,2024-08-29,,2026-08-31T10:29:52.309603Z
9459d5d7189f3fcf,FL,Delta Apparel. Inc,Delta Apparel,,"FORT LAUDERDALE, FL, 33301",4,2024-06-30,2024-08-29,,2026-08-31T10:29:52.309603Z
8dab284c4b6f8530,FL,"Delta Apparel, Inc.",Delta Apparel,,"HIALEAH, FL, 33013",12,2024-06-30,2024-08-29,,2026-08-31T10:29:52.309603Z
82bcc37021663bdb,FL,Delta Apparel. Inc.,Delta Apparel,,"SAINT AUGUSTINE, FL, 32092",6,2024-06-30,2024-08-29,,2026-08-31T10:29:52.309603Z
77109ec5e65be2c7,FL,"Delta Apparel, Inc.",Delta Apparel,,"ORLANDO, FL, 32809",4,2024-06-30,2024-08-29,,2026-08-31T10:29:52.309603Z
740c7eaa8dd3cd3b,FL,"Delta Apparel, Inc.",Delta Apparel,,"LUTZ, FL, 33559",7,2024-06-30,2024-08-29,,2026-08-31T10:29:52.309603Z
587d6ba736b474c9,FL,"Delta Apparel, Inc.",Delta Apparel,,"DAYTONA BEACH, FL, 32117",6,2024-06-30,2024-08-29,,2026-08-31T10:29:52.309603Z
467b24fefe0a3c23,FL,Delta Apparel. Inc,Delta Apparel,,"JUPITER, FL, 33477",4,2024-06-30,2024-08-29,,2026-08-31T10:29:52.309603Z
3e3148bbeae9cd03,FL,"Delta Apparel, Inc.",Delta Apparel,,"SARASOTA, FL, 34236",9,2024-06-30,2024-08-29,,2026-08-31T10:29:52.309603Z
22e42bfa7753fa5e,FL,"Delta Apparel, Inc.",Delta Apparel,,"KEY WEST, FL, 33040",5,2024-06-30,2024-08-29,,2026-08-31T10:29:52.309603Z
03abd2607ec9995a,FL,"Delta Apparel, Inc",Delta Apparel,,"PEMBROKE PINES, FL, 33027",3,2024-06-30,2024-08-29,,2026-08-31T10:29:52.309603Z
023ec084cab88543,FL,Delta Apparel. Inc,Delta Apparel,,"BOCA RATON, FL, 33432",5,2024-06-30,2024-08-29,,2026-08-31T10:29:52.309603Z
a5e60e6707c7b0f7,FL,"Westgate Marketing, LLC and Westgate Resorts, Inc.","Westgate Marketing, LLC and Westgate Resorts",,"ORLANDO, FL, 32819",357,2024-06-28,2024-08-30,,2026-08-31T10:29:52.309603Z
6f3aca2e165b1dac,FL,"Newrez, LLC",Newrez,,"JACKSONVILLE, FL, 32256",12,2024-06-28,2024-08-26,,2026-08-31T10:29:52.309603Z
acc2d675c30f78ae,FL,"Averitt Express, Inc.",Averitt Express,,"WEST PALM BEACH, FL, 33407",55,2024-06-27,2024-09-01,,2026-08-31T10:29:52.309603Z
7618f863e2d0e6a4,FL,"Sodexo, Inc., and Affiliates","Sodexo, Inc., and Affiliates",,"TAMPA, FL, 33614",62,2024-06-24,2024-07-31,,2026-08-31T10:29:52.309603Z
84ffdb52976458eb,FL,Refresco Beverages US Inc.,Refresco Beverages US,,"DADE CITY, FL, 33523",42,2024-06-03,2024-08-02,,2026-08-31T10:29:52.309603Z
da702302fef6a500,FL,"Columbia Vehicle Group, Inc",Columbia Vehicle Group,,"LEESBURG, FL, 34788",20,2024-05-31,2024-08-02,,2026-08-31T10:29:52.309603Z
c147fb74dd174045,FL,ADT,ADT,,"BOCA RATON, FL, 33431",73,2024-05-31,2024-07-29,,2026-08-31T10:29:52.309603Z
822c073b7e85da66,FL,"Customized Distribution, LLC",Customized Distribution,,"JACKSONVILLE, FL, 32254",107,2024-05-30,2024-07-29,,2026-08-31T10:29:52.309603Z
054f6f77840d20eb,FL,"Republic Services of Florida, LP",Republic Services of Florida,,"SAINT AUGUSTINE, FL, 32095",60,2024-05-28,2024-07-31,,2026-08-31T10:29:52.309603Z
cb3abc1985967321,FL,Fairfield Gourmet Food Corp,Fairfield Gourmet Food,,"LONGWOOD, FL, 32750",137,2024-05-24,2024-07-31,,2026-08-31T10:29:52.309603Z
be0926df39503600,FL,"Sanitas USA, Inc",Sanitas,,"DORAL, FL, 33122",56,2024-05-20,2024-05-17,,2026-08-31T10:29:52.309603Z
25ad77f9bb1d1d94,FL,"Cutrale Citrus Juices USA, Inc.",Cutrale Citrus Juices,,"LEESBURG, FL, 34748",117,2024-05-20,2024-07-31,,2026-08-31T10:29:52.309603Z
56a4561e8db6f1ec,FL,"VSP Optical Group, Inc.",VSP Optical Group,,"CLEAR WATER, FL, 33760",44,2024-05-15,2024-07-18,,2026-08-31T10:29:52.309603Z
59e66adca9d85274,FL,GSP Companies,GSP,,"CORAL SPRINGS, FL, 33065",94,2024-05-06,2024-06-30,,2026-08-31T10:29:52.309603Z
42942d8f847559d8,FL,T-ROC,T-Roc,,"APOPKA, FL, 32703",302,2024-05-03,2024-05-31,,2026-08-31T10:29:52.309603Z
11a6a0a7dea799ae,FL,Newrez LLC,Newrez,,"JACKSONVILLE, FL, 32256",53,2024-05-02,2024-07-01,,2026-08-31T10:29:52.309603Z
8be28038300b7222,FL,"Raven Transport Holding, Inc",Raven Transport Holding,,"JACKSONVILLE, FL, 32256",83,2024-05-01,2024-06-30,,2026-08-31T10:29:52.309603Z
e56fc90bdc62352b,FL,Wyndham Orlando Resort,Wyndham Orlando Resort,,"ORLANDO, FL, 32819",167,2024-04-30,2024-06-29,,2026-08-31T10:29:52.309603Z
b4d61a2e49160c3e,FL,"Medline Industries, LP",Medline Industries,,"CORAL SPRINGS, FL, 33065",59,2024-04-30,2024-07-01,,2026-08-31T10:29:52.309603Z
f49bc6e4f8e22a84,FL,"GCA Educational Services, INC(“ABM”)","GCA Educational Services, INC(""ABM"")",,"AVON PARK, FL, 33825",4,2024-04-26,2024-06-30,,2026-08-31T10:29:52.309603Z
f0f444c6414a4365,FL,"GCA Educational Services, INC(“ABM”)","GCA Educational Services, INC(""ABM"")",,"LAKE PLACID, FL, 33852",8,2024-04-26,2024-06-30,,2026-08-31T10:29:52.309603Z
eaa87bccf95c1d04,FL,"GCA Educational Services, INC(“ABM”)","GCA Educational Services, INC(""ABM"")",,"SEBRING, FL, 33870",5,2024-04-26,2024-06-30,,2026-08-31T10:29:52.309603Z
ea0f17363a6ca73d,FL,"GCA Educational Services, INC(“ABM”)","GCA Educational Services, INC(""ABM"")",,"SEBRING, FL, 33872",6,2024-04-26,2024-06-30,,2026-08-31T10:29:52.309603Z
d47a2c1fa6e8bc41,FL,"GCA Educational Services, INC(“ABM”)","GCA Educational Services, INC(""ABM"")",,"SEBRING, FL, 33870",6,2024-04-26,2024-06-30,,2026-08-31T10:29:52.309603Z
d037e4da53e0b9cc,FL,"GCA Educational Services, INC(“ABM”)","GCA Educational Services, INC(""ABM"")",,"SEBRING, FL, 33870",12,2024-04-26,2024-06-30,,2026-08-31T10:29:52.309603Z
cbb1df2bba78a6f6,FL,"GCA Educational Services, INC(“ABM”)","GCA Educational Services, INC(""ABM"")",,"LAKE PLACID, FL, 33852",6,2024-04-26,2024-06-30,,2026-08-31T10:29:52.309603Z
b3a78fb5549c32e1,FL,"GCA Educational Services, INC(“ABM”)","GCA Educational Services, INC(""ABM"")",,"LAKE PLACID, FL, 33852",6,2024-04-26,2024-06-30,,2026-08-31T10:29:52.309603Z
a5f86155ffccc051,FL,"GCA Educational Services, INC(“ABM”)","GCA Educational Services, INC(""ABM"")",,"AVON PARK, FL, 33825",9,2024-04-26,2024-06-30,,2026-08-31T10:29:52.309603Z
a03fc553680566d9,FL,"GCA Educational Services, INC(“ABM”)","GCA Educational Services, INC(""ABM"")",,"SEBRING, FL, 33870",2,2024-04-26,2024-06-30,,2026-08-31T10:29:52.309603Z
8cbb556b2701a89b,FL,"GCA Educational Services, INC(“ABM”)","GCA Educational Services, INC(""ABM"")",,"SEBRING, FL, 33870",3,2024-04-26,2024-06-30,,2026-08-31T10:29:52.309603Z
7b64c7406d54db93,FL,"GCA Educational Services, INC(“ABM”)","GCA Educational Services, INC(""ABM"")",,"SEBRING, FL, 33870",1,2024-04-26,2024-06-30,,2026-08-31T10:29:52.309603Z
73f7b142b847c790,FL,"GCA Educational Services, INC(“ABM”)","GCA Educational Services, INC(""ABM"")",,"SEBRING, FL, 33870",5,2024-04-26,2024-06-30,,2026-08-31T10:29:52.309603Z
6d239a22442690a6,FL,"GCA Educational Services, INC(“ABM”)","GCA Educational Services, INC(""ABM"")",,"SEBRING, FL, 33870",6,2024-04-26,2024-06-30,,2026-08-31T10:29:52.309603Z
6a2b43bd449eb523,FL,"GCA Educational Services, INC(“ABM”)","GCA Educational Services, INC(""ABM"")",,"LAKE PLACID, FL, 33852",5,2024-04-26,2024-06-30,,2026-08-31T10:29:52.309603Z
5e688519fbdae432,FL,"GCA Educational Services, INC(“ABM”)","GCA Educational Services, INC(""ABM"")",,"SEBRING, FL, 33872",5,2024-04-26,2024-06-30,,2026-08-31T10:29:52.309603Z
4a09df319150e346,FL,"GCA Educational Services, INC(“ABM”)","GCA Educational Services, INC(""ABM"")",,"AVON PARK, FL, 33825",5,2024-04-26,2024-06-30,,2026-08-31T10:29:52.309603Z
440856310d73a336,FL,"GCA Educational Services, INC(“ABM”)","GCA Educational Services, INC(""ABM"")",,"AVON PARK, FL, 33825",4,2024-04-26,2024-06-30,,2026-08-31T10:29:52.309603Z
107ec302beb570a1,FL,"GCA Educational Services, INC(“ABM”)","GCA Educational Services, INC(""ABM"")",,"SEBRING, FL, 33870",1,2024-04-26,2024-06-30,,2026-08-31T10:29:52.309603Z
053896c58cfe0cd6,FL,"GCA Educational Services, INC(“ABM”)","GCA Educational Services, INC(""ABM"")",,"AVON PARK, FL, 33825",7,2024-04-26,2024-06-30,,2026-08-31T10:29:52.309603Z
ab741cb115f86b76,FL,Fernlea Flowers Ltd.,Fernlea Flowers,,"PALM CITY, FL, 34990",31,2024-04-23,2024-06-20,,2026-08-31T10:29:52.309603Z
4d4d637bd654a177,FL,Fernlea Flowers Ltd.,Fernlea Flowers,,"STUART, FL, 34497",31,2024-04-23,2024-06-20,,2026-08-31T10:29:52.309603Z
e97d4e0d4763e8b7,FL,FedEX,FedEX,,"FORT MYERS, FL, 33966",64,2024-04-17,2024-07-29,,2026-08-31T10:29:52.309603Z
a3b6624e281d79f2,FL,FedEX,FedEX,,"PUNTA GORDA, FL, 33892",76,2024-04-17,2024-07-29,,2026-08-31T10:29:52.309603Z
3d57648f08e2ac4b,FL,FedEX,FedEX,,"NAPLES, FL, 34410",48,2024-04-17,2024-07-29,,2026-08-31T10:29:52.309603Z
2a44797697564762,FL,FedEX,FedEX,,"NAPLES, FL, 34104",32,2024-04-17,2024-07-29,,2026-08-31T10:29:52.309603Z
990267a9e923c205,FL,"Beekman 1082, Inc.",Beekman 1082,,"ORLANDO, FL, 32809",72,2024-04-15,2024-06-14,,2026-08-31T10:29:52.309603Z
ae077a5a4c1d0a02,FL,Block INC,Block,,"PONTE VEDRA BEACH, FL, 32082",1,2024-04-03,2024-04-02,,2026-08-31T10:29:52.309603Z
909b0ec01836416d,FL,Volta Charging Industries,Volta Charging Industries,,"COOPER CITY, FL, 33024",1,2024-04-01,2024-05-31,,2026-08-31T10:29:52.309603Z
554d3fd237dbf640,FL,Volta Charging Industries,Volta Charging Industries,,"MIAMI, FL, 33109",1,2024-04-01,2024-05-31,,2026-08-31T10:29:52.309603Z
28e9bbd42ee2aac5,FL,Volta Charging Industries,Volta Charging Industries,,"JACKSONVILLE BEACH, FL, 32250",1,2024-04-01,2024-05-31,,2026-08-31T10:29:52.309603Z
e08b89f4f4207b07,FL,Varis,Varis,,"BOCA RATON, FL, 33496",75,2024-03-27,2024-03-27,,2026-08-31T10:29:52.309603Z
8b44dc7fd1ffc61e,FL,"Stryker Employment Company, LLC",Stryker Employment,,"LAKELAND, FL, 33815",1,2024-03-27,2024-05-31,,2026-08-31T10:29:52.309603Z
00c4b8222947cb2a,FL,Student Transportation of America,Student Transportation of America,,"JACKSONVILLE, FL, 32225",225,2024-03-27,2024-05-30,,2026-08-31T10:29:52.309603Z
a537ad01f648ddec,FL,Kroger Fulfillment Network LLC,Kroger Fulfillment Network,,"OPA LOCKA, FL, 33054",109,2024-03-26,2024-05-25,,2026-08-31T10:29:52.309603Z
834ef896f9b77161,FL,"Bionano Genomics, INC LLC",Bionano Genomics,,"GAINESVILLE, FL, 32604",1,2024-03-25,2024-05-24,,2026-08-31T10:29:52.309603Z
cbaeabc9588a33ba,FL,Seagate,Seagate,,"DELRAY BEACH, FL, 33483",30,2024-03-18,2024-05-20,,2026-08-31T10:29:52.309603Z
4f849b654945ef09,FL,Seagate,Seagate,,"DELRAY BEACH, FL, 33483",39,2024-03-18,2024-05-20,,2026-08-31T10:29:52.309603Z
5f21b6a75060cc33,FL,Walgreen Co.,Walgreen,,"ORLANDO, FL, 32809",324,2024-03-14,2024-05-17,,2026-08-31T10:29:52.309603Z
2f62d8e7bbf29fc2,FL,Jacobs,Jacobs,,"TAMPA, FL, 33621",536,2024-03-07,2024-03-01,,2026-08-31T10:29:52.309603Z
e50606c991398f6e,FL,ADT Solar,ADT Solar,,"FORT LAUDERDALE, FL, 33309",45,2024-03-06,2024-02-23,,2026-08-31T10:29:52.309603Z
5073da41d3e6b6d3,FL,MV Transportation,MV Transportation,,"WEST PALM BEACH, FL, 33407",187,2024-03-01,2024-04-30,,2026-08-31T10:29:52.309603Z
24f9a0f142f78f05,FL,MV Transportation,MV Transportation,,"SOUTH BAY, FL, 33493",31,2024-03-01,2024-04-30,,2026-08-31T10:29:52.309603Z
b8723a234fa41d95,FL,"Anuvu Operations, LLC’s Maritime, Energy and Government business","Anuvu Operations, LLC's Maritime, Energy and Government business",,"MIRAMAR, FL, 33025",135,2024-02-22,2024-04-20,,2026-08-31T10:29:52.309603Z
7036d5824b9534bf,FL,OBXtek,OBXtek,,"HURLBURT FIELD, FL, 32544",57,2024-02-20,2024-04-21,,2026-08-31T10:29:52.309603Z
3605a042fb0fbc17,FL,"American Queen Steamboat Operating Company, LLC",American Queen Steamboat Operating,,"FORT LAUDERDALE, FL, 33308",64,2024-02-20,2024-02-20,,2026-08-31T10:29:52.309603Z
a33dfba7ba3d05a6,FL,LATAM Global Security Services,LATAM Global Security Services,,"MIAMI, FL, 33142",166,2024-02-19,2024-04-14,,2026-08-31T10:29:52.309603Z
bf33618fab102109,FL,Alto Operations Florida LLC,Alto Operations Florida,,"MIAMI, FL, 33142",121,2024-02-12,2024-04-12,,2026-08-31T10:29:52.309603Z
ae3c2d8ec041d16d,FL,"New vison Pharmaceuticals, LLC (NVP)","New vison Pharmaceuticals, LLC (NVP)",,"TAMARAC, FL, 33321",88,2024-02-12,2024-02-09,,2026-08-31T10:29:52.309603Z
a2cbed187944c889,FL,Orlando Sanford International Airport,Orlando Sanford International Airport,,"SANFORD, FL, 32773",6,2024-02-12,2024-02-15,,2026-08-31T10:29:52.309603Z
54265eb9b5e6f2db,FL,"TBI US Operations, Inc.",TBI US Operations,,"SANFORD, FL, 32773",3,2024-02-12,2024-02-15,,2026-08-31T10:29:52.309603Z
b015f8daae3e0d54,FL,"Fence Outlet MDC, LLC",Fence Outlet MDC,,"LAKE WALES, FL, 33859",69,2024-02-09,2024-03-31,,2026-08-31T10:29:52.309603Z
6f5062579dd22add,FL,Coca Cola Company,Coca Cola,,"DUNEDIN, FL, 34698",198,2024-02-06,2024-04-06,,2026-08-31T10:29:52.309603Z
c81b526c1a68f940,FL,"BioDerm, Inc",BioDerm,,"LARGO, FL, 33773",50,2024-02-05,2024-04-06,,2026-08-31T10:29:52.309603Z
10c26a06bec888ed,FL,"Corsair Gaming, Inc.",Corsair Gaming,,"MIAMI, FL, 33186",55,2024-02-01,2024-04-02,,2026-08-31T10:29:52.309603Z
aeceddda5fde7a5c,FL,Los Angeles Times Communications LLC,Los Angeles Times Communications,,"MIAMI, FL, 33130",1,2024-01-23,2024-03-25,,2026-08-31T10:29:52.309603Z
5e1b455a7580c85c,FL,"Fathom Manufacturing, LLC",Fathom Manufacturing,,"MIAMI LAKES, FL, 33014",54,2024-01-23,2024-03-24,,2026-08-31T10:29:52.309603Z
fa5e2d1a82517f3a,FL,"Lost Boys Interactive, LLC",Lost Boys Interactive,,"MOUNT DORA, FL, 32756",1,2024-01-12,2024-03-15,,2026-08-31T10:29:52.309603Z
f5e723e875dd23ea,FL,"Lost Boys Interactive, LLC",Lost Boys Interactive,,"CAPE CORAL, FL, 33903",1,2024-01-12,2024-03-15,,2026-08-31T10:29:52.309603Z
ccd4868edd726e4c,FL,"Lost Boys Interactive, LLC",Lost Boys Interactive,,"ORLANDO, FL, 32789",2,2024-01-12,2024-03-15,,2026-08-31T10:29:52.309603Z
a5fa6b7318c3d5ab,FL,"Lost Boys Interactive, LLC",Lost Boys Interactive,,"PANAMA CITY, FL, 32401",1,2024-01-12,2024-03-15,,2026-08-31T10:29:52.309603Z
0befb9fed9f48fd8,FL,"Lost Boys Interactive, LLC",Lost Boys Interactive,,"DELTONA, FL, 32725",1,2024-01-12,2024-03-15,,2026-08-31T10:29:52.309603Z
e0fefd630919ad14,FL,"Fanatics, LLC",Fanatics,,"JACKSONVILLE, FL, 32254",218,2024-01-11,2024-04-01,,2026-08-31T10:29:52.309603Z
ac90acb108651a89,FL,"G2 Secure Staff, LLC",G2 Secure Staff,,"MIAMI, FL, 33126",130,2024-01-10,2024-03-04,,2026-08-31T10:29:52.309603Z
022c49c3f5a68db4,FL,"West Fraser, Inc.",West Fraser,,"JACKSONVILLE, FL, 32234",79,2024-01-09,2024-03-19,,2026-08-31T10:29:52.309603Z
e9db852812937edd,FL,GDI Services,GDI Services,,"LAKELAND, FL, 33811",49,2024-01-05,2024-03-05,,2026-08-31T10:29:52.309603Z
cf5cc19668c8f256,FL,GDI Services,GDI Services,,"ORLANDO, FL, 32824",106,2024-01-05,2024-03-05,,2026-08-31T10:29:52.309603Z
7a2b5407fe718eb4,FL,GDI Services,GDI Services,,"OPA LOCKA, FL, 33054",99,2024-01-05,2024-03-05,,2026-08-31T10:29:52.309603Z
69a167c564369efd,FL,GDI Services,GDI Services,,"AUBURNDALE, FL, 33823",38,2024-01-05,2024-03-05,,2026-08-31T10:29:52.309603Z
3bf0b84ed8862d16,FL,GDI Services,GDI Services,,"DELTONA, FL, 32725",45,2024-01-05,2024-03-05,,2026-08-31T10:29:52.309603Z
27c992654939caa7,FL,GDI Services,GDI Services,,"RUSKIN, FL, 33570",101,2024-01-05,2024-03-05,,2026-08-31T10:29:52.309603Z
460349e3435762a1,FL,Percepta,Percepta,,"MELBOURNE, FL, 32901",98,2024-01-03,2024-03-29,,2026-08-31T10:29:52.309603Z
