id,state,company,company_canonical,company_dba,location,employees_affected,notice_date,effective_date,notice_type,first_seen
7dc0de7e44d936a4,IL,Momence Packing Co.,Momence Packing,,"Momence, 334 W North St",,,,State,2026-08-30T21:43:41.512264Z
5ef27153891285bf,IL,"True Value Company, LLC",True Value,,"Harvard, 306 & 308 S. Division Street",,,,State,2026-08-30T21:43:41.512264Z
9f378371933bf1a9,IL,Hennepin Power Plant,Hennepin Power Plant,,"Hennepin, 13498 East 800th Street",,,,State,2026-08-30T21:43:41.512264Z
c6a68189bb4b02f9,IL,Havana Power Plant,Havana Power Plant,,"Havana, 15260 N. State Route 78",,,,State,2026-08-30T21:43:41.512264Z
db7e166d2411e2af,IL,Duck Creek Power Plant,Duck Creek Power Plant,,"Canton, 17751 N. Cilco Road",,,,State,2026-08-30T21:43:41.512264Z
35c20b698c81dacb,IL,Claire's - Hoffman Estates,Claire's - Hoffman Estates,,"Hoffman Estates, 2400 W Central Road",,,,State,2026-08-30T21:43:41.512264Z
c85825f1bd395666,IL,"Sauer Brands, Inc.",Sauer Brands,,"Elk Grove Village, 2401 E. Devon Avenue",,,,State,2026-08-30T21:43:41.512264Z
d53e325828cc08a8,IL,Vistra Corp.,Vistra,,"Bartonville, 7800 S Cilco Ln",,,,State,2026-08-30T21:43:41.512264Z
5506932a09225c04,IL,"Liberty Bar Products, Inc. (Liberty Steel)","Liberty Bar Products, Inc. (Liberty Steel)",,"Chicago Heights, 317 E. 11th Street",,,,State,2026-08-30T21:43:41.512264Z
1c11650e564139bf,IL,Oi Glass Containers,Oi Glass Containers,,"Streator, 901 N Shabbona St",,,,State,2026-08-30T21:43:41.512264Z
1ec3487f363ccbdf,IL,"Natural Fiber Welding, Inc.",Natural Fiber Welding,,"Peoria, 6533 N Galena Rd",,,,State,2026-08-30T21:43:41.512264Z
09550952f3acbead,IL,St. Margaret's Health-Spring Valley,St. Margaret's Health-Spring Valley,,"Spring Valley, 600 E 1ST St",,,,State,2026-08-30T21:43:41.512264Z
6f936c6ee2c4d9fd,IL,United States Steel Corp,United States Steel,,"Granite City, 1951 State St",,,,State,2026-08-30T21:43:41.512264Z
05269c7d9c97aaae,IL,WALGREEN CO.,Walgreen,,"Woodridge, 940 S Frontage Rd Ste 1900",,,,State,2026-08-30T21:43:41.512264Z
7574763777480463,IL,TransUnion,TransUnion,,"Chicago, 555 W Adams St.",,,,State,2026-08-30T21:43:41.512264Z
77baabd513cebc7b,IL,"Group O, Inc.",Group O,,"Rock Island, 2916 78TH Ave W",,,,State,2026-08-30T21:43:41.512264Z
eb75cba9f6185e6f,IL,"Dovenmuehle Mortgage, Inc.",Dovenmuehle Mortgage,,"Lake Zurich, 1 Corporate Dr., Suite 360",,,,State,2026-08-30T21:43:41.512264Z
07351cd3ab24960d,IL,Ground Services International Inc.,Ground Services International,,"Chicago, Chicago O'Hare Airport 10000 W Balmoral Ave.",,,,State,2026-08-30T21:43:41.512264Z
3d3fbdfc469996b7,IL,SCP LLC,SCP,,"Batavia, 1020 Olympic Dr. 950 Raddant Rd.",,,,State,2026-08-30T21:43:41.512264Z
d0a46533dca21b0c,IL,"Adecco USA, Inc.",Adecco,,"Morris, 222 Airport Rd.",,,,State,2026-08-30T21:43:41.512264Z
b0ad3917e7af5b93,IL,"Packers Sanitation Services, Inc.",Packers Sanitation Services,,"Beardstown, 8295 Arenzille Rd.",,,,State,2026-08-30T21:43:41.512264Z
c78d359caba3ea89,IL,Discover Financial Services,Discover Financial Services,,"Riverwoods, 2500 Lake Cook Rd",,,,State,2026-08-30T21:43:41.512264Z
26b5a69856aa9cc4,IL,"Crown Cork & Seal USA, Inc.",Crown Cork & Seal,,"Warrensburg, 970 W North St",,,,State,2026-08-30T21:43:41.512264Z
8a7663dc88807818,IL,"Cygnus Home Service, LLC",Cygnus Home Service,,"Marshall, 115 W College Dr",,,,State,2026-08-30T21:43:41.512264Z
025a48d659ec4cab,IL,Midmark Corporation,Midmark,,"Buffalo Grove, 1001 Asbury Dr",,,,State,2026-08-30T21:43:41.512264Z
56b626d573f72302,IL,"Kerry, Inc.",Kerry,,"Lake Zurich, 635 Oakwood Rd.",,,,State,2026-08-30T21:43:41.512264Z
771e81a9caa4f0ec,IL,"Amsted Rail Company, Inc.",Amsted Rail,,"Granite City, 1700 Walnut St",,,,State,2026-08-30T21:43:41.512264Z
f1cef562e0be2e0b,IL,"Sunrise Coal, LLC - Russellville Portal (Mine 2)","Sunrise Coal, LLC - Russellville Portal (Mine 2)",,"Flat Rock, 18134 Taylor Rd.",,,,State,2026-08-30T21:43:41.512264Z
fbfd0bad61191506,IL,"Ryder Integrated Logistics, Inc.",Ryder Integrated Logistics,,"Romeoville, 1000 Windham Pkwy.",,,,State,2026-08-30T21:43:41.512264Z
ecced52ab1e776e6,IL,"7 C's Maintenance Co, Inc.",7 C's Maintenance,,"Chicago, 401 N Wabash Ave.",,,,State,2026-08-30T21:43:41.512264Z
4630632d3f78f5d0,IL,"Pinnacle Advertising and Marketing Group, Inc.",Pinnacle Advertising and Marketing Group,,"Schaumburg, 1435 North Plum Grove Rd.",,,,State,2026-08-30T21:43:41.512264Z
5173401d14077f42,IL,Schuler Scholar Program,Schuler Scholar Program,,"Lincolnshire, 100 Tri-State International, Suite 125",,,,State,2026-08-30T21:43:41.512264Z
8e9bed06bba9e1e6,IL,Blommer Chocolate Company,Blommer Chocolate,,"Chicago, 600 W. Kinzie St.",,,,State,2026-08-30T21:43:41.512264Z
d07f103f2809e326,IL,"Vestis Services, LLC",Vestis Services,,"Decatur, 3718 East Mound Road",,,,State,2026-08-30T21:43:41.512264Z
f0234c7ad0082ce5,IL,RR Donnelley,RR Donnelley,,"Clinton, 900 S Cain St",,,,State,2026-08-30T21:43:41.512264Z
acf056b0f9e0f864,IL,CSL Behring LLC,CSL Behring,,"Bradley, 1201 North Kinzie Ave.",,,,State,2026-08-30T21:43:41.512264Z
41edd586ceec4b8a,IL,"INEOS Joliet, LLC",INEOS Joliet,,"Channahon, 23425 Amoco Road",,,,State,2026-08-30T21:43:41.512264Z
9ba3c25b83106004,IL,Quaker Manufacturing LLC,Quaker Manufacturing,,"Danville, 1703 E. Voorhees St.",,,,State,2026-08-30T21:43:41.512264Z
58ef8ca2ddee2ccd,IL,Oak Point University,Oak Point University,,"Oak Brook, 2122 York Rd.",,,,State,2026-08-30T21:43:41.512264Z
85ee6d9bdb371123,IL,"Superior Consolidated Industries, Inc.",Superior Consolidated Industries,,"Normal, 2219 W. College",,,,State,2026-08-30T21:43:41.512264Z
9eb79fbcd0f24b34,IL,ITW Shakeproof,ITW Shakeproof,,"Elk Grove Village, 2700 York Rd",,,,State,2026-08-30T21:43:41.512264Z
6142ce90d247e859,IL,"Elite Labor Services, Ltd.",Elite Labor Services,,"Geneva, 1800 Averill Rd.",,,,State,2026-08-30T21:43:41.512264Z
28059bd8cdb9ce2a,IL,"Oberweis Dairy, Inc.",Oberweis Dairy,,"North Aurora, 951 Ice Cream Dr.",,,,State,2026-08-30T21:43:41.512264Z
e1c087b106de4cb4,IL,Dom's Kitchen & Market,Dom's Kitchen & Market,,"Chicago, 2730 N. Halsted St. - 60614 1233 N. Wells St.",,,,State,2026-08-30T21:43:41.512264Z
c1332726d5adbd2d,IL,"Foxtrot Ventures, Inc.",Foxtrot Ventures,,"Chicago, 167 N. Green St.",,,,State,2026-08-30T21:43:41.512264Z
b3c1ffa8df8cc021,IL,"Larsen Packaging Products, Inc.",Larsen Packaging Products,,"Batavia, 1350 S. River St.",,,,State,2026-08-30T21:43:41.512264Z
b452061c6cb6f1a3,IL,SunPower Corp. Operations Center,SunPower Corp. Operations Center,,"Elgin, 2380 Vantage Dr.",,,,State,2026-08-30T21:43:41.512264Z
d7bdc72df692a2ef,IL,Rainbow Beach Care Center,Rainbow Beach Care Center,,"Chicago, 7325 S. Exchange Ave.",,,,State,2026-08-30T21:43:41.512264Z
73c6eb615a0bc12a,IL,Chartwells at U of I Chicago,Chartwells at U of I Chicago,,"Chicago, 750 S. Halsted St.",,,,State,2026-08-30T21:43:41.512264Z
3fa282b737409303,IL,"Land O'Frost, Inc.",Land O'Frost,,"Chicago, 700 E. 107th St.",,,,State,2026-08-30T21:43:41.512264Z
ebc003d37840e6b3,IL,"Total Facility Maintenance, Inc.",Total Facility Maintenance,,"Wood Dale, 615 Wheat Ln Ste C",,,,State,2026-08-30T21:43:41.512264Z
961caa1e055a3fbd,IL,Aramark at Chicago Public Schools,Aramark at Chicago Public Schools,,"Chicago, 600 W. Cermak Rd.",,,,State,2026-08-30T21:43:41.512264Z
8675ab0766a8dcad,IL,Marion Manufacturing,Marion Manufacturing,,"Morton, 701 Flint Ave.",,,,State,2026-08-30T21:43:41.512264Z
8e2d8f67fc28e358,IL,The Lagunitas Brewing Company,Lagunitas Brewing,,"Chicago, 1843 South Washtenaw",,,,State,2026-08-30T21:43:41.512264Z
4bc93c5fa6f57a75,IL,Genpact LLC,Genpact,,"Chicago, 233 N. Michigan Ave., Two IL Center, Ste 1440, 14th Floor",,,,State,2026-08-30T21:43:41.512264Z
21f3b37981312e2c,IL,"First Transit, Inc.",First Transit,,"Glen Ellyn, 799 Roosevelt Rd Ste 4-200",,,,State,2026-08-30T21:43:41.512264Z
ebf6e03b682ed946,IL,GD Energy Products,GD Energy Products,,"Quincy, 1800 Gardner Expressway",,,,State,2026-08-30T21:43:41.512264Z
946c014ecb9da3ce,IL,"Ascendtek, LLC",Ascendtek,,"Cary, 680 Industrial Drive",,,,State,2026-08-30T21:43:41.512264Z
75f3ea61cf512a51,IL,Four Star Express Delivery LLC,Four Star Express Delivery,,"Skokie, 3639 Howard Street",,,,State,2026-08-30T21:43:41.512264Z
a2a74bd0a546b07a,IL,Xellia Pharmaceutical USA LLC,Xellia Pharmaceutical,,"Buffalo Grove, 2100 E Lake Cook Rd, Suite 1015",,,,State,2026-08-30T21:43:41.512264Z
fa80e2fb09221e8d,IL,HN Precision,HN Precision,,"Lake Bluff, 601 N. Skokie Highway, Suite A",,,,State,2026-08-30T21:43:41.512264Z
60eadf244b61a127,IL,"ShipBob, Inc.",ShipBob,,"Cicero, 5900 W Ogden Ave.",,,,State,2026-08-30T21:43:41.512264Z
856da38b85542e64,IL,First Student,First Student,,"Carol Stream, 505 E. North Ave.",,,,State,2026-08-30T21:43:41.512264Z
3b33e25f65ea7a22,IL,Jelly Belly Candy Company,Jelly Belly Candy,,"North Chicago, 1501 Morrow Ave",,,,State,2026-08-30T21:43:41.512264Z
d289e8c2ae72480e,IL,"Raymundos Food Group, LLC",Raymundos Food Group,,"Bedford Park, 7424 S Lockwood Ave",,,,State,2026-08-30T21:43:41.512264Z
bea363881616a4a7,IL,"Twin Cleaning Professionals, Inc.",Twin Cleaning Professionals,,"Oakbrook Terrace, 17W695 Butterfield Rd., Suite G",,,,State,2026-08-30T21:43:41.512264Z
0880882253f25660,IL,"Keplr Vision, LLC",Keplr Vision,,"Bloomington, 112 E Washington St Ste 1100",,,,State,2026-08-30T21:43:41.512264Z
322e24c382758cab,IL,Parker Hannifin Corporation,Parker Hannifin,,"Lincolnshire, 595 Shelter Road",,,,State,2026-08-30T21:43:41.512264Z
61c2d15bd290c63e,IL,2024 Democratic National Convention Committee,2024 Democratic National Convention Committee,,"Chicago, 120 N Racine Ave., Suite 230",,,,State,2026-08-30T21:43:41.512264Z
6f8c9328b6bb7df1,IL,"Capital Fitness, Inc.",Capital Fitness,,"Saint Charles, 100 Illinois St Ste 201",,,,State,2026-08-30T21:43:41.512264Z
188dd827781f60fb,IL,"Neovia Logistics Services, LLC",Neovia Logistics Services,,"Romeoville, 160 South Creek Parkway",,,,State,2026-08-30T21:43:41.512264Z
4476ddceb5e1115e,IL,"GEODIS, LLC",Geodis,,"Romeoville, 790 W. Taylor Rd.",,,,State,2026-08-30T21:43:41.512264Z
21bd8b57e9ac7eb3,IL,"NoTrax USA, Inc.",NoTrax,,"Bedford Park, 5655 W. 73rd St.",,,,State,2026-08-30T21:43:41.512264Z
91ad4474152e23a3,IL,NBCUniversal Media LLC and NBC Sports Chicago LLC,NBCUniversal Media LLC and NBC Sports Chicago,,"Chicago, 350 N Orleans St. S1-100",,,,State,2026-08-30T21:43:41.512264Z
60f4ec06bcce12bc,IL,Southeast Service Corporation,Southeast Service,,"Chicago, 801 S. Paulina",,,,State,2026-08-30T21:43:41.512264Z
357efeba2ec05009,IL,"Pitney Bowes, Inc.",Pitney Bowes,,"Lockport, 14746 S Gougar Rd.",,,,State,2026-08-30T21:43:41.512264Z
dacf1229892daf7a,IL,Kentucky Fried Chicken (Resources for all IL KFC workers),Kentucky Fried Chicken (Resources for all IL KFC workers),,"Machesney, 1586 W Lane Rd",,,,State,2026-08-30T21:43:41.512264Z
c22aeea78b9bddb1,IL,"Walterscheid, Inc.",Walterscheid,,"Woodridge, 2715 Davey Rd.",,,,State,2026-08-30T21:43:41.512264Z
f173ddcd50112d11,IL,"Rhinoag, LLC",Rhinoag,,"Gibson City, 1020 S Sangamon Ave",,,,State,2026-08-30T21:43:41.512264Z
ca60573705c42512,IL,"Wheatland Tube, LLC",Wheatland Tube,,"Chicago, 4435 S Western Blvd",,,,State,2026-08-30T21:43:41.512264Z
e702d3b00a7d1964,IL,Nucor Tubular Products Chicago,Nucor Tubular Products Chicago,,"Chicago, 6226 74th Street",,,,State,2026-08-30T21:43:41.512264Z
6dd76063e2a7ad66,IL,"Midwest Transport, Inc.",Midwest Transport,,"Robinson, 11385 N Trimble Rd",,,,State,2026-08-30T21:43:41.512264Z
91fb89fcd7b50763,IL,Amazon Fulfillment Center,Amazon Fulfillment Center,,"Chicago, 1111 N. Cherry Ave.",,,,State,2026-08-30T21:43:41.512264Z
5d7b5f77cf794e99,IL,"Marquee Event Group, Inc.",Marquee Event Group,,"McCook, 9480 W 55TH St",,,,State,2026-08-30T21:43:41.512264Z
54401be401045013,IL,Genuine Parts Company,Genuine Parts,,"Rockford, 1670 Northbrook Ct.",,,,State,2026-08-30T21:43:41.512264Z
55d87f8a3e3b9e90,IL,DHL Supply Chain,DHL Supply Chain,,"Aurora, 2380 Sullivan Road",,,,State,2026-08-30T21:43:41.512264Z
1ed325695f142752,IL,Zurn Elkay Water Solutions Corp.,Zurn Elkay Water Solutions,,"Bensenville, 340 County Line Road",,,,State,2026-08-30T21:43:41.512264Z
d1221a16a0b07a24,IL,"Acuity Optical Laboratories, LLC",Acuity Optical Laboratories,,"Normal, 2221 W. College Ave.",,,,State,2026-08-30T21:43:41.512264Z
af8b8120cea8340e,IL,International Paper Company,International Paper,,"Rockford, 2100 23RD Ave",,,,State,2026-08-30T21:43:41.512264Z
e024ca7b01f884ea,IL,"Ryder Transportation Solutions, LLC",Ryder Transportation Solutions,,"Dixon, 828 W Progress Dr",,,,State,2026-08-30T21:43:41.512264Z
4cd31e365b69df70,IL,"Upwork, Inc.",Upwork,,"Chicago, 525 W. Van Buren St., Suite1600",,,,State,2026-08-30T21:43:41.512264Z
a7d269093265637d,IL,"PepsiCo, Inc.",PepsiCo,,"Chicago, 650 W 51st Street",,,,State,2026-08-30T21:43:41.512264Z
337fdbaf5db496ae,IL,"IMA Automation USA, Inc.",IMA Automation,,"Loves Park, 4608 Interstate Blvd",,,,State,2026-08-30T21:43:41.512264Z
b86beb22e44a015e,IL,"Decatur Rehab and Health Care Center, LLC",Decatur Rehab and Health Care Center,,"Decatur, 136 S. Dipper Lane",,,,State,2026-08-30T21:43:41.512264Z
554121ed20c2602c,IL,"Charles River Laboratories, Inc.",Charles River Laboratories,,"Skokie, 8025 Lamon Ave.",,,,State,2026-08-30T21:43:41.512264Z
18cb0b43f64706e4,IL,"Outform Group, Inc.",Outform Group,,"Chicago, 4300 W. 47th St. 4100 W. 76th St., Suite F",,,,State,2026-08-30T21:43:41.512264Z
7b9dfa7f34e9fb08,IL,"The Segerdahl, LLC",Segerdahl,,"Broadview, 1900 S 25th Ave.",,,,State,2026-08-30T21:43:41.512264Z
0b81b5a368335c0c,IL,The RoomPlace,RoomPlace,,"Romeoville, 1120 W. Remington Blvd.",,,,State,2026-08-30T21:43:41.512264Z
658635dbe09e97dc,IL,Advance Auto Parts,Advance Auto Parts,,"Chicago, 6714 S. Western Ave. (and multiple locations)",,,,State,2026-08-30T21:43:41.512264Z
ceb72d411fa02245,IL,"Niterra North America, Inc.",Niterra North America,,"Wood Dale, 850 A.E.C. Dr.",,,,State,2026-08-30T21:43:41.512264Z
b874c2f455824467,IL,Gunite Corporation and KIC LLC,Gunite Corporation and KIC,,"Rockford, 302 Peoples Ave",,,,State,2026-08-30T21:43:41.512264Z
acfac3ab042ee2fd,IL,GardaWorld Federal Services,GardaWorld Federal Services,,"Chicago, 4900 S. DuSable Lake Shore Dr.",,,,State,2026-08-30T21:43:41.512264Z
b75a3dccacb78e7e,IL,"Rocket Travel, Inc.",Rocket Travel,,"Chicago, 641 W Lake St Ste 102",,,,State,2026-08-30T21:43:41.512264Z
455678d1d237d010,IL,A. Lava & Son LLC,A. Lava & Son,,"Chicago, 4800 S Kilbourn Ave",,,,State,2026-08-30T21:43:41.512264Z
9a995414a43b9732,IL,Caterpillar - Montgomery,Caterpillar - Montgomery,,"Montgomery, 325 S. Route 31",,,,State,2026-08-30T21:43:41.512264Z
44aa02be05d7cb5a,IL,Compass Group,Compass Group,,"Joliet, 333 N. Madison St.",,,,State,2026-08-30T21:43:41.512264Z
ec56613db27f7307,IL,Hyzon Motors Inc.,Hyzon Motors,,"Bolingbrook, 599 S Schmidt Rd Ste H",,,,State,2026-08-30T21:43:41.512264Z
84f0f61ab1a3dc6d,IL,"Innovation Group North America, Inc.",Innovation Group North America,,"Schaumburg, 1051 Perimeter Dr., Suite 800",,,,State,2026-08-30T21:43:41.512264Z
f0365c098b3a7ee0,IL,Cherry Circle Room LLC,Cherry Circle Room,,"Chicago, 12 S Michigan Ave",,,,State,2026-08-30T21:43:41.512264Z
6793685c7a44116d,IL,Maclellan Integrated Services Inc. (at Rivian Automotive),Maclellan Integrated Services Inc. (at Rivian Automotive),,"Normal, 100 Rivian Motorway",,,,State,2026-08-30T21:43:41.512264Z
8bc144ce4e818c55,IL,"Sandra Holdings, LLC",Sandra Holdings,,"Orland Park, 556 Orland Square",,,,State,2026-08-30T21:43:41.512264Z
468830920c5fa196,IL,The Computing Technology Industry Association,Computing Technology Industry Association,,"Downers Grove, 3500 Lacey Road, Suite 100",,,,State,2026-08-30T21:43:41.512264Z
3974ae7bb35f1dd7,IL,Hard Rock International STP,Hard Rock International STP,,"Chicago, 63 W Ontario St",,,,State,2026-08-30T21:43:41.512264Z
ab3276124a300272,IL,"10 Roads Express, LLC",10 Roads Express,,"Peoria, 1100 SW Monarch Street",,,,State,2026-08-30T21:43:41.512264Z
04e1a191cd4081cc,IL,"TK Behavioral, LLC (Timberline Knolls)","TK Behavioral, LLC (Timberline Knolls)",,"Lemont, 40 Timberline Dr",,,,State,2026-08-30T21:43:41.512264Z
8e91646d5d8084dc,IL,"Grunt Style, LLC",Grunt Style,,"Carol Stream, 400 Fullerton Ave",,,,State,2026-08-30T21:43:41.512264Z
fc717c9651d1f774,IL,ManpowerGroup US Inc.,ManpowerGroup US,,"Aurora, 2372 W Indian Trail",,,,State,2026-08-30T21:43:41.512264Z
70dd00a6aec62b0a,IL,"Kane County Personnel, Inc.",Kane County Personnel,,"Aurora, 2372 W Indian Trail",,,,State,2026-08-30T21:43:41.512264Z
e469df2fe84ce911,IL,Smurfit Westrock,Smurfit Westrock,,"Bridgeview, 7601 S 78th Ave.",,,,State,2026-08-30T21:43:41.512264Z
eaf8b2b727454a37,IL,Air Wisconsin Airlines LLC at O'Hare Airport,Air Wisconsin Airlines LLC at O'Hare Airport,,"Chicago, Terminal 1, Ramp Level G1",,,,State,2026-08-30T21:43:41.512264Z
b4b5e2f5ffd6ab9f,IL,Barnes & Noble,Barnes & Noble,,"Forest Park, 7801 Industrial Park",,,,State,2026-08-30T21:43:41.512264Z
4fd987bdb94a3f1f,IL,Parsec LLC,Parsec,,"Franklin Park , 10800 S Franklin Ave.",,,,State,2026-08-30T21:43:41.512264Z
84895403b9aed803,IL,Turnkey One Source LLC at Arlo Chicago,Turnkey One Source LLC at Arlo Chicago,,"Chicago, 168 N Michigan Ave.",,,,State,2026-08-30T21:43:41.512264Z
0399f505d2815028,IL,Ardagh Glass Inc.,Ardagh Glass,,"Dolton, 13850 Cottage Grove Ave",,,,State,2026-08-30T21:43:41.512264Z
b35a65cef652810c,IL,Panduit Corp.,Panduit,,"DeKalb, 1700 E Fairview Dr",,,,State,2026-08-30T21:43:41.512264Z
78817d5221c77946,IL,Schirm USA,Schirm,,"Benton, 10163 Sugar Creek Rd.",,,,State,2026-08-30T21:43:41.512264Z
de7772f0e307edb1,IL,Home Partners of America Inc.,Home Partners of America,,"Chicago, 120 S Riverside Plz Ste 2000",,,,State,2026-08-30T21:43:41.512264Z
dbdb942c23cf67b3,IL,Animal Supply Company,Animal Supply,,"Bartlett, 1315 Brewster Creek Blvd.",,,,State,2026-08-30T21:43:41.512264Z
94af3967e65f6c8a,IL,Kindred Hospital - Sycamore,Kindred Hospital - Sycamore,,"Sycamore, 225 Edward St.",,,,State,2026-08-30T21:43:41.512264Z
f2f07322e6e05ea4,IL,Kindred Hospital - Lakeshore,Kindred Hospital - Lakeshore,,"Chicago, 6130 N Sheridan Rd.",,,,State,2026-08-30T21:43:41.512264Z
49c254da2f6263d3,IL,Heartland Alliance Health,Heartland Alliance Health,,"Chicago, 5501 S Halsted (4009 N Broadway St., Chicago 60613)",,,,State,2026-08-30T21:43:41.512264Z
cd2a7a02b2036fab,IL,"F & E Aircraft Maintenance (Miami), LLC",F & E Aircraft Maintenance (Miami),,"Schiller Park, 5136 Pearl St",,,,State,2026-08-30T21:43:41.512264Z
a699a4b4303cda79,IL,Northwest Community Hospital,Northwest Community Hospital,,"Arlington Heights, 901 W Kirchhoff Rd FL 3",,,,State,2026-08-30T21:43:41.512264Z
2702d4cbba1b6040,IL,LGSTX Services,LGSTX Services,,"Aurora, 2350 Frieder Lane, Suite 190",,,,State,2026-08-30T21:43:41.512264Z
f0aa0f70f70ea868,IL,Labor Network (at Nestle USA's Nation Pizza),Labor Network (at Nestle USA's Nation Pizza),,"Schaumburg, 601 E Algonquin Rd",,,,State,2026-08-30T21:43:41.512264Z
2862e6d3eb667f08,IL,Elite Staffing (at Nestle USA's Nation Pizza),Elite Staffing (at Nestle USA's Nation Pizza),,"Schaumburg, 601 E Algonquin Rd",,,,State,2026-08-30T21:43:41.512264Z
7ac1237543258907,IL,"Inter-Con Security Systems, Inc.",Inter-Con Security Systems,,"Chicago, 760 N Ogden Ave., Ste 2200",,,,State,2026-08-30T21:43:41.512264Z
6fc42ce94002fac1,IL,American Institutes of Research,American Institutes of Research,,"Chicago, 10 S Riverside Plaza, Suite 600",,,,State,2026-08-30T21:43:41.512264Z
97eaac3e07e00741,IL,Gilster-Mary Lee Corporation,Gilster-Mary Lee,,"Momence, 305 E Washington St",,,,State,2026-08-30T21:43:41.512264Z
5a9b1a9f23365065,IL,"Digby's Detective and Security Agency, Inc.",Digby's Detective and Security Agency,,"Chicago, 2850 S Wabash Ave Ste 201",,,,State,2026-08-30T21:43:41.512264Z
ce9a1f176d9b76a9,IL,Penske Logistics LLC,Penske Logistics,,"Aurora, 1000 Bilter Road",,,,State,2026-08-30T21:43:41.512264Z
5c70bee24cfa646c,IL,"Peco Pallet, Inc.",Peco Pallet,,"Chicago, 2924 E 126TH St",,,,State,2026-08-30T21:43:41.512264Z
c4dfd57c241ef22c,IL,"Quiet Logistics, Inc.",Quiet Logistics,,"Chicago, 1333 N Hickory Ave",,,,State,2026-08-30T21:43:41.512264Z
a074ba880a13e22a,IL,"TreeHouse Private Brands, Inc.",TreeHouse Private Brands,,"South Beloit, 1450 Pate Plaza Dr",,,,State,2026-08-30T21:43:41.512264Z
63e5ec0baa13f41c,IL,"KSM Electronics, Inc.",KSM Electronics,,"Warrenville, 27745 Diehl Rd",,,,State,2026-08-30T21:43:41.512264Z
15d8d46490b3a1ea,IL,"Acero Charter Schools, Inc. (at Sor Juana Ines de la Cruz K-12)","Acero Charter Schools, Inc. (at Sor Juana Ines de la Cruz K-12)",,"Chicago, 7416 N Ridge Blvd.",,,,State,2026-08-30T21:43:41.512264Z
51aa44caf22b0ca7,IL,Starved Rock Wood Products LLC,Starved Rock Wood Products,,"Mendota, 1501 Washington St",,,,State,2026-08-30T21:43:41.512264Z
859ce20b3c6b1a99,IL,"ILLINOIS VALLEY MILLWORKS, INC",Illinois Valley Millworks,,"Mendota, 1605 Division St",,,,State,2026-08-30T21:43:41.512264Z
3335a59a705b8df6,IL,"PDS Industries and Weinstein Industries, LLC",PDS Industries and Weinstein Industries,,"Forest Park, 7501 Industrial Drive",,,,State,2026-08-30T21:43:41.512264Z
681b4870c04f60c5,IL,US Cellular Corporation,US Cellular,,"Chicago, 8410 W Bryn Mawr Ave. additional multiple statewide locations",,,,State,2026-08-30T21:43:41.512264Z
676b842a14b6c04c,IL,Cardinal Logistics Management Corporation,Cardinal Logistics Management,,"Naperville, 543 Frontenac Ct.",,,,State,2026-08-30T21:43:41.512264Z
af8f91dc2b3184cb,IL,"United Facilities, Inc.",United Facilities,,"Galesburg, 1557 S Henderson St",,,,State,2026-08-30T21:43:41.512264Z
8a5ea68f57b11dac,IL,Elkay Plumbing Products Company,Elkay Plumbing Products,,"Savanna, 6400 Penn Ave.",,,,State,2026-08-30T21:43:41.512264Z
2f6a45c3edb7df81,IL,International Flavors & Fragrances Inc.,International Flavors & Fragrances,,"Thomson, 10994 Three Mile Rd",,,,State,2026-08-30T21:43:41.512264Z
ce1fe258dea2de3e,IL,Hubbell Incorporated,Hubbell,,"Freeburg, 501 W. Apple Street",,,,State,2026-08-30T21:43:41.512264Z
c8d1438f1a855ecd,IL,Oak View Group at McCormick Place,Oak View Group at McCormick Place,,"Chicago, 2301 S. Martin Luther King Dr.",,,,State,2026-08-30T21:43:41.512264Z
cc57a2864ea12ecd,IL,Bristol Myers Squibb,Bristol Myers Squibb,,"Libertyville, 1930 & 1950 Innovation Way, 1900 & 1940 USG Dr.",,,,State,2026-08-30T21:43:41.512264Z
ad75608b6e38b585,IL,Cleveland-Cliffs Riverdale LLC,Cleveland-Cliffs Riverdale,,"Riverdale, 13500 S Perry Ave",,,,State,2026-08-30T21:43:41.512264Z
f326441123f5bdb8,IL,"First Student, Inc.",First Student,,"Tolono, 619 US Route 45",,,,State,2026-08-30T21:43:41.512264Z
c8ca171167d802c6,IL,Health Alliance Medical Plan,Health Alliance Medical Plan,,"Champaign, 3310 Fields South Dr",,,,State,2026-08-30T21:43:41.512264Z
6bbcda165ed14e8e,IL,"LanzaTech Global, Inc.",LanzaTech Global,,"Skokie, 8045 Lamon Ave Ste 400",,,,State,2026-08-30T21:43:41.512264Z
15bf315e63a79131,IL,"GMRI, Inc.",GMRI,,"Schaumburg, 406 E Golf Rd",,,,State,2026-08-30T21:43:41.512264Z
8328dc59b6a5bdc6,IL,"Ametek Bison Gear & Engineering, Inc.",Ametek Bison Gear & Engineering,,"Saint Charles, 3850 Ohio Ave",,,,State,2026-08-30T21:43:41.512264Z
0f06069620a79486,IL,"Demar Direct, Inc.",Demar Direct,,"Lombard, 1133 N Ridge Ave",,,,State,2026-08-30T21:43:41.512264Z
3ab026ff18a965c7,IL,"American Water Resources, LLC",American Water Resources,,"Alton, 111 East 4th Street",,,,State,2026-08-30T21:43:41.512264Z
aedaecdbb14d955f,IL,"Nordstrom Credit, Inc.",Nordstrom Credit,,"multiple, multiple remote IL locations",,,,State,2026-08-30T21:43:41.512264Z
36f2bf69f97be4f9,IL,Strategix Management,Strategix Management,,"Joliet, 1101 Mills Road",,,,State,2026-08-30T21:43:41.512264Z
04ab102b64e5dd8a,IL,"CareerBuilder, LLC and Monster Worldwide, LLC","CareerBuilder, LLC and Monster Worldwide",,"Chicago, 200 N La Salle St Ste 1100",,,,State,2026-08-30T21:43:41.512264Z
14c44687477d7bc5,IL,"Vonachen Group, Inc.",Vonachen Group,,"Pontiac, 1300 4h Park Road",,,,State,2026-08-30T21:43:41.512264Z
79b038191feca1ac,IL,"Transcendia, Inc.",Transcendia,,"Franklin Park, 9201 Belmont Ave Ste 100A",,,,State,2026-08-30T21:43:41.512264Z
7a0512cc73735008,IL,"Tyson Foods, Inc.",Tyson Foods,,"Rochelle, 600 Wiscold Dr",,,,State,2026-08-30T21:43:41.512264Z
2b0ff04a21dbb301,IL,OSF HealthCare Heart of Mary Medical Center,OSF HealthCare Heart of Mary Medical Center,,"Urbana, 1400 W Park St",,,,State,2026-08-30T21:43:41.512264Z
fb441182019180e2,IL,OSF Cardiovascular Institute and Medical Group,OSF Cardiovascular Institute and Medical Group,,"Urbana, 1405 W Park St",,,,State,2026-08-30T21:43:41.512264Z
a6b24dde1e24ccbe,IL,"IG Design Group Americas, Inc.",IG Design Group Americas,,"Shorewood, 21350 SW Frontage Rd",,,,State,2026-08-30T21:43:41.512264Z
fbf276b3b93b5a1a,IL,"Group 1001 Resources, LLC",Group 1001 Resources,,"Park Ridge, 250 South Northwest Highway, Suite 302",,,,State,2026-08-30T21:43:41.512264Z
42d4252580b17fe9,IL,LSC Communications Transport LLC,LSC Communications Transport,,"Bolingbrook, 1000 Windham Pkwy",,,,State,2026-08-30T21:43:41.512264Z
4aeaac0e315e0b62,IL,Mennie's Machine Company,Mennie's Machine,,"Mark, 10549 Mennie Ln",,,,State,2026-08-30T21:43:41.512264Z
df104905823aa39e,IL,"TreeHouse Foods, Inc.",TreeHouse Foods,,"Chicago, 4401 W 44th Place",,,,State,2026-08-30T21:43:41.512264Z
63f3958492e77a70,IL,Woodstock Christian Life Services,Woodstock Christian Life Services,,"Woodstock, 920 and 928 N Seminary Ave",,,,State,2026-08-30T21:43:41.512264Z
41ab54d1960dfcfb,IL,Capital One Financial Corporation,Capital One Financial,,"Riverwoods, 2500 Lake Cook Rd",,,,State,2026-08-30T21:43:41.512264Z
e8b277d64fe69de9,IL,"United Maintenance Company, Inc.",United Maintenance,,"Chicago, 1550 S Indiana Ave Ste 300",,,,State,2026-08-30T21:43:41.512264Z
9bc15aa3f8b0b312,IL,"Diverse Facility Solutions, Inc.",Diverse Facility Solutions,,"Alsip, 12838 S Cicero Ave",,,,State,2026-08-30T21:43:41.512264Z
ef2f360877bfd078,IL,The Roomplace Furniture and Mattress LLC,Roomplace Furniture and Mattress,,"Lombard, 1000 N Rohlwing Rd",,,,State,2026-08-30T21:43:41.512264Z
7f1f3eac1edb1b29,IL,"Revelyst, Inc.",Revelyst,,"Rantoul, 1001 Innovation Rd.",,,,State,2026-08-30T21:43:41.512264Z
3132c5a1684c19d5,IL,Weiss Memorial Hospital,Weiss Memorial Hospital,,"Chicago, 4700 N Marine Dr",,,,State,2026-08-30T21:43:41.512264Z
e9f5405b4d06053a,IL,"Air General, Inc.",Air General,,"Chicago, 516 Express Center Dr",,,,State,2026-08-30T21:43:41.512264Z
06fb8d857cd14c7f,IL,"TouchPoint Support Services, LLC (at Ascension Living St. Anne Place)","TouchPoint Support Services, LLC (at Ascension Living St. Anne Place)",,"Rockford, 4405 Highcrest Rd.",,,,State,2026-08-30T21:43:41.512264Z
c82acf9c8b692bfb,IL,"Rising Pharma Holdings, Inc.",Rising Pharma Holdings,,"Decatur, 1222 W Grand Ave 150 S Wyckles Rd",,,,State,2026-08-30T21:43:41.512264Z
494e796c273fb772,IL,Brookdale Senior Living (Brookdale Lake View),Brookdale Senior Living (Brookdale Lake View),,"Chicago, 3121 N Sheridan Road",,,,State,2026-08-30T21:43:41.512264Z
e63a1d4915f6517c,IL,Spirit Airlines (at O'Hare Airport),Spirit Airlines (at O'Hare Airport),,"Chicago, 10000 Bessie Coleman Dr.",,,,State,2026-08-30T21:43:41.512264Z
9b98d3db9353ad39,IL,"CNC Logistics, Inc.",CNC Logistics,,"Palatine, 315 S Hicks Road",,,,State,2026-08-30T21:43:41.512264Z
ef013496ccc51430,IL,Carolina Therapeutic Services,Carolina Therapeutic Services,,"Chicago, 2715 N Central Ave",,,,State,2026-08-30T21:43:41.512264Z
e9a228f2a7557164,IL,Chartwells at DePaul University,Chartwells at DePaul University,,"Chicago, 2250 N Sheffield Ave.",,,,State,2026-08-30T21:43:41.512264Z
e7327ae6334a4485,IL,Transform SR LLC,Transform SR,,"Manteno, 8374 N 4000 East Road",,,,State,2026-08-30T21:43:41.512264Z
fd2f852fed7fc7db,IL,Mauser Packaging Solutions,Mauser Packaging Solutions,,"Chicago, 3201 S. Millard Ave.",,,,State,2026-08-30T21:43:41.512264Z
c54bc0249b84e2e0,IL,"Acero Charter Schools, Inc. (at Carlos Fuentes Elementary School)","Acero Charter Schools, Inc. (at Carlos Fuentes Elementary School)",,"Chicago, 2845 W. Barry Ave.",,,,State,2026-08-30T21:43:41.512264Z
356e4f155c290da1,IL,"Acero Charter Schools, Inc. (at Rufino Tamayo Elementary School)","Acero Charter Schools, Inc. (at Rufino Tamayo Elementary School)",,"Chicago, 5135 S. California Ave.",,,,State,2026-08-30T21:43:41.512264Z
ce61bdae5d1bb453,IL,"Acero Charter Schools, Inc. (at Bartolome de Las Casas Elementary School)","Acero Charter Schools, Inc. (at Bartolome de Las Casas Elementary School)",,"Chicago, 1641 W. 16th St.",,,,State,2026-08-30T21:43:41.512264Z
96371d3b369ccc01,IL,"Acero Charter Schools, Inc. (at Esmeralda Santiago Elementary School)","Acero Charter Schools, Inc. (at Esmeralda Santiago Elementary School)",,"Chicago, 2510 W. Cortez St.",,,,State,2026-08-30T21:43:41.512264Z
35f58066a1a10bfb,IL,"Acero Charter Schools, Inc. (at Sandra Cisneros Elementary School)","Acero Charter Schools, Inc. (at Sandra Cisneros Elementary School)",,"Chicago, 2744 W. Pershing Rd.",,,,State,2026-08-30T21:43:41.512264Z
02e437e216d0d316,IL,"Virgin Hotels Chicago, LLC",Virgin Hotels Chicago,,"Chicago, 203 N Wabash Ave",,,,State,2026-08-30T21:43:41.512264Z
73aeb6d9265f349c,IL,"BAKER & TAYLOR, LLC",Baker & Taylor,,"Momence, 501 Gladiolus St",,,,State,2026-08-30T21:43:41.512264Z
9e82cb2df6e3281c,IL,"Ingersoll-Rand Industrial U.S., Inc.",Ingersoll-Rand Industrial U.S,,"Princeton, 1301 N. Euclid Ave.",,,,State,2026-08-30T21:43:41.512264Z
3970cdf5149c6e54,IL,"Fervalue USA, LLC",Fervalue,,"Chicago, 750 E 110th Street",,,,State,2026-08-30T21:43:41.512264Z
92699cbf4fadb35d,IL,The Fresh Market,Fresh Market,,"Naperville, 204 South Route 59",,,,State,2026-08-30T21:43:41.512264Z
aa07f646fdeb4cda,IL,"Winston Brands, Inc.",Winston Brands,,"Elk Grove Village, 2521 Busse Rd",,,,State,2026-08-30T21:43:41.512264Z
f7525f487e4d2c98,IL,Spirit Airlines,Spirit Airlines,,"Schiller Park, 3745 N 25th Ave.",,,,State,2026-08-30T21:43:41.512264Z
bae0e23acbefbdb7,IL,Georgia-Pacific LLC,Georgia-Pacific,,"Mount Olive, 900 S Route 66",,,,State,2026-08-30T21:43:41.512264Z
85fe0d201ae6f27e,IL,"Norvax, LLC",Norvax,,"Chicago, 222 W Merchandise Mart Plaza #1750",,,,State,2026-08-30T21:43:41.512264Z
6f67ec95800b5956,IL,"Printpack, Inc.",Printpack,,"Elgin, 1400 Abbott Dr",,,,State,2026-08-30T21:43:41.512264Z
e5a94f810fa8fe0c,IL,"Consolidated Hospitality Supplies, LLC",Consolidated Hospitality Supplies,,"Vernon Hills, 544 Lakeview Pkwy Ste 300",,,,State,2026-08-30T21:43:41.512264Z
65aeffb562191bc8,IL,"Oak Street Health MSO, LLC",Oak Street Health MSO,,"Chicago, 30 W Monroe St., Suite 1200",,,,State,2026-08-30T21:43:41.512264Z
c939669c806883a1,IL,"Remke Industries, Inc.",Remke Industries,,"Vernon Hills, 730 Lakeview Parkway",,,,State,2026-08-30T21:43:41.512264Z
41d7a11877bbca0b,IL,"PharmaCann, Inc.",PharmaCann,,"Dwight, 1200 E Mazon St.",,,,State,2026-08-30T21:43:41.512264Z
f48d298366b0a135,IL,Essendant Co.,Essendant,,"Greenville, 2000 Wolf Industrial Park",,,,State,2026-08-30T21:43:41.512264Z
c2315ec892f48557,IL,"APL Logistics, Ltd.",APL Logistics,,"Minooka, 1460 Cargo Ct",,,,State,2026-08-30T21:43:41.512264Z
5ba23a12bf524736,IL,S&S Activewear,S&S Activewear,,"Bolingbrook, 760 W Crossroads Pkwy",,,,State,2026-08-30T21:43:41.512264Z
4321fe6ee0075bdb,IL,"Microplastics, Inc.",Microplastics,,"Saint Charles, 406 38TH Ave",,,,State,2026-08-30T21:43:41.512264Z
66708e44192ee41e,IL,Everest Insurance,Everest Insurance,,"Chicago, 222 S Riverside Plaza",,,,State,2026-08-30T21:43:41.512264Z
4acd4d2bcf973ee4,IL,Founders Insurance Company,Founders Insurance,,"Des Plaines, 1350 E Touhy Ave Ste 200W",,,,State,2026-08-30T21:43:41.512264Z
50a3914a22aea587,IL,Sumitomo Mitsui Banking Corporation,Sumitomo Mitsui Banking,,"New York, 277 Park Ave",,,,State,2026-08-30T21:43:41.512264Z
0c5f66a1d2baaab6,IL,"GXO Logistics Supply Chain, Inc.",GXO Logistics Supply Chain,,"Romeoville, 1551 W Normantown Rd",,,,State,2026-08-30T21:43:41.512264Z
0bdf8318b7849468,IL,"Alton Steel, Inc.",Alton Steel,,"Alton, 5 Cut St",,,,State,2026-08-30T21:43:41.512264Z
53683289a480c11c,IL,Amazonfresh LLC,Amazonfresh,,"Naperville, 3116 Route 59 Hwy, Suite 104",,,,State,2026-08-30T21:43:41.512264Z
e8c84536669af3a6,IL,Kroger,Kroger,,"Maywood, 1900 S Maywood Dr.",,,,State,2026-08-30T21:43:41.512264Z
8ffcd594a82345c6,IL,"T-Mobile USA, Inc.",T-Mobile,,"Schaumburg, 50 Commerce Dr., Suite 130",,,,State,2026-08-30T21:43:41.512264Z
92a9cc4c5c47c0e0,IL,Alverno Laboratories (at Franciscan Health Olympia Fields),Alverno Laboratories (at Franciscan Health Olympia Fields),,"Olympia Fields, 20201 S. Crawford Ave.",,,,State,2026-08-30T21:43:41.512264Z
e69f22a3f00b95ba,IL,Wells Fargo,Wells Fargo,,"Rosemont, 9377 W Higgins Rd.",,,,State,2026-08-30T21:43:41.512264Z
a3cead796905dbde,IL,"First Brands Group, LLC (Midwest Distribution Center)","First Brands Group, LLC (Midwest Distribution Center)",,"McHenry, 4400 Prime Pkwy, 1100 Corporate Dr., 1380 Corporate Dr.",,,,State,2026-08-30T21:43:41.512264Z
0408feaf77bbace9,IL,"Panera, LLC",Panera,,"Elk Grove Village, 1490 Chase Ave",,,,State,2026-08-30T21:43:41.512264Z
b7522c974042e385,IL,Franciscan Health Olympia Fields,Franciscan Health Olympia Fields,,"Olympia Fields, 20201 S. Crawford Ave.",,,,State,2026-08-30T21:43:41.512264Z
337d6f96a8d92b7a,IL,"Specialty Physicians of Illinois, LLC",Specialty Physicians of Illinois,,"Chicago Heights, 1400 Otto Blvd.",,,,State,2026-08-30T21:43:41.512264Z
9fc80de120c11d89,IL,Heartland Human Care Services (International Children Center),Heartland Human Care Services (International Children Center),,"Chicago, 1620 W Chase",,,,State,2026-08-30T21:43:41.512264Z
2b33d33b67c34be2,IL,Heartland Human Care Services (International Children Center at Beverly),Heartland Human Care Services (International Children Center at Beverly),,"Chicago, 1209 W 98th St.",,,,State,2026-08-30T21:43:41.512264Z
d9905e816a79f7a6,IL,Heartland Human Care Services (Casa Heartland at Princeton),Heartland Human Care Services (Casa Heartland at Princeton),,"Chicago, 1628 W Morse Ave.",,,,State,2026-08-30T21:43:41.512264Z
2ec90683f05f36f2,IL,Heartland Human Care Services (Child Welfare Agency),Heartland Human Care Services (Child Welfare Agency),,"Chicago, 4822 N Broadway Ave.",,,,State,2026-08-30T21:43:41.512264Z
64e20d0c66fc3e30,IL,"First Brands Group (Champion Laboratories, Inc.-multiple sites)","First Brands Group (Champion Laboratories, Inc.-multiple sites)",,"Albion, 200 S 4TH St",,,,State,2026-08-30T21:43:41.512264Z
b70e542938b4b0fe,IL,"H&M Fashion USA, Inc.",H&M Fashion,,"Chicago, 175 W Jackson Blvd., Suite 1630",,,,State,2026-08-30T21:43:41.512264Z
ee39818abe153518,IL,"TRELLEBORG SEALING SOLUTIONS US, INC.",Trelleborg Sealing Solutions US,,"Streamwood, 901 Phoenix Lake Ave",,,,State,2026-08-30T21:43:41.512264Z
1f3884a802ec5dc1,IL,ILLINOIS CENTRAL SCHOOL BUS,Illinois Central School Bus,,"Waterloo, 108 Westview Plaza Dr",,,,State,2026-08-30T21:43:41.512264Z
3e78527948c8b397,IL,"Millwood, Inc.",Millwood,,"Melrose Park, 5000 Proviso Dr Ste 1",,,,State,2026-08-30T21:43:41.512264Z
8ce7522dfb1b6f04,IL,Aspira Inc. of Illinois,Aspira Inc. of Illinois,,"Chicago, 3013 N Monticello Ave. 3986 W Barry Ave.",,,,State,2026-08-30T21:43:41.512264Z
343fb515c86e2660,IL,Saks Fifth Avenue,Saks Fifth Avenue,,"Chicago, 700 N Michigan Ave.",,,,State,2026-08-30T21:43:41.512264Z
f462a81c9eb85d19,IL,Trinity Christian College,Trinity Christian College,,"Palos Heights, 6601 W College Dr",,,,State,2026-08-30T21:43:41.512264Z
bdeb6c771b91ec7f,IL,Windy City Supply Chain LLC,Windy City Supply Chain,,"Chicago, 2424 S Halsted Ave.",,,,State,2026-08-30T21:43:41.512264Z
e8e0227371d4a8c7,IL,Walmart Inc.,Walmart,,"Matteson, 21430 S Cicero Ave.",,,,State,2026-08-30T21:43:41.512264Z
7c44f1cbe781615d,IL,"Hyster-Yale Materials Handling, Inc.",Hyster-Yale Materials Handling,,"Danville, 1010 E Fairchild St",,,,State,2026-08-30T21:43:41.512264Z
6e374a2382fe9c93,IL,Southwest Airlines Co.,Southwest Airlines,,"Chicago, 10000 W Ohare Ave",,,,State,2026-08-30T21:43:41.512264Z
f063e0aaf93ca88d,IL,Heartland Human Care Services (ICRC),Heartland Human Care Services (ICRC),,"Chicago, 3500 S. Giles",,,,State,2026-08-30T21:43:41.512264Z
2944a42ae8390ef3,IL,"Aramark Campus, LLC - at Plainfield Community School District","Aramark Campus, LLC - at Plainfield Community School District",,"Plainfield, 24120 Fort Beggs Dr.",,,,State,2026-08-30T21:43:41.512264Z
32df033ac5c2fd3c,IL,Dana Incorporated,Dana,,"Robinson, 1201 E Victor Dana Dr.",,,,State,2026-08-30T21:43:41.512264Z
bd838c499b6c0805,IL,GERRESHEIMER GLASS INC.,Gerresheimer Glass,,"Chicago Heights, 1131 Arnold St",,,,State,2026-08-30T21:43:41.512264Z
b92f6e5a12dc56bf,IL,"Resilience Healthcare - West Suburban Medical Center, LLC",Resilience Healthcare - West Suburban Medical Center,,"Oak Park, 3 Erie Ct",,,,State,2026-08-30T21:43:41.512264Z
65681548650e3120,IL,IRON GALAXY STUDIOS LLC,Iron Galaxy Studios,,"Chicago, 125 S Clark St Ste 300",,,,State,2026-08-30T21:43:41.512264Z
b4b9dbfcc42c255d,IL,"DSV Contract Logistics, LLC",DSV Contract Logistics,,"Edwardsville, 3051 Gateway Commerce Center Drive South",,,,State,2026-08-30T21:43:41.512264Z
a96b18dae5935058,IL,Luttrell Staffing Group - at Freudenberg Filtration II,Luttrell Staffing Group - at Freudenberg Filtration II,,"Belvidere, 1805 Industrial Court",,,,State,2026-08-30T21:43:41.512264Z
c189c2643181ac35,IL,KLEO Community Family Life Center,KLEO Community Family Life Center,,"Chicago, 640 W Irving Park Rd",,,,State,2026-08-30T21:43:41.512264Z
b123f1dbc2ed3719,IL,UnityPoint Health (at Rock Island Trinity West Hospital),UnityPoint Health (at Rock Island Trinity West Hospital),,"Rock Island, 2701 17th Street",,,,State,2026-08-30T21:43:41.512264Z
423a442b1e2cedcc,IL,"Wargaming (USA), Inc.",Wargaming (USA),,"Chicago, 1 S Wacker Dr, Suite 500",,,,State,2026-08-30T21:43:41.512264Z
e8a2e3499a23f916,IL,Ideal US Talent Systems Worker Opco LLC,Ideal US Talent Systems Worker Opco,,"Bloomington, 3311 E Old Shakopee Rd",,,,State,2026-08-30T21:43:41.512264Z
a603185fc89c96e1,IL,"Grocery Delivery E-Services USA, Inc.",Grocery Delivery E-Services,,"Burr Ridge, 340 Shore Drive",,,,State,2026-08-30T21:43:41.512264Z
51a7588f5682e51d,IL,MDMartin LLC,MDMartin,,"Matteson, 21500 Gateway Dr.",,,,State,2026-08-30T21:43:41.512264Z
900d3eddfdd4c3bc,IL,"Randstad Inhouse Services, LLC (at Factor 75)","Randstad Inhouse Services, LLC (at Factor 75)",,"Burr Ridge, 340 Shore Drive",,,,State,2026-08-30T21:43:41.512264Z
64a70bd09c103209,IL,"Optum Services, Inc,",Optum Services,,"Moline, 4300 44th Ave.",,,,State,2026-08-30T21:43:41.512264Z
b083838428849614,IL,Hawthorne Race Course,Hawthorne Race Course,,"Stickney, 3501 S. Laramie multiple additional locations",,,,State,2026-08-30T21:43:41.512264Z
a46db192b6ffc7c7,IL,Saddle Creek Corporation,Saddle Creek,,"Edwardsville, 12 Gateway Commerce Center Dr E",,,,State,2026-08-30T21:43:41.512264Z
0320dc7b707af678,IL,Eklind Tool Co.,Eklind Tool,,"Franklin Park, 11040 King St",,,,State,2026-08-30T21:43:41.512264Z
43d6746dd50b7f52,IL,"Republic National Distributing Company, LLC",Republic National Distributing,,"Niles, 6600 W. Howard Street",,,,State,2026-08-30T21:43:41.512264Z
5707d3a9574eef9b,IL,"Techmer PM, LLC",Techmer PM,,"Elk Grove Village, 2245 & 2239 Pratt Blvd.",,,,State,2026-08-30T21:43:41.512264Z
0c1b6536006f927b,IL,D & H DISTRIBUTING COMPANY,D & H Distributing,,"Bolingbrook, 1455A Remington Blvd",,,,State,2026-08-30T21:43:41.512264Z
9ce191a4cc59b4b1,IL,Precision Practice Management,Precision Practice Management,,"Waukegan, 1324 N. Sheridan Rd.",,,,State,2026-08-30T21:43:41.512264Z
bd869efe3a04f387,IL,INEOS Styrolution America LLC,INEOS Styrolution America,,"Channahon, 25846 SW frontage Rd",,,,State,2026-08-30T21:43:41.512264Z
0443fbae8c30ce1b,IL,"Eurofins Environment Testing North Central, LLC",Eurofins Environment Testing North Central,,"Geneva, 1950 S. Batavia Ave., Suite 150",,,,State,2026-08-30T21:43:41.512264Z
37386e4468ff2e93,IL,"CJ Logistics America, LLC",CJ Logistics America,,"University Park, 300 Central Avenue",,,,State,2026-08-30T21:43:41.512264Z
e901ff2e1c966018,IL,"Simon Bros. Bakery, LLC",Simon Bros. Bakery,,"Skokie, 4820 Washington St",,,,State,2026-08-30T21:43:41.512264Z
3001931678270480,IL,"Niagara Bottling, LLC and Waters of America","Niagara Bottling, LLC and Waters of America",,"Woodridge, 10220 Werch Dr",,,,State,2026-08-30T21:43:41.512264Z
1c9b9bfe46b5a78c,IL,Sunrise Transportation (Rockford Public Schools),Sunrise Transportation (Rockford Public Schools),,"Rockford, 5235 26th Ave.",,,,State,2026-08-30T21:43:41.512264Z
ab7ac1b187ce4918,IL,SCR Medical Transportation LLC,SCR Medical Transportation,,"Chicago, 8835 S Greenwood Ave.",,,,State,2026-08-30T21:43:41.512264Z
854ce9d2cee739b4,IL,"GreenWood, Inc.",GreenWood,,"Hanover Park, 850 Central Ave.",,,,State,2026-08-30T21:43:41.512264Z
c0d43e0d5c872fa1,IL,Nordstrom,Nordstrom,,"Lombard, 100 Yorktown Center",,,,State,2026-08-30T21:43:41.512264Z
8d69d9178e64295e,IL,Silver Star Protection Group,Silver Star Protection Group,,"Rolling Meadows, 3601 Algonquin Rd.",,,,State,2026-08-30T21:43:41.512264Z
d942040126c71a79,IL,"TV Hardware Distribution, LLC",TV Hardware Distribution,,"Chicago, 8600 W Bryn Mawr Ave.",,,,State,2026-08-30T21:43:41.512264Z
f846a1d15cc121d4,IL,Fortrex (at Tyson Foods),Fortrex (at Tyson Foods),,"Hillsdale, 28424 38TH Ave. North",,,,State,2026-08-30T21:43:41.512264Z
948112a746c81a92,IL,MAT HOLDINGS INC.,Mat Holdings,,"Romeoville, 821 W Bluff Rd",,,,State,2026-08-30T21:43:41.512264Z
166d027a63cd484f,IL,"BFG Supply Company, LLC",BFG Supply,,"Danville, 70 Eastgate Dr.",,,,State,2026-08-30T21:43:41.512264Z
881cfb874adbc93a,IL,"AMES DEPARTMENT STORES, INC.",Ames Department Stores,,"ROCKY HILL, 2418 MAIN STREET",,,,State,2026-08-30T21:43:41.512264Z
f94f643a40023735,IL,ALLSTATE,Allstate,,"NORTHBROOK, ALLSTATE PLAZA SOUTH",,,,State,2026-08-30T21:43:41.512264Z
04e547dc9f19477c,IL,"USG INTERIORS, INC",Usg Interiors,,"ROSELLE, 1105 STEVENSON CT, SUITE 103-E",,,,State,2026-08-30T21:43:41.512264Z
962a55a022538600,IL,CARBIDE INTERNATIONAL,Carbide International,,"CHICAGO, 5740 NORTH TRIPP AVENUE",,,,State,2026-08-30T21:43:41.512264Z
ae5128859430518d,IL,ILLINI FEDERAL SAVINGS AND LOAN ASSOCIATION,Illini Federal Savings and Loan Association,,"FAIRVIEW HEIGHTS, 15 EXECUTIVE DRIVE",,,,State,2026-08-30T21:43:41.512264Z
a666b9bed5d72a0a,IL,JENNISON-WRIGHT CORPORATION,Jennison-Wright,,"GRANITE CITY, 900 WEST 22ND STREET",,,,State,2026-08-30T21:43:41.512264Z
a3872ecd361b92e5,IL,Rheem Manufacturing Company,Rheem Manufacturing,,"Chicago, 7600 S Kedzie Ave",,,,State,2026-08-30T21:43:41.512264Z
3dfea6f731d0ad04,IL,PROCTER AND GAMBLE MANUFACTURING COMPANY,Procter and Gamble Manufacturing,,"CHICAGO, 1232 WEST NORTH AVENUE",,,,State,2026-08-30T21:43:41.512264Z
4adef54d943aa9d0,IL,CONSOLIDATION COAL/REND LAKE MINE,Consolidation Coal/Rend Lake Mine,,"SESSER, ROUTE 148 NORTH, BOX 566",,,,State,2026-08-30T21:43:41.512264Z
c319ccfea47f4bdc,IL,OLD BEN COAL COMPANY - MINE #21,Old Ben Coal Company - Mine,,"BENTON, 500 NORTH DUQUOIN STREET",,,,State,2026-08-30T21:43:41.512264Z
b45702a86f68f7e1,IL,STEWART-WARNER INSTRUMENT CORPORATION,Stewart-Warner Instrument,,"CHICAGO, 1826 WEST DIVERSEY PARKWAY",,,,State,2026-08-30T21:43:41.512264Z
d33919a008fb5902,IL,PEABODY COAL COMPANY,Peabody Coal,,"FREEBURG, ROUTE TWO PO BOX 20",,,,State,2026-08-30T21:43:41.512264Z
4565a16d730564ac,IL,"MIDWEST FOLDING CARTON, INC.",Midwest Folding Carton,,"ROSEMONT, 7000 NORTH MANNHEIM ROAD",,,,State,2026-08-30T21:43:41.512264Z
d5bb6f8d78ad5062,IL,HYGRADE FOOD PRODUCTS CORPORATION,Hygrade Food Products,,"CHICAGO, 820 WEST FULTON STREET",,,,State,2026-08-30T21:43:41.512264Z
3dfb0843a2d4c343,IL,Lincoln Meat Company Inc,Lincoln Meat,,"Chicago, 3800 S Halsted St 08",,,,State,2026-08-30T21:43:41.512264Z
109f0524c22cec4b,IL,LOUIS ZAHN DRUG COMPANY,Louis Zahn Drug,,"MELROSE PARK, 1930 GEORGE STREET",,,,State,2026-08-30T21:43:41.512264Z
976ad1454e15f0c8,IL,GRINNEL CORPORATION,Grinnel,,"FRANKLIN PARK, 9325 KING STREET",,,,State,2026-08-30T21:43:41.512264Z
2d323fd4cd625d99,IL,TRASE MILLER TELESERVICES/DISCOVERY ZONE,Trase Miller Teleservices/Discovery Zone,,"OAKBROOK TERRACE, 17W642 BUTTERFIELD ROAD",,,,State,2026-08-30T21:43:41.512264Z
b467f9606c744767,IL,ETHYL PRODUCTS COMPANY,Ethyl Products,,"CHICAGO, 3217 NORTH KILPATRICK AVENUE",,,,State,2026-08-30T21:43:41.512264Z
5df09d79e2bd2e6d,IL,GALVA FOUNDRY COMPANY,Galva Foundry,,"GALVA, 102 SW 6TH AVENUE",,,,State,2026-08-30T21:43:41.512264Z
25d9bfcb3e4f9efa,IL,OLD KENT FINANCIAL COPR,Old Kent Financial Copr,,"OAK PARK, 1144 LAKE STREET",,,,State,2026-08-30T21:43:41.512264Z
98c94c8d6ec060f9,IL,PDM STRUCTURAL GROUP,PDM Structural Group,,"MELROSE PARK, 1600 N 25TH AVENUE",,,,State,2026-08-30T21:43:41.512264Z
a05dccc44d0fc93d,IL,BLACK DOT GRAPHICS,Black Dot Graphics,,"CHICAGO, 6115 & 6040 W FULLERTON",,,,State,2026-08-30T21:43:41.512264Z
2e149d19ad677931,IL,GLYNN-JOHNSON,Glynn-Johnson,,"CHICAGO, 4422 NORTH RAVENSWOOD AVE",,,,State,2026-08-30T21:43:41.512264Z
c65db1f484bfc265,IL,"TOWER AUTOMOTIVE, INC.",Tower Automotive,,"ROCKFORD, 5940 FALCON ROAD",,,,State,2026-08-30T21:43:41.512264Z
5055d03b7c93a8b0,IL,WAGON WHEEL RESTAURANT AND RESORT,Wagon Wheel Restaurant and Resort,,"ROCKTON, ROUTE 75",,,,State,2026-08-30T21:43:41.512264Z
bd46abd893078ff2,IL,MSL STAMPING DIVISION,MSL Stamping Division,,"JOLIET, CONNELL ST & MOEN AVENUE",,,,State,2026-08-30T21:43:41.512264Z
d07c9368c2730059,IL,World Book Inc,World Book,,"Chicago, 510 Merchandise Mart Plaza",,,,State,2026-08-30T21:43:41.512264Z
42dc9b4a6fe4fbc1,IL,TAYLORVILLE UNDERWRITING & PRODUCTION,Taylorville Underwriting & Production,,"TAYLORVILLE, LIBERTY MUTUAL",,,,State,2026-08-30T21:43:41.512264Z
ea6390822ca0c37f,IL,ROBESON'S DEPARTMENT STORE,Robeson's Department Store,,"CHAMPAIGN, 125 WEST MAIN",,,,State,2026-08-30T21:43:41.512264Z
56d63db7dd61a73c,IL,"DUCKWALL-ALCO STORES, INC.",Duckwall-Alco Stores,,"ABILENE, 401 COTTAGE STREET",,,,State,2026-08-30T21:43:41.512264Z
d85f07aab349a7f2,IL,"CANNON BALL INDUSTRIES, INC.",Cannon Ball Industries,,"HARVARD, 300 WEST FRONT STREET",,,,State,2026-08-30T21:43:41.512264Z
467e997b1dc190be,IL,BESLY PRODUCTS CORPORATION,Besly Products,,"SOUTH BELOIT, 100 DEARBORN AVENUE",,,,State,2026-08-30T21:43:41.512264Z
8181d50cef4c3744,IL,N. W. AYERS INCORPORATED,N. W. Ayers,,"CHICAGO, 111 EAST WACKER DRIVE",,,,State,2026-08-30T21:43:41.512264Z
e7e51add80aa56ef,IL,"BLODGETT OVEN COMPANY, INC.",Blodgett Oven,,"VILLA PARK, 245 SIDNEY COURT",,,,State,2026-08-30T21:43:41.512264Z
ee98c049920343ee,IL,Dynaflex Division of Cartex Corporation,Dynaflex Division of Cartex,,"Addison, 410 Factory Road",,,,State,2026-08-30T21:43:41.512264Z
49f59649480dc903,IL,DUPONT CRITICAL CARE,Dupont Critical Care,,"WAUKEGAN, 1600 WAUKEGAN ROAD",,,,State,2026-08-30T21:43:41.512264Z
fb0af0fd2735e019,IL,DATA DIMENSIONS CORPORATION,Data Dimensions,,"JANESVILLE, PO BOX 1465 MIDLAND ROAD",,,,State,2026-08-30T21:43:41.512264Z
516a7460283c474f,IL,"CHARLES SCHWAB COMPANY, INC.",Charles Schwab,,"CHICAGO, ONE FINANCIAL PLACE",,,,State,2026-08-30T21:43:41.512264Z
7d1018cd0cd10a75,IL,DESOTO INC.,Desoto,,"DES PLAINES, 1700 SOUTH MOUNT PROSPECT ROAD",,,,State,2026-08-30T21:43:41.512264Z
8648604d2cdb980a,IL,EASTERN AIRLINES INC.,Eastern Airlines,,"MIAMI, BLDG 16 MIAMI INT'L AIRPORT",,,,State,2026-08-30T21:43:41.512264Z
8635a67797900348,IL,ELECTRONIC DATA SYSTEMS CORPORATION,Electronic Data Systems,,"MADISON HGTS, 1410 14 MILE ROAD",,,,State,2026-08-30T21:43:41.512264Z
5f4e5195924e2a18,IL,EVERCO - A MOOG AUTOMOTIVE COMPANY,Everco - a Moog Automotive,,"SKOKIE, 8324 NORTH SKOKIE BLVD",,,,State,2026-08-30T21:43:41.512264Z
24c57fe38963f39a,IL,"EKCO-GLACO, INC.",Ekco-Glaco,,"CHICAGO, 1949 NORTH CICERO AVENUE",,,,State,2026-08-30T21:43:41.512264Z
1455d40c594ccbe3,IL,"PORTEC, INC.",Portec,,"LISLE, 4500 WESTERN AVENUE",,,,State,2026-08-30T21:43:41.512264Z
79b9f66b2bd52c20,IL,"E. WALTERS AND COMPANY, INC.",E. Walters and,,"ELK GROVE VILLGE, 333 NORTH KING STREET",,,,State,2026-08-30T21:43:41.512264Z
7fe8793ba3c16f52,IL,GANTON TECHNOLOGIES INC.,Ganton Technologies,,"ADDISON, 217 FAY AVENUE",,,,State,2026-08-30T21:43:41.512264Z
380d553e12a00316,IL,"EVERLOCK FASTENING SYSTEMS, INC.",Everlock Fastening Systems,,"CHICAGO, 1640 WEST HUBBARD",,,,State,2026-08-30T21:43:41.512264Z
63a3485bae9cdcf4,IL,CENTRAL LIFE ASSURANCE COMPANY,Central Life Assurance,,"VERNON HILLS, 700 DEERPATH ROAD",,,,State,2026-08-30T21:43:41.512264Z
8705e1f2c37749af,IL,TELEACTION CORPORATION,Teleaction,,"SCHAUMBURG, 1750 EAST GOLF ROAD",,,,State,2026-08-30T21:43:41.512264Z
6c0e196d76a8b9e3,IL,Associates Commercial Corporation,Associates Commercial,,"CHICAGO, 150 N MICHIGAN AVENUE",,,,State,2026-08-30T21:43:41.512264Z
265e6d41f01116a4,IL,National Material Limited Partnership,National Material Limited Partnership,,"Mendota, S 14TH AV",,,,State,2026-08-30T21:43:41.512264Z
90c05cf04b84ad04,IL,GENERAL MOTORS CORPORATION-BUICK/OLDSMOBILE/CADILLAC GROUP,General Motors Corporation-Buick/Oldsmobile/Cadillac Group,,"WILLOW SPRINGS, 79TH ST & WILLOW SPRINGS RD",,,,State,2026-08-30T21:43:41.512264Z
caedab2924b8822e,IL,"NORTHERN TELECOM, INC./COOK DIVISION","Northern Telecom, Inc./Cook Division",,"MORTON GROVE, 6201 OAKTON STREET",,,,State,2026-08-30T21:43:41.512264Z
a3cd5fdba70b74d5,IL,CHF INDUSTRIES,CHF Industries,,"CHICAGO, 2141 SOUTH JEFFERSON",,,,State,2026-08-30T21:43:41.512264Z
042b920eefd5c1df,IL,UNIVERSAL FOODS CORP.-LORRAINE CHEESE,Universal Foods Corp.-Lorraine Cheese,,"QUINCY, 751 NORTH JACKSON",,,,State,2026-08-30T21:43:41.512264Z
f765af2af04b5dcb,IL,Marathon Oil Company,Marathon Oil,,"Robinson, S Eaton St",,,,State,2026-08-30T21:43:41.512264Z
79bc5d1eee5c1628,IL,AMERICAN AMBASSADOR CASUALTY COMPANY,American Ambassador Casualty,,"NORTHBROOK, 900 SKOKIE BLVD",,,,State,2026-08-30T21:43:41.512264Z
e164dd02c80c5684,IL,Spring Illinois Coil Company Inc,Spring Illinois Coil,,"McHenry, 1415 Industrial Dr",,,,State,2026-08-30T21:43:41.512264Z
cb31be48a499a270,IL,THOMPSON MCKINNON SECURITIES,Thompson Mckinnon Securities,,"CHICAGO, 440 SOUTH LASALLE SUITE 2500",,,,State,2026-08-30T21:43:41.512264Z
56149bc3e3676a18,IL,WALKER PROCESS CORPORATION,Walker Process,,"AURORA, 840 NORTH RUSSELL AVENUE",,,,State,2026-08-30T21:43:41.512264Z
9e41b44a75145461,IL,AMERICA'S MORTGAGE SERVICE COMPANY,America's Mortgage Service,,"LISLE, 2900 OGDEN AVENUE",,,,State,2026-08-30T21:43:41.512264Z
56719f81822f31af,IL,EAGLE-PICHER AUTOMOTIVE GROUP,Eagle-Picher Automotive Group,,"PARIS, RT 133 WEST",,,,State,2026-08-30T21:43:41.512264Z
799f2f82da868997,IL,"NATICO, INC.",Natico,,"CHICAGO, 6700 SOUTH LECLAIRE AVENUE",,,,State,2026-08-30T21:43:41.512264Z
d51d5a1f673f1ae7,IL,GFC BRIDGEVIEW,GFC Bridgeview,,"BRIDGEVIEW, 7401 SOUTH 78TH AVENUE",,,,State,2026-08-30T21:43:41.512264Z
8150e2ddc02f1ec7,IL,"Courtyard By Chicago, Marriott","Courtyard By Chicago, Marriott",,"Schaumburg, 1311 American Ln",,,,State,2026-08-30T21:43:41.512264Z
c926651a60fe51ff,IL,"PPG INDUSTRIES, INC.",PPG Industries,,"LINCOLN, 1119 NORTH KICKAPOO STREET",,,,State,2026-08-30T21:43:41.512264Z
cf8a0b17a6592d59,IL,WASHINGTON NATIONAL INSURANCE COMPANY,Washington National Insurance,,"EVANSTON, 1630 CHICAGO AVENUE",,,,State,2026-08-30T21:43:41.512264Z
2edba8452f56fd10,IL,WALGREEN LABORATORIES,Walgreen Laboratories,,"BEDFORD PARK, 7201 SOUTH LEAMINGTON",,,,State,2026-08-30T21:43:41.512264Z
189a8912a3c0682d,IL,AT&T - CENTRALIA TSPS,AT&T - Centralia Tsps,,"CENTRALIA, 210 NORTH LOCUST",,,,State,2026-08-30T21:43:41.512264Z
2c337328c806a2d7,IL,BOHN HEAT TRANSFER,Bohn Heat Transfer,,"BEARDSTOWN, RT 125",,,,State,2026-08-30T21:43:41.512264Z
f65ea3592ab96c84,IL,Sears Telemarketing,Sears Telemarketing,,"Downers Grove, 3050 Finley Rd",,,,State,2026-08-30T21:43:41.512264Z
b38090bb1f76e929,IL,RELIANCE ELECTRIC / UTILITY PRODUCTS COMPANY,Reliance Electric / Utility Products,,"FRANKLIN PARK, 11333 ADDISON STREET",,,,State,2026-08-30T21:43:41.512264Z
62f5f9bcffdfbd1e,IL,CARSON PIRIE SCOTT & COMPANY,Carson Pirie Scott &,,"CHICAGO, 36 SOUTH WABASH",,,,State,2026-08-30T21:43:41.512264Z
f37043e7a06896cc,IL,ROSENBERT & LIEBENTRITT P.C.,Rosenbert & Liebentritt,,"CHICAGO, TWO NORTH RIVERSIDE PLAZA",,,,State,2026-08-30T21:43:41.512264Z
4a6712b6e3e841ef,IL,YMCA OF METROPOLITAN CHICAGO,Ymca of Metropolitan Chicago,,"CHICAGO, 30 W CHICAGO AVENUE",,,,State,2026-08-30T21:43:41.512264Z
672bfabc04808b34,IL,"PLASTICS, INC.",Plastics,,"WINNEBAGO, 501 NORTH ELIDA",,,,State,2026-08-30T21:43:41.512264Z
c8a4385758660f1e,IL,WEBER-STEPHENS PRODUCTS,Weber-Stephens Products,,"PALATINE, 200 EAST DANIELS ROAD",,,,State,2026-08-30T21:43:41.512264Z
7798c70736930eb2,IL,GROEN/DIVISION OF DOVER INDUSTRIES,Groen/Division of Dover Industries,,"ELK GROVE VILLGE, 1900 PRATT BULD",,,,State,2026-08-30T21:43:41.512264Z
d115e5e64d0af26b,IL,Y&S Candies Inc Hershey Food,Y&S Candies Inc Hershey Food,,"Moline, 2334 4TH Ave",,,,State,2026-08-30T21:43:41.512264Z
bfc440519d2e31c7,IL,Wabash Datatech Inc,Wabash Datatech,,"Huntley, 221 E Main St",,,,State,2026-08-30T21:43:41.512264Z
97d9bd96537b8ced,IL,APAC CUSTOMER SERVICES,Apac Customer Services,,"DANVILLE, 118 NORTH VERMILLION",,,,State,2026-08-30T21:43:41.512264Z
cf1b1c7d38bc078a,IL,FMC FOODTECH AGRICULTURAL MACHINERY,FMC Foodtech Agricultural Machinery,,"HOOPESTON, 103 EAST MAPLE STREET",,,,State,2026-08-30T21:43:41.512264Z
e72c042e110215f0,IL,SPARTON MANUFACTURING COMPANY,Sparton Manufacturing,,"FLORA, OLD US HWY 50W PO BOX 399",,,,State,2026-08-30T21:43:41.512264Z
2ce29b5a7cb4b819,IL,SCOT LAD FOODS,Scot Lad Foods,,"LANSING, 172725 VOLBRECHT RD",,,,State,2026-08-30T21:43:41.512264Z
b18c610c46426706,IL,MIDLAND COAL (RAPATEE FACILITY),Midland Coal (Rapatee Facility),,"FARMINGTON, WEST ROUTE 116",,,,State,2026-08-30T21:43:41.512264Z
746908af557563f4,IL,"MCR PRODUCTS, INC.",MCR Products,,"CHICAGO, 2324 S KENNETH AVENUE",,,,State,2026-08-30T21:43:41.512264Z
cd7ca3c3b3f08ea1,IL,LUTHERAN GENERAL HOSPITAL - LINCOLN PARK,Lutheran General Hospital - Lincoln Park,,"CHICAGO, 2035 NORTH LINCOLN AVENUE",,,,State,2026-08-30T21:43:41.512264Z
ccbd8c8534d02b05,IL,FAYETTE TUBULAR (SULLIVAN TUBULAR),Fayette Tubular (Sullivan Tubular),,"SULLIVAN, HIGHWAY 32 SOUTH",,,,State,2026-08-30T21:43:41.512264Z
69228c3cbf80b0a2,IL,The Home Insurance Company of Illinois Inc,Home Insurance Company of Illinois,,"Chicago, 10 S Riverside Plz FL 5",,,,State,2026-08-30T21:43:41.512264Z
385a3432216ad4ca,IL,LINCOLN NATIONAL CORPORATION,Lincoln National,,"DOWNERS GROVE, 1333 BUTTERFIELD ROAD",,,,State,2026-08-30T21:43:41.512264Z
5a691839fe305382,IL,USS-CHICAGO SERVICE CENTER,Uss-Chicago Service Center,,"CHICAGO, 208 S LASALLE STREET",,,,State,2026-08-30T21:43:41.512264Z
76f913c61e5edb27,IL,"Rogers Group, Inc.",Rogers Group,,"Nashville, 421 Great Circle Rd",,,,State,2026-08-30T21:43:41.512264Z
051a9965b9638a2e,IL,SARGENT-WELCH SCIENTIFIC CO./VWR,Sargent-Welch Scientific Co./Vwr,,"SKOKIE, 7400 NORTH LINDEN AVENUE",,,,State,2026-08-30T21:43:41.512264Z
d6aa45b7c53daed5,IL,Robert Morris College,Robert Morris College,,"Carthage, College Ave",,,,State,2026-08-30T21:43:41.512264Z
10e234cc39f62cf2,IL,Rockwell International Corporation,Rockwell International,,"Downers Grove, 2626 WARRENVILLE ROAD",,,,State,2026-08-30T21:43:41.512264Z
07e56e4a1fd03c0f,IL,UNR HOME PRODUCTS,Unr Home Products,,"PARIS, PO BOX 970",,,,State,2026-08-30T21:43:41.512264Z
8fc22b5ff4cde979,IL,AT&T,AT&T,,"CHAMPAIGN, 101 WEST CLARK STREET",,,,State,2026-08-30T21:43:41.512264Z
5e213fecca0ce019,IL,ST. JOSEPH'S HOSPITAL,ST. Joseph's Hospital,,"ALTON, 915 EAST FIFTH STREET",,,,State,2026-08-30T21:43:41.512264Z
1fb6c017a1407c71,IL,BLAZON-FLEXIBLE FLYER,Blazon-Flexible Flyer,,"DU QUOIN, 501 S LINE STREET",,,,State,2026-08-30T21:43:41.512264Z
f5bfcb364ec29317,IL,PETROLEUM ANALYZER CORP,Petroleum Analyzer,,"BELLWOOD, 2777 WASHINGTON BLVD",,,,State,2026-08-30T21:43:41.512264Z
3aa9acfd996891b8,IL,WORLD COLOR PRESS-SALEM,World Color Press-Salem,,"SALEM, PO BOX 700",,,,State,2026-08-30T21:43:41.512264Z
28553674813f9498,IL,G. E. APPLIANCES,G. E. Appliances,,"CICERO, 1540 SOUTH 54TH AVENUE",,,,State,2026-08-30T21:43:41.512264Z
bd0bda91d7dc1979,IL,HOME CURTAIN CORPORATION,Home Curtain,,"CHICAGO, 2735 WEST ARMITAGE AVENUE",,,,State,2026-08-30T21:43:41.512264Z
bd2e45b24950c8de,IL,MAXWELL COMMUNICATION CORPORATION,Maxwell Communication,,"BROADVIEW, 2900 SOUTH 25TH AVENUE",,,,State,2026-08-30T21:43:41.512264Z
765d194afe086bd7,IL,ALUMINUM MILLS CORPORATION,Aluminum Mills,,"LINCOLNSHIRE, 200 SCHELTER ROAD",,,,State,2026-08-30T21:43:41.512264Z
70de79665be26a67,IL,CONTINENTAL CONTAINER SYSTEMS,Continental Container Systems,,"WEST CHICAGO, 1700 HARVESTER RD PO BOX 2200",,,,State,2026-08-30T21:43:41.512264Z
5bcf490c1d8e8cd6,IL,UNIVAR CORPORATION,Univar,,"OAK BROOK, 600 HUNTER DRIVE",,,,State,2026-08-30T21:43:41.512264Z
c15200e4e8ac9df3,IL,ARA SERVICES - GROUND SERVICES INC.,Ara Services - Ground Services,,"CHICAGO, PO BOX 66-366",,,,State,2026-08-30T21:43:41.512264Z
9ffdf14b5acbc33b,IL,UARCO,Uarco,,"CHICAGO, 5000 SOUTH CALIFORNIA AVE",,,,State,2026-08-30T21:43:41.512264Z
b1dad45811fd2809,IL,ESAB WELDING,Esab Welding,,"CHICAGO, 3800 W 51ST STREET",,,,State,2026-08-30T21:43:41.512264Z
c4bbd3cbf9b8318b,IL,XCEL Laboratories Inc,XCEL Laboratories,,"Chicago, 7201 S Leamington Ave",,,,State,2026-08-30T21:43:41.512264Z
54b68f109221d8fc,IL,WICKES DATA SERVICES,Wickes Data Services,,"WHEELING, 1400 SOUTH WOLF ROAD",,,,State,2026-08-30T21:43:41.512264Z
bdf01f448c1ddb64,IL,CHRYSLER MOTORS CORPORATION,Chrysler Motors,,"BELVIDERE, 3000 WEST CHRYSLER DRIVE",,,,State,2026-08-30T21:43:41.512264Z
3c99bc0e1c1ed357,IL,"WORLD COLOR PRESS, INC.-MT. VERNON","World Color Press, Inc.-Mt. Vernon",,"MOUNT VERNON, 1 VERNWOOD DR PO BOX 1628",,,,State,2026-08-30T21:43:41.512264Z
5b2ad1b91a19aa22,IL,AMDURA NATIONAL DISTRIBUTION COMPANY,Amdura National Distribution,,"SOUTH HOLLAND, 2 WEST 166TH STREET",,,,State,2026-08-30T21:43:41.512264Z
357ad1156d48a4e5,IL,Sparton Engineered Products Inc-Flora Group,Sparton Engineered Products Inc-Flora Group,,"Flora, Old US Hwy 50 West",,,,State,2026-08-30T21:43:41.512264Z
994498e127481a46,IL,NU CAR CARRIERS,Nu Car Carriers,,"CHICAGO, 13511 SOUTH TORRENCE",,,,State,2026-08-30T21:43:41.512264Z
4600c65dbca2d365,IL,"Acme Frame Products, Inc.",Acme Frame Products,,"CHICAGO, 2622 NORTH PULASKI",,,,State,2026-08-30T21:43:41.512264Z
b0dbb1a7c4b2151a,IL,MT. SIANI HOSPITAL NORTH,MT. Siani Hospital North,,"CHICAGO, 2451 N HOWARD",,,,State,2026-08-30T21:43:41.512264Z
dc09d7d096e79344,IL,CHARLOTTE CHARLES INC.,Charlotte Charles,,"CHICAGO, 2501 NORTH ELSTON AVENUE",,,,State,2026-08-30T21:43:41.512264Z
a2be7885037cb268,IL,SEARS CATALOG DIVISION,Sears Catalog Division,,"CHICAGO, 3333 W ARLINGTON",,,,State,2026-08-30T21:43:41.512264Z
bd98d55fc5a956d3,IL,Baxter Healthcare Corp.,Baxter Healthcare,,"Deerfield, One Baxter Parkway",,,,State,2026-08-30T21:43:41.512264Z
2c76eb5ed4e5591e,IL,DRESHER - HARRIS-HUB PLANT,Dresher - Harris-Hub Plant,,"HARVEY, 15600 SOUTH COMMERCIAL AVE",,,,State,2026-08-30T21:43:41.512264Z
bf82fc56fae62f63,IL,UNIVERSAL MUSIC GROUP,Universal Music Group,,"PINCKNEYVILLE, 5466 STATE RTE 154",,,,State,2026-08-30T21:43:41.512264Z
2794494a77d80e89,IL,LENNON WALLPAPER COMPANY,Lennon Wallpaper,,"SHOREWOOD, 400 EARL ROAD",,,,State,2026-08-30T21:43:41.512264Z
03d150c5a7981dc7,IL,JJ SNACK FOODS,JJ Snack Foods,,"CHICAGO HEIGHTS, 401 E JOE ORR ROAD",,,,State,2026-08-30T21:43:41.512264Z
f99f985062e11421,IL,CHICAGO FINANCIAL CENTER,Chicago Financial Center,,"CHICAGO, US DEPT OF TREASURY 536 SOUTH CLARK ST ROOM 214",,,,State,2026-08-30T21:43:41.512264Z
f58b552e8eb14c33,IL,PILLSBURY,Pillsbury,,"SPRINGFIELD, 1525 EAST PHILLIPS",,,,State,2026-08-30T21:43:41.512264Z
82382faf45fff733,IL,SCOTTFORESMAN AND COMPANY,Scottforesman and,,"GLENVIEW, 1900 EAST LAKE AVENUE",,,,State,2026-08-30T21:43:41.512264Z
a5e820c5758e2141,IL,Peterson Vogel Company Inc,Peterson Vogel,,"Elmhurst, Route 83 & Madison",,,,State,2026-08-30T21:43:41.512264Z
b543758677810035,IL,CENTRAL COMMUNITY HOSPITAL,Central Community Hospital,,"CHICAGO, 5701 SOUTH WOOD STREET",,,,State,2026-08-30T21:43:41.512264Z
dc520197b4dc788b,IL,"DREXEL BURNHAM LAMBERT, INC.",Drexel Burnham Lambert,,"CHICAGO, 1 SOUTH WACKER DRIVE",,,,State,2026-08-30T21:43:41.512264Z
44853039f52d997d,IL,WILSON JONES COMPANY,Wilson Jones,,"CHICAGO, 6150 TOUHY AVENUE",,,,State,2026-08-30T21:43:41.512264Z
1a38247dbd6dc693,IL,"BRIDAL ORIGINALS, INC.",Bridal Originals,,"SAINT LOUIS, 1717 OLIVE STREET",,,,State,2026-08-30T21:43:41.512264Z
364ac7ced99341cc,IL,"MERRILL LYNCH, PIERCE, FENNER & SMITH, INC.","Merrill Lynch, Pierce, Fenner & Smith",,"CHICAGO, 175 WEST JACKSON BLVD 3RD FL",,,,State,2026-08-30T21:43:41.512264Z
bf8ce5198e537339,IL,National Steel Service Center,National Steel Service Center,,"Evanston, 2424 W Oakton",,,,State,2026-08-30T21:43:41.512264Z
3a21ad4da31aca9a,IL,AMERICAN GENERATOR & ARMATURE COMPANY,American Generator & Armature,,"SKOKIE, 3610 TOUHY AVE PO BOX 665",,,,State,2026-08-30T21:43:41.512264Z
40f22a51961dec59,IL,BEST FOODS BAKING GROUP,Best Foods Baking Group,,"SCHAUMBURG, 601 EAST ALGONQUIN ROAD",,,,State,2026-08-30T21:43:41.512264Z
2f389f07c3860a0d,IL,HAMILTON LAMP CORPORATION,Hamilton Lamp,,"CHICAGO, 1304 S INDIANA",,,,State,2026-08-30T21:43:41.512264Z
34333b3296198c4f,IL,AT&T MONTGOMERY WORKS,AT&T Montgomery Works,,"MONTGOMERY, 800 SOUTH RIVER STREET",,,,State,2026-08-30T21:43:41.512264Z
9bcdddd757a7edc8,IL,BALLY MANUFACTURING,Bally Manufacturing,,"BENSENVILLE, 90 O'LEARY DR",,,,State,2026-08-30T21:43:41.512264Z
356e95a7377bfee5,IL,CAMPBELL SOUP CO,Campbell Soup,,"CHICAGO, 2550 W 35TH ST",,,,State,2026-08-30T21:43:41.512264Z
97ef93a74bb96bbe,IL,KENOSHA BEEF INTERNATIONAL,Kenosha Beef International,,"HEBRON, HEBRON DIV PO BOX 365",,,,State,2026-08-30T21:43:41.512264Z
12ebc68b66f0b691,IL,"JOSTENS, INC.",Jostens,,"ST CHARLES, 110 SOUTH 11TH AVENUE",,,,State,2026-08-30T21:43:41.512264Z
1430875665c69aac,IL,"ALLSTEEL, INC.",Allsteel,,"AURORA, ALLSTEEL DRIVE",,,,State,2026-08-30T21:43:41.512264Z
2a1c71979889ebe1,IL,ANR FREIGHT SYSTEM INC.,Anr Freight System,,"SOUTH HOLLAND, 605 WEST 172ND STREET",,,,State,2026-08-30T21:43:41.512264Z
cd63f1e35330e458,IL,APPLE COMPUTER INC.,Apple Computer,,"ROLLING MEADOWS, 5655 MEADOWBROOK IND COURT",,,,State,2026-08-30T21:43:41.512264Z
0b842f3874282b5c,IL,GNB INDUSTRIAL BATTERY COMPANY,GNB Industrial Battery,,"KANKAKEE, 2475 W STATION STREET",,,,State,2026-08-30T21:43:41.512264Z
f7df2f5ee7dac5c1,IL,Sara Lee Corporation,Sara Lee,,"Deerfield, 500 Waukegan Rd",,,,State,2026-08-30T21:43:41.512264Z
4e2b6087639dae13,IL,"CAC MICROCIRCUITS, INC.",Cac Microcircuits,,"MOUNT CARMEL, 2 SOUTHGATE DRIVE",,,,State,2026-08-30T21:43:41.512264Z
332949fa8bc05a55,IL,SEARS LOGISTICS SERVICES TRANSPORTATION,Sears Logistics Services Transportation,,"CHICAGO, 2800 SOUTH ASHLAND AVENUE",,,,State,2026-08-30T21:43:41.512264Z
4bad4b8ea59ceaec,IL,MARSHALL FIELD'S CENTRAL OFFICE,Marshall Field's Central Office,,"CHICAGO, 111 N STATE",,,,State,2026-08-30T21:43:41.512264Z
ac85454222fc2fbb,IL,WITTEK MANUFACTURING,Wittek Manufacturing,,"CHICAGO, 4305 WEST 24TH PLACE",,,,State,2026-08-30T21:43:41.512264Z
3d8a80adefc89d88,IL,"HIGHWAY & CITY TRANSPORTATION, INC.",Highway & City Transportation,,"CHICAGO, 2800 SOUTH ASHLAND AVENUE",,,,State,2026-08-30T21:43:41.512264Z
0e4c5256872a9911,IL,FT. SHERIDAN ARMY BASE,FT. Sheridan Army Base,,"FORT SHERIDAN, BUILDING 140",,,,State,2026-08-30T21:43:41.512264Z
dae3ac5eff65665f,IL,CHANUTE AIR FORCE BASE,Chanute Air Force Base,,"CHANUTE AIR BASE, 3345 MSSQ/MSC BLDG 242",,,,State,2026-08-30T21:43:41.512264Z
38d2b1a0b3594af6,IL,"JAKEL, INC.",Jakel,,"PALESTINE, 10156 NORTH 1725TH STREET",,,,State,2026-08-30T21:43:41.512264Z
22828113feb3b923,IL,OLIN CHEMICALS,Olin Chemicals,,"JOLIET, PO BOX 2219 PATTERSON ROAD",,,,State,2026-08-30T21:43:41.512264Z
a45ab5b739194b6a,IL,MILLWARD BROWN,Millward Brown,,"DECATUR, 1099 W WOOD STREET",,,,State,2026-08-30T21:43:41.512264Z
2e2aa0d7f6521245,IL,"UNIVERSAL COACH PARTS, INC.",Universal Coach Parts,,"DES PLAINES, 105 OAKTON STREET",,,,State,2026-08-30T21:43:41.512264Z
b2d1d01e87d4f207,IL,Belleville Shoe Manufacturing Company,Belleville Shoe Manufacturing,,"Belleville, PO Box 508 100 Premier Drive",,,,State,2026-08-30T21:43:41.512264Z
c6b95e826179c009,IL,"Simon Brothers Bakery, Inc.",Simon Brothers Bakery,,"Skokie, 4820 Washington St",,,,State,2026-08-30T21:43:41.512264Z
e1d13872ea0d1d9f,IL,Teh Eureka Co Bloomington IL,Teh Eureka Co Bloomington IL,,"Bloomington, 1201 Bell St",,,,State,2026-08-30T21:43:41.512264Z
41657ae24cdc250e,IL,"SEARS, ROEBUCK AND COMPANY","Sears, Roebuck and",,"CALUMET CITY, 2 RIVER OAKS S/C",,,,State,2026-08-30T21:43:41.512264Z
364c7922b2205f77,IL,A G Communication Systems Corporation,A G Communication Systems,,"GENOA, 333 EAST FIRST STREET",,,,State,2026-08-30T21:43:41.512264Z
97fa7dd3cfae2a62,IL,Woodstock Manufacturing Corporation-Die Cast Division,Woodstock Manufacturing Corporation-Die Cast Division,,"WOODSTOCK, 555 WHEELER STREET",,,,State,2026-08-30T21:43:41.512264Z
8699d39ace23d4e6,IL,"AMES DEPARTMENT STORES, INC.-STORE #2390",Ames Department Stores,,"ROUND LAKE, 901 EAST ROLLINS ROAD",,,,State,2026-08-30T21:43:41.512264Z
f7f02b309ce524dd,IL,"AMES DEPARTMENT STORES, INC.-STORE # 2370",Ames Department Stores,,"WAUKEGAN, 2727 WEST GRAND AVENUE",,,,State,2026-08-30T21:43:41.512264Z
7f1f036940e36972,IL,"AMES DEPARTMENT STORES, INC.-STORE #2323",Ames Department Stores,,"ROCKFORD, 6449 EAST STATE STREET",,,,State,2026-08-30T21:43:41.512264Z
a891a93dc468ef2c,IL,AT&T NETWORK SYSTEMS,AT&T Network Systems,,"OAK BROOK, 2215 S YORK ROAD",,,,State,2026-08-30T21:43:41.512264Z
cdd06aec461473cc,IL,"AMES DEPARTMENT STORES, INC.-STORE #2372",Ames Department Stores,,"ELGIN, 308 SOUTH MCLEAN BLVD",,,,State,2026-08-30T21:43:41.512264Z
394282cd2672198d,IL,"AMES DEPARTMENT STORES, INC.-STORE #2389",Ames Department Stores,,"AURORA, 2101 WEST GALENA BLVD",,,,State,2026-08-30T21:43:41.512264Z
8c86aa60196e0397,IL,"AMES DEPARTMENT STORES, INC.-STORE #2385",Ames Department Stores,,"WESTMONT, TEN WEST 63RD STREET",,,,State,2026-08-30T21:43:41.512264Z
2133cbaa12d821cb,IL,"AMES DEPARTMENT STORES, INC.-STORE #2383",Ames Department Stores,,"ADDISON, 240 WEST LAKE STREET",,,,State,2026-08-30T21:43:41.512264Z
489183cc29c5eee5,IL,"AMES DEPARTMENT STORES, INC.-STORE #2396",Ames Department Stores,,"WHEATON, 288 GENEVA ROAD",,,,State,2026-08-30T21:43:41.512264Z
347f0a6bb7bf3966,IL,"AMES DEPARTMENT STORES, INC.-STORE #2365",Ames Department Stores,,"RICHTON PARK, 22420 GOVERNOR'S HIGHWAY",,,,State,2026-08-30T21:43:41.512264Z
e70230e945810960,IL,"AMES DEPARTMENT STORES, INC.-STORE #2387",Ames Department Stores,,"HANOVER PARK, 1550 WEST IRVING PARK ROAD",,,,State,2026-08-30T21:43:41.512264Z
0a80f4ab0fef95ff,IL,"AMES DEPARTMENT STORES, INC.-STORE #2375",Ames Department Stores,,"HILLSIDE, 101 NORTH WOLF ROAD",,,,State,2026-08-30T21:43:41.512264Z
97b99ebcc058844c,IL,"AMES DEPARTMENT STORES, INC.-STORE #2366",Ames Department Stores,,"ORLAND PARK, 15754 LAGRANGE ROAD",,,,State,2026-08-30T21:43:41.512264Z
3329cb3abf664c2c,IL,"AMES DEPARTMENT STORES, INC.-STORE #2398",Ames Department Stores,,"LYONS, 3938 SOUTH HARLEM AVENUE",,,,State,2026-08-30T21:43:41.512264Z
8e84338df26ac6a6,IL,"AMES DEPARTMENT STORES, INC.-STORE #2359",Ames Department Stores,,"RIVER GROVE, 3141 NORTH THATCHER",,,,State,2026-08-30T21:43:41.512264Z
a13bebc2a66dce82,IL,"AMES DEPARTMENT STORES, INC.-STORE #2344",Ames Department Stores,,"MARKHAM, 2925 WEST 159TH STREET",,,,State,2026-08-30T21:43:41.512264Z
87a464e398e204cc,IL,"AMES DEPARTMENT STORES, INC.-STORE #2335",Ames Department Stores,,"BRIDGEVIEW, 8847 SOUTH HARLEM AVENUE",,,,State,2026-08-30T21:43:41.512264Z
f21992d30ed0d20e,IL,"AMES DEPARTMENT STORES, INC.-STORE #2347",Ames Department Stores,,"CHICAGO, 7212 NORTH CLARK STREET",,,,State,2026-08-30T21:43:41.512264Z
4b7eb775010417e6,IL,"AMES DEPARTMENT STORES, INC.-STORE #2352",Ames Department Stores,,"CHICAGO, 6211 NORTH LINCOLN AVENUE",,,,State,2026-08-30T21:43:41.512264Z
e9e2327cc12d738f,IL,"AMES DEPARTMENT STORES, INC.-STORE #2355",Ames Department Stores,,"CHICAGO, 4100 SOUTH ASHLAND AVENUE",,,,State,2026-08-30T21:43:41.512264Z
4a2082b720752abe,IL,"AMES DEPARTMENT STORES, INC.-STORE #2357",Ames Department Stores,,"CHICAGO, 125 WEST 87TH STREET",,,,State,2026-08-30T21:43:41.512264Z
e8f2e38a40435749,IL,"AMES DEPARTMENT STORES, INC.-STORE #2358",Ames Department Stores,,"CHICAGO, 3101 WEST 26TH STREET",,,,State,2026-08-30T21:43:41.512264Z
753e8f9290e8850b,IL,"AMES DEPARTMENT STORES, INC.-STORE #2368",Ames Department Stores,,"CHICAGO, 11440 SOUTH HALSTED STREET",,,,State,2026-08-30T21:43:41.512264Z
25a9ef8f9d57fad6,IL,"AMES DEPARTMENT STORES, INC.-STORE #2371",Ames Department Stores,,"CHICAGO, 4646 SOUTH HALSTED STREET",,,,State,2026-08-30T21:43:41.512264Z
191348da6835e274,IL,"AMES DEPARTMENT STORES, INC.-STORE #2373",Ames Department Stores,,"CHICAGO, 3839 WEST ARMITAGE AVENUE",,,,State,2026-08-30T21:43:41.512264Z
fa1de12caef1d454,IL,"AMES DEPARTMENT STORES, INC.-STORE #2388",Ames Department Stores,,"CHICAGO, 1360 NORTH ASHLAND AVENUE",,,,State,2026-08-30T21:43:41.512264Z
287188111182e702,IL,"AMES DEPARTMENT STORES, INC.-STORE #2395",Ames Department Stores,,"CHICAGO, 1450 NORTH CICERO AVENUE",,,,State,2026-08-30T21:43:41.512264Z
975e699f78633835,IL,"AMES DEPARTMENT STORES, INC.-STORE #2397",Ames Department Stores,,"CHICAGO, 2600 NORTH WESTERN AVENUE",,,,State,2026-08-30T21:43:41.512264Z
78076fd2892e36b3,IL,"AMES DEPARTMENT STORES, INC.-STORE #2399",Ames Department Stores,,"CHICAGO, 7538 STONEY ISLAND",,,,State,2026-08-30T21:43:41.512264Z
95f49ae4a0a6b2f9,IL,"AMES DEPARTMENT STORES, INC.-STORE #2343",Ames Department Stores,,"CHICAGO, 2650 COLUMBUS AVENUE",,,,State,2026-08-30T21:43:41.512264Z
8c705262d830d828,IL,"AMES DEPARTMENT STORES, INC.-STORE #2304",Ames Department Stores,,"JOLIET, 1500 NORTH LARKIN ROAD",,,,State,2026-08-30T21:43:41.512264Z
1e6e50672f7c6f8e,IL,"AMES DEPARTMENT STORES, INC.-STORE #2350",Ames Department Stores,,"CHAMPAIGN, 2002 WEST SPRINGFIELD AVENUE",,,,State,2026-08-30T21:43:41.512264Z
d82597fb718758fc,IL,"AMES DEPARTMENT STORES, INC.-STORE #2382",Ames Department Stores,,"DANVILLE, 1419 NORTH BOWMAN AVENUE",,,,State,2026-08-30T21:43:41.512264Z
061c2bd1d3ca5edb,IL,"AMES DEPARTMENT STORES, INC.-STORE #2348",Ames Department Stores,,"SPRINGFIELD, 3001 SOUTH 31ST STREET",,,,State,2026-08-30T21:43:41.512264Z
1d9e7c6146265eb4,IL,"AMES DEPARTMENT STORES, INC.-STORE #2360",Ames Department Stores,,"LANSING, 16771 TORRENCE AVENUE",,,,State,2026-08-30T21:43:41.512264Z
1212ba6fb909920d,IL,HARRIS BANK,Harris Bank,,"CHICAGO, 311 W MONROE STREET BOX 755",,,,State,2026-08-30T21:43:41.512264Z
cc8a176fb9870d65,IL,Sears Roebuck and Co.,Sears Roebuck and,,"Chicago, 1406 W 35TH St",,,,State,2026-08-30T21:43:41.512264Z
4d995948d16c7cac,IL,GE LAMP - MATTOON,GE Lamp - Mattoon,,"MATTOON, 1501 SOUTH 19TH",,,,State,2026-08-30T21:43:41.512264Z
0a97e8bac1665333,IL,FEDDERS APPLIANCES,Fedders Appliances,,"EFFINGHAM, 415 WABASH AVENUE BOX 200",,,,State,2026-08-30T21:43:41.512264Z
11051ab35fb677b0,IL,"EKCO HOUSEWARES, INC.",Ekco Housewares,,"CHICAGO, 1949 NORTH CICERO AVENUE",,,,State,2026-08-30T21:43:41.512264Z
3e656e7ca55c9bab,IL,DUKE ENGINEERING & SERVICES,Duke Engineering & Services,,"NAPERVILLE, 215 SHUMAN BLVD SUITE 172",,,,State,2026-08-30T21:43:41.512264Z
279377eb4c04bb35,IL,K MART CORPORATION - #9118,K Mart,,"KEWANEE, 157 WEST SOUTH STREET",,,,State,2026-08-30T21:43:41.512264Z
b0a2c91c5ddcbb68,IL,TREDEGAR MOLDED PRODUCTS COMPANY/POLYMOLD,Tredegar Molded Products Company/Polymold,,"CHICAGO, 3217 NORTH KILPATRICK AVENUE",,,,State,2026-08-30T21:43:41.512264Z
3d5b314f8f4350c8,IL,Weyerhaeuser Company,Weyerhaeuser,,"Itasca, 1225 W Bryn Mawr Ave",,,,State,2026-08-30T21:43:41.512264Z
11f7ae156e464bf2,IL,ZEIGLER OLD BEN COAL MINE #24,Zeigler Old Ben Coal Mine,,"BENTON, 11456 LICATA RD, BOX 40",,,,State,2026-08-30T21:43:41.512264Z
129ad67dd3dc7987,IL,ELIZABETH ARDEN SALON,Elizabeth Arden Salon,,"CHICAGO, 717 NORTH MICHIGAN AVENUE",,,,State,2026-08-30T21:43:41.512264Z
6f0d352208b8148d,IL,The Army United States Department of,Army United States Department of,,"Rock Island, 1 Rock Island Arsenal # 60",,,,State,2026-08-30T21:43:41.512264Z
0e532927b753b40c,IL,Stotler Group Inc,Stotler Group,,"Chicago, 200 W Adams St Ste 2400",,,,State,2026-08-30T21:43:41.512264Z
fe87d78914bd389c,IL,PHEOLL MANUFACTURING COMPANY,Pheoll Manufacturing,,"CHICAGO, 5700 WEST ROOSEVELT ROAD",,,,State,2026-08-30T21:43:41.512264Z
d476c96da1fc60f6,IL,"ETHAN ALLEN, INC.- VOLCKMAN DIVISION","Ethan Allen, Inc.- Volckman Division",,"MORRISON, 900 WEST WALL STREET",,,,State,2026-08-30T21:43:41.512264Z
1e501fabe69156a6,IL,John V Lucas Company Inc,John V Lucas,,"Chicago, 4100 W 40TH St",,,,State,2026-08-30T21:43:41.512264Z
a6d9a855cfb6c3e9,IL,THRALL CAR MANUFACTURING COMPANY,Thrall Car Manufacturing,,"CLINTON, RT. 51, PO BOX 271",,,,State,2026-08-30T21:43:41.512264Z
0b4dadf6cca68750,IL,ROCKFORD AUTOMATION,Rockford Automation,,"ROCKFORD, 1351 WINDSOR ROAD PO BOX 2906",,,,State,2026-08-30T21:43:41.512264Z
af094751f053b307,IL,I. MAGNIN - OAK BROOK,I. Magnin - Oak Brook,,"OAK BROOK, 5 OAK BROOK CENTER",,,,State,2026-08-30T21:43:41.512264Z
b8f445e9fd8ef825,IL,JOHNSON & JOHNSON CONSUMER PRODUCTS,Johnson & Johnson Consumer Products,,"LEMONT, I-55 & JOLIET ROAD",,,,State,2026-08-30T21:43:41.512264Z
cedaf624e7ca3166,IL,MCDONNELL DOUGLAS,Mcdonnell Douglas,,"ST. LOUIS, PO BOX 516",,,,State,2026-08-30T21:43:41.512264Z
27429a47e10623d6,IL,Unisys Inc Microporducts,Unisys Inc Microporducts,,"West Chicago, 1801 W Hawthorne Ln",,,,State,2026-08-30T21:43:41.512264Z
e592cc275ac2e705,IL,"Kolcraft Enterprises, Inc",Kolcraft Enterprises,,"Chicago, 5133 W 66TH St",,,,State,2026-08-30T21:43:41.512264Z
4eea23451139fabf,IL,MIDAS INTERNATIONAL CORP,Midas International,,"BEDFORD PARK, 5300 WEST 73RD STREET",,,,State,2026-08-30T21:43:41.512264Z
16a4596b4de8c822,IL,"ARCH OF ILLINOIS, INC.- DENMARK MINES","Arch of Illinois, Inc.- Denmark Mines",,"CAMPBELL HILL, TRICO ROAD RR 1",,,,State,2026-08-30T21:43:41.512264Z
2610229d21bb68b4,IL,"SWIFT-ECKRICH, INC.-ILLINOIS PROCESSED MEATS FACILITY","Swift-Eckrich, Inc.-Illinois Processed Meats Facility",,"CHICAGO, 3001 WEST CORNELIA",,,,State,2026-08-30T21:43:41.512264Z
925ec1315cee19b6,IL,BORDEN PACKAGING & INDUSTRIAL PRODUCTS-ILLINOIS BRONZE FAC.,Borden Packaging & Industrial Products-Illinois Bronze Fac,,"LAKE ZURICH, 300 EAST MAIN STREET",,,,State,2026-08-30T21:43:41.512264Z
88044c27b1a1cf53,IL,"PLASTOFILM INDUSTRIES, INC.",Plastofilm Industries,,"ST CHARLES, 3820 STERN AVENUE",,,,State,2026-08-30T21:43:41.512264Z
aa854bac6f6b711b,IL,UNITED STATIONERS SUPPLY COMPANY,United Stationers Supply,,"FOREST PARK, 1900 SOUTH DES PLAINES AVENUE",,,,State,2026-08-30T21:43:41.512264Z
b7a9288e78b48717,IL,"BRUSH FUSES, INC.",Brush Fuses,,"DES PLAINES, 2070 MAPLE ST",,,,State,2026-08-30T21:43:41.512264Z
d2dddc59e91639fa,IL,Mt. Zion Flat Glass Mfg. Plant,Mt. Zion Flat Glass Mfg. Plant,,"Mount Zion, PO Box R Elwin-Mt. Zion Road",,,,State,2026-08-30T21:43:41.512264Z
b141ca5bb603a032,IL,THRALL CAR MANUFACTURING COMPANY-PLANT # 1,Thrall Car Manufacturing,,"CHICAGO HEIGHTS, 26TH STREET & WALLACE STREET",,,,State,2026-08-30T21:43:41.512264Z
a80d8ee17802a8c7,IL,Wisconsin Can Company Inc,Wisconsin Can,,"Chicago, 5437 S Massasoit Ave",,,,State,2026-08-30T21:43:41.512264Z
6666187939243aeb,IL,"Sears, Roebuck and Co.","Sears, Roebuck and",,"Skokie, 7447 Skokie Blvd",,,,State,2026-08-30T21:43:41.512264Z
1c73c0e6131cf68b,IL,BOYLE-MIDWAY HOUSEHOLD PRODUCTS,Boyle-Midway Household Products,,"CHICAGO, 5151 WEST 73RD STREET",,,,State,2026-08-30T21:43:41.512264Z
eb20fcd9dfe6e42e,IL,LINDBERG-A UNIT OF GENERAL SIGNAL,Lindberg-A Unit of General Signal,,"CHICAGO, 2450 WEST HUBBARD STREET",,,,State,2026-08-30T21:43:41.512264Z
4938c1f1eb5f4af2,IL,"Time Telephone Marketing, Inc",Time Telephone Marketing,,"Chicago, 990 W Fullerton Ave Ste 200",,,,State,2026-08-30T21:43:41.512264Z
94bcaf50969ae138,IL,Yale Martin Industries Inc,Yale Martin Industries,,"Chicago, 500 N Spaulding Ave",,,,State,2026-08-30T21:43:41.512264Z
24e778980b1c376e,IL,"Midway Airlines, Inc",Midway Airlines,,"Chicago, 5959 S Cicero Ave",,,,State,2026-08-30T21:43:41.512264Z
065471a50d7b24fd,IL,MONTEREY COAL COMPANY #2 MINE,Monterey Coal Company #2 Mine,,"ALBERS, PO BOX 94",,,,State,2026-08-30T21:43:41.512264Z
22fffe75e170161b,IL,Barber-Colman Company Inc,Barber-Colman,,"Loves Park, 1354 Clifford Ave",,,,State,2026-08-30T21:43:41.512264Z
27400d2f94b82835,IL,"TIME TELEPHONE MARKETING, INC.",Time Telephone Marketing,,"DOWNERS GROVE, 1411 OPUS PLACE",,,,State,2026-08-30T21:43:41.512264Z
a219f9403a4107fa,IL,"MRS. GRASS PASTA PLANT (BORDEN, INC)","MRS. Grass Pasta Plant (Borden, Inc)",,"BELLWOOD, 725 SOUTH 25TH AVENUE",,,,State,2026-08-30T21:43:41.512264Z
e9d7de1a725dd554,IL,Laventhol & Horwath,Laventhol & Horwath,,"Chicago, 300 S Riverside Plz",,,,State,2026-08-30T21:43:41.512264Z
648755de22116730,IL,AMES DISTRIBUTION CENTER,Ames Distribution Center,,"ALSIP, 11535 SOUTH CENTRAL",,,,State,2026-08-30T21:43:41.512264Z
07050c99aacf5d36,IL,"SPIEGEL, INC.- D187 CREDIT AREA EMPLOYEES","Spiegel, Inc.- D187 Credit Area Employees",,"CHICAGO, 1040 WEST 35TH STREET",,,,State,2026-08-30T21:43:41.512264Z
211e4ebff1a7c04d,IL,"Hughes Optical Products, Inc CA","Hughes Optical Products, Inc CA",,"Des Plaines, 2000 S Wolf Rd",,,,State,2026-08-30T21:43:41.512264Z
e41bfca727fa0a2f,IL,"LIGHTOLIER, INC.",Lightolier,,"ELGIN, 1600 FLEETWOOD DRIVE",,,,State,2026-08-30T21:43:41.512264Z
70b221d197593ab2,IL,OSF SAINT JOSEPH HOSPITAL,Osf Saint Joseph Hospital,,"BELVIDERE, 1005 JULIEN STREET",,,,State,2026-08-30T21:43:41.512264Z
eed15b9f08bd3473,IL,SHERWIN-WILLIAMS COMPANY CONSUMER DIVISION,Sherwin-Williams Company Consumer Division,,"CHICAGO HEIGHTS, 250 STATE STREET",,,,State,2026-08-30T21:43:41.512264Z
9b6eaaaec0b8579e,IL,E. J. BRACH CORPORATION,E. J. Brach,,"CHICAGO, 410 NORTH CICERO",,,,State,2026-08-30T21:43:41.512264Z
d91efc85207e39f5,IL,"Premark International, Inc.",Premark International,,"Deerfield, 1717 Deerfield Rd",,,,State,2026-08-30T21:43:41.512264Z
4fb6c8fc8a2dcb44,IL,Oscar Mayer Foods Corporation,Oscar Mayer Foods,,"Chicago, 1241 N Sedgwick St",,,,State,2026-08-30T21:43:41.512264Z
bad8d0d0706cf5b4,IL,Vinnell Corp,Vinnell,,"Joliet, 1101 Mills Rd",,,,State,2026-08-30T21:43:41.512264Z
89aa30f5888b1ff0,IL,"DRESHER, INC.",Dresher,,"BRADLEY, 180 EAST NORTH STREET",,,,State,2026-08-30T21:43:41.512264Z
442c6704dfd4308c,IL,"ARLINGTON MANAGEMENT SERVICES, INC",Arlington Management Services,,"ARLINGTON HGTS, TRACKSIDE 2000 W EUCLID",,,,State,2026-08-30T21:43:41.512264Z
05e8b30113f3c51b,IL,LIFSCHULTZ FAST FREIGHT INC.,Lifschultz Fast Freight,,"CHICAGO, PO BOX 805457 2300 S THROOP",,,,State,2026-08-30T21:43:41.512264Z
0ac05889254a8b03,IL,HILLS DEPARTMENT STORES,Hills Department Stores,,"SPRINGFIELD, 2904 WABASH AVENUE",,,,State,2026-08-30T21:43:41.512264Z
41e7c823ab200585,IL,Re-MI Foods Inc,Re-MI Foods,,"Elk Grove Village, 1201 Tonne Rd",,,,State,2026-08-30T21:43:41.512264Z
eab9333afb73c062,IL,COMMONWEALTH EDISON COMPANY,Commonwealth Edison,,"WAUKEGAN, WAUKEGAN GENERATING STATION 10 GREENWOOD AVENUE",,,,State,2026-08-30T21:43:41.512264Z
d64855016c1bc402,IL,FREEMAN UNITED COAL MINING COMPANY - FIDELITY #11 MINE,Freeman United Coal Mining Company - Fidelity #11 Mine,,"DU QUOIN, PO BOX 180",,,,State,2026-08-30T21:43:41.512264Z
c31511a434ad6e72,IL,"TELESPHERE COMMUNICATIONS, INC.",Telesphere Communications,,"DOWNERS GROVE, 1400 OPUS PLACE 8TH FL",,,,State,2026-08-30T21:43:41.512264Z
c8eb690b4a5aa644,IL,"CARGILL MARINE & TERMINAL, INC.",Cargill Marine & Terminal,,"EAST CARONDELET, FT OF DAVIS ST PO BOX 140",,,,State,2026-08-30T21:43:41.512264Z
d20badc558ee8c2f,IL,Explosives Technologies Intern,Explosives Technologies Intern,,"MORRIS, 7700 W DUPONT RD",,,,State,2026-08-30T21:43:41.512264Z
6706d60195352754,IL,"EASTERN AIRLINES, INC.-AIRPORT OPERATIONS","Eastern Airlines, Inc.-Airport Operations",,"CHICAGO, O'HARE INT'L AIRPORT",,,,State,2026-08-30T21:43:41.512264Z
cc835f59b2da7e37,IL,Wagner Casting Company,Wagner Casting,,"Havana, 227 W Wagner Ave",,,,State,2026-08-30T21:43:41.512264Z
f887c2f12e3f06c5,IL,TAYLOR COMPANY,Taylor,,"ROCKTON, 750 NORTH BLACKHAWK BLVD",,,,State,2026-08-30T21:43:41.512264Z
9afe212a661277b4,IL,PATHWAY FINANCIAL,Pathway Financial,,"MATTESON, 20821 S CICERO",,,,State,2026-08-30T21:43:41.512264Z
476f62b2183a5f49,IL,QUINCY PAPER BOX,Quincy Paper Box,,"Quincy, 230 N 3RD St",,,,State,2026-08-30T21:43:41.512264Z
5ab85a42b6ba77a4,IL,CHROMIUM CORPORATION,Chromium,,"CHICAGO, 6410 WEST 51ST STREET",,,,State,2026-08-30T21:43:41.512264Z
f93df9947faef059,IL,MADIGANS,Madigans,,"EVERGREEN PARK, S EVERGREEN PARK J-7",,,,State,2026-08-30T21:43:41.512264Z
d73e3803a107b9f0,IL,READY METAL,Ready Metal,,"PARIS, ROUTE 133",,,,State,2026-08-30T21:43:41.512264Z
9b10e75a03fc359e,IL,"SIGNAL DELIVERY SERVICE, INC.",Signal Delivery Service,,"CICERO, 3505 SOUTH CICERO",,,,State,2026-08-30T21:43:41.512264Z
bfbbfd7cfbcfae04,IL,"Acme Continental Foods, Inc.",Acme Continental Foods,,"CHICAGO, 1255 WEST OAKDALE",,,,State,2026-08-30T21:43:41.512264Z
bbe7b9df550d1c43,IL,Echlin Manufacturing Co Inc,Echlin Manufacturing,,"Chicago, 333 East Touhg Ave",,,,State,2026-08-30T21:43:41.512264Z
cf14b71be0240642,IL,"MACMILLAN BLOEDEL OF AMERICA, INC.",Macmillan Bloedel of America,,"CHICAGO, 5555 WEST 73RD STREET",,,,State,2026-08-30T21:43:41.512264Z
741d17eaa1a59f40,IL,"MONOGRAM RETAILER CREDIT SERVICES, INC.",Monogram Retailer Credit Services,,"LOMBARD, 100-C YORKTOWN MALL",,,,State,2026-08-30T21:43:41.512264Z
4a56c0bd8ed5d2dc,IL,FUJITSU BUSINESS COMMUNICATION SYSTEMS,Fujitsu Business Communication Systems,,"NORTHLAKE, 400 NORTH WOLF ROAD",,,,State,2026-08-30T21:43:41.512264Z
3172051670ee2c19,IL,CHERRY ELECTRICAL PRODUCTS-PRINTED CIRCUIT DIVISION,Cherry Electrical Products-Printed Circuit Division,,"WAUKEGAN, 3600 SUNSET AVENUE",,,,State,2026-08-30T21:43:41.512264Z
5652585202b999fd,IL,Elgin Clock Company,Elgin Clock,,"CHICAGO, 3350 North Kedzie Ave.",,,,State,2026-08-30T21:43:41.512264Z
2fc0c84f1a9c32cb,IL,MOLINE CORPORATION PLANT #2,Moline,,"BELVIDERE, 1000 MEADOW",,,,State,2026-08-30T21:43:41.512264Z
04a891ba4b36d886,IL,"SEARS, ROEBUCK & CO-REPAIR PARTS DIST. CENTER UNIT #8900","Sears, Roebuck & Co-Repair Parts Dist. Center",,"MELROSE PARK, 2043 NORTH GEORGE STREET",,,,State,2026-08-30T21:43:41.512264Z
899c014592890f2c,IL,NUTRASWEET COMPANY,Nutrasweet,,"MOUNT PROSPECT, RESEARCH & DEV. FACILITY 601 E KENSINGTON ROAD",,,,State,2026-08-30T21:43:41.512264Z
f33b616d3bb12d3b,IL,SEARS ROEBUCK MERCHANDISE RECORD OFFICE #9872,Sears Roebuck Merchandise Record Office,,"CHICAGO, 3333 W ARLINGTON",,,,State,2026-08-30T21:43:41.512264Z
fad3ea5d6b3cc9ae,IL,ROCKWELL INTERNATIONAL-PRODUCTION OPERATIONS,Rockwell International-Production Operations,,"DOWNERS GROVE, 8245 SOUTH LEMONT ROAD",,,,State,2026-08-30T21:43:41.512264Z
ee8a53686f7ab8ed,IL,"MARPAC, INC.",Marpac,,"NILES, 7200 NORTH OAK PARK AVENUE",,,,State,2026-08-30T21:43:41.512264Z
655b08c399f094b9,IL,LEAF INC.,LEAF,,"CHICAGO, 1155 NORTH CICERO AVENUE",,,,State,2026-08-30T21:43:41.512264Z
81d546997adfe5ee,IL,ROCKWELL INTERNATIONAL-GRAPHICS SYSTEMS DIVISION,Rockwell International-Graphics Systems Division,,"ROCKFORD, 2524 11TH STREET",,,,State,2026-08-30T21:43:41.512264Z
f5c92d0ab262a447,IL,TWA-O'HARE INTRN'L AIRPORT,Twa-O'hare Intrn'l Airport,,"CHICAGO, O'HARE INTERNATIONAL",,,,State,2026-08-30T21:43:41.512264Z
3c395b94c7de61a8,IL,PEABODY COAL COMPANY MARISSA MINE,Peabody Coal Company Marissa Mine,,"MARISSA, 1214 MARISSA ROAD",,,,State,2026-08-30T21:43:41.512264Z
682bedf8ea468c10,IL,Telecheck Services Inc,Telecheck Services,,"Des Plaines, 999 E Touhy Ave 225",,,,State,2026-08-30T21:43:41.512264Z
f7db6f4840b62b88,IL,CANTEEN CORPORATION,Canteen,,"CHICAGO, 222 NORTH LASALLE STREET",,,,State,2026-08-30T21:43:41.512264Z
133a44c07f79e7e7,IL,PRESTON TRUCKING COMPANY,Preston Trucking,,"FOREST VIEW, 5200 WEST 47TH STREET",,,,State,2026-08-30T21:43:41.512264Z
a2f659dba3d83387,IL,Stewart-Warner Electronics Inc,Stewart-Warner Electronics,,"Chicago, 1300 N Kostner Ave",,,,State,2026-08-30T21:43:41.512264Z
33364f68f1561112,IL,UNITED TECHNOLOGIES AUTOMOTIVE-ENGINEERED SYSTEMS DIV.,United Technologies Automotive-Engineered Systems Div,,"HERRIN, RT 2 HERRIN-COLP ROAD",,,,State,2026-08-30T21:43:41.512264Z
a426ffdd942fab95,IL,"T. L. SWINT INDUSTRIES, INC.-SIGNAL PLASTICS DIVISION","T. L. Swint Industries, Inc.-Signal Plastics Division",,"CHICAGO, 3445 NORTH KIMBALL AVENUE",,,,State,2026-08-30T21:43:41.512264Z
7d3b8dff80b34326,IL,"Telesphere Communications, Inc",Telesphere Communications,,"Villa Park, 2 Mid America Plz Ste 500",,,,State,2026-08-30T21:43:41.512264Z
1f19bec34cdbf616,IL,"Metalmasters, Inc",Metalmasters,,"Chicago, 5725 N Ravenswood Ave",,,,State,2026-08-30T21:43:41.512264Z
516b962f90d57e26,IL,AMERICAN OTR,American Otr,,"BLOOMINGTON, PO BOX 640",,,,State,2026-08-30T21:43:41.512264Z
b49200a44eb98fa0,IL,"BETSY FLAGS, INC.",Betsy Flags,,"LAKE BLUFF, 917 NORTH SHORE DRIVE",,,,State,2026-08-30T21:43:41.512264Z
e8ffabe76dcd2f13,IL,CROSSROADS,Crossroads,,"EFFINGHAM, PO BOX 929",,,,State,2026-08-30T21:43:41.512264Z
a36de00538d2fe8f,IL,Leaf Inc Chicago,Leaf Inc Chicago,,"Chicago, 308 W Ontario St",,,,State,2026-08-30T21:43:41.512264Z
ecbad111acfc42b7,IL,BLOOMFIELD INDUSTRIES,Bloomfield Industries,,"CHICAGO, 4546 WEST 47TH STREET",,,,State,2026-08-30T21:43:41.512264Z
8570ac04d9989124,IL,AT&T MATERIAL MANAGEMENT SERVICES,AT&T Material Management Services,,"WEST CHICAGO, 1700 HAWTHORNE LANE",,,,State,2026-08-30T21:43:41.512264Z
b806e676ebac7039,IL,"CALLAGHAN & COMPANY PRINT, SHIP & WAREHOUSE FACILITY","Callaghan & Company Print, Ship & Warehouse Facility",,"MUNDELEIN, 165 ARCHER",,,,State,2026-08-30T21:43:41.512264Z
7a83ec851ab72de3,IL,Oak Switch Systems Inc / Oak Grigsby Plant,Oak Switch Systems Inc / Oak Grigsby Plant,,"CRYSTAL LAKE, 100 South Main Street",,,,State,2026-08-30T21:43:41.512264Z
dde70cdf7b4ad5fc,IL,Spiegel Inc,Spiegel,,"Oak Brook, 2625 Butterfield Rd",,,,State,2026-08-30T21:43:41.512264Z
218b49533d881420,IL,Harry Davies Molding Co Inc,Harry Davies Molding,,"Chicago, 4920 W Bloomingdale Ave",,,,State,2026-08-30T21:43:41.512264Z
4a4b5a0c94e735a1,IL,Economy Engineering Company,Economy Engineering,,"Bensenville, 484 Thomas Dr",,,,State,2026-08-30T21:43:41.512264Z
5c097db80ced84c9,IL,"CELLU-CRAFT, INC.",Cellu-Craft,,"PALATINE, 250 SOUTH HICKS ROAD",,,,State,2026-08-30T21:43:41.512264Z
718167da344f4bf7,IL,"SUPERIOR TOY & MANUFACTURING CO, INC.",Superior Toy & Manufacturing,,"ROCKFORD, 2020 HARRISON AVENUE",,,,State,2026-08-30T21:43:41.512264Z
83b36c48fbbb8e75,IL,Paccar Inc,Paccar,,"Chicago, 4401 W 44TH Pl",,,,State,2026-08-30T21:43:41.512264Z
7a6e1e16ffd90225,IL,ITEL RAIL CORPORATION-RAILCAR REPAIR YARD,Itel Rail Corporation-Railcar Repair Yard,,"DANVILLE, 2313 CANNON STREET",,,,State,2026-08-30T21:43:41.512264Z
677b62abe8d09820,IL,DUO-FAST CORPORATION,Duo-Fast,,"FRANKLIN PARK, 3702 RIVER ROAD",,,,State,2026-08-30T21:43:41.512264Z
f9e39b17d049a97f,IL,SUNSTRAND,Sunstrand,,"ROCKFORD, 4751 HARRISON AVENUE",,,,State,2026-08-30T21:43:41.512264Z
2445958dc7faf922,IL,I. MAGNIN NORTHBROOK,I. Magnin Northbrook,,"NORTHBROOK, NORTHBROOK COURT CENTER",,,,State,2026-08-30T21:43:41.512264Z
c8561bf407cdd92e,IL,LIEBERMAN ENTERPRISES,Lieberman Enterprises,,"ELK GROVE VILLGE, 1000 TOUHY AVENUE",,,,State,2026-08-30T21:43:41.512264Z
bea0070c1301e342,IL,"EVEREN SECURITIES, INC.",Everen Securities,,"CHICAGO, 77 WEST WACKER DRIVE",,,,State,2026-08-30T21:43:41.512264Z
8e5930b38b694360,IL,EATON CORPORATION-AUTOMOTIVE & APPLIANCE CONTROLS DIVISION,Eaton Corporation-Automotive & Appliance Controls Division,,"WARREN, 604 SOUTH RAILROAD STREET",,,,State,2026-08-30T21:43:41.512264Z
d2934d5a5c988275,IL,"QUINTESSENCE HOLDINGS, INC.",Quintessence Holdings,,"CHICAGO, 980 NORTH MICHIGAN AVENUE",,,,State,2026-08-30T21:43:41.512264Z
c842087192808496,IL,"Jones Truck Lines, Inc",Jones Truck Lines,,"Chicago, 4359 W 36TH St",,,,State,2026-08-30T21:43:41.512264Z
02eb44f57bc3a11c,IL,A G Communication Systems Northlake #2,A G Communication Systems Northlake,,"NORTHLAKE, 400 NORTH WOLF ROAD",,,,State,2026-08-30T21:43:41.512264Z
0d2d6ec483fd09a5,IL,The First National Bank of Chicago,First National Bank of Chicago,,"Chicago, 70 W Madison",,,,State,2026-08-30T21:43:41.512264Z
c244f9125267c5ed,IL,UNITED HEALTHCARE,United Healthcare,,"NAPERVILLE, 184 SHUMAN BLVD",,,,State,2026-08-30T21:43:41.512264Z
5f2385142255963b,IL,Logistics Support Group,Logistics Support Group,,"Rock Island, Rock Island Arsenal",,,,State,2026-08-30T21:43:41.512264Z
7c2181f57b95903d,IL,QUANTUM CHEMICAL,Quantum Chemical,,"TUSCOLA, PO BOX 218 HIGHWAY 36",,,,State,2026-08-30T21:43:41.512264Z
ff7d9a91022f2415,IL,SHERWIN-WILLIAMS CHEMICAL COATINGS FACILITY,Sherwin-Williams Chemical Coatings Facility,,"CHICAGO, 11541 SOUTH CHAMPLAIN AVENUE",,,,State,2026-08-30T21:43:41.512264Z
00ffea083a3f072e,IL,De Vlieg Inc,De Vlieg,,"Belvidere, 3615 Newburg Rd",,,,State,2026-08-30T21:43:41.512264Z
495de0996fdee503,IL,"DEL MONTE FOODS, USA-VEGETABLE CLASSICS DEPARTMENT","Del Monte Foods, Usa-Vegetable Classics Department",,"De Kalb, 2009 Maplewood",,,,State,2026-08-30T21:43:41.512264Z
5c8e1eb36d13300a,IL,ZEIGLER COAL COMPANY-MURDOCK MINE,Zeigler Coal Company-Murdock Mine,,"MURDOCK, MURDOCK MINE",,,,State,2026-08-30T21:43:41.512264Z
d499d7b43d342891,IL,PLASTICRAFTERS,Plasticrafters,,"ROCKFORD, 4550 KISHWAUKEE STREET",,,,State,2026-08-30T21:43:41.512264Z
0920f56c3a8a8d5c,IL,MOTOROLA CELLULAR MANUFACTURING,Motorola Cellular Manufacturing,,"ARLINGTON HEIGHTS, 1475-1501 W. SHURE DRIVE",,,,State,2026-08-30T21:43:41.512264Z
b906dda8b0e254f7,IL,O'HARE HILTON HOTEL,O'hare Hilton Hotel,,"CHICAGO, 11601 WEST TOUHY",,,,State,2026-08-30T21:43:41.512264Z
f27715d10b8e2095,IL,GOSS GRAPHIC SYSTEMS,Goss Graphic Systems,,"WESTMONT, 700 OAKMONT LANE",,,,State,2026-08-30T21:43:41.512264Z
605269629857fc53,IL,"BRODIE ADVERTISING SERVICE, INC.",Brodie Advertising Service,,"CHICAGO, 1140 EXCHANGE AVENUE",,,,State,2026-08-30T21:43:41.512264Z
2c3e58150f8034e7,IL,AMERICAN STEEL FOUNDRIES,American Steel Foundries,,"GRANITE CITY, 1700 WALNUT STREET",,,,State,2026-08-30T21:43:41.512264Z
db2e66bcf91de783,IL,BERKLEY-DAVIS COMPANY,Berkley-Davis,,"DANVILLE, 1020 BAHLS",,,,State,2026-08-30T21:43:41.512264Z
60761d9f05f4bee0,IL,"GROSS COMMON CARRIER, INC.",Gross Common Carrier,,"HODGKINS, 9400 WEST JOLIET ROAD",,,,State,2026-08-30T21:43:41.512264Z
9e6dad578fcd76fd,IL,"Rich, Inc",Rich,,"Franklin Park, 3747 Acorn Ln",,,,State,2026-08-30T21:43:41.512264Z
cb912596bc3cda20,IL,"GANDALF DATA, INC.",Gandalf Data,,"WHEELING, 1020 NOEL AVENUE",,,,State,2026-08-30T21:43:41.512264Z
32040bb2436df720,IL,Madison County Nursing Home,Madison County Nursing Home,,"Edwardsville, 2121 Troy Road 130 Hillsboro Ave., Suite 103",,,,State,2026-08-30T21:43:41.512264Z
ab2622ab5f406806,IL,MUELLER COMPANY,Mueller,,"DECATUR, WEST ELDORADO",,,,State,2026-08-30T21:43:41.512264Z
3263bdbd64cea98f,IL,BRIDGESTONE/FIRESTONE,Bridgestone/Firestone,,"DECATUR, 2500 N 22ND STREET",,,,State,2026-08-30T21:43:41.512264Z
413eebc8d0ec7d7e,IL,Consolidated Distilled Products Inc,Consolidated Distilled Products,,"Chicago, 3247 S Kedzie Ave",,,,State,2026-08-30T21:43:41.512264Z
da8873a0df60055a,IL,K MART STORE #4329,K Mart,,"BELLEVILLE, 7400 OLD ST LOUIS ROAD",,,,State,2026-08-30T21:43:41.512264Z
f9007d2ecd24e995,IL,Inter-City Products Corporation (usa),Inter-City Products Corporation (usa),,"Red Bud, 401 Randolph St",,,,State,2026-08-30T21:43:41.512264Z
eab09e7525cdc2c9,IL,FOREST HEALTH SYSTEM INC.,Forest Health System,,"DES PLAINES, 555 WILSON LANE AND 1717 RAND ROAD",,,,State,2026-08-30T21:43:41.512264Z
75fca392e80d443f,IL,Lucent Technologies,Lucent Technologies,,"Naperville, 2000 N. Naperville Rd.",,,,State,2026-08-30T21:43:41.512264Z
e72116fe8a950be6,IL,JOHN DEERE FOUNDRY EAST MOLINE,John Deere Foundry East Moline,,"EAST MOLINE, HIGHWAY 84 & 14TH AVENUE",,,,State,2026-08-30T21:43:41.512264Z
ce7ba114c147409e,IL,BSN CORPORATION,BSN,,"ROCKFORD, 909 SOUTH MAIN STREET",,,,State,2026-08-30T21:43:41.512264Z
e10d579b668e8ef6,IL,DESIGN/CRAFT FABRIC CORPORATION,Design/Craft Fabric,,"NILES, 7227 OAK PARK AVENUE",,,,State,2026-08-30T21:43:41.512264Z
11fb97d3fd8af5d0,IL,KOMATSU DRESSER COMPANY,Komatsu Dresser,,"BROADVIEW, 1601 W 22ND STREET",,,,State,2026-08-30T21:43:41.512264Z
acdd990b1cb506ad,IL,"FOSTER & GALLAGHER, INC.",Foster & Gallagher,,"PEORIA, 6523 NORTH GALENA ROAD",,,,State,2026-08-30T21:43:41.512264Z
845f12a4f9af51da,IL,Caterpillar Inc.,Caterpillar,,"Decatur, N 27TH St & E Pershing Rd",,,,State,2026-08-30T21:43:41.512264Z
db7ae30d52186bca,IL,GENERAL MOTORS ACCEPTANCE CORPORATION,General Motors Acceptance,,"LINCOLNSHIRE, 25 TRI-STATE INTERNATIONAL SUITE 300",,,,State,2026-08-30T21:43:41.512264Z
e91c26ee5cc81d6d,IL,METALCRAFTERS/IMPEX,Metalcrafters/Impex,,"Rockford, 4500 Kishwaukee St",,,,State,2026-08-30T21:43:41.512264Z
34feb45f884eba9a,IL,"MCCANNA, INC.",Mccanna,,"CARPENTERSVILLE, 400 MAPLE AVENUE",,,,State,2026-08-30T21:43:41.512264Z
38c2eebf508a4adf,IL,"MANUFACTURERS SERVICES, LTD",Manufacturers Services,,"MT. PROSPECT, 1800 WEST CENTRAL ROAD",,,,State,2026-08-30T21:43:41.512264Z
cbc0c6ba688f03e4,IL,"SILITE, INC.",Silite,,"CHICAGO, 2600 NORTH PULASKI ROAD",,,,State,2026-08-30T21:43:41.512264Z
911aa5392aa41b8e,IL,GRAPHIC LOOSELEAF PRODUCTS,Graphic Looseleaf Products,,"Chicago, 939 W 35TH Pl",,,,State,2026-08-30T21:43:41.512264Z
97e07ab7e9bdda45,IL,KBA-MOTTER CORPORATION,Kba-Motter,,"ROCKFORD, 3660 PUBLISHERS DR BOX 5368",,,,State,2026-08-30T21:43:41.512264Z
319694b160d2a76b,IL,BJ'S WHOLESALE CLUB,BJ'S Wholesale Club,,"HILLSIDE, 250 MANNHEIM ROAD",,,,State,2026-08-30T21:43:41.512264Z
bdeeedc5f1bc186c,IL,"Homebase, Inc.",Homebase,,"Rolling Meadows, 800 Rohlwing Rd",,,,State,2026-08-30T21:43:41.512264Z
0f417438f2d0bd56,IL,MOLINE CORPORATION,Moline,,"ST CHARLES, 17TH & DEAN STREETS",,,,State,2026-08-30T21:43:41.512264Z
8a38e2c8cc04dc04,IL,MATSUSHITA ELECTRIC CORPORATION OF AMERICA,Matsushita Electric Corporation of America,,"ARLINGTON HGTS, 425 EAST ALGONQUIN ROAD",,,,State,2026-08-30T21:43:41.512264Z
421f97e05976fdcc,IL,SUN CHEMICAL,Sun Chemical,,"CHICAGO, 3030 W 51ST",,,,State,2026-08-30T21:43:41.512264Z
ddf3d5daa16058b4,IL,MIDWAY AIRLINES,Midway Airlines,,"SPRINGFIELD, SPRINGFIELD CAPITOL AIRPORT",,,,State,2026-08-30T21:43:41.512264Z
7639c72eeebbb2b2,IL,Memorex Telex Corporation,Memorex Telex,,"Naperville, 1230 E Diehl Rd Ste 401",,,,State,2026-08-30T21:43:41.512264Z
ec0ab6893da94374,IL,FLYING FOOD FAIR,Flying Food Fair,,"CHICAGO, 5945 SOUTH KEATING",,,,State,2026-08-30T21:43:41.512264Z
ac72420dc94cd993,IL,Valmont Electric Inc,Valmont Electric,,"Danville, 1430 E Fairchild St",,,,State,2026-08-30T21:43:41.512264Z
f32e75265cf6b519,IL,"SEARS, ROEBUCK & CO.-FOX VALLEY CREDIT CENTRAL","Sears, Roebuck & Co.-Fox Valley Credit Central",,"AURORA, 2 FOX VALLEY CENTER",,,,State,2026-08-30T21:43:41.512264Z
50b6953e7bce1e7b,IL,PROVIDENT LIFE & ACCIDENT CHICAGO GROUP CLAIM OFFICE,Provident Life & Accident Chicago Group Claim Office,,"HOMEWOOD, 1055 W 175TH ST SUITE 200",,,,State,2026-08-30T21:43:41.512264Z
639b17ce1afd3366,IL,"Associated Mills, Inc. (POLLENEX)","Associated Mills, Inc. (POLLENEX)",,"CHICAGO, 4800 WEST ROOSEVELT ROAD",,,,State,2026-08-30T21:43:41.512264Z
79821b5ffca7620b,IL,ZEIGLER COAL COMPANY-OLD BEN MINE #21,Zeigler Coal Company-Old Ben Mine,,"SESSER, ROUTE 1",,,,State,2026-08-30T21:43:41.512264Z
f692296fecea9a6b,IL,OAK PARK APAC TEL SERVICES,Oak Park Apac Tel Services,,"OAK PARK, 1146 WEST GATE STREET",,,,State,2026-08-30T21:43:41.512264Z
790ce394c2b22827,IL,"JADER FUEL COMPANY, INC.",Jader Fuel,,"SHAWNEETOWN, JADER # 4 MINE",,,,State,2026-08-30T21:43:41.512264Z
b842dad1c68b6dc1,IL,"G R GROUP, INC., THE","G R Group, Inc., the",,"MARSEILLES, 1201 EAST BROADWAY PO BOX 210",,,,State,2026-08-30T21:43:41.512264Z
059fb1df3096f03e,IL,"SEARS LOGISTICS SERVICES, INC",Sears Logistics Services,,"HOFFMAN ESTATES, 3333 BEVERLY ROAD",,,,State,2026-08-30T21:43:41.512264Z
192d7150708c54de,IL,BENNETT INDUSTRIES/PLASTIC CONTAINER DIVISION,Bennett Industries/Plastic Container Division,,"PEOTONE, 515 FIRST ST PO BOX 519",,,,State,2026-08-30T21:43:41.512264Z
50cc749e188186b9,IL,"QUALEX, INC.",Qualex,,"JACKSONVILLE, 202 WEST BEECHER AVENUE",,,,State,2026-08-30T21:43:41.512264Z
70bcd5fa5e655f51,IL,MCKECHNIE PACKAGING,Mckechnie Packaging,,"CHAMPAIGN, PO BOX 1489",,,,State,2026-08-30T21:43:41.512264Z
9a3d7d59e1f89789,IL,USS - SOUTH WORKS,Uss - South Works,,"CHICAGO, 3426 EAST 89TH STREET",,,,State,2026-08-30T21:43:41.512264Z
4dc6b1ce1e70abae,IL,"MCCORMICK & COMPANY, INC.",Mccormick &,,"CHICAGO, 342 NORTH WESTERN AVENUE",,,,State,2026-08-30T21:43:41.512264Z
86be43478be4b28a,IL,"SMF, INC.",SMF,,"DANVILLE, 1901 VOORHEES",,,,State,2026-08-30T21:43:41.512264Z
4e546c675dd8e8d9,IL,"JADE TECHNOLOGIES, INC.",Jade Technologies,,"ELK GROVE VILLGE, 2100 LUNT AVENUE",,,,State,2026-08-30T21:43:41.512264Z
e339df0b9b531907,IL,BLUE COACH FOODS,Blue Coach Foods,,"QUINCY, 235 NORTH 4TH STREET",,,,State,2026-08-30T21:43:41.512264Z
3436042d4a1d477c,IL,BUILDERS SQUARE STORE #1426,Builders Square,,"PEORIA, 8901 NORTH KNOXVILLE AVENUE",,,,State,2026-08-30T21:43:41.512264Z
c3e0a118c9e9f43f,IL,J I CASE,J I Case,,"HINSDALE, 7 SOUTH 600 COUNTY LINE RD",,,,State,2026-08-30T21:43:41.512264Z
b154d0fb72b97ec1,IL,FREEMAN UNITED COAL MINING COMPANY - ORIENT #6 MINE,Freeman United Coal Mining Company - Orient #6 Mine,,"WALTONVILLE, 5885 N CHERRYVILLE LN, BOX 308",,,,State,2026-08-30T21:43:41.512264Z
e441efd1246873f0,IL,WHITSO,Whitso,,"SCHILLER PARK, 9330 BYRON STREET",,,,State,2026-08-30T21:43:41.512264Z
76518a7c19a4f17d,IL,CLOSETECH INTERNATIONAL,Closetech International,,"WEST CHICAGO, 1700 HARVESTER DR, PO BOX 2200",,,,State,2026-08-30T21:43:41.512264Z
2fdf08342a06fd7f,IL,UNION SPECIAL CORP.,Union Special,,"ROLLING MEADOWS, 1101 CARNEGIE STREET",,,,State,2026-08-30T21:43:41.512264Z
2dca968057b7171f,IL,Thermal Ceramics Inc,Thermal Ceramics,,"Waukegan, 120 East Greenwood Ave",,,,State,2026-08-30T21:43:41.512264Z
0816ab312fa37a69,IL,BUILDERS SQUARE HOME QUARTERS,Builders Square Home Quarters,,"FAIRVIEW HEIGHTS, 51 COMMERCE LANE",,,,State,2026-08-30T21:43:41.512264Z
962f0c17b6807d43,IL,MONTGOMERY WARD LLC,Montgomery Ward,,"ORLAND PARK, 1 ORLAND PARK PLAZA",,,,State,2026-08-30T21:43:41.512264Z
9de95ae831870cb0,IL,Molex Fiber Optics Inc,Molex Fiber Optics,,"Downers Grove, 5224 Katrine Ave",,,,State,2026-08-30T21:43:41.512264Z
2434612d12ef1a41,IL,RICHARDS-WILCOX,Richards-Wilcox,,"AURORA, 580 SOUTH LAKE STREET",,,,State,2026-08-30T21:43:41.512264Z
06fc81854e978305,IL,BOSCH TRUCKING,Bosch Trucking,,"BARTONVILLE, 5607 S WASHINGTON ST",,,,State,2026-08-30T21:43:41.512264Z
b33b80db42094c47,IL,"NATIONAL MARKETING SPECIALISTS, INC.",National Marketing Specialists,,"Rockford, 211 W State St",,,,State,2026-08-30T21:43:41.512264Z
85197bb6bf7109e0,IL,SEARS/CENTRAL ILLINOIS CREDIT CENTRAL,Sears/Central Illinois Credit Central,,"PEORIA, FOOT OF ALEXANDER",,,,State,2026-08-30T21:43:41.512264Z
ec8538a2da4407d2,IL,"VALLEY STEEL INDUSTRIES, INC.",Valley Steel Industries,,"CENTRALIA, PO BOX 429",,,,State,2026-08-30T21:43:41.512264Z
b395fee2846f7d05,IL,SPIESS DEPARTMENT STORE,Spiess Department Store,,"MOUNT PROSPECT, RANDHURST SHOPPING CENTER",,,,State,2026-08-30T21:43:41.512264Z
07e24437afeecaa1,IL,CONSOLIDATION COAL / BURNING STAR #4 MINE,Consolidation Coal / Burning Star #4 Mine,,"CUTLER, 1270 JAMESTOWN ROAD",,,,State,2026-08-30T21:43:41.512264Z
74a8bc047da8e61a,IL,"HOLLISTER, INC.",Hollister,,"RONDOUT, 35 BAKER ROAD",,,,State,2026-08-30T21:43:41.512264Z
ac4db443370482bf,IL,"COLSON COMPANY, THE","Colson Company, the",,"PARIS, 901 N MAIN ST PO BOX 490",,,,State,2026-08-30T21:43:41.512264Z
f6fb4227a0d41f7e,IL,"CHEMICAL WASTE MANAGEMENT CHEMICAL SERVICES, INC.",Chemical Waste Management Chemical Services,,"CHICAGO, 11700 S STONEY ISLAND AVENUE",,,,State,2026-08-30T21:43:41.512264Z
265671b5ddaed599,IL,Sonicraft Inc,Sonicraft,,"Chicago, 8859 S Greenwood Ave",,,,State,2026-08-30T21:43:41.512264Z
04ae2407ec1eb6a3,IL,"EUREKA COMPANY, THE","Eureka Company, the",,"NORMAL, 1501 FORT JESSE ROAD",,,,State,2026-08-30T21:43:41.512264Z
edf8f9d9c70147c2,IL,ANCHOR GLASS CONTAINER,Anchor Glass Container,,"STREATOR, 1901 N. Shabbona",,,,State,2026-08-30T21:43:41.512264Z
b0512fc214968d63,IL,JC PENNEY STORE NO 145,JC Penney Store No 145,,"CHAMPAIGN, MARKET PLACE MALL 1000 NORTH NEIL STREET",,,,State,2026-08-30T21:43:41.512264Z
a407d2c23abd1ec5,IL,BAXTER DIAGNOSTICS INC-PANDEX,Baxter Diagnostics Inc-Pandex,,"MUNDELEIN, 909 ORCHARD STREET",,,,State,2026-08-30T21:43:41.512264Z
dcd3ab20258ae5b7,IL,"POLK BROS, INC.",Polk Bros,,"MELROSE PARK, 8311 WEST NORTH AVENUE",,,,State,2026-08-30T21:43:41.512264Z
1acb7f9b0e3fb9fd,IL,B F GOODRICH HENRY PLANT,B F Goodrich Henry Plant,,"HENRY, RR 1 PO BOX 15",,,,State,2026-08-30T21:43:41.512264Z
31735629677180bf,IL,SEARS-DIRECT MARKETING ACCOUNTING CENTER #9882,Sears-Direct Marketing Accounting Center,,"AURORA, 444 NORTH COMMERCE STREET",,,,State,2026-08-30T21:43:41.512264Z
2795e34f635144d0,IL,ALAMO GROUP (IL) INC.,Alamo Group (Il),,"LAGRANGE, 500 SHAWMUT AVENUE",,,,State,2026-08-30T21:43:41.512264Z
a5265924072b436d,IL,OLD KENT BANK,Old Kent Bank,,"FREEPORT, 101 W STEVENSON STREET 27 WEST MAIN & 1534 S WEST AVENUE",,,,State,2026-08-30T21:43:41.512264Z
c656dc581810ced3,IL,Sola Electric,Sola Electric,,"Elk Grove Village, 1717 Busse Rd",,,,State,2026-08-30T21:43:41.512264Z
198b217128851d70,IL,Regal China Corporation,Regal China,,"Antioch, 330 North Ave",,,,State,2026-08-30T21:43:41.512264Z
6cdfb90a5a4547e3,IL,Springs Window Fashions Div Inc,Springs Window Fashions Div,,"Montgomery, 1100 Greenfield Ave",,,,State,2026-08-30T21:43:41.512264Z
7d0cfec3ee8c5023,IL,AMERICAN NATIONAL CAN COMPANY,American National Can,,"BEDFORD PARK, 7300 SOUTH NARRAGANSETT AVE",,,,State,2026-08-30T21:43:41.512264Z
e70a0287ede4d161,IL,STEIN ROE & FARNHAM INC.,Stein Roe & Farnham,,"CHICAGO, ONE SOUTH WACKER DRIVE",,,,State,2026-08-30T21:43:41.512264Z
b0a930f9b76820d2,IL,CRUM & FORSTER COMMERCIAL INSURANCE,Crum & Forster Commercial Insurance,,"FREEPORT, 524 WEST STEPHENSON STREET",,,,State,2026-08-30T21:43:41.512264Z
229948536e529280,IL,"National Processing Company, Inc.",National Processing,,"Flossmoor, 19720 Governors HGWY BLDG D",,,,State,2026-08-30T21:43:41.512264Z
915e50c7172961c5,IL,BELOIT CORPORATION,Beloit,,"ROCKTON, 1165 PRAIRIE HILL ROAD",,,,State,2026-08-30T21:43:41.512264Z
fabd04c7e00ed993,IL,"REVELL-MONOGRAM, INC",Revell-Monogram,,"MORTON GROVE, 8601 WAUKEGAN ROAD",,,,State,2026-08-30T21:43:41.512264Z
4d6c62fbd7cfab90,IL,PEABODY COAL COMPANY/RIVER KING PIT 6 MINE,Peabody Coal Company/River King Pit 6 Mine,,"MARISSA, COUNTY ROAD 18",,,,State,2026-08-30T21:43:41.512264Z
b6a22df10b6f94c5,IL,METROPOLITAN PROPERTY & CASUALTY,Metropolitan Property & Casualty,,"AURORA, 177 SOUTH COMMONS DRIVE",,,,State,2026-08-30T21:43:41.512264Z
971629fb709e0ab6,IL,ALLSTATE - MIDWEST REGIONAL SUPPORT CENTER,Allstate - Midwest Regional Support Center,,"SKOKIE, 7770 FRONTAGE RD",,,,State,2026-08-30T21:43:41.512264Z
208522efb27954f9,IL,"BROOKS SAUSAGE COMPANY, INC.",Brooks Sausage,,"CHICAGO, 4404 WEST BERTEAU AVENUE",,,,State,2026-08-30T21:43:41.512264Z
838b407083fc7824,IL,TELEDYNE POST,Teledyne Post,,"DES PLAINES, 700 NORTHWEST HIGHWAY",,,,State,2026-08-30T21:43:41.512264Z
83873759122b7c8f,IL,BRIGGS MANUFACTURING,Briggs Manufacturing,,"ROBINSON, 1000 W PINE STREET",,,,State,2026-08-30T21:43:41.512264Z
51ab7e7fcc97cbae,IL,"E. R. CARPENTER COMPANY, INC.",E. R. Carpenter,,"ELK GROVE VILLGE, 2301 LIVERY BLVD",,,,State,2026-08-30T21:43:41.512264Z
c7b372b7a22bfb23,IL,IVEX PACKAGING CORPORATION,Ivex Packaging,,"HILLSIDE, 50 SOUTH MANNHEIM ROAD",,,,State,2026-08-30T21:43:41.512264Z
0a4f281f44e268d4,IL,REPUBLIC TECHNOLOGIES INTERNATIONAL,Republic Technologies International,,"CHICAGO, 1610 S AVENUE O",,,,State,2026-08-30T21:43:41.512264Z
43b21e6dbb75669c,IL,Woodward Governor Company,Woodward Governor,,"ROCKFORD, 5001 NORTH 2ND STREET",,,,State,2026-08-30T21:43:41.512264Z
97d7f2345ad6c0ea,IL,STATE OF ILLINOIS,State of Illinois,,"SPRINGFIELD, VARIOUS ADDRESSES",,,,State,2026-08-30T21:43:41.512264Z
81a7e788dfa997cc,IL,CHOICEPOINT PRECISION MARKETING,Choicepoint Precision Marketing,,"PEORIA, 8600 N INDUSTRIAL ROAD 8512 N ALLEN & 2400 W ALTORFER",,,,State,2026-08-30T21:43:41.512264Z
c759b2f7d707e561,IL,TELEHUB COMMUNICATIONS CORP,Telehub Communications,,"GURNEE, 1175 TRI-STATE PARKWAY",,,,State,2026-08-30T21:43:41.512264Z
1adc3bfe0263e1f1,IL,"UNIT COMPANIES, THE","Unit Companies, the",,"ALSIP, 11601 SOUTH CENTRAL AVENUE",,,,State,2026-08-30T21:43:41.512264Z
73e770639bc0e42d,IL,PLASTIC PACKAGING PRODUCTS COMPANY,Plastic Packaging Products,,"WEST CHICAGO, 1600 HARVESTER ROAD",,,,State,2026-08-30T21:43:41.512264Z
9438d6af7efa6afa,IL,UNION PLANTERS DIRECT CALL CENTER,Union Planters Direct Call Center,,"BELLEVILLE, UNION PLANTERS BANK 7650 MAGNA DRIVE",,,,State,2026-08-30T21:43:41.512264Z
9d33dc03306db55a,IL,SCHERING-PLOUGH HEALTHCARE PRODUCTS,Schering-Plough Healthcare Products,,"ALSIP, 12900 SOUTH CRAWFORD STREET",,,,State,2026-08-30T21:43:41.512264Z
485f13172f8f293d,IL,"PULVER SYSTEMS, INC.",Pulver Systems,,"CHICAGO RIDGE, 9999 VIRGINIA AVENUE",,,,State,2026-08-30T21:43:41.512264Z
31c364e7b84f7055,IL,P. A. BERGNER & COMPANY,P. a. Bergner &,,"URBANA, 100 LINCOLN SQUARE",,,,State,2026-08-30T21:43:41.512264Z
351072e309de4aaf,IL,UNOCAL 76,Unocal 76,,"SCHAUMBURG, 1650 EAST GOLF ROAD",,,,State,2026-08-30T21:43:41.512264Z
a3373cb190d3298f,IL,Hitchcock Publishing Company Inc,Hitchcock Publishing,,"Carol Stream, 191 S Gary Ave",,,,State,2026-08-30T21:43:41.512264Z
a765da9a829082f3,IL,"LERNER NEWSPAPERS, INC.",Lerner Newspapers,,"MORTON GROVE, 8135 RIVER DRIVE",,,,State,2026-08-30T21:43:41.512264Z
07c351bbfb208337,IL,DELTA MINE HOLDING COMPANY,Delta Mine Holding,,"MARION, DELTA MINE RT 13 EAST BOX 730",,,,State,2026-08-30T21:43:41.512264Z
d5cafb0c500a9ed2,IL,CHARMGLOW,Charmglow,,"DU QUOIN, 500 SOUTH MADISON STREET",,,,State,2026-08-30T21:43:41.512264Z
124553027a40ef47,IL,HIGHLAND'S LANSING SERVICE CENTER,Highland's Lansing Service Center,,"LANSING, 16801 EXCHANGE AVENUE",,,,State,2026-08-30T21:43:41.512264Z
1382873745d1e73c,IL,"Madigan Brothers, Inc",Madigan Brothers,,"River Forest, 7440 Central Ave",,,,State,2026-08-30T21:43:41.512264Z
24b0e055ab4ccaa4,IL,HOLIDAY INN RESERVATIONS CENTER,Holiday Inn Reservations Center,,"OAK BROOK TERACE, 17 W 642 BUTTERFIELD RD",,,,State,2026-08-30T21:43:41.512264Z
d0f16de96192b18e,IL,EATON CORPORATION/AUTOMOTIVE CONTROLS DIVISION,Eaton Corporation/Automotive Controls Division,,"ELMHURST, 940 INDUSTRIAL DRIVE",,,,State,2026-08-30T21:43:41.512264Z
498d10c76838333a,IL,Sunstar Laboratories Inc.,Sunstar Laboratories,,"Bensenville, 600 Eagle Dr",,,,State,2026-08-30T21:43:41.512264Z
5d7178655e7142b4,IL,"DIANA FOOD STORES, INC",Diana Food Stores,,"CHAMPAIGN, 909 WEST KIRBY",,,,State,2026-08-30T21:43:41.512264Z
addc131726647edd,IL,IOWA MALLEABLE IRON COMPANY,Iowa Malleable Iron,,"GALESBURG, 490 AVENUE C",,,,State,2026-08-30T21:43:41.512264Z
56206aa2128f8e49,IL,"CLEARING INTERNATIONAL, INC.",Clearing International,,"CHICAGO, 6499 WEST 65TH STREET",,,,State,2026-08-30T21:43:41.512264Z
2a8e712e96260859,IL,BRUSHY CREEK COAL COMPANY,Brushy Creek Coal,,"GALATIA, 4270 NORTH AMERICA ROAD",,,,State,2026-08-30T21:43:41.512264Z
0fd8a104685c84c3,IL,BROWN SHOE COMPANY,Brown Shoe,,"SALEM, ROUTE 37 SOUTH",,,,State,2026-08-30T21:43:41.512264Z
d0d5a03bf76b8dfc,IL,UNILEVER BESTFOODS,Unilever Bestfoods,,"CHICAGO, DRESSINGS DEPARTMENT 2816 S KILBOURN AVENUE",,,,State,2026-08-30T21:43:41.512264Z
32bc1018ae691f2a,IL,Power Packing Inc,Power Packing,,"Manteno, 1340 W SYCAMORE RD",,,,State,2026-08-30T21:43:41.512264Z
d58cc48d26e8f1b3,IL,AT&T Business Markets Division,AT&T Business Markets Division,,"ROLLING MEADOWS, 1701 Golf Road #3",,,,State,2026-08-30T21:43:41.512264Z
d121fbe8dab7ce40,IL,"Mallinckrodt Medical, Inc",Mallinckrodt Medical,,"New Athens, 500 N Johnson St",,,,State,2026-08-30T21:43:41.512264Z
89eb4da115025c66,IL,S R A Science Research Associates Incorporated,S R A Science Research Associates,,"Chicago, 155 N Wacker Dr",,,,State,2026-08-30T21:43:41.512264Z
30a92662db4c9257,IL,ANDERSON PACKAGING,Anderson Packaging,,"ROCKFORD, 4545 ASSEMBLY DRIVE",,,,State,2026-08-30T21:43:41.512264Z
6c4336da3911f42a,IL,Discount Corporation of New York Futures (inc),Discount Corporation of New York Futures (inc),,"Chicago, 200 W Madison St FL 2",,,,State,2026-08-30T21:43:41.512264Z
4ca07f4daf84c7dc,IL,"STAFF BUILDERS SERVICES, INC., HEALTH CARE SERVICES","Staff Builders Services, Inc., Health Care Services",,"CHICAGO, 28 EAST JACKSON BLVD",,,,State,2026-08-30T21:43:41.512264Z
dbc771cc8580d29a,IL,Qualex Inc,Qualex,,"Rockford, 214 N Church St",,,,State,2026-08-30T21:43:41.512264Z
2649be060b802a52,IL,Qualex Inc.,Qualex,,"Des Plaines, 220 Graceland Ave",,,,State,2026-08-30T21:43:41.512264Z
a8dc75794000de54,IL,CAPITOL HARDWARE,Capitol Hardware,,"CHICAGO, 400 NORTH LEAVITT STREET",,,,State,2026-08-30T21:43:41.512264Z
a64e87479c7c7ed2,IL,ARCH OF ILLINOIS,Arch of Illinois,,"PINCKNEYVILLE, CONANT, CAPTIAN MINE, & PREP PLANT 2880 CONANT ROAD",,,,State,2026-08-30T21:43:41.512264Z
40727cf84c1628b9,IL,"OWENS-BROCKWAY GLASS CONTAINERS, INC.",Owens-Brockway Glass Containers,,"ALTON, 1625 EAST BROADWAY",,,,State,2026-08-30T21:43:41.512264Z
bc6a023458428d34,IL,"EAGLE FOOD CENTERS, INC. #303",Eagle Food Centers,,"MONMOUTH, 1120 NORTH 6TH STREET",,,,State,2026-08-30T21:43:41.512264Z
37ca5336e00ae336,IL,SOUTHLAND FOODS,Southland Foods,,"CHAMPAIGN, MATTIS AVE & HWY 150",,,,State,2026-08-30T21:43:41.512264Z
8915de85de0f58ab,IL,STARK BROTHERS NURSERIES AND ORCHARDS CO.,Stark Brothers Nurseries and Orchards,,"LOUISIANA, HWY 54",,,,State,2026-08-30T21:43:41.512264Z
1a050b6b6cf12c25,IL,"Cpc-Rexcel, Inc.",Cpc-Rexcel,,"Litchfield, 625 W Columbian Blvd S 5",,,,State,2026-08-30T21:43:41.512264Z
f09b541dcd467a31,IL,FLORSHEIM SHOE COMPANY,Florsheim Shoe,,"ANNA, ROUTE 2 PO BOX 122",,,,State,2026-08-30T21:43:41.512264Z
77f02282b0ad98a3,IL,GENERAL ELECTRIC,General Electric,,"MATTOON, 1501 S 19TH STREET",,,,State,2026-08-30T21:43:41.512264Z
0450260b8d3f82e6,IL,ACE Hardware Corp/Retail Support Center,ACE Hardware Corp/Retail Support Center,,"ADDISON, 350 SOUTH ROUTE 53",,,,State,2026-08-30T21:43:41.512264Z
cbcaaafedf943ca8,IL,Schwinn Bicycle Company Inc,Schwinn Bicycle,,"Chicago, 217 N Jefferson St",,,,State,2026-08-30T21:43:41.512264Z
a07358eec28d51c2,IL,"Johnson Controls, Inc. /Automotive Systems Group","Johnson Controls, Inc. /Automotive Systems Group",,"SYCAMORE, 1701 Bethany Road",,,,State,2026-08-30T21:43:41.512264Z
fcae025ac9cb7007,IL,DUPONT IMAGING SYSTEMS/MEDICAL PRODUCTS,Dupont Imaging Systems/Medical Products,,"ADDISON, 1250 GREENBRIAR DRIVE",,,,State,2026-08-30T21:43:41.512264Z
25e3cfe3b21c7ea8,IL,"BAILLIE MANUFACTURING COMPANY, INC",Baillie Manufacturing,,"GIBSON CITY, ROUTE 54 W PO BOX 347",,,,State,2026-08-30T21:43:41.512264Z
fb2116227f25eae6,IL,REED REFERENCE PUBLISHING,Reed Reference Publishing,,"WILMETTE, 3002 GLENVIEW ROAD",,,,State,2026-08-30T21:43:41.512264Z
d8ba41c427e01acf,IL,LORD & TAYLOR,Lord & Taylor,,"SKOKIE, 10 OLD ORCHARD SHOPPING CENTER",,,,State,2026-08-30T21:43:41.512264Z
a7063159bc6097bc,IL,Chicago Housing Authority,Chicago Housing Authority,,"Chicago, 626 W Jackson",,,,State,2026-08-30T21:43:41.512264Z
4fe581563dd3eb3c,IL,"Lewis Brothers Bakeries, Inc.",Lewis Brothers Bakeries,,"ANNA, RR 1",,,,State,2026-08-30T21:43:41.512264Z
99e9c236dcc474f0,IL,"GERALD, INC",Gerald,,"CHICAGO, 30 S WACKER DR SUITE 2200",,,,State,2026-08-30T21:43:41.512264Z
ebcbec986c188db9,IL,"HCC, INC",HCC,,"GRIDLEY, 108 S CENTER STREET",,,,State,2026-08-30T21:43:41.512264Z
c445068fabf6e715,IL,MEDCARE HMO,Medcare Hmo,,"MAYWOOD, 1701 S FIRST AVENUE",,,,State,2026-08-30T21:43:41.512264Z
4d63c50a8354c67e,IL,Ring Response Ltd,Ring Response,,"Skokie, 5309 Touhy Ave",,,,State,2026-08-30T21:43:41.512264Z
22048c1b28176b81,IL,BURNS INTERNATIONAL SERVICES CORP,Burns International Services,,"LASALLE, 2603 N 21ST ROAD",,,,State,2026-08-30T21:43:41.512264Z
c6a34ea6eb7967f0,IL,Arnold Magnetic Technologies,Arnold Magnetic Technologies,,"Marengo, 300 North West Street",,,,State,2026-08-30T21:43:41.512264Z
f56c4946b3f673b0,IL,"MCLANE/MIDWEST COMPANY, INC.",Mclane/Midwest,,"CARMI, 200 LEXINGTON AVENUE",,,,State,2026-08-30T21:43:41.512264Z
3648d9dd11d862f1,IL,VENTURE,Venture,,"CARBONDALE, 1175 EAST MAIN STREET",,,,State,2026-08-30T21:43:41.512264Z
38ff44e7c146e5fa,IL,MAGNECRAFT ELECTRIC COMPANY,Magnecraft Electric,,"NORTHBROOK, 1910 TECHNY ROAD",,,,State,2026-08-30T21:43:41.512264Z
898d6da9b724ed5c,IL,SEARS BUSINESS CENTER/ALSIP WAREHOUSE & RETURN CENTER,Sears Business Center/Alsip Warehouse & Return Center,,"ALSIP, 11601 SOUTH CENTRAL",,,,State,2026-08-30T21:43:41.512264Z
d1e50b0da5ed9548,IL,RESOLUTION TRUST CORPORATION,Resolution Trust,,"ELK GROVE VILLGE, 25 NORTHWEST POINT BLVD",,,,State,2026-08-30T21:43:41.512264Z
5b8e83c108df3adb,IL,"AMP, INC.",AMP,,"SCHAUMBURG, 1100 WEST IRVING PARK ROAD",,,,State,2026-08-30T21:43:41.512264Z
3c1eadfd18ba659a,IL,"CITIBANK, F.S.B.","Citibank, F.S.B",,"CHICAGO, 22 WEST MADISON SUITE 300",,,,State,2026-08-30T21:43:41.512264Z
28ee3bf824942a8c,IL,Allen Telecom Group.,Allen Telecom Group,,"HOFFMAN ESTATES, 2155 STONINGTON AVENUE",,,,State,2026-08-30T21:43:41.512264Z
84184d80b4e13706,IL,National Magazine Mailers Inc,National Magazine Mailers,,"Effingham, 1200 W Niccum Ave",,,,State,2026-08-30T21:43:41.512264Z
d361b03f855f63d1,IL,Williams Electronics Games,Williams Electronics Games,,"WAUKEGAN, 800 SOUTH NORTHPOINT BOULEVARD",,,,State,2026-08-30T21:43:41.512264Z
27e8d693880c6a20,IL,Sears Roebuck and Co,Sears Roebuck and,,"Berwyn, 7001 Cermak Rd",,,,State,2026-08-30T21:43:41.512264Z
e8861f2b1dc8fa32,IL,"SEARS, ROEBUCK AND COMPANY/FOX LAKE","Sears, Roebuck and Company/Fox Lake",,"FOX LAKE, 121 LAKELAND PLAZA",,,,State,2026-08-30T21:43:41.512264Z
334c10ae3cddb0d4,IL,"SEARS, ROEBUCK AND COMPANY/PEKIN","Sears, Roebuck and Company/Pekin",,"PEKIN, 3500 COUNRT STREET",,,,State,2026-08-30T21:43:41.512264Z
7c04efa37a60afcb,IL,"SEARS, ROEBUCK AND COMPANY/FREEPORT","Sears, Roebuck and Company/Freeport",,"FREEPORT, LINCOLN MALL",,,,State,2026-08-30T21:43:41.512264Z
27f73dca49e40d5a,IL,Imperial Eastman Acquisition Corp,Imperial Eastman Acquisition,,"Niles, 6300 W Howard St",,,,State,2026-08-30T21:43:41.512264Z
feb84d8dc9f2e13c,IL,"Air Wisconsin, Inc.",Air Wisconsin,,"CHICAGO, OHare International Airport Terminal 2, Gate F4",,,,State,2026-08-30T21:43:41.512264Z
f5deba793bd36dda,IL,Alliant Tech Systems Inc.,Alliant Tech Systems,,"WILMINGTON, 29745 ALLIANT RT 53 S ARSENAL",,,,State,2026-08-30T21:43:41.512264Z
dfdfc64b13581c6f,IL,Jarrow Products Inc,Jarrow Products,,"Chicago, 2000 N Southport Ave",,,,State,2026-08-30T21:43:41.512264Z
82ab32be2f06cf7b,IL,RR DONNELLEY & SONS COMPANY,RR Donnelley & Sons,,"CHICAGO, 350 E 22ND STREET",,,,State,2026-08-30T21:43:41.512264Z
a425563afb983b2f,IL,SEARS HOME IMPROVEMENT PRODUCT & SERVICES DEPARTMENT,Sears Home Improvement Product & Services Department,,"SCHAUMBURG, 2 WOODFIELD MALL",,,,State,2026-08-30T21:43:41.512264Z
64677294a48ac6b1,IL,MCCORMICK CENTER HOTEL,Mccormick Center Hotel,,"CHICAGO, LAKE SHORE DRIVE AT 23RD ST",,,,State,2026-08-30T21:43:41.512264Z
d04e70f8843c41f1,IL,HARBRIDGE MERCHANT SERVICES,Harbridge Merchant Services,,"DOWNERS GROVE, 2001 BUTTERFIELD ROAD",,,,State,2026-08-30T21:43:41.512264Z
febc69fbc994bbc3,IL,SEARS CATALOG & DIRECT MARKETING HOME OFFICE UNIT,Sears Catalog & Direct Marketing Home Office Unit,,"SKOKIE, 7447 SKOKIE BLVD",,,,State,2026-08-30T21:43:41.512264Z
c5130bd5c2267243,IL,JOY TECHNOLOGIES INC.,Joy Technologies,,"MOUNT VERNON, 4 FOUNTAIN INDUSTRIAL PARK",,,,State,2026-08-30T21:43:41.512264Z
54e099ddb6c3fdc0,IL,Nabisco,Nabisco,,"ST ELMO, 1000 Brewbaker Drive East",,,,State,2026-08-30T21:43:41.512264Z
7fd5ebe2a97bcd9c,IL,GTE NORTH INCORPORATED,Gte North,,"MARION, 1600 EAST BOYTON",,,,State,2026-08-30T21:43:41.512264Z
2e26374c635eed7b,IL,Phar Mor Inc,Phar Mor,,"Marion, 3000 W Deyoung St",,,,State,2026-08-30T21:43:41.512264Z
7ee7debbdbdf4016,IL,Federated Distributors Inc,Federated Distributors,,"Chicago, 4130 S Morgan St",,,,State,2026-08-30T21:43:41.512264Z
36414296682b3025,IL,NESTLE USA NUTRITION DIVISION,Nestle USA Nutrition Division,,"HOPKINS PARK, 1 PEMBROKE PLACE",,,,State,2026-08-30T21:43:41.512264Z
8b06657077041ce8,IL,CASE CORPORATION,CASE,,"EAST MOLINE, 1100 3RD STREET",,,,State,2026-08-30T21:43:41.512264Z
36ea721071aa1dfb,IL,MONTEREY COAL COMPANY MINE #1,Monterey Coal Company Mine,,"CARLINVILLE, 14300 Brushy Mound Road",,,,State,2026-08-30T21:43:41.512264Z
322f8924c3027bb7,IL,CATERAIR INTERNATIONAL CORPORATION,Caterair International,,"SCHILLER PARK, 4330 N TRANS WORLD ROAD",,,,State,2026-08-30T21:43:41.512264Z
886892a165bcda61,IL,TARGET,Target,,"MT CARMEL, 1520 WEST NINTH STREET",,,,State,2026-08-30T21:43:41.512264Z
3c20e621c26d90b4,IL,Eclipse Dungs Controls LP,Eclipse Dungs Controls,,"Rockford, 1665 Elmwood Rd",,,,State,2026-08-30T21:43:41.512264Z
17035c8ad56974f6,IL,MIDWEST INTERNET,Midwest Internet,,"CARBONDALE, 300 EAST MAIN STREET",,,,State,2026-08-30T21:43:41.512264Z
e8def8641a8de0b3,IL,"RECONTEK, INC.",Recontek,,"NEWMAN, ROUTE 36 PO BOX 279",,,,State,2026-08-30T21:43:41.512264Z
a61396e811432489,IL,UNITED EXPRESS,United Express,,"CHICAGO, CHICAGO O'HARE INTRN'L AIRPORT TERMINAL 1 GATE B22 BOX 66391",,,,State,2026-08-30T21:43:41.512264Z
13f6298ec1e2466a,IL,"SEARS TELECATALOG HOME OFFICE, UNIT 297","Sears Telecatalog Home Office, Unit 297",,"DOWNERS GROVE, 3130 FINLEY ROAD",,,,State,2026-08-30T21:43:41.512264Z
cb849b1e1ceff114,IL,PHILLIPS - JOANNA,Phillips - Joanna,,"LADD, N MAIN STREET",,,,State,2026-08-30T21:43:41.512264Z
8ce3a0a6c22cdfb0,IL,"BRK ELECTRONICS, INC.",BRK Electronics,,"AURORA, 780 MCCLURE ROAD",,,,State,2026-08-30T21:43:41.512264Z
6aeefe15275ae1e7,IL,"Augat, Inc.",Augat,,"CAROL STREAM, 525 RANDY ROAD",,,,State,2026-08-30T21:43:41.512264Z
15062ed6e4e1d0ee,IL,KEEBLER COMPANY,Keebler,,"LAKE BLUFF, 1400 SKOKIE HIGHWAY",,,,State,2026-08-30T21:43:41.512264Z
63b2be46da758419,IL,GTE DEKALB CUSTOMER SERVICE ORDER CENTER,Gte Dekalb Customer Service Order Center,,"DE KALB, 155 NORTH 3RD STREET",,,,State,2026-08-30T21:43:41.512264Z
f29b7cc740379d4f,IL,KEYSTONE BOLT,Keystone Bolt,,"FLORA, PO BOX 70",,,,State,2026-08-30T21:43:41.512264Z
a80789bf3b48f295,IL,CONSOLIDATED FREIGHTWAYS,Consolidated Freightways,,"PERU, 5005 NORTH PLANK ROAD",,,,State,2026-08-30T21:43:41.512264Z
00aafb66e33526ef,IL,"EAGLE FOOD CENTERS, INC. #246",Eagle Food Centers,,"PEORIA, 1401 WEST GLEN",,,,State,2026-08-30T21:43:41.512264Z
cf14ab482afb42e7,IL,"SAHARA COAL COMPANY, INC.",Sahara Coal,,"HARRISBURG, 215 NORTH VINE",,,,State,2026-08-30T21:43:41.512264Z
bfa95222d81fed0e,IL,LACLEDE STEEL COMPANY,Laclede Steel,,"ALTON, # 5 CUT STREET",,,,State,2026-08-30T21:43:41.512264Z
fc89530ad3f60577,IL,Henry Pratt Co.,Henry Pratt,,"Dixon, 900 Depot Ave",,,,State,2026-08-30T21:43:41.512264Z
ec569226211ba4c9,IL,BLACKSTONE HOTEL,Blackstone Hotel,,"CHICAGO, 636 S MICHIGAN AVENUE",,,,State,2026-08-30T21:43:41.512264Z
a4c31b30bd098475,IL,"T S C Enterprises, Inc",T S C Enterprises,,"Lemont, Sanitary Canal Rd & Stephen St",,,,State,2026-08-30T21:43:41.512264Z
71ece6f14091c714,IL,MATERIAL SERVICE CORP. LOCKPORT PIPE PLANT,Material Service Corp. Lockport Pipe Plant,,"LOCKPORT, ROUTES 7 & 53",,,,State,2026-08-30T21:43:41.512264Z
a4c9755d56761a10,IL,BAKER & TAYLOR,Baker & Taylor,,"MORTON GROVE, 8140 NORTH LEHIGH AVENUE",,,,State,2026-08-30T21:43:41.512264Z
453cec3881cb6659,IL,"DANFOSS FLUID POWER, INC",Danfoss Fluid Power,,"ST CHARLES, 950 STATE AVENUE",,,,State,2026-08-30T21:43:41.512264Z
badc799d79a0db2f,IL,Decatur Public School District 61,Decatur Public School District 61,,"Decatur, 300 East Eldorado",,,,State,2026-08-30T21:43:41.512264Z
08ff61b28030487e,IL,"A. E. Staley, Mfg. Co.","A. E. Staley, Mfg",,"Decatur, 2200 E. Eldorado",,,,State,2026-08-30T21:43:41.512264Z
fe3c75f5159c6d74,IL,HBO CHICAGO CALL CENTER,Hbo Chicago Call Center,,"CHICAGO, 990 WEST FULLERTON AVENUE",,,,State,2026-08-30T21:43:41.512264Z
a98546ff17275c22,IL,EAST ST. LOUIS SCHOOL DISTRICT 189,East ST. Louis School District 189,,"EAST ST LOUIS, 1005 STATE ST",,,,State,2026-08-30T21:43:41.512264Z
be63b94906c23e21,IL,RED LOBSTER,Red Lobster,,"DES PLAINES, 9860 MILWAUKEE AVENUE",,,,State,2026-08-30T21:43:41.512264Z
75ea1ddc6e3373fc,IL,CRAWFORD DEPT. STORE,Crawford Dept. Store,,"CHICAGO, 2509 W DEVON",,,,State,2026-08-30T21:43:41.512264Z
26e3445567bd985b,IL,CHEESEBROUGH/PONDS,Cheesebrough/Ponds,,"BEDFORD PARK, 6901 WEST 65TH STREET",,,,State,2026-08-30T21:43:41.512264Z
4cfb344d60153ea9,IL,Pcm Corporation,Pcm,,"Waukegan, 3800 Hawthorne Ct",,,,State,2026-08-30T21:43:41.512264Z
cf80bd24245d9bf6,IL,Ciel Bleu Restaurant of Mayfair Hotel,Ciel Bleu Restaurant of Mayfair Hotel,,"Chicago, 181 E Lake Shore Dr",,,,State,2026-08-30T21:43:41.512264Z
5f9d41cf10a41bdb,IL,BROOKS ELECTRONICS INC,Brooks Electronics,,"NILES, 5601 W HOWARD AVE",,,,State,2026-08-30T21:43:41.512264Z
bdb953a6d4a1f079,IL,"Uniroyal Chemical Company, Inc",Uniroyal Chemical,,"Joliet, 9 MI South",,,,State,2026-08-30T21:43:41.512264Z
436e3d434b9714a1,IL,National Data Corporation/Lombard Voice Center,National Data Corporation/Lombard Voice Center,,"LOMBARD, 55 West 22ND St. Suite 301",,,,State,2026-08-30T21:43:41.512264Z
358e1747de916fc6,IL,"Williams, White & Company","Williams, White &",,"Moline, 600 River Dr",,,,State,2026-08-30T21:43:41.512264Z
9709e2f3401bf490,IL,"NORTH AMERICAN VAN LINES, INC.",North American van Lines,,"AURORA, 1250 RT 34",,,,State,2026-08-30T21:43:41.512264Z
eb72aacd5451448d,IL,DEPARTMENT OF VETERANS AFFAIRS SUPPLY DEPOT,Department of Veterans Affairs Supply Depot,,"HINES, PO BOX 27",,,,State,2026-08-30T21:43:41.512264Z
f19d0dc558e6b0eb,IL,"C. J. VITNER COMPANY, INC.",C. J. Vitner,,"LOVES PARK, 1110 WINDSOR ROAD",,,,State,2026-08-30T21:43:41.512264Z
655d6cfde4ad1bcc,IL,PEABODY COAL COMPANY - EAGLE #2 MINE,Peabody Coal Company - Eagle #2 Mine,,"SHAWNEETOWN, ROUTE 13",,,,State,2026-08-30T21:43:41.512264Z
d27ff4cccb2bb3f2,IL,"DAILY RACING FORM, INC.",Daily Racing Form,,"CHICAGO, 1301 N ELSON AVENUE",,,,State,2026-08-30T21:43:41.512264Z
acb4132c14fbfa63,IL,"Desoto, Inc.",Desoto,,"South Holland, 16750 Vincennes Ave",,,,State,2026-08-30T21:43:41.512264Z
0061cd4c6cbc25bc,IL,TALLEY DEFENSE SYSTEMS,Talley Defense Systems,,"JOLIET, RT 53 & HOFF ROAD",,,,State,2026-08-30T21:43:41.512264Z
13cc417d76e661cf,IL,BRIGGS COMPANY,Briggs,,"ABINGDON, 801 NORTH MAIN STREET",,,,State,2026-08-30T21:43:41.512264Z
3e85481c0e5a62a8,IL,Aurora Equipment Co Inc DBA Equipto,Aurora Equipment,Equipto,"Aurora, 225 S Highland Ave",,,,State,2026-08-30T21:43:41.512264Z
23df278e9f50ad0e,IL,U S CARTAGE COMPANY,U S Cartage,,"HILLSIDE, 200 N MANNHEIM ROAD",,,,State,2026-08-30T21:43:41.512264Z
f8f5f1824f7d6612,IL,Midwest Body Corporation,Midwest Body,,"Paris, 2109 S Central Ave",,,,State,2026-08-30T21:43:41.512264Z
9e7e73c435a3a97b,IL,MULTICOLOR CORPORATION,Multicolor,,"LOCKPORT, 201 WEST 6TH STREET",,,,State,2026-08-30T21:43:41.512264Z
1b10928dd3cf554f,IL,"UPPCO, INC.",Uppco,,"CHICAGO, 5610 W BLOOMINGDALE AVENUE",,,,State,2026-08-30T21:43:41.512264Z
f7e65e6b0d93b4e4,IL,NORTH SUBURBAN CLINIC,North Suburban Clinic,,"HOFFMAN ESTATES, 1786 MOON LAKE BLVD.",,,,State,2026-08-30T21:43:41.512264Z
c41f617dcdaec8d5,IL,"Combined Communication Services, Inc.",Combined Communication Services,,"Oregon, 200 Washington St",,,,State,2026-08-30T21:43:41.512264Z
7adad758f2c1337c,IL,"South Holland Food Processors, Inc",South Holland Food Processors,,"South Holland, 15600 Wentworth Ave",,,,State,2026-08-30T21:43:41.512264Z
7d4cd054d455c130,IL,Chicago Magnet Wire Corp,Chicago Magnet Wire,,"Elk Grove Village, 901 Chase Ave",,,,State,2026-08-30T21:43:41.512264Z
5d9f353438ac120c,IL,JC Penney,JC Penney,,"Centralia, 1077 W. Broadway",,,,State,2026-08-30T21:43:41.512264Z
d4548ead31ddb78a,IL,"OLIN FABRICATED METAL PRODUCTS, INC",Olin Fabricated Metal Products,,"BLOOMINGTON, PO BOX 1464",,,,State,2026-08-30T21:43:41.512264Z
3b740c70b54fe1bd,IL,COURTESY HOME CENTERS,Courtesy Home Centers,,"SKOKIE, 6001 WEST OAKTON",,,,State,2026-08-30T21:43:41.512264Z
74bd313bd3c85f7d,IL,UNION SPECIAL,Union Special,,"HUNTLEY, ONE UNION SPECIAL PLAZA",,,,State,2026-08-30T21:43:41.512264Z
02a1fb512fb5c8da,IL,NEWARK ELECTRONICS DISTRIBUTION CENTER,Newark Electronics Distribution Center,,"CHICAGO, 500 N PULASKI ROAD",,,,State,2026-08-30T21:43:41.512264Z
b3781af6410606fa,IL,SPRINT'S NCO CUSTOMER SERVICE CENTER,Sprint's Nco Customer Service Center,,"ROSEMONT, 5600 NORTH RIVER ROAD",,,,State,2026-08-30T21:43:41.512264Z
deebc48f25017eaf,IL,Advisory Board of Silver Cross Hospital,Advisory Board of Silver Cross Hospital,,"Joliet, 1200 Maple Rd",,,,State,2026-08-30T21:43:41.512264Z
aabc455394b79ee7,IL,SAFELITE GLASS CORP,Safelite Glass,,"CHICAGO, CHICAGO CALL CENTER 2 NORTH LASALLE",,,,State,2026-08-30T21:43:41.512264Z
1a7b6b2f4bd20999,IL,R. R. DONNELLEY LOGISTICS,R. R. Donnelley Logistics,,"Franklin Park, 10601 W. Seymore",,,,State,2026-08-30T21:43:41.512264Z
965a0c15a62a7a50,IL,Universal Edible Oils Inc,Universal Edible Oils,,"Chicago, 4421 W 31ST St",,,,State,2026-08-30T21:43:41.512264Z
7ab639911a0c3c6b,IL,"Handy Andy Home Improvement Centers, Inc",Handy Andy Home Improvement Centers,,"Springfield, 2501 N Dirksen Pkwy",,,,State,2026-08-30T21:43:41.512264Z
a4032ef6bf324a4f,IL,Toyoda Machinery USA Inc,Toyoda Machinery,,"Arlington Heights, 316 WEST UNIVERSITY DRIVE",,,,State,2026-08-30T21:43:41.512264Z
0c86c6ac976e4c21,IL,OLD KENT FINANCIAL CORPORATION,Old Kent Financial,,"AURORA, 2255 WEST SULLIVAN ROAD",,,,State,2026-08-30T21:43:41.512264Z
b6b928204b0a31d9,IL,BERGNER'S SANGAMON CENTER STORE,Bergner's Sangamon Center Store,,"SPRINGFIELD, 1901 SANGAMON AVENUE",,,,State,2026-08-30T21:43:41.512264Z
bf5809c70e0bf41f,IL,PEABODY COAL BALDWIN MINE,Peabody Coal Baldwin Mine,,"MARISSA, ST CLAIR-RANDOLPH COUNTY ROAD",,,,State,2026-08-30T21:43:41.512264Z
a38fc2de7062bece,IL,SILVESTRI,Silvestri,,"CHICAGO, 2720 NORTH PAULINA STREET",,,,State,2026-08-30T21:43:41.512264Z
4698acf891ec85a6,IL,F W Woolworth Co,F W Woolworth,,"Lombard, 106 Yorktown Shopping Ctr",,,,State,2026-08-30T21:43:41.512264Z
e7b7035d87de30a1,IL,CINTAS CORPORATION,Cintas,,"VILLA PARK, 1050 NORTH VILLA AVENUE",,,,State,2026-08-30T21:43:41.512264Z
d844dd49575c3b13,IL,"Foster Electric (u.s.a.), Inc.",Foster Electric (u.s.a.),,"Schaumburg, 1751 NORTH WILKENING COURT",,,,State,2026-08-30T21:43:41.512264Z
fdcfa53c272996ea,IL,SEARS CENTRAL DECORATING SELLING UNIT,Sears Central Decorating Selling Unit,,"CHICAGO, 1601 NORTH HARLEM AVENUE",,,,State,2026-08-30T21:43:41.512264Z
99168e6d24655bcf,IL,COAL COMPANIES OF SDA# 26,Coal Companies of Sda,,"HARRISBURG, PO BOX 696",,,,State,2026-08-30T21:43:41.512264Z
3d679411c7855250,IL,COAL COMPANIES OF SDA# 25,Coal Companies of Sda,,"ZEIGLER, PO BOX 56",,,,State,2026-08-30T21:43:41.512264Z
8cc7accb41507bcb,IL,SEARS INDUSTRIAL WAREHOUSE,Sears Industrial Warehouse,,"OAK BROOK, 1 SOUTH 155 ROUTE 83",,,,State,2026-08-30T21:43:41.512264Z
78f78520ed75da8f,IL,Vern Kiebler Electronics Inc,Vern Kiebler Electronics,,"Wheaton, 201 N Gables Blvd",,,,State,2026-08-30T21:43:41.512264Z
2718295e5227bbac,IL,CHARTER ELECTRIC MELTING PLANT,Charter Electric Melting Plant,,"CHICAGO, 3151 SOUTH CALIFORNIA AVENUE",,,,State,2026-08-30T21:43:41.512264Z
5a5cb0a72a0fbbc1,IL,Autonation USA Corporation,Autonation,,"DOWNERS GROVE, 3300 FINLEY ROAD",,,,State,2026-08-30T21:43:41.512264Z
3fc0ff86cdf9ff80,IL,"EDER ENDOSCOPY, DIVISION OF LINVATEC, INC.","Eder Endoscopy, Division of Linvatec",,"CHICAGO, 5645 NORTH RAVENSWOOD AVENUE",,,,State,2026-08-30T21:43:41.512264Z
3d18bf915ab3cfbd,IL,Personal Products,Personal Products,,"Wilmington, 901 E Kankakee River Dr",,,,State,2026-08-30T21:43:41.512264Z
a1ad1f8634942632,IL,"H B WILLIAMSON COMPANY, THE","H B Williamson Company, the",,"FAIRFIELD, ROUTE 15 FAIRFIELD INDUSTRIAL PARK WEST",,,,State,2026-08-30T21:43:41.512264Z
c70d8d665b7e9e92,IL,"APV CREPACO, INC.",Apv Crepaco,,"ROCKFORD, 1303 SAMUELSON RD",,,,State,2026-08-30T21:43:41.512264Z
32fbcdabd5f9cdfd,IL,BLUE M ELECTRIC,Blue M Electric,,"BLUE ISLAND, 2218 W 138TH STREET",,,,State,2026-08-30T21:43:41.512264Z
f172a57e4778eb83,IL,HOMEBASE WAREHOUSE,Homebase Warehouse,,"ORLAND PARK, 7300 WEST 159TH STREET",,,,State,2026-08-30T21:43:41.512264Z
42e4c657fdbdb21c,IL,"SIEMENS ENERGY & AUTOMATION, INC.",Siemens Energy & Automation,,"BATAVIA, 1000 MCKEE STREET",,,,State,2026-08-30T21:43:41.512264Z
a4ebeeb9169d4601,IL,GE MOTORS,GE Motors,,"DE KALB, 1900 EAST PLEASANT STREET",,,,State,2026-08-30T21:43:41.512264Z
9511ef363a113d4e,IL,DEFENSE LOGISTICS AGENCY,Defense Logistics Agency,,"CHICAGO, O'HARE FIELD PO BOX 66926",,,,State,2026-08-30T21:43:41.512264Z
9be3b4151e3c2e53,IL,LITTON PERCISION GEAR,Litton Percision Gear,,"CHICAGO, 4545 S WESTERN BLVD",,,,State,2026-08-30T21:43:41.512264Z
7ef643a6c6405af9,IL,NORTHROP CORP.,Northrop,,"ELK GROVE VILLGE, 2525 BUSSE ROAD",,,,State,2026-08-30T21:43:41.512264Z
0c5b15e26e1cf078,IL,United States Department of the Navy,United States Department of the Navy,,"Glenview, W Lake Ave",,,,State,2026-08-30T21:43:41.512264Z
7f1b77decbe3ed6a,IL,MIDWEST ELECTRIC,Midwest Electric,,"Chicago, 1639 W Walnut St",,,,State,2026-08-30T21:43:41.512264Z
1505f597722b5d45,IL,COUNSELOR BORG SCALE COMPANY,Counselor Borg Scale,,"ROCKFORD, 2107 KISHWAUKEE STREET",,,,State,2026-08-30T21:43:41.512264Z
7c973b5d0aed6f0f,IL,SERROT INTERNATIONAL,Serrot International,,"GALESBURG, 1255 MONMOUTH BLVD",,,,State,2026-08-30T21:43:41.512264Z
3a990348a19447ce,IL,JEWEL FOOD STORES,Jewel Food Stores,,"WORTH, 7000 W 111TH ST",,,,State,2026-08-30T21:43:41.512264Z
6dc510eabc932bea,IL,Random House Inc.,Random House,,"Des Plaines, Bantam Doubleday Dell Dist Cntr 30 E Oakton Rd & 2451 S. Wolf Rd",,,,State,2026-08-30T21:43:41.512264Z
219b1d75e567e7d5,IL,"Accutronics, Inc.",Accutronics,,"CARY, 225 NORTH FIRST STREET",,,,State,2026-08-30T21:43:41.512264Z
6f306afee6cbc671,IL,LUTHERN SOCIAL SERVICES OF ILLINOIS,Luthern Social Services of Illinois,,"CHICAGO, SOUTHEAST CASE MANAGEMENT UNIT 8704 S CONSTANCE",,,,State,2026-08-30T21:43:41.512264Z
e5a30e1dccc28624,IL,EKCO,EKCO,,"FRANKLIN PARK, 9234 WEST BELMONT AVENUE",,,,State,2026-08-30T21:43:41.512264Z
7f6c05c532464ed8,IL,SWIFT ADHESIVES,Swift Adhesives,,"Downers Grove, 3100 Woodcreek Dr",,,,State,2026-08-30T21:43:41.512264Z
a731ee10f2d2a3df,IL,"COMMERCE CLEARING HOUSE, INC",Commerce Clearing House,,"CHICAGO, 4025 W PETERSON AVENUE",,,,State,2026-08-30T21:43:41.512264Z
e09b303212db50e5,IL,MATSUSHITA COMPUTER COMPANY,Matsushita Computer,,"FRANKLIN PARK, 9401 WEST GRANT AVENUE",,,,State,2026-08-30T21:43:41.512264Z
8fd3d3bbfe4153b2,IL,"JAYDON, INC.",Jaydon,,"ROCK ISLAND, 7800 14TH STREET WEST",,,,State,2026-08-30T21:43:41.512264Z
cab26e98e1a62a96,IL,Damon Clinical Laboratories,Damon Clinical Laboratories,,"Berwyn, 3231 Euclid Ave",,,,State,2026-08-30T21:43:41.512264Z
6a0ea4950068dd96,IL,LIBERTY MUTUAL INSURANCE GROUP,Liberty Mutual Insurance Group,,"ROCKFORD, 7115 WINDSOR LAKE PARKWAY",,,,State,2026-08-30T21:43:41.512264Z
ab828fa36ea3c5fb,IL,ZEIGLER COAL COMPANY'S OLD BEN #25 MINE,Zeigler Coal Company's Old Ben #25 Mine,,"BENTON, 500 NORTH DUQUOIN",,,,State,2026-08-30T21:43:41.512264Z
f79296984c66c549,IL,"MILES, INC. S.O.S & CUTTER BUSINESS UNITS","Miles, Inc. S.O.S & Cutter Business Units",,"BEDFORD PARK, 7123 WEST 65TH STREET",,,,State,2026-08-30T21:43:41.512264Z
5e8dc2840f4c09f9,IL,"PROFESSIONAL TRANSPORTATION, INC.",Professional Transportation,,"SOUTH HOLLAND, 17135 SOUTH WESTVIEW",,,,State,2026-08-30T21:43:41.512264Z
60884f8240a50c34,IL,Kraft Foods North America Inc,Kraft Foods North America,,"Kankakee, 3 Stuart Dr",,,,State,2026-08-30T21:43:41.512264Z
c9a29a80115e669b,IL,Nestle Beverage Company,Nestle Beverage,,"Granite City, 2101 Adams St",,,,State,2026-08-30T21:43:41.512264Z
f57b8d05c2fa7760,IL,SORENSEN ELECTRONIC COMPANY,Sorensen Electronic,,"PAXTON, 615 NORTH RAILROAD AVENUE",,,,State,2026-08-30T21:43:41.512264Z
3005e52efb8ef3df,IL,ZENITH ELECTRONICS CORP,Zenith Electronics,,"MELROSE PARK, 2407 WEST NORTH AVENUE",,,,State,2026-08-30T21:43:41.512264Z
a54e9d249c90bd08,IL,Trinity Industries Inc,Trinity Industries,,"Chicago Heights, 2705 State St",,,,State,2026-08-30T21:43:41.512264Z
e48bd76da18538bf,IL,UNITED AIRLINES,United Airlines,,"CHICAGO, O'HARE INTERNATIONAL AIRPORT",,,,State,2026-08-30T21:43:41.512264Z
7408c1068cddb3bc,IL,"ANDREA MANUFACTURING COMPANY, INC",Andrea Manufacturing,,"DECATUR, 606 WEST IMBODEN DRIVE",,,,State,2026-08-30T21:43:41.512264Z
5ef5aa7f5601b8b0,IL,REYNOLDS METALS COMPANY MCCOOK SHEET & PLATE PLANT,Reynolds Metals Company Mccook Sheet & Plate Plant,,"MC COOK, 1ST AVENUE & 47TH STREET",,,,State,2026-08-30T21:43:41.512264Z
a6d2e81b1a0849a5,IL,KENTILE FLOORS INC,Kentile Floors,,"CHICAGO, 4532 SOUTH KOLIN AVENUE",,,,State,2026-08-30T21:43:41.512264Z
0bc1e76960eea6f6,IL,Teledyne Pines,Teledyne Pines,,"Aurora, 601 W New York St",,,,State,2026-08-30T21:43:41.512264Z
e7d1015d2dbdacc5,IL,National Brush,National Brush,,"Aurora, 756 Orachard",,,,State,2026-08-30T21:43:41.512264Z
5102953a1d012480,IL,ATAPCO OFFICE PRODUCTS GROUP,Atapco Office Products Group,,"CHICAGO, 4300 SOUTH HALSTED STREET",,,,State,2026-08-30T21:43:41.512264Z
d62f2425640821d4,IL,GM POWERTRAIN GROUP,GM Powertrain Group,,"DANVILLE, I-74 AT G STREET PO BOX 592",,,,State,2026-08-30T21:43:41.512264Z
22d487d69eda54d8,IL,Federal Kemper Insurance Co,Federal Kemper Insurance,,"Decatur, 2001 E Mound Rd",,,,State,2026-08-30T21:43:41.512264Z
12b8bba46bd54d0d,IL,"Toyota Vehicle Processors, Inc",Toyota Vehicle Processors,,"West Chicago, 225 S Kress",,,,State,2026-08-30T21:43:41.512264Z
27919b74daef75da,IL,"ALUMAX MILL PRODUCTS, INC.",Alumax Mill Products,,"MORRIS, 5555 EAST HIGHWAY 6",,,,State,2026-08-30T21:43:41.512264Z
aba15ed3626613a8,IL,CUR*MED HEALTH CARE PACKAGING,Cur*Med Health Care Packaging,,"CHICAGO, 3500 NORTH KIMBALL AVENUE",,,,State,2026-08-30T21:43:41.512264Z
2cd92776a3d806bb,IL,PALUMBO BROTHERS INC.,Palumbo Brothers,,"HILLSIDE, 321 CENTER STREET",,,,State,2026-08-30T21:43:41.512264Z
dfca04897ae78afa,IL,"Stylemaster, Inc",Stylemaster,,"Niles, 7200 N Oak Park Ave",,,,State,2026-08-30T21:43:41.512264Z
9d81827b310d71f3,IL,"RICHARD D. IRWIN, INC.",Richard D. Irwin,,"BURR RIDGE, 1333 BURR RIDGE PARKWAY",,,,State,2026-08-30T21:43:41.512264Z
38e8c988dfa9f96f,IL,MONARCH METAL PRODUCTS CORP,Monarch Metal Products,,"ELK GROVE VILLGE, 1901 ESTES ROAD",,,,State,2026-08-30T21:43:41.512264Z
95098f47c8edce1b,IL,Moore Business Forms Federal Credit Union,Moore Business Forms Federal Credit Union,,"Charleston, East Rt Highway 316",,,,State,2026-08-30T21:43:41.512264Z
60a95c45e2339800,IL,WEIDER SPORTING GOODS,Weider Sporting Goods,,"OLNEY, 900 WEST ST JOHNS",,,,State,2026-08-30T21:43:41.512264Z
2af62c4fb40cdda5,IL,HUCKS FIXTURES,Hucks Fixtures,,"QUINCY, 1100 NORTH 28TH STREET",,,,State,2026-08-30T21:43:41.512264Z
25c4de3e77107691,IL,GEORGIA PACIFIC CORPORATION,Georgia Pacific,,"TAYLORVILLE, 1200 E STREET EAST, PO BOX 380",,,,State,2026-08-30T21:43:41.512264Z
8d35ffb63fc8acb3,IL,"AMMCO TOOLS, INC, LIFT DIVISION","Ammco Tools, Inc, Lift Division",,"NORTH CHICAGO, WACKER PARK",,,,State,2026-08-30T21:43:41.512264Z
6b35b0f6ea0d1ae1,IL,Motor Wheel Corporation,Motor Wheel,,"Mendota, 605 12TH St",,,,State,2026-08-30T21:43:41.512264Z
836f6b2253027e2b,IL,AMERIPAC CORP,Ameripac,,"WAUKEGAN, 4050 JOSEPH DRIVE",,,,State,2026-08-30T21:43:41.512264Z
ed00af5e8e687399,IL,"CHURCHILL TRUCK LINES, INC.",Churchill Truck Lines,,"FOREST VIEW, 5448 WEST 47TH STREET",,,,State,2026-08-30T21:43:41.512264Z
db1eccf12129ee87,IL,Nsc Corporation,Nsc,,"Chicago, 4300 WEST LAKE STREET",,,,State,2026-08-30T21:43:41.512264Z
be5f2941d1f3b767,IL,AT&T- ROCKFORD CONSUMER COMMUNICATION SERVICE FACILITY,AT&T- Rockford Consumer Communication Service Facility,,"ROCKFORD, 216 N MAIN",,,,State,2026-08-30T21:43:41.512264Z
a85e1ad5adf8064a,IL,AT & T CONSUMER COMMUNICATIONS SERVICES,At & T Consumer Communications Services,,"ITASCA, 350 E DEVON",,,,State,2026-08-30T21:43:41.512264Z
44ff34fd24955d87,IL,AT & T OPERATOR SERVICES,At & T Operator Services,,"NAPERVILLE, 516 S WASHINGTON",,,,State,2026-08-30T21:43:41.512264Z
5a4f9c4489c276ac,IL,CARD-O-LINK,Card-O-Link,,"EVANSTON, 1948 RIDGE AVENUE",,,,State,2026-08-30T21:43:41.512264Z
d21cc24a605fd474,IL,International Multifoods Corporation,International Multifoods,,"Melrose Park, 2000 George St",,,,State,2026-08-30T21:43:41.512264Z
27d5b084be0d3b0b,IL,Material Service Corporation Del,Material Service Corporation Del,,"Chicago, 3300 S California Ave",,,,State,2026-08-30T21:43:41.512264Z
7ce7ceda7bd7c3e7,IL,LAKE SHORE NATIONAL BANK,Lake Shore National Bank,,"CHICAGO, 605 NORTH MICHIGAN AVENUE",,,,State,2026-08-30T21:43:41.512264Z
81b4fc6a1d06f4ad,IL,"Ashland Products, Inc.",Ashland Products,,"CHICAGO, 10910 SOUTH LANDLEY AVENUE",,,,State,2026-08-30T21:43:41.512264Z
8570314b50c62e1f,IL,FASHION BED GROUP,Fashion Bed Group,,"CHICAGO, 5950 WEST 51ST STREET",,,,State,2026-08-30T21:43:41.512264Z
4d322c8e95019c17,IL,The Spengler Corporation,Spengler,,"Loves Park, 7130 Clinton Rd",,,,State,2026-08-30T21:43:41.512264Z
71eaf8214f2ecc2d,IL,Alisun America Limited.,Alisun America,,"MC HENRY, 1415 N INDUSTRIAL DRIVE",,,,State,2026-08-30T21:43:41.512264Z
e4a3a43e5d2cc8e0,IL,"KERR GROUP, INC",Kerr Group,,"CHICAGO, 2444 WEST 16TH STREET",,,,State,2026-08-30T21:43:41.512264Z
425de18633d1708e,IL,"HELPING CARE, INC/HOME SERVICES FOR SENIORS, INC.","Helping Care, Inc/Home Services for Seniors",,"CHICAGO, 175 W JACKSON BLVD SUITE A1547",,,,State,2026-08-30T21:43:41.512264Z
2f2c33ae937f141e,IL,"HELPING CARE, INC",Helping Care,,"WAUKEGAN, 2504 WASHINGTON STREET # 203",,,,State,2026-08-30T21:43:41.512264Z
76a50930210bff2f,IL,Helping Care Inc,Helping Care,,"Wood River, 929 E Edwardsville Rd",,,,State,2026-08-30T21:43:41.512264Z
946002d9c7d89e1a,IL,OAKWOOD HOSPITAL,Oakwood Hospital,,"ROCKFORD, 5510 EAST STATE STREET",,,,State,2026-08-30T21:43:41.512264Z
c29c335bd0d8116e,IL,"OLD BEN COAL COMPANY, MINE #25","Old Ben Coal Company, Mine",,"WEST FRANKFORT, RR 2 PO BOX 637",,,,State,2026-08-30T21:43:41.512264Z
3fe3979c2a6187c5,IL,"Leewards Creative Crafts, Inc.",Leewards Creative Crafts,,"Elgin, 1200 St Charles Street",,,,State,2026-08-30T21:43:41.512264Z
f0833c3a486341d0,IL,"Avanti Health Systems, Inc.",Avanti Health Systems,,"BANNOCKBURN, 2275 HALFDAY ROAD",,,,State,2026-08-30T21:43:41.512264Z
13bf16146ffcddc9,IL,JCPENNEY COMPANY CREDIT SERVICE CENTER,Jcpenney Company Credit Service Center,,"GLENVIEW, 4700 WEST LAKE",,,,State,2026-08-30T21:43:41.512264Z
1a178b2e7afde25a,IL,AMERICAN HOSPITAL ASSOCIATION,American Hospital Association,,"CHICAGO, 840 NORTH LAKE SHORE DRIVE",,,,State,2026-08-30T21:43:41.512264Z
d242e48b2fe36db4,IL,W E Kautenberg Company,W E Kautenberg,,"Freeport, 555 W LAMM ROAD",,,,State,2026-08-30T21:43:41.512264Z
eddf56d017bd2e21,IL,"Pro-Pac, Inc",Pro-Pac,,"Chicago, 5301 S Cicero Ave Ste 209",,,,State,2026-08-30T21:43:41.512264Z
461cf370f885d5fb,IL,FIRST CHICAGO-COMMUNITY BANKING GROUP,First Chicago-Community Banking Group,,"CHICAGO, ONE FIRST NATIONAL PLAZA",,,,State,2026-08-30T21:43:41.512264Z
df1630af576dea62,IL,Park Wicker L P,Park Wicker L P,,"Herrin, 712 E Monroe St",,,,State,2026-08-30T21:43:41.512264Z
9bd05ba515cfe772,IL,AT&T Consumer Communications Services Facility,AT&T Consumer Communications Services Facility,,"NAPERVILLE, 516 26 South Washington",,,,State,2026-08-30T21:43:41.512264Z
13de5a6baa9d2aa5,IL,MATSUSHITA TELEVISION COMPANY,Matsushita Television,,"FRANKLIN PARK, 9401 WEST GRANT AVENUE",,,,State,2026-08-30T21:43:41.512264Z
ca38896065b28629,IL,Tesa Tape Inc.,Tesa Tape,,"Carbondale, 600 N Illinois Ave",,,,State,2026-08-30T21:43:41.512264Z
ace46d530f684a65,IL,"AMERICAN DRUG STORES, INC.",American Drug Stores,,"FRANKLIN PARK, 3030 CULLERTON DRIVE",,,,State,2026-08-30T21:43:41.512264Z
660cf0cb91d806b5,IL,The Travelers Insurance Co of Illinois Inc,Travelers Insurance Co of Illinois,,"Naperville, 184 Shuman Blvd",,,,State,2026-08-30T21:43:41.512264Z
5c6e3d7cca814e06,IL,MCKECHNIE PLASTIC PACKAGING,Mckechnie Plastic Packaging,,"URBANA, 2508 NORTH OAK STREET",,,,State,2026-08-30T21:43:41.512264Z
87c7c2ff2aeb34e4,IL,NELSON BROTHERS FURNITURE CORPORATION DISTRIBUTION CENTER,Nelson Brothers Furniture Corporation Distribution Center,,"CHICAGO, 2750 WEST GRANT AVENUE",,,,State,2026-08-30T21:43:41.512264Z
8c3d7e854729c3f5,IL,ZENITH ELECTRONICS CORP. PARTS SALES WAREHOUSE,Zenith Electronics Corp. Parts Sales Warehouse,,"CHICAGO, 1900 NORTH AUSTIN AVENUE",,,,State,2026-08-30T21:43:41.512264Z
fe64d98d4b9c1c7d,IL,K MART (CAHOKIA),K Mart (Cahokia),,"CAHOKIA, 1210 CAMP JACKSON ROAD",,,,State,2026-08-30T21:43:41.512264Z
2524cca0376b6177,IL,K MART #4368,K Mart,,"CAROL STREAM, 610 EAST NORTH AVENUE",,,,State,2026-08-30T21:43:41.512264Z
316cf25ae1a43741,IL,Standard T Chemical Company Inc (del),Standard T Chemical Company Inc (del),,"Chicago Heights, 290 E Joe Orr Rd",,,,State,2026-08-30T21:43:41.512264Z
419b9a6b2704eb02,IL,Illinois Power Company,Illinois Power,,"Danville, 1155 E Voorhees St",,,,State,2026-08-30T21:43:41.512264Z
d9e7ac49feb312a7,IL,"Eagle Food Centers, Inc",Eagle Food Centers,,"Champaign, 819 Bloomington Rd",,,,State,2026-08-30T21:43:41.512264Z
2bb361b11743c82c,IL,Xerox Corporation,Xerox,,"Hinsdale, 1808 Swift Dr",,,,State,2026-08-30T21:43:41.512264Z
6752e0078b746ee2,IL,Union Camp Corporation,Union Camp,,"Normal, 1802 Industrial Park Dr",,,,State,2026-08-30T21:43:41.512264Z
314fe3a88f18ccb5,IL,TRANSAMERICA COMMERICAL FINANCE CORPORATION,Transamerica Commerical Finance,,"CHICAGO, 225 NORTH MICHIGAN AVE",,,,State,2026-08-30T21:43:41.512264Z
9bcf97c000838da0,IL,"Vtech Computers, Inc.",Vtech Computers,,"Lake Zurich, 800 Church St",,,,State,2026-08-30T21:43:41.512264Z
ddec4eec3eb7b7c3,IL,"CARON INTERNATIONAL, INC.",Caron International,,"ROCHELLE, 150 AVENUE EAST",,,,State,2026-08-30T21:43:41.512264Z
242c830eb04defa3,IL,ANTHEM CASUALTY INSURANCE GROUP,Anthem Casualty Insurance Group,,"DECATUR, 2001 EAST MOUND ROAD",,,,State,2026-08-30T21:43:41.512264Z
8604c1f0a5c151b6,IL,KMART CORP,Kmart,,"NAPERVILLE, WESTRIDGE COURT 204 S RT 59",,,,State,2026-08-30T21:43:41.512264Z
d410c68d4ccc2d09,IL,Household Retail Services Inc,Household Retail Services,,"Wood Dale, 700 WOOD DALE ROAD",,,,State,2026-08-30T21:43:41.512264Z
8daf98090eece3f5,IL,"KIDDER, PEABODY & COMPANY","Kidder, Peabody &",,"CHICAGO, 125 SOUTH WACKER DRIVE",,,,State,2026-08-30T21:43:41.512264Z
4f710c76cdb9cc9f,IL,"Hamilton Investments, Inc",Hamilton Investments,,"Chicago, 2 N La Salle St Ste 1300",,,,State,2026-08-30T21:43:41.512264Z
95e2b8a5d672d0a3,IL,"First Federal Savings Bank, F.S.B.","First Federal Savings Bank, F.S.B",,"Rockford, 612 N Main St",,,,State,2026-08-30T21:43:41.512264Z
7a16e6855f4a8dab,IL,"MUNSON TRANSPORTATIONS, INC.",Munson Transportations,,"MONMOUTH, 1291 NORTH SIXTH STREET",,,,State,2026-08-30T21:43:41.512264Z
181df8cf248a3ec3,IL,The Pillsbury Company,Pillsbury,,"Hoopeston, 215 W Washington St",,,,State,2026-08-30T21:43:41.512264Z
e07e68f6ebf594b6,IL,HOUSEHOLD MORTGAGE SERVICES (HMS),Household Mortgage Services (HMS),,"WOOD DALE, 100 MITTEL DRIVE",,,,State,2026-08-30T21:43:41.512264Z
4666f782f1023145,IL,"Household Mortgage Services, Inc",Household Mortgage Services,,"Prospect Heights, 2700 Sanders Rd",,,,State,2026-08-30T21:43:41.512264Z
23d48770b0af2966,IL,MIDWAY CONNECTION,Midway Connection,,"Chicago, 5945 S Keating Ave",,,,State,2026-08-30T21:43:41.512264Z
eb447e935f52cb89,IL,"NOMA INTERNATIONAL, INC.",Noma International,,"FOREST PARK, 7400 WEST INDUSTRIAL DRIVE",,,,State,2026-08-30T21:43:41.512264Z
e9cbbfdf714049b5,IL,PIGGLY WIGGLY,Piggly Wiggly,,"PALATINE, 720 WEST EUCLID AVENUE",,,,State,2026-08-30T21:43:41.512264Z
cd1c6fedea8db4f5,IL,"QUARTET MANUFACTURING COMPANY, DAVSON DIVISION","Quartet Manufacturing Company, Davson Division",,"ITASCA, 1047 ARDMORE AVENUE",,,,State,2026-08-30T21:43:41.512264Z
2e64e38e5e2d320d,IL,BUILDERS SQUARE STORE #1538,Builders Square,,"SCHAUMBURG, 2411 WEST SCHAUMBURG ROAD",,,,State,2026-08-30T21:43:41.512264Z
44b0c34dfbb901df,IL,"Wyeth-Ayers Laboratories, Chicago Regional Sales Office","Wyeth-Ayers Laboratories, Chicago Regional Sales Office",,"CAROL STREAM, 745 NORTH GARY AVENUE",,,,State,2026-08-30T21:43:41.512264Z
ff3ef6f3c6bc6395,IL,"Jewel Food Stores, Inc.",Jewel Food Stores,,"Decatur, 1595 E Cantrell St",,,,State,2026-08-30T21:43:41.512264Z
7c73a6898d833e09,IL,CAROLINA FREIGHT CARRIERS CORP,Carolina Freight Carriers,,"CHICAGO, 5300 WEST 47TH STREET",,,,State,2026-08-30T21:43:41.512264Z
b0e5945b917d5de0,IL,Central Telephone Company of Illinois,Central Telephone Company of Illinois,,"Park Ridge, 36 S Fairview Ave",,,,State,2026-08-30T21:43:41.512264Z
f0997d97177a1e5d,IL,Basler Electric,Basler Electric,,"Highland, Box 269 Route 143",,,,State,2026-08-30T21:43:41.512264Z
62d1d02b379aac62,IL,A. O. Smith Automotive Products Company,A. O. Smith Automotive Products,,"ROCKFORD, 5940 FALCON ROAD",,,,State,2026-08-30T21:43:41.512264Z
33d75ab6a58c3980,IL,Desaulniers Printing Company Inc,Desaulniers Printing,,"Milan, 4905 77TH Ave E",,,,State,2026-08-30T21:43:41.512264Z
2247c32a54876c86,IL,GTE Directories Corporation,GTE Directories,,"Mount Prospect, 1221 E Business Center Dr",,,,State,2026-08-30T21:43:41.512264Z
46b91db6cabb8ce2,IL,"WAREHOUSE CLUB, INC.",Warehouse Club,,"BRIDGEVIEW, 9140 SOUTH HARLEM AVENUE",,,,State,2026-08-30T21:43:41.512264Z
3675db59bc4f08cf,IL,SALEM GRAVURE,Salem Gravure,,"SALEM, P.O. BOX 700",,,,State,2026-08-30T21:43:41.512264Z
634a0d37a1919e31,IL,ECONOMY FIRE AND CASUALTY,Economy Fire and Casualty,,"CENTRALIA, 2047 EAST MCCORD",,,,State,2026-08-30T21:43:41.512264Z
c8731ce316483190,IL,National Building Systems,National Building Systems,,"EFFINGHAM, 2301 South Banker St.",,,,State,2026-08-30T21:43:41.512264Z
88a2fe64f6501de0,IL,TREDEGAR MOLDED PRODUCTS,Tredegar Molded Products,,"ALSIP, 3750 WEST 131ST STREET",,,,State,2026-08-30T21:43:41.512264Z
2f480233c89b7315,IL,"DELTA AIR LINES, INC. RESERVATIONS SALES OFFICE","Delta Air Lines, Inc. Reservations Sales Office",,"SCHAUMBURG, 999 PLAZA DIRVE SUITE 800",,,,State,2026-08-30T21:43:41.512264Z
800252513d223ba6,IL,PET INCORPORATED,PET,,"ST. LOUIS, P. O. BOX 392",,,,State,2026-08-30T21:43:41.512264Z
bec24c175e7c3357,IL,National Council On Compensation Insurance,National Council On Compensation Insurance,,"SPRINGFIELD, 1999 Wabash Avenue",,,,State,2026-08-30T21:43:41.512264Z
e1d10545fc286c7d,IL,"LEXICON PUBLICATIONS, INC",Lexicon Publications,,"CHICAGO, 5440 NORTH CUMBERLAND AVENUE",,,,State,2026-08-30T21:43:41.512264Z
49315602f8e2be44,IL,"PREFERRED ENTERTAINMENT, INC",Preferred Entertainment,,"COUNTRYSIDE, 6260 JOLIET ROAD",,,,State,2026-08-30T21:43:41.512264Z
3e48df5037138d82,IL,General Mills Inc,General Mills,,"Chicago, 10459 S Muskegon Ave",,,,State,2026-08-30T21:43:41.512264Z
69cdf4782864e7be,IL,Houghton Mifflin Harcourt Publishing Company,Houghton Mifflin Harcourt Publishing,,"Geneva, 1900 S Batavia Ave",,,,State,2026-08-30T21:43:41.512264Z
d6ad4d4393536fe2,IL,"VICTOR PRODUCTS DIVISION, DANA CORPROATION","Victor Products Division, Dana Corproation",,"CHICAGO, P. O. BOX 1333",,,,State,2026-08-30T21:43:41.512264Z
4219f20ceb87659f,IL,Alliant Techsystems Lap Facility.,Alliant Techsystems Lap Facility,,"WILMINGTON, 29745 ALLIANT DRIVE",,,,State,2026-08-30T21:43:41.512264Z
e09dad7100ece833,IL,"RUBBERMAID CLEANING PRODUCTS, INC",Rubbermaid Cleaning Products,,"AURORA, 101 WEST ILLINOIS AVENUE",,,,State,2026-08-30T21:43:41.512264Z
f71fbf0e3c1e5a90,IL,"HALO DIVISION, COOPER LIGHTING","Halo Division, Cooper Lighting",,"ELK GROVE VILLGE, 400 BUSSE RD.",,,,State,2026-08-30T21:43:41.512264Z
79083af9e1ca2cc2,IL,AT & T,At & T,,"MONTGOMERY, 800 SOUTH RIVER DRIVE",,,,State,2026-08-30T21:43:41.512264Z
ff12dd4b7fcf2f54,IL,"NATIONAL SUPER MARKETS, INC",National Super Markets,,"SPRINGFIELD, 2329 MCARTHUR BLVD",,,,State,2026-08-30T21:43:41.512264Z
5430eb0a07df1ba6,IL,DOUGLAS FURNITURE COMPANY,Douglas Furniture,,"BEDFORD PARK, 5020 W 73RD ST, BOX 97",,,,State,2026-08-30T21:43:41.512264Z
78c7edd560d5211d,IL,EATON CORPORATION APPLIANCE & SPECIALTY CONTROLS DIVISION,Eaton Corporation Appliance & Specialty Controls Division,,"CRYSTAL LAKE, 110 WOODSTOCK STREET",,,,State,2026-08-30T21:43:41.512264Z
f64c116f1dc7a89b,IL,PFIZER DISTRIBUTION CENTER,Pfizer Distribution Center,,"HOFFMAN ESTATES, 2400 CENTRAL ROAD",,,,State,2026-08-30T21:43:41.512264Z
39fe56938d0f2713,IL,BELDEN CORD PRODUCTS DIVISION,Belden Cord Products Division,,"BENSENVILLE, 1065 SESAME STREET",,,,State,2026-08-30T21:43:41.512264Z
56945d0ed05b5ef9,IL,ARCH OF ILLINOIS KATHLEEN MINE,Arch of Illinois Kathleen Mine,,"CUTLER, TRICO/CUTLER ROAD",,,,State,2026-08-30T21:43:41.512264Z
ca81fc5a782519eb,IL,MEYER MENTAL HEALTH CENTER,Meyer Mental Health Center,,"DECATUR, 2310 EAST MOUND ROAD",,,,State,2026-08-30T21:43:41.512264Z
959fda20faa22e8c,IL,DEPARTMENT OF DEFENSE ACCOUNTING OFFICE CL,Department of Defense Accounting Office CL,,"GREAT LAKES, 3400 GREEN BAY ROAD",,,,State,2026-08-30T21:43:41.512264Z
da35a4a8b137d323,IL,AMOCO PETROLEUM ADDITIVES COMPANY,Amoco Petroleum Additives,,"WOOD RIVER, 301 EVANS AVENUE, BOX 182",,,,State,2026-08-30T21:43:41.512264Z
5f93a592a382eab5,IL,PRODUCTS FOR POWER COMPANY,Products for Power,,"ADDISON, 1035 REPUBLIC DRIVE",,,,State,2026-08-30T21:43:41.512264Z
b1be9bf9d5b98ecb,IL,FIRST HEALTH SERVICES CORPORATION,First Health Services,,"CHICAGO, 300 S RIVERSIDE PLZA SUITE 210",,,,State,2026-08-30T21:43:41.512264Z
ddfabd70ed10ee4a,IL,"MATTEL, INC/INTERNATIONAL GAMES","Mattel, Inc/International Games",,"JOLIET, 99 REPUBLIC STREET",,,,State,2026-08-30T21:43:41.512264Z
dff38ee7a5e4f5a1,IL,NAPA DISTRIBUTION CENTER,Napa Distribution Center,,"Normal, 2021 Eagle Rd",,,,State,2026-08-30T21:43:41.512264Z
250a936ad95b24ec,IL,Horn's Poultry Inc,Horn's Poultry,,"Mattoon, 301 Lake Land Blvd",,,,State,2026-08-30T21:43:41.512264Z
b8bcffc69135a9e0,IL,CHASE MANHATTAN FUTURES CORPORATION,Chase Manhattan Futures,,"CHICAGO, 440 LASALLE",,,,State,2026-08-30T21:43:41.512264Z
56255eb7846de1ee,IL,Zacson Corporation,Zacson,,"Aurora, 2275 Church Rd",,,,State,2026-08-30T21:43:41.512264Z
d75d2b07f20a60af,IL,A. J. Canfield Company,A. J. Canfield,,"CHICAGO, 50 EAST 89TH PLACE",,,,State,2026-08-30T21:43:41.512264Z
39071fb5924253f6,IL,"Storagetek Distributed Systems Division, Inc.",Storagetek Distributed Systems Division,,"Lisle, 801 Warrenville Rd",,,,State,2026-08-30T21:43:41.512264Z
c8701d4d08b5cc62,IL,"Midwest Manufacturing Services, Inc",Midwest Manufacturing Services,,"Bloomington, 1101 Bell St",,,,State,2026-08-30T21:43:41.512264Z
1adcdf8b78717d33,IL,WESLEY-JESSEN CORP,Wesley-Jessen,,"DES PLAINES, 2000 CLEARWATER DRIVE",,,,State,2026-08-30T21:43:41.512264Z
b19a010d195da934,IL,DISCOVERY ZONE INC,Discovery Zone,,"CHICAGO, 205 N MICHIGAN AVE, SUITE 3400",,,,State,2026-08-30T21:43:41.512264Z
8648e85ca733a87f,IL,JOHN DEERE LIFE INSURANCE COMPANY,John Deere Life Insurance,,"JACKSONVILLE, 300 E STATE STREET",,,,State,2026-08-30T21:43:41.512264Z
b206fad4a1a7f2ef,IL,MILLARD MAINTENANCE SERVICE COMPANY,Millard Maintenance Service,,"MOLINE, 8601 JOHN DEER ROAD",,,,State,2026-08-30T21:43:41.512264Z
4e98726509533ef0,IL,KMART #7163,Kmart,,"ST CHARLES, RT 38",,,,State,2026-08-30T21:43:41.512264Z
84b883ff922c33cc,IL,KMART #7541,Kmart,,"Belleville, 800 Carlyle Ave",,,,State,2026-08-30T21:43:41.512264Z
428124320e5ac4b7,IL,KMART #3729,Kmart,,"WEST CHICAGO, 1851 NORTH NELTNOR BLVD",,,,State,2026-08-30T21:43:41.512264Z
fce76b81dfb19bdd,IL,Kmart Corporation,Kmart,,"Harrisburg, U S Rte 45 N",,,,State,2026-08-30T21:43:41.512264Z
caca7e9f1c9c118d,IL,SONY CHEMICALS CORPORATION OF AMERICA,Sony Chemicals Corporation of America,,"WOOD DALE, 1226 NORTH MICHAEL DRIVE",,,,State,2026-08-30T21:43:41.512264Z
001563510d51f1ca,IL,"APPLIANCE CONTROLS TECHNOLOGY, INC",Appliance Controls Technology,,"ADDISON, 1431 JEFFREY DRIVE",,,,State,2026-08-30T21:43:41.512264Z
1999c6759f676e0a,IL,Lenc-Smith Inc,Lenc-Smith,,"Cicero, 4616 W 19TH St",,,,State,2026-08-30T21:43:41.512264Z
669f2cf8e6c8aab6,IL,Courtesy Lumber & Supply Co Inc,Courtesy Lumber & Supply,,"Wheeling, 6330 Capitol Dr",,,,State,2026-08-30T21:43:41.512264Z
e427407aa22e4766,IL,The Peoples Gas Light and Coke Company,Peoples Gas Light and Coke,,"Elwood, 24391 S Patterson Rd",,,,State,2026-08-30T21:43:41.512264Z
b16c9730fc01bdb7,IL,"KOWA GRAPHICS, INC",Kowa Graphics,,"CHAMPAIGN, 510 NORTH HICKORY STREET",,,,State,2026-08-30T21:43:41.512264Z
16a920e4fd6100ef,IL,DIAL CORPORATION,DIAL,,"FOREST VIEW, 6200 WEST 51ST STREET",,,,State,2026-08-30T21:43:41.512264Z
c3d747ccdd6b9790,IL,CHICAGO LOCK COMPANY,Chicago Lock,,"CHICAGO, 4311 WEST BELMONT AVENUE",,,,State,2026-08-30T21:43:41.512264Z
1c399e7e83fb0a82,IL,"OLD BEN COAL COMPANY, ZEIGLER NO. 11 MINE","Old Ben Coal Company, Zeigler No. 11 Mine",,"COULTERVILLE, P. O. Box 369",,,,State,2026-08-30T21:43:41.512264Z
152b0f178ec5b96c,IL,OLD BEN COAL COMPANY SPARTAN MINE,Old Ben Coal Company Spartan Mine,,"SPARTA, P. O. BOX 1",,,,State,2026-08-30T21:43:41.512264Z
100b2398deb5d722,IL,JOHN BROWN,John Brown,,"CHICAGO, 300 E RIVERSIDE DR.SUITE 1100",,,,State,2026-08-30T21:43:41.512264Z
d0408268baf86bae,IL,FREEMAN UNITED COAL INDUSTRY MINE,Freeman United Coal Industry Mine,,"INDUSTRY, BOX 260, 1480 E 1200TH ST",,,,State,2026-08-30T21:43:41.512264Z
31cac1340f510204,IL,RECKETT AND COLMAN,Reckett and Colman,,"LINCOLN, 316 LIMIT STREET",,,,State,2026-08-30T21:43:41.512264Z
35ef13f91083e39a,IL,Knoll Pharmaceutical Company,Knoll Pharmaceutical,,"Lincolnshire, 300 Tri State Intl Ste 200",,,,State,2026-08-30T21:43:41.512264Z
cf9319d3dac03661,IL,MCI TELECOMMUNICATIONS,Mci Telecommunications,,"CHICAGO, 205 NORTH MICHIGAN AVENUE",,,,State,2026-08-30T21:43:41.512264Z
4acf144e8df3e230,IL,"Warehouse Club, Inc",Warehouse Club,,"Niles, 7420 N Lehigh Ave",,,,State,2026-08-30T21:43:41.512264Z
7a7ff25a4f0e058f,IL,ROTON,Roton,,"Villa Park, 1115 N Ellsworth Ave",,,,State,2026-08-30T21:43:41.512264Z
12f9fe78c3be52fc,IL,Phar-Mor of Ohio Inc,Phar-Mor of Ohio,,"Youngstown, 20 W Federal St",,,,State,2026-08-30T21:43:41.512264Z
d2b5e5e51170dc4c,IL,GATES RUBBER COMPANY,Gates Rubber,,"GALESBURG, BOX 1196, 630 US HGWY 150 E.",,,,State,2026-08-30T21:43:41.512264Z
f8fe50ca4950d121,IL,ST. PAUL ECONOMY,ST. Paul Economy,,"LINCOLN, RT 10 WEST",,,,State,2026-08-30T21:43:41.512264Z
b00d2556edf2d465,IL,GARDNER DENVER COMPANY,Gardner Denver,,"QUINCY, 1800 GARDNER EXPRESSWAY",,,,State,2026-08-30T21:43:41.512264Z
359a6294cbbd5d0e,IL,"OWENS-ILLINOIS BROCKWAY, INC",Owens-Illinois Brockway,,"NORTH RIVERSIDE, 7400 W CERMAK ROAD",,,,State,2026-08-30T21:43:41.512264Z
16c7ca74f76175e1,IL,AMERICAN FEDERAL SAVINGS BANK,American Federal Savings Bank,,"JOLIET, 120 SCOTT STREET",,,,State,2026-08-30T21:43:41.512264Z
f44a947afec92af4,IL,"National Material L.P., National Metal Products Div.","National Material L.P., National Metal Products Div",,"Bensenville, 100 Leland Road",,,,State,2026-08-30T21:43:41.512264Z
0d13991eb58d9dd8,IL,FOOD EXPO,Food Expo,,"KANKAKEE, 505 SCHUYLER & 1557 W COURT",,,,State,2026-08-30T21:43:41.512264Z
61997f5dc92fab9e,IL,Gage Marketing Group Llc,Gage Marketing Group,,"Kankakee, 3 Stuart Dr",,,,State,2026-08-30T21:43:41.512264Z
c967a4817b67b474,IL,FEDERAL PAPER BOARD COMPANY INC.,Federal Paper Board,,"CHICAGO, 4711 WEST FOSTER AVENUE",,,,State,2026-08-30T21:43:41.512264Z
1053edeb11f748eb,IL,CHICAGO PUBLIC SCHOOLS,Chicago Public Schools,,"CHICAGO, 1819 W PERSHING RD",,,,State,2026-08-30T21:43:41.512264Z
e177b0a266378b30,IL,AMAX COAL COMPANY - DELTA MINE & WABASH MINE,Amax Coal Company - Delta Mine & Wabash Mine,,"MARION, RT 13, BOX 730",,,,State,2026-08-30T21:43:41.512264Z
28ddff9b2781e5f2,IL,AT&T GLOBAL INFORMATION SOLUTIONS,AT&T Global Information Solutions,,"NAPERVILLE, 1100 EAST WARRENVILLE ROAD",,,,State,2026-08-30T21:43:41.512264Z
9f77fee4e8b47c96,IL,Midwest Securities Trust Co Inc,Midwest Securities Trust,,"Chicago, 440 S La Salle St Ste 3200",,,,State,2026-08-30T21:43:41.512264Z
777978ef646618b5,IL,CALIFORNIA MICROWAVE CORP,California Microwave,,"BLOOMINGDALE, 171 NORTH COVINGTON DRIVE",,,,State,2026-08-30T21:43:41.512264Z
6f7ee7b30156c6b6,IL,MOORMAN MANUFACTURING COMPANY,Moorman Manufacturing,,"QUINCY, 1000 NORTH 30TH STREET",,,,State,2026-08-30T21:43:41.512264Z
07ac64bb298c3907,IL,Atlanta Life Insurance Company,Atlanta Life Insurance,,"CHICAGO, 4455 Martin Luther King Jr. Dr.",,,,State,2026-08-30T21:43:41.512264Z
ecdd528d42d71dbd,IL,HIGHLAND HOSPITAL,Highland Hospital,,"BELVIDERE, 1625 SOUTH STATE STREET",,,,State,2026-08-30T21:43:41.512264Z
4883d0e0363b302f,IL,TCI OF ILLINOIS INC.,Tci of Illinois,,"CHICAGO, 5711 S WESTERN AVENUE",,,,State,2026-08-30T21:43:41.512264Z
7fe300781e796c1b,IL,SWORDS VENEER & LUMBER COMPANY,Swords Veneer & Lumber,,"ROCK ISLAND, 37TH AVENUE & 7TH STREET P O BOX 6157",,,,State,2026-08-30T21:43:41.512264Z
fb4364ff494aef31,IL,Indian Refining Company Inc,Indian Refining,,"Lawrenceville, South 7TH Street",,,,State,2026-08-30T21:43:41.512264Z
7345bab29e47540a,IL,Szold's Inc,Szold's,,"Peoria, 2201 SW Adams St",,,,State,2026-08-30T21:43:41.512264Z
324a80068a6b051e,IL,"SZOLDS, INC.",Szolds,,"WASHINGTON, RT 24 EAST",,,,State,2026-08-30T21:43:41.512264Z
c77eade5338df415,IL,BANK ONE,Bank One,,"SPRINGFIELD, ONE EAST OLD STATE CAPITOL PLZ",,,,State,2026-08-30T21:43:41.512264Z
4f9dc5a9f57d64a3,IL,Duracraft Industries Inc,Duracraft Industries,,"Gillespie, 110 W Oak St",,,,State,2026-08-30T21:43:41.512264Z
0306a0907897bf98,IL,STORAGETEK DISTRIBUTED SYSTEMS DIV,Storagetek Distributed Systems Div,,"ALSIP, 5625 WEST 115TH STREET",,,,State,2026-08-30T21:43:41.512264Z
5220e2e6823f97e1,IL,"North Shore Distributors, Inc.",North Shore Distributors,,"Wheeling, 411 N Wolf Rd",,,,State,2026-08-30T21:43:41.512264Z
4c32ddd2bf8c4e8b,IL,"Judsen Rubber Works, Inc.",Judsen Rubber Works,,"Chicago, 4107 W Kinzie St",,,,State,2026-08-30T21:43:41.512264Z
7743612415e9c79d,IL,Gentek Building Products Inc,Gentek Building Products,,"Franklin Park, 11440 Addison Ave",,,,State,2026-08-30T21:43:41.512264Z
d6da7b3132e10800,IL,"ROHO,INC.",ROHO,,"BELLEVILLE, 100 FLORIDA AVENUE",,,,State,2026-08-30T21:43:41.512264Z
52968e0deb628c95,IL,"CONTINENTAL DISTRIBUTING COMPANY, INC",Continental Distributing,,"ROSEMONT, 9800 WEST BALMORAL AVENUE",,,,State,2026-08-30T21:43:41.512264Z
8877e086afc39793,IL,CHICAGO OSTEOPATHIC HOSPITAL & MEDICAL CENTER,Chicago Osteopathic Hospital & Medical Center,,"CHICAGO, 5200 SOUTH ELLIS AVENUE",,,,State,2026-08-30T21:43:41.512264Z
634b0555d45491b3,IL,INTERNATIONAL PAPER,International Paper,,"PEORIA, 8401 NORTH UNIVERSITY",,,,State,2026-08-30T21:43:41.512264Z
45bc776bb3a41262,IL,"Kemper Asset Holdings, Inc Insurance Co.","Kemper Asset Holdings, Inc Insurance",,"Long Grove, 1 Kemper Dr",,,,State,2026-08-30T21:43:41.512264Z
bb3e8701f3a75056,IL,"Fellowes, Inc.",Fellowes,,"Chicago, 2762 N Clybourn Ave",,,,State,2026-08-30T21:43:41.512264Z
ca293a3d837475bf,IL,"Homart Community Centers, Inc",Homart Community Centers,,"Chicago, 55 W Monroe St Ste 2700",,,,State,2026-08-30T21:43:41.512264Z
c9e3f8ef690199f1,IL,T-R AUTOMOBILE HANDLING CORP,T-R Automobile Handling,,"CHICAGO, 7801 S COTTAGE GROVE",,,,State,2026-08-30T21:43:41.512264Z
91bbdfbfcbf0aae4,IL,ELECTRONICS COMPONENTS CORP,Electronics Components,,"PAXTON, 735 S RAILROAD",,,,State,2026-08-30T21:43:41.512264Z
bbcd0afe6a513a6c,IL,CORPORATE TRUST AND GLOBAL SECURITIES SERVICES,Corporate Trust and Global Securities Services,,"CHICAGO, 231 SOUTH LASALLE STREET",,,,State,2026-08-30T21:43:41.512264Z
2231516d7d72bedb,IL,"Williams Electronics Games, Inc.",Williams Electronics Games,,"CHICAGO, 3401 NORTH CALIFORNIA AVENUE",,,,State,2026-08-30T21:43:41.512264Z
67eebe7634ae347b,IL,OZARK-MAHONING COMPANY,Ozark-Mahoning,,"ROSICLARE, BOHN STREET",,,,State,2026-08-30T21:43:41.512264Z
b8e41c70b02780e5,IL,CRECENT COUNTIES FOUNDATION FOR MEDICAL CARE,Crecent Counties Foundation for Medical Care,,"LISLE, 1001 WARRENVILLE ROAD",,,,State,2026-08-30T21:43:41.512264Z
695ea4298ad4b3d2,IL,Atwood Industries,Atwood Industries,,"ROCKFORD, 1400 EDDY AVE",,,,State,2026-08-30T21:43:41.512264Z
835d5bb2eb44e94f,IL,SILVER EAGLE,Silver Eagle,,"East Dubuque, 19731 Route 20 W",,,,State,2026-08-30T21:43:41.512264Z
8671e384adca3edf,IL,"Select Beverages, Inc (del)","Select Beverages, Inc (del)",,"Chicago, 50 E 89TH Pl",,,,State,2026-08-30T21:43:41.512264Z
2cfc0a1c45517d76,IL,AM MULTIGRAPHICS DIVISION,AM Multigraphics Division,,"MOUNT PROSPECT, 431 LAKEVIEW COURT",,,,State,2026-08-30T21:43:41.512264Z
f18178615cccd5da,IL,ST. COLETTA'S OF ILLINOIS,ST. Coletta's of Illinois,,"PALOS PARK, 12250 SOUTH WOLF ROAD",,,,State,2026-08-30T21:43:41.512264Z
fcdd23a27da6495e,IL,AMERICAN CYANAMID,American Cyanamid,,"MOUNT PROSPECT, 1100 BUSINESS CENTER DR.",,,,State,2026-08-30T21:43:41.512264Z
141afc7b2afa9f59,IL,"DECOREL, INC.",Decorel,,"CHICAGO, 2101 WEST CARROLL AVENUE",,,,State,2026-08-30T21:43:41.512264Z
1ec8b391fc7c3511,IL,Younkers Inc,Younkers,,"Rockford, #3 Cherry Vale Mall",,,,State,2026-08-30T21:43:41.512264Z
89aa1268a3dbc457,IL,Spartan Printing Company (inc),Spartan Printing Company (inc),,"Sparta, 320 S Dickey St",,,,State,2026-08-30T21:43:41.512264Z
ef59b03beb27b5cf,IL,Ozite Corporation,Ozite,,"Libertyville, 1755 N Butterfield Rd",,,,State,2026-08-30T21:43:41.512264Z
f52baadfc85aba23,IL,AAF International,AAF International,,"ZION, 2717 DEBORAH AVENUE",,,,State,2026-08-30T21:43:41.512264Z
222929902992d1c9,IL,UNITED INSURANCE COMPANY OF AMERICA,United Insurance Company of America,,"CHICAGO, ONE EAST WACKER DRIVE",,,,State,2026-08-30T21:43:41.512264Z
4acf7c6d2080477a,IL,"HEALTH O METER, INC.",Health O Meter,,"WAUKEGAN, 3821 HAWTHORNE",,,,State,2026-08-30T21:43:41.512264Z
a8c9a6259ff40d96,IL,"DOLLAR TREE STORES, INC.",Dollar Tree Stores,,"WOODRIDGE, 2500 INTERNATIONALE PARKWAY",,,,State,2026-08-30T21:43:41.512264Z
f4f09d75218dff11,IL,"JJ COLLINS' SONS, INC.",JJ Collins' Sons,,"MELROSE PARK, 1932 N 15TH AVENUE",,,,State,2026-08-30T21:43:41.512264Z
5e7a96ebe39b583c,IL,VOLT TECHNICAL SERVICES,Volt Technical Services,,"DECATUR, P. O. BOX 2476",,,,State,2026-08-30T21:43:41.512264Z
3381cb11635918e3,IL,"Wincup Holdings, L.P.",Wincup Holdings,,"Des Plaines, 1797 Winthrop Dr",,,,State,2026-08-30T21:43:41.512264Z
06f099c61ae0745c,IL,HOUSEHOLD FINANCE CORPORATION PROCESSING SERVICES,Household Finance Corporation Processing Services,,"ELMHURST, 961 WEIGEL DRIVE",,,,State,2026-08-30T21:43:41.512264Z
db15cb84d1f9df9c,IL,Handleman Company Distribution Facility Warehouse,Handleman Company Distribution Facility Warehouse,,"ADDISON, 423 GRACE STREET",,,,State,2026-08-30T21:43:41.512264Z
0799509250aad10d,IL,SANFORD CORPORATION,Sanford,,"ROCKFORD, 2415 KISHWAUKEE STREET",,,,State,2026-08-30T21:43:41.512264Z
c5a971710ee5071e,IL,AMERICAN LICORICE COMPANY,American Licorice,,"ALSIP, 3701 WEST 128TH PLACE",,,,State,2026-08-30T21:43:41.512264Z
66499673e26f0d05,IL,"Midwest Mortgage Services, Inc",Midwest Mortgage Services,,"Villa Park, 1901 S Meyers Rd Ste 300",,,,State,2026-08-30T21:43:41.512264Z
7e4681cc5672251f,IL,O'HARE IAP AIRFORCE RESERVE STATION,O'hare Iap Airforce Reserve Station,,"CHICAGO, 10635 W NICOSIA",,,,State,2026-08-30T21:43:41.512264Z
48cd43e253b0cafe,IL,American Bank Note Company,American Bank Note,,"Chicago, 5858 W 73RD St",,,,State,2026-08-30T21:43:41.512264Z
ebf1942aae0be7da,IL,The Elder-Beerman Stores Corp,Elder-Beerman Stores,,"Carbondale, 1239 E Main St Ste C",,,,State,2026-08-30T21:43:41.512264Z
a97d942a984ff4c3,IL,Usco Distribution Services,Usco Distribution Services,,"Geneva, 1900 S Batavia Ave",,,,State,2026-08-30T21:43:41.512264Z
64fe0bc641ef5b20,IL,"Handy Andy Home Improvement Centers, Inc.",Handy Andy Home Improvement Centers,,"Schaumburg, 905 E Golf Rd",,,,State,2026-08-30T21:43:41.512264Z
77eb1e99af8eb847,IL,FIRSTAR ILLINOIS REGIONAL OPERATIONS CENTER,Firstar Illinois Regional Operations Center,,"Downers Grove, 2626 Warrenville Rd",,,,State,2026-08-30T21:43:41.512264Z
143b324197a8ec16,IL,NURTASWEET KELCO COMPANY,Nurtasweet Kelco,,"UNIVERSITY PARK, 200 BOND STREET",,,,State,2026-08-30T21:43:41.512264Z
a9c0656a69efaeac,IL,"ARLINGTON MILLS, INC.",Arlington Mills,,"ARLINGTON HGTS, 1430 EAST DAVIS STREET",,,,State,2026-08-30T21:43:41.512264Z
0f3370f728447a14,IL,Fashionaire Apparel Inc,Fashionaire Apparel,,"Marseilles, 363 Commercial St",,,,State,2026-08-30T21:43:41.512264Z
c8f9ffc7d0185428,IL,"CBI SERVICES, INC.",Cbi Services,,"BOURBONNAIS, 1137 EAST 5000 NORTH ROAD",,,,State,2026-08-30T21:43:41.512264Z
abf39fdc2be83721,IL,HARTFORD FIRE INSUARNCE COMPANY,Hartford Fire Insuarnce,,"BOLINGBROOK, 220 REMINGTON BOULEVARD",,,,State,2026-08-30T21:43:41.512264Z
c0d8a12706fbd787,IL,"ABF Freight System, Inc.",ABF Freight System,,"SPRINGFIELD, 3401 REMINGTON ROAD",,,,State,2026-08-30T21:43:41.512264Z
3f096bc3296c27c6,IL,FEDERAL DEPOSITORY INSURANCE COMPANY,Federal Depository Insurance,,"CHICAGO, 500 WEST MONROE, SUITE 3200",,,,State,2026-08-30T21:43:41.512264Z
97ef703ff53abe5b,IL,PINES TRAILER,Pines Trailer,,"KEWANEE, 2006 KENTVILLE ROAD P O BOX 364",,,,State,2026-08-30T21:43:41.512264Z
cb0b28120b0f802b,IL,STATE COMMUNITY COLLEGE,State Community College,,"EAST ST LOUIS, 601 JAMES R THOMPSON BLVD",,,,State,2026-08-30T21:43:41.512264Z
5ca5d34a4ff1e3dd,IL,LUTHERAN SOCIAL SERVICES OF IL - AGUSTANA CENTER,Lutheran Social Services of Il - Agustana Center,,"CHICAGO, 7464 NORTH SHERIDAN ROAD",,,,State,2026-08-30T21:43:41.512264Z
10f84e45cd81a770,IL,"CBI INDUSTRIES, INC",Cbi Industries,,"OAK BROOK, 800 & 810 JORIE BLVD",,,,State,2026-08-30T21:43:41.512264Z
598a615a7b2e40ef,IL,BURLINGTON NORTHERN RAILROAD LOCOMOTIVE REPAIR SHOP,Burlington Northern Railroad Locomotive Repair Shop,,"GALESBURG, 2215 S HENDERSON",,,,State,2026-08-30T21:43:41.512264Z
034077f319460278,IL,PINES TRAILER LIMITED PARTNERSHIPS,Pines Trailer Limited Partnerships,,"KEWANEE, 324 N MAIN STREET",,,,State,2026-08-30T21:43:41.512264Z
45bd6b70a7a00e09,IL,BALL-FOSTER,Ball-Foster,,"PLAINFIELD, 1500 N ROUTE 50",,,,State,2026-08-30T21:43:41.512264Z
b4244aa89ecd5428,IL,Lutheran Social Services of Illinois,Lutheran Social Services of Illinois,,"Park Ridge, 1800 Canfield Rd",,,,State,2026-08-30T21:43:41.512264Z
825903c01c381694,IL,"SONY ELECTRONICS, INC",Sony Electronics,,"CAROL STREAM, 285 EAST FULLERTON AVENUE",,,,State,2026-08-30T21:43:41.512264Z
fbdfc33861f0f775,IL,"BELL BANCORP, INC./BELL FEDERAL SAVINGS & LOAN ASSOC.","Bell Bancorp, Inc./Bell Federal Savings & Loan Assoc",,"CHICAGO, 79 WEST MONROE",,,,State,2026-08-30T21:43:41.512264Z
b753d5150a20a951,IL,RESPONSE MARKETING SERVICES,Response Marketing Services,,"MUNDELEIN, 11 S WASHINGTON BLVD",,,,State,2026-08-30T21:43:41.512264Z
0fd6906dd1fb5f8d,IL,"Mulay Plastics, Inc",Mulay Plastics,,"Addison, 110 W Laura Dr",,,,State,2026-08-30T21:43:41.512264Z
c7a4857658602ef2,IL,AETNA,Aetna,,"PEORIA, 4501 NORTH STERLING AVENUE",,,,State,2026-08-30T21:43:41.512264Z
9a4ff3df0df66e7a,IL,PRUDENTIAL REGIONAL MARKETING OFFICE,Prudential Regional Marketing Office,,"OAK BROOK, 814 COMMERCE DRIVE",,,,State,2026-08-30T21:43:41.512264Z
74bdd2ea4b53a077,IL,C A PAUL CORPORATION,C a Paul,,"PLAINFIELD, 11300 DIVISION",,,,State,2026-08-30T21:43:41.512264Z
d4bf2b2d6503176a,IL,AMERITECH,Ameritech,,"CHICAGO, 10 S CANAL STREET",,,,State,2026-08-30T21:43:41.512264Z
58a6d3b8b987bc5c,IL,Zenith Data Systems Corporation (del),Zenith Data Systems Corporation (del),,"Buffalo Grove, 2150 E Lake Cook Rd",,,,State,2026-08-30T21:43:41.512264Z
f9c3196b83d5223f,IL,"Ethicon, Inc",Ethicon,,"Chicago, 5001 W 67TH St",,,,State,2026-08-30T21:43:41.512264Z
784adbb675e498ad,IL,CHICAGO-DUBUQUE FOUNDRY,Chicago-Dubuque Foundry,,"EAST DUBUQUE, 216 MENOMINEE",,,,State,2026-08-30T21:43:41.512264Z
4b791e9e97793b66,IL,DIGITAL MEDIA CENTER,Digital Media Center,,"ELGIN, 1275 DAVIS ROAD",,,,State,2026-08-30T21:43:41.512264Z
9dd9c47b0534040e,IL,St Charles Manufacturing Company (inc),St Charles Manufacturing Company (inc),,"Saint Charles, 1611 E Main St",,,,State,2026-08-30T21:43:41.512264Z
34c37098c247b851,IL,Deutsche Financial Services Corporation,Deutsche Financial Services,,"Deerfield, 2333 Waukegan Rd Ste 300S",,,,State,2026-08-30T21:43:41.512264Z
47440c0b4f2f3c10,IL,Marblehead Lime Company Inc Del,Marblehead Lime Company Inc Del,,"Thornton, 183RD & State",,,,State,2026-08-30T21:43:41.512264Z
b2a13f724b522a53,IL,KOLDWAVE,Koldwave,,"SKOKIE, 8100 N. MONTICELLO AVE",,,,State,2026-08-30T21:43:41.512264Z
aa2eadffe6a6c7f1,IL,FIRST IMAGE MANAGEMENT COMPANY,First Image Management,,"MOUNT VERNON, 901 SOUTH 42ND STREET",,,,State,2026-08-30T21:43:41.512264Z
653358803c4635c8,IL,SUBURBAN HOSPITAL,Suburban Hospital,,"HINSDALE, 55TH ST. & COUNTY LINE ROAD",,,,State,2026-08-30T21:43:41.512264Z
0637cdacdcaa1cef,IL,LEAF CANDY,Leaf Candy,,"CENTRALIA, 836 SOUTH CHESTNUT STREET",,,,State,2026-08-30T21:43:41.512264Z
17e3c55fe95847aa,IL,"HONEYWELL, INC.",Honeywell,,"ARLINGTON HGTS, 1500 W. DUNDEE RD",,,,State,2026-08-30T21:43:41.512264Z
c31a1ed8d1dff2ea,IL,MID STATE COAL COMPANY (RAPATEE MINE),Mid State Coal Company (Rapatee Mine),,"Farmington, 17383 E Illinois Hwy 116",,,,State,2026-08-30T21:43:41.512264Z
70a4424ac53ebf59,IL,IMI Cash Valve Inc,IMI Cash Valve,,"Decatur, 600 EAST WABASH AVENUE",,,,State,2026-08-30T21:43:41.512264Z
280e9672c840a9f9,IL,Index Futures Group Inc De,Index Futures Group Inc De,,"Chicago, 200 W Adams St Ste 1500",,,,State,2026-08-30T21:43:41.512264Z
00bdc4770cd42c4f,IL,THOMPSON'S FINER FOODS,Thompson's Finer Foods,,"PARK RIDGE, 901 WEST TOUHY AVENUE",,,,State,2026-08-30T21:43:41.512264Z
0397e76a05929249,IL,KMART CORPORATION'S ALSIP DISTRIBUTION CENTER,Kmart Corporation's Alsip Distribution Center,,"ALSIP, 5100 WEST 123RD STREET",,,,State,2026-08-30T21:43:41.512264Z
18909c860ccac9b9,IL,SARA LEE HOSIERY/CHAMPAIGN DISTRIBUTION CENTER,Sara Lee Hosiery/Champaign Distribution Center,,"CHAMPAIGN, 1617 INTERSTATE DRIVE",,,,State,2026-08-30T21:43:41.512264Z
a18a6d2faa686a0e,IL,"U.P.L.S., LTD",U.P.L.S,,"CHICAGO, 3800 WEST 41ST STREET",,,,State,2026-08-30T21:43:41.512264Z
0e62aabe79eb61db,IL,ELECTRONIC SOUND CORP,Electronic Sound,,"CHICAGO, 3245 WEST 30TH STREET",,,,State,2026-08-30T21:43:41.512264Z
6cbcdb0e93e79295,IL,UNITED TECHNOLOGIES AUTOMOTIVE,United Technologies Automotive,,"NEWTON, 106 MARSHALL DR, BOX 134",,,,State,2026-08-30T21:43:41.512264Z
53c277a7f08a1526,IL,"Color Tile, Inc.",Color Tile,,"West Chicago, 530 Industrial Dr",,,,State,2026-08-30T21:43:41.512264Z
fef39b0a0600123b,IL,"Now Products, Inc.",Now Products,,"Chicago, 4800 W Roosevelt Rd",,,,State,2026-08-30T21:43:41.512264Z
f5cbed6adb840420,IL,"CHICAGO SERVICE DIVISION, INC.",Chicago Service Division,,"CHICAGO, 4100 WEST 42ND PLACE",,,,State,2026-08-30T21:43:41.512264Z
3d485e2422cf803a,IL,METZ BAKING COMPANY,Metz Baking,,"AURORA, 2435 CHURCH ROAD, BOX 1363",,,,State,2026-08-30T21:43:41.512264Z
e9542985036b021a,IL,Premier Technology,Premier Technology,,"Bensenville, 759 Industrial Dr",,,,State,2026-08-30T21:43:41.512264Z
86ee590cdb51808a,IL,SWEETHEART CUP COMPANY INC.,Sweetheart Cup,,"CHICAGO, 7575 SOUTH KOSTNER AVENUE",,,,State,2026-08-30T21:43:41.512264Z
845613fe4c50f0d9,IL,WARSHAWSKY & COMPANY,Warshawsky &,,"CHICAGO, 1104 SOUTH WABASH AVENUE",,,,State,2026-08-30T21:43:41.512264Z
6998b444dfb9a9eb,IL,"Oak State Products, Inc.",Oak State Products,,"Wenona, 775 State Route 251 P. O. BOX 549, RT 251",,,,State,2026-08-30T21:43:41.512264Z
18cff1999c7741dc,IL,"CAPITAL CITY DISTRIBUTION, INC",Capital City Distribution,,"SPARTA, 801 BRADBURY LANE",,,,State,2026-08-30T21:43:41.512264Z
775daad832d8c615,IL,"ARTAG, INC",Artag,,"CHICAGO, 2853 WEST IRVING PARK ROAD",,,,State,2026-08-30T21:43:41.512264Z
a7fdf639abefdf05,IL,Leiner Health Products Inc.,Leiner Health Products,,"Chicago, 3532 W 47TH Pl",,,,State,2026-08-30T21:43:41.512264Z
fa46588a38da6d53,IL,Original Research II Corp,Original Research II,,"Chicago, 640 N La Salle Dr Ste 475",,,,State,2026-08-30T21:43:41.512264Z
b0dacb1dfceeca3c,IL,QUEBECOR WORLD AURORA,Quebecor World Aurora,,"AURORA, 780 MCCLURE ROAD",,,,State,2026-08-30T21:43:41.512264Z
42cdd23e87e0ef10,IL,Washington National Corporation (del),Washington National Corporation (del),,"Lincolnshire, 300 Tower Pkwy",,,,State,2026-08-30T21:43:41.512264Z
8cca97f5bc7076da,IL,PY96 INDUSTRY WIDE CAETA,Py96 Industry Wide Caeta,,"ZEIGLER, 115 N MAIN ST, BOX 56",,,,State,2026-08-30T21:43:41.512264Z
67be87de6386bea3,IL,State of Illinois Comptroller,State of Illinois Comptroller,,"Springfield, 325 W Adams St Lbby",,,,State,2026-08-30T21:43:41.512264Z
072ff6d856c60862,IL,"Avery Dennison, Specialty Products Division","Avery Dennison, Specialty Products Division",,"ROLLING MEADOWS, 1601 ROHLWING ROAD",,,,State,2026-08-30T21:43:41.512264Z
267bed7740d7c868,IL,RIVERWOOD INTERNATIONAL CORP,Riverwood International,,"KANKAKEE, 288 WEST COUTH TEC DRIVE",,,,State,2026-08-30T21:43:41.512264Z
57bf9de9819bdd4b,IL,BRADLEY PRINTING COMPANY PLANT,Bradley Printing Company Plant,,"DES PLAINES, 2170 S MANNHEIM ROAD",,,,State,2026-08-30T21:43:41.512264Z
a8ffb953227740f5,IL,CENTRAL STATES WIPING,Central States Wiping,,"BELLEVILLE, 115 NORTH 16TH BLVD",,,,State,2026-08-30T21:43:41.512264Z
0be8628c6b314974,IL,CIGNA HEALTHCARE,Cigna Healthcare,,"WOODRIDGE, 900 S. FRONTAGE ROAD",,,,State,2026-08-30T21:43:41.512264Z
6777a7c1fb6f43c1,IL,CHICAGO REGIONAL SERVICE CENTER,Chicago Regional Service Center,,"MATTESON,",,,,State,2026-08-30T21:43:41.512264Z
abc0086ec0a4ff47,IL,AMTRAK,Amtrak,,"CHICAGO, 210 S CANAL STREET",,,,State,2026-08-30T21:43:41.512264Z
bd5192958b8c2231,IL,"MEAD CORPORATION, PACKAGING DIVISION","Mead Corporation, Packaging Division",,"GODFREY, 6344 LAKE DRIVE",,,,State,2026-08-30T21:43:41.512264Z
1aeebef0d732db61,IL,SIEMENS DOSIMETRY BUSINESS,Siemens Dosimetry Business,,"HOFFMAN ESTATES, 2501 N BARRINGTON ROAD",,,,State,2026-08-30T21:43:41.512264Z
90d09b41d6bd6be1,IL,CERION TECHNOLOGIES,Cerion Technologies,,"CHAMPAIGN, 1401 INTERSTATE DRIVE",,,,State,2026-08-30T21:43:41.512264Z
61e11da5b9a2fb2e,IL,"CORIS, INC",Coris,,"WILLOWBROOK, 7501 S QUINCY",,,,State,2026-08-30T21:43:41.512264Z
c6cf2031cb599d55,IL,SILGAN CONTAINERS,Silgan Containers,,"HOOPESTON, 324 WEST MAIN STREET",,,,State,2026-08-30T21:43:41.512264Z
aba14d49534b9230,IL,Hazelwood Farms Bakery Inc.,Hazelwood Farms Bakery,,"Buffalo Grove, 1111 Busch Pkwy",,,,State,2026-08-30T21:43:41.512264Z
6dbe75a568663be3,IL,GENDEX DENTAL X-RAYDIVISION,Gendex Dental X-Raydivision,,"CHICAGO, 4014 WEST GRANT AVENUE",,,,State,2026-08-30T21:43:41.512264Z
7792d65d8be83119,IL,KMART #3035,Kmart,,"HIGHLAND PARK, 2099 SKOKIE VALLEY ROAD",,,,State,2026-08-30T21:43:41.512264Z
126669416ad8f1fa,IL,NORTHBROOK PROPERTY & CASUALTY INSURANCE COMPANY,Northbrook Property & Casualty Insurance,,"SOUTH BARRINGTON, 51 WEST HIGGINS ROAD",,,,State,2026-08-30T21:43:41.512264Z
722e6718c01b649e,IL,Sun Electric Corporation (del),Sun Electric Corporation (del),,"Crystal Lake, One Sun Parkway",,,,State,2026-08-30T21:43:41.512264Z
58a6a3339f88c6e4,IL,BETZDEARBORN INC./WATER MANAGEMENT GROUP,Betzdearborn Inc./Water Management Group,,"LAKE ZURICH, 300 GENESEE STREET",,,,State,2026-08-30T21:43:41.512264Z
cc7f7f4e2a3b2d1c,IL,Wagner Castings Company,Wagner Castings,,"Decatur, 825 N Lowber St",,,,State,2026-08-30T21:43:41.512264Z
252e563c1d35553c,IL,KOMATSU AMERICA INTERNATIONAL CO,Komatsu America International,,"LIBERTYVILLE, 801 EAST SUNNYSIDE AVENUE",,,,State,2026-08-30T21:43:41.512264Z
3ac0aec1f8dc4f6f,IL,Frank's Nursery & Crafts Inc,Frank's Nursery & Crafts,,"Chicago, 3210 S Central Ave",,,,State,2026-08-30T21:43:41.512264Z
b24565d84ca49d5a,IL,ZEIGLER OLD BEN COAL COMPANY MINE #26,Zeigler Old Ben Coal Company Mine,,"SESSER, RR",,,,State,2026-08-30T21:43:41.512264Z
e77adae34e6bd893,IL,"Modern Dairy of Champaign, Inc",Modern Dairy of Champaign,,"Champaign, 701 W Kenyon Rd",,,,State,2026-08-30T21:43:41.512264Z
c03cb682a944259d,IL,Kelly Food Products Inc,Kelly Food Products,,"Decatur, 305-325 W Cerro Gordo St",,,,State,2026-08-30T21:43:41.512264Z
a41ba6b27d178419,IL,PARK HYATT CHICAGO,Park Hyatt Chicago,,"CHICAGO, 800 N MICHIGAN AVE",,,,State,2026-08-30T21:43:41.512264Z
8d90586c6bfdd585,IL,"WESTERN ATLAS, INC",Western Atlas,,"SOUTH BELOIT, 481 GARDNER STREET",,,,State,2026-08-30T21:43:41.512264Z
18874ba5b7f46a64,IL,JEFFERSON SMURFIT CORP,Jefferson Smurfit,,"CHICAGO, 2828 S LOCK STREET",,,,State,2026-08-30T21:43:41.512264Z
03dd7df574a2c4e0,IL,KMART #4154,Kmart,,"NORTH AURORA, 320 S LINCOLN WAY",,,,State,2026-08-30T21:43:41.512264Z
d94a6bda3beff98a,IL,ST. LUKE HEALTH CARE CENTER,ST. Luke Health Care Center,,"BEARDSTOWN, 612 WASHINGTON STREET",,,,State,2026-08-30T21:43:41.512264Z
196a8426caad99e1,IL,MCGRAW-HILL COMPANIES,Mcgraw-Hill,,"BURR RIDGE, 1333 BURR RIDGE PARKWAY",,,,State,2026-08-30T21:43:41.512264Z
e214e6279432b955,IL,Greif Packaging,Greif Packaging,,"Alsip, 4300 West 130th Street",,,,State,2026-08-30T21:43:41.512264Z
057a586631ddf4a6,IL,BISMARCK HOTEL,Bismarck Hotel,,"CHICAGO, 171 WEST RANDOLPH STREET",,,,State,2026-08-30T21:43:41.512264Z
73f9f4768fa41ed5,IL,PROSOURCE DISTRIBUTION CENTER,Prosource Distribution Center,,"DOWNERS GROVE, 1020 W. 31ST",,,,State,2026-08-30T21:43:41.512264Z
ee36433ec11e89b2,IL,Medinah Country Club,Medinah Country Club,,"Medinah, 6N001 Medinah Rd",,,,State,2026-08-30T21:43:41.512264Z
64fcc872044966b4,IL,CNA Insurance Co Group Long Term Care,CNA Insurance Co Group Long Term Care,,"Chicago, CNA Plaza 42 S",,,,State,2026-08-30T21:43:41.512264Z
d5d445a79702e3ac,IL,R. R. Donnelley & Sons Company,R. R. Donnelley & Sons,,"Dwight, 801 N Union St",,,,State,2026-08-30T21:43:41.512264Z
373cf4908df82dac,IL,UNISYS CORPORATION,Unisys,,"ELK GROVE VILLGE, 1905 LUNT AVENUE",,,,State,2026-08-30T21:43:41.512264Z
4620545292054c42,IL,Malco Inc,Malco,,"Union, 17816 Washington St",,,,State,2026-08-30T21:43:41.512264Z
b1e2f80b7748ddf0,IL,F & B MANUFACTURING COMPANY,F & B Manufacturing,,"DES PLAINES, 1375 MT. PROSPECT ROAD",,,,State,2026-08-30T21:43:41.512264Z
9b7e343055bc541d,IL,KMART #4324,Kmart,,"DOWNERS GROVE, 42 OGDEN AVENUE",,,,State,2026-08-30T21:43:41.512264Z
f7928f88b9ac031c,IL,INTEGRATED SYSTEMS SOLUTION CORP,Integrated Systems Solution,,"CHICAGO, 840 SOUTH CANAL STREET",,,,State,2026-08-30T21:43:41.512264Z
8b1ffeb76cce34d5,IL,"TCI of Illinois, Inc",TCI of Illinois,,"Mount Prospect, 1201 Feehanville Dr",,,,State,2026-08-30T21:43:41.512264Z
803054265cd746e6,IL,BALL FOSTER GLASS PACKAGING,Ball Foster Glass Packaging,,"LINCOLN, 1200 NORTH LOGAN",,,,State,2026-08-30T21:43:41.512264Z
8f6ef6597038ac08,IL,SILGAN CONTAINER,Silgan Container,,"ROCHELLE, 400 NORTH 15TH ST.",,,,State,2026-08-30T21:43:41.512264Z
8885c71024a18d70,IL,MARSHALL FIELD'S,Marshall Field's,,"PARK FOREST, 333 CENTRE",,,,State,2026-08-30T21:43:41.512264Z
e32622d54f8a73e0,IL,Witco Corporation,Witco,,"Chicago, 6200 W 51ST St",,,,State,2026-08-30T21:43:41.512264Z
d1c6116f45b00c12,IL,ALLSTATE INSURANCE COMPANY'S (SUBROGATION GROUP),Allstate Insurance Company's (Subrogation Group),,"CHICAGO, NOT PROVIDED",,,,State,2026-08-30T21:43:41.512264Z
dcbb772335cd5f89,IL,"Safeguard Business Systems, Inc.",Safeguard Business Systems,,"Addison, 1220 W National Ave",,,,State,2026-08-30T21:43:41.512264Z
04063d0f58c1635c,IL,VAN DEN BERGH FOODS COMPANY,Van Den Bergh Foods,,"LISLE, 2200 CABOT DRIVE",,,,State,2026-08-30T21:43:41.512264Z
a63a0ce4390699bb,IL,The Uno-Ven Company,Uno-Ven,,"Arlington Heights, 3850 N Wilke Rd",,,,State,2026-08-30T21:43:41.512264Z
958032e5ce90d21a,IL,"Mosby-Year Book, Inc",Mosby-Year Book,,"Chicago, 161 N Clark St FL 19",,,,State,2026-08-30T21:43:41.512264Z
cf62cfc6a2c190bf,IL,"AMRE, INC.",AMRE,,"ARLINGTON HGTS, 1625 EAST ALGONQUIN ROAD",,,,State,2026-08-30T21:43:41.512264Z
20d84961c78fe76c,IL,SHERWIN-WILLIAMS COMPANY,Sherwin-Williams,,"CHICAGO, 11542 SOUTH CHAMPLAIN AVE",,,,State,2026-08-30T21:43:41.512264Z
d1d7cff93c63bae4,IL,The Thermos Company,Thermos,,"Freeport, 1555 Illinois, Route 75 East",,,,State,2026-08-30T21:43:41.512264Z
390cea3c50417b99,IL,"Leaf, Inc",Leaf,,"Lake Forest, 500 N Field Dr",,,,State,2026-08-30T21:43:41.512264Z
65b9b31eff0f8d92,IL,SAVANNA US ARMY DEPOT,Savanna US Army Depot,,"SAVANNA, DEPOT",,,,State,2026-08-30T21:43:41.512264Z
38da50c2fc311dcb,IL,AMAX COAL COMPANY - WABASH MINE,Amax Coal Company - Wabash Mine,,"KEENSBURG, PO BOX 144, BEALL WOODS RD",,,,State,2026-08-30T21:43:41.512264Z
ead956d9c1e30967,IL,FMD ELECTRONICS OPERATION,FMD Electronics Operation,,"ROSCOE, 6402 ROCKTON ROAD",,,,State,2026-08-30T21:43:41.512264Z
bacb7bfbad11186b,IL,Am-Don Partnership,Am-Don Partnership,,"Bedford Park, 6112 W 73RD St",,,,State,2026-08-30T21:43:41.512264Z
4a901bd1bf600da8,IL,"Pyle-National, Inc (del)","Pyle-National, Inc (del)",,"Chicago, 1334 N Kostner Ave",,,,State,2026-08-30T21:43:41.512264Z
dcea96e06774f6f9,IL,NUWORLD MARKETING LIMITED,Nuworld Marketing,,"MASCOUTAH, 9711 FUESSER ROAR",,,,State,2026-08-30T21:43:41.512264Z
c9da202ecacdd5dd,IL,MAGNA FOOD STORE,Magna Food Store,,"ROCKFORD, 3917 EAST STATE STREET",,,,State,2026-08-30T21:43:41.512264Z
5066ec51c196b847,IL,KMART #4412,Kmart,,"Wood River, 1901 E Edwardsville Rd",,,,State,2026-08-30T21:43:41.512264Z
c50072e6d07dc382,IL,"JOUAN, INC/ PRECISION SCIENTIFIC","Jouan, Inc/ Precision Scientific",,"Chicago, 3737 W Cortland St",,,,State,2026-08-30T21:43:41.512264Z
642376628c9f342b,IL,Wood River Township Hospital,Wood River Township Hospital,,"WOOD RIVER, 101 E. EDWARDSVILLE ROAD",,,,State,2026-08-30T21:43:41.512264Z
0762060ad6b0b958,IL,JACK IN THE BOX FOODMAKER DISTRIBUTION CENTER,Jack in the Box Foodmaker Distribution Center,,"Danville, 100 Eastgate Dr",,,,State,2026-08-30T21:43:41.512264Z
a9e0cebc26cbe0ab,IL,BYERLY'S,Byerly's,,"HIGHLAND PARK, 1919 SKOKIE VALLEY ROAD",,,,State,2026-08-30T21:43:41.512264Z
7fe68d654b663486,IL,MONTGOMERY WARD & COMPANY,Montgomery Ward &,,"SCHAUMBURG, 601 N MARTINGALE ROAD",,,,State,2026-08-30T21:43:41.512264Z
08740336cacca330,IL,Ex-Cel Industries Inc,Ex-Cel Industries,,"Rockford, 1400 Eddy Ave",,,,State,2026-08-30T21:43:41.512264Z
4c36f0d3ae26d76d,IL,CALIFORNIA MICROWAVE NETWORK SYSTEM,California Microwave Network System,,"GLENDALE HEIGHTS, N/A",,,,State,2026-08-30T21:43:41.512264Z
88504c859f9ac8ef,IL,ZENITH ELECTRONICS CORPORATION,Zenith Electronics,,"MELROSE PARK, 2407 WEST NORTH AVENUE",,,,State,2026-08-30T21:43:41.512264Z
4ab498296d1f5b63,IL,"Miss Elaine, Inc",Miss Elaine,,"Centralia, 816 N Poplar St",,,,State,2026-08-30T21:43:41.512264Z
e035adf7e2ff87e6,IL,Viking Freight Inc,Viking Freight,,"Des Plaines, 255 W Oakton St",,,,State,2026-08-30T21:43:41.512264Z
e4036044746b5a4d,IL,RR DONNELLEY LOGISTICS SERVICES,RR Donnelley Logistics Services,,"SUMMIT, 5151 S LAWNDALE",,,,State,2026-08-30T21:43:41.512264Z
60beb490e3a27f8c,IL,Schuller International Inc,Schuller International,,"Waukegan, 1871 N Pershing Rd",,,,State,2026-08-30T21:43:41.512264Z
c2113eb152f5f793,IL,CARADCO,Caradco,,"RANTOUL, 201 EVANS DRIVE",,,,State,2026-08-30T21:43:41.512264Z
0eb585aca624235c,IL,ROCK-TENN COMPANY,Rock-Tenn,,"MUNDELEIN, 225 E HAWLEY STREET",,,,State,2026-08-30T21:43:41.512264Z
44bad50ea5055472,IL,MONTGOMERY WARD & CO.,Montgomery Ward &,,"FRANKLIN PARK, 10601 W SEYMOUR AVENUE",,,,State,2026-08-30T21:43:41.512264Z
a882f5c1390a63fa,IL,DEPT.OF MENTAL HEALTH AND DEVELOPMENTAL DISABILITIES,Dept.Of Mental Health and Developmental Disabilities,,"CHICAGO, 1601 W. TAYLOR",,,,State,2026-08-30T21:43:41.512264Z
b5cc4751a3fbd3b3,IL,MATSUSHITA MICROWAVE OVEN CORP,Matsushita Microwave Oven,,"FRANKLIN PARK, 9333 W GRAND AVENUE",,,,State,2026-08-30T21:43:41.512264Z
97e78870878ce755,IL,BORDEN CHEMICAL INC.,Borden Chemical,,"FOREST PARK, 1401 CIRCLE AVENUE",,,,State,2026-08-30T21:43:41.512264Z
78808f71ace9b727,IL,PACIFIC RAIL SERVICES,Pacific Rail Services,,"CICERO, 5601 W 26TH STREET",,,,State,2026-08-30T21:43:41.512264Z
191a0b15dc15cab6,IL,"AMERICAN DRUG STORES, INC",American Drug Stores,,"OAK BROOK, 1818 SWIFT DRIVE",,,,State,2026-08-30T21:43:41.512264Z
67f650557a9a6e5d,IL,NORTH SAFETY PRODUCTS,North Safety Products,,"Rockford, 1515 Elmwood Rd",,,,State,2026-08-30T21:43:41.512264Z
ed82066451e5dbb7,IL,"Atwood Industries, Inc.",Atwood Industries,,"OREGON, 807 W PINES ROAD",,,,State,2026-08-30T21:43:41.512264Z
c841228fc19b3afe,IL,Oxford International Ltd,Oxford International,,"CHICAGO, 4237 W. 42nd Place",,,,State,2026-08-30T21:43:41.512264Z
f058683a742684d1,IL,RYDER INTEGRATED LOGISTICS,Ryder Integrated Logistics,,"AURORA, 2380 DIEHL ROAD",,,,State,2026-08-30T21:43:41.512264Z
6c2baecab5350681,IL,NORWEST,Norwest,,"SPRINGFIELD, 3200 ROBBINS ROAD",,,,State,2026-08-30T21:43:41.512264Z
9006448e03475caf,IL,HP INC.,HP,,"EAST DUBUQUE, 19731 U S ROUTE 20 WEST",,,,State,2026-08-30T21:43:41.512264Z
1e7ca324159a8a52,IL,Star-Kist Foods Inc,Star-Kist Foods,,"Kankakee, 1551 E Willow St",,,,State,2026-08-30T21:43:41.512264Z
83dde0bf4b69aac2,IL,PENSKE DEDICATED LOGISTICS INC,Penske Dedicated Logistics,,"NORTHLAKE, 317 W LAKE STREET",,,,State,2026-08-30T21:43:41.512264Z
25e132772d511c9e,IL,"Pioneer Financial Services, Inc. (del)","Pioneer Financial Services, Inc. (del)",,"Schaumburg, 1750 E Golf Rd",,,,State,2026-08-30T21:43:41.512264Z
ac33e1b651568ca6,IL,PARKER HANNIFLIN CORP/HYDRAULIC VALVE DIV.,Parker Hanniflin Corp/Hydraulic Valve Div,,"NILES, 6565 HOWARD STREET",,,,State,2026-08-30T21:43:41.512264Z
f4066750e9397b26,IL,OLD BEN COAL SPARTAN MINE,Old Ben Coal Spartan Mine,,"SPARTA, P O BOX 1",,,,State,2026-08-30T21:43:41.512264Z
a163063e2904752e,IL,SCHERING-PLOUGH ANIMAL HEALTH,Schering-Plough Animal Health,,"MUNDELEIN, 421 E HAWLEY ST",,,,State,2026-08-30T21:43:41.512264Z
fa10654592f334e1,IL,MONTGOMERY WARD ELECTRIC AVENUE & MORE STORE,Montgomery Ward Electric Avenue & More Store,,"ROCKFORD, 6260 E STATE STREET",,,,State,2026-08-30T21:43:41.512264Z
f415e5eaa5da0ff8,IL,SOLOPAK MEDICAL PRODUCTS INC,Solopak Medical Products,,"FRANKLIN PARK, 541 COUNTY LINE ROAD",,,,State,2026-08-30T21:43:41.512264Z
9dd9a2e7dde61e10,IL,AMERICAN HAWAII CRUISES,American Hawaii Cruises,,"CHICAGO, 2 NORTH RIVERSIDE PLAZA",,,,State,2026-08-30T21:43:41.512264Z
338fa33df181b298,IL,ADT SECURITY SERVICES INC.,Adt Security Services,,"ELMHURST, 455 W LAKE STREET",,,,State,2026-08-30T21:43:41.512264Z
4ac8167c45fae748,IL,SIMKINS INDUSTRIES INC,Simkins Industries,,"CICERO, 5170 W OGDEN AVENUE",,,,State,2026-08-30T21:43:41.512264Z
429abec90c4d5d49,IL,"Keck, Mahin and Cate","Keck, Mahin and Cate",,"Chicago, 77 W Wacker Dr 42ND FL",,,,State,2026-08-30T21:43:41.512264Z
4a6112ea726a7e1a,IL,TOMMY ARMOUR GOLF,Tommy Armour Golf,,"MORTON GROVE, 8350 N LEHIGH AVENUE",,,,State,2026-08-30T21:43:41.512264Z
a19775d12eb78fda,IL,"MONTGOMERY WARD & CO, INC.",Montgomery Ward &,,"PEORIA, 4501 N WAR MEMORIAL DR",,,,State,2026-08-30T21:43:41.512264Z
22ad57de39802a44,IL,Dolton Aluminum Company Inc,Dolton Aluminum,,"Dolton, 14200 Cottage Grove Ave",,,,State,2026-08-30T21:43:41.512264Z
9786aaa96c074634,IL,TRUSERV DISTRIBUTION CENTER,Truserv Distribution Center,,"CHARLESTON, 815 REASOR ROAD",,,,State,2026-08-30T21:43:41.512264Z
0cc3db4b24266f18,IL,WESTERN DIVERSIFIED,Western Diversified,,"DEERFIELD, 510 LAKE COOK ROAD",,,,State,2026-08-30T21:43:41.512264Z
18ce0687e22c3aa2,IL,NORFORGE AND MACHINING INC.,Norforge and Machining,,"BUSHNELL, 195 N DEAN STREET",,,,State,2026-08-30T21:43:41.512264Z
cb15250e2d92a808,IL,"MONTGOMERY WARD & CO., INC.",Montgomery Ward &,,"LANSING, 16771 TORRENCE AVENUE",,,,State,2026-08-30T21:43:41.512264Z
5d4966df6c3e1083,IL,"K-L INDUSTRIES, INC",K-L Industries,,"CHICAGO, 1801 N CENTRAL PARK AVENUE",,,,State,2026-08-30T21:43:41.512264Z
0c7a61119e2eb28f,IL,"GC SERVICES, EDUCATION OFFICE","GC Services, Education Office",,"SCHAUMBURG, 300 N MARTINGALE RD, SUITE 670",,,,State,2026-08-30T21:43:41.512264Z
68ba5520a21cb755,IL,Fischer Imaging Corporation,Fischer Imaging,,"Addison, 2301 W Windsor Ct",,,,State,2026-08-30T21:43:41.512264Z
d036f158bc0eccfd,IL,Hyman Freightways Inc.,Hyman Freightways,,"Chicago, 4300 W 72ND St",,,,State,2026-08-30T21:43:41.512264Z
b0a598113b32dcae,IL,"Gold Standard Baking, LLC",Gold Standard Baking,,"Chicago, 3700 S Kedzie Ave",,,,State,2026-08-30T21:43:41.512264Z
a4f5caf3e83f833a,IL,Transamerica Leasing Inc,Transamerica Leasing,,"Chicago, 1800 W 43RD St",,,,State,2026-08-30T21:43:41.512264Z
8622305ce50e8009,IL,"Evron Industries Ltd, (inc)","Evron Industries Ltd, (inc)",,"Chicago, 2159 W Pershing Rd",,,,State,2026-08-30T21:43:41.512264Z
6a98a359328a7e13,IL,SPARTON ENGINEERED PRODUCTS,Sparton Engineered Products,,"GRAYVILLE, WEST SPRING STREET",,,,State,2026-08-30T21:43:41.512264Z
12b124f634d09b2f,IL,CENTURY II STAFFING/CALUMET AUTO/TRUCK PLAZA,Century II Staffing/Calumet Auto/Truck Plaza,,"SOUTH HOLLAND, 159TH AND CALUMET EXPRESSWAY",,,,State,2026-08-30T21:43:41.512264Z
c7ef32d87afb59ed,IL,Danly Machine LP,Danly Machine,,"Cicero, 2115 S 54TH Ave",,,,State,2026-08-30T21:43:41.512264Z
a25c6e182b332f24,IL,AETNA/US HEALTHCARE,Aetna/Us Healthcare,,"ROCKFORD, 1235 NORTH MULFORD ROAD",,,,State,2026-08-30T21:43:41.512264Z
0513d79655f4a219,IL,PRUDENTIAL HELATHCARE GROUP,Prudential Helathcare Group,,"RICHTON PARK, 4601 SAUK TRAIL",,,,State,2026-08-30T21:43:41.512264Z
fd6efdd90e280ffa,IL,TNT SKYPAK INC,TNT Skypak,,"SCHILLER PARK, 4309 TRANS WORLD ROAD",,,,State,2026-08-30T21:43:41.512264Z
57746e613d09da4e,IL,BUILDERS SQUARE STORE #1399,Builders Square,,"MELROSE PARK, 1000 WINSTON PLAZA DR",,,,State,2026-08-30T21:43:41.512264Z
839c51171fb79dba,IL,BUILDERS SQUARE STORE #1386,Builders Square,,"SCHAUMBURG, 1325 MEACHAM ROAD",,,,State,2026-08-30T21:43:41.512264Z
6b7596aafc1582ee,IL,BUILDERS SQUARE STORE #1003,Builders Square,,"ROCKFORD, 6640 EAST STATE STREET",,,,State,2026-08-30T21:43:41.512264Z
6ce387471d7a4661,IL,WILTON TOOL GROUP,Wilton Tool Group,,"SCHILLER PARK, 9525 IRVING PARK ROAD",,,,State,2026-08-30T21:43:41.512264Z
f1bccd772c2ff159,IL,HOME INNOVATIONS INC.,Home Innovations,,"LAKE ZURICH, 650 N CHURCH STREET",,,,State,2026-08-30T21:43:41.512264Z
e08c1a529c8a350b,IL,Sportmart Inc,Sportmart,,"Wheeling, 1400 S Wolf Rd Ste 200",,,,State,2026-08-30T21:43:41.512264Z
38fc3203d86f342f,IL,Clark Distribution Services Inc,Clark Distribution Services,,"Bedford Park, 7525 S Sayre Ave",,,,State,2026-08-30T21:43:41.512264Z
3ffe91688c9d6970,IL,PROFESSIONAL SOFTWARE INC.,Professional Software,,"EFFINGHAM, 1 PSI PLAZA, BOX 1348",,,,State,2026-08-30T21:43:41.512264Z
62e6cdde355e370c,IL,"ELGIN, JOLIET AND EASTERN RAILWAY COMPANY","Elgin, Joliet and Eastern Railway",,"JOLIET, 1141 MAPLE ROAD",,,,State,2026-08-30T21:43:41.512264Z
7ba5f7e75548dd0e,IL,Penn Daniels Inc,Penn Daniels,,"Quincy, 505 N 24TH St",,,,State,2026-08-30T21:43:41.512264Z
6bbfba8cfdeb2cf7,IL,"USA Flex, Inc",USA Flex,,"Bloomingdale, 471 Brighton Ct",,,,State,2026-08-30T21:43:41.512264Z
49399d5b84e53c99,IL,LONGVIEW FIBRE COMPANY CENTRAL CONTAINER DIV,Longview Fibre Company Central Container Div,,"ROCKFORD, 1818 ELMWOOD ROAD",,,,State,2026-08-30T21:43:41.512264Z
d2681716cb1310aa,IL,SHAPE MIDWEST DIVISION,Shape Midwest Division,,"NORTHBROOK, 3055 MACARTHUR BLVD",,,,State,2026-08-30T21:43:41.512264Z
c12d24ef774fb3cc,IL,AMERICAN MEDICAL RESPONSE-MIDWEST DIVISION,American Medical Response-Midwest Division,,"LAKE BLUFF, 29870 ROUTE 41",,,,State,2026-08-30T21:43:41.512264Z
7a4985fa73954784,IL,BORDON FOODS CORPORATION,Bordon Foods,,"NORTHBROOK, 2301 SHERMER RD, BOX 3011",,,,State,2026-08-30T21:43:41.512264Z
97cabd07c927e026,IL,NEW YORK CARPET WORLD,New York Carpet World,,"BURBANK, 8636 S CICERO AVENUE",,,,State,2026-08-30T21:43:41.512264Z
66e69afdc2674ccc,IL,"Washburn International, Inc.",Washburn International,,"Mundelein, 444 E Courtland St",,,,State,2026-08-30T21:43:41.512264Z
7a713accf54728a9,IL,HYSTER COMPANY,Hyster,,"DANVILLE, 1901 E VOORHEES STREET",,,,State,2026-08-30T21:43:41.512264Z
6119633594b51742,IL,BANK OF AMERICA - MIDWEST RETAIL OPERATIONS CENTER,Bank of America - Midwest Retail Operations Center,,"CHICAGO, 105 WEST ADAMS",,,,State,2026-08-30T21:43:41.512264Z
d0e7c7e1d446db5a,IL,AT&T BUSINESS COMMUNICATION SERVICES,AT&T Business Communication Services,,"CHICAGO, 85 WEST CONGRESS PARKWAY",,,,State,2026-08-30T21:43:41.512264Z
792e6447563a8851,IL,"AMERAIL - AMERICAN PASSENGER RAIL CAR CO, LLC",Amerail - American Passenger Rail Car,,"CHICAGO, 900 EAST 103RD STREET",,,,State,2026-08-30T21:43:41.512264Z
815040c36b58b6db,IL,LIPTON,Lipton,,"CHANNAHON, 24708 WEST DURKEE ROAD",,,,State,2026-08-30T21:43:41.512264Z
be82a859e77c0a37,IL,TARGET STORES,Target Stores,,"Chiacgo, 8560 South Cottage Grove",,,,State,2026-08-30T21:43:41.512264Z
98b14d2416ba29f8,IL,Johns Manville International Group Inc,Johns Manville International Group,,"Waukegan, 1871 N Pershing Rd",,,,State,2026-08-30T21:43:41.512264Z
7b1ce0c1e7457f2a,IL,J.L. CLARK,J.L. Clark,,"DOWNERS GROVE, 2300 WISCONSIN AVE.",,,,State,2026-08-30T21:43:41.512264Z
9730eca9e3783bc3,IL,FIRST DATA CORP,First Data,,"BUFFALO GROVE, 700 EAST LAKE COOK ROAD",,,,State,2026-08-30T21:43:41.512264Z
0ba0ca323d655b18,IL,"CERTIFIED GROCERS MIDWEST, INC",Certified Grocers Midwest,,"HODGKINS, ONE CERTIFIED DRIVE",,,,State,2026-08-30T21:43:41.512264Z
15a1bcf5c3769a07,IL,"BEARDSLEY & PIPER, LLC",Beardsley & Piper,,"CHICAGO, 5501 WEST GRAND AVENUE",,,,State,2026-08-30T21:43:41.512264Z
36ee2ad38f8eca61,IL,"GLENAYRE ELECTRONICS, INC.",Glenayre Electronics,,"QUINCY, ONE GLENAYRE WAY",,,,State,2026-08-30T21:43:41.512264Z
53e4eea1b32e95db,IL,"VENTURE STORES, INC. V-151","Venture Stores, Inc. V-151",,"ROCKFORD, 5880 EAST STATE STREET",,,,State,2026-08-30T21:43:41.512264Z
fbd61cd71c4ca9dd,IL,WANG GOVERNMENT SERVICES,Wang Government Services,,"CAHOKIA, 3939 MISSISSIPPI AVENUE",,,,State,2026-08-30T21:43:41.512264Z
f7485222773a7775,IL,CCH INCORPORATED,CCH,,"CHICAGO, 4025 West Peterson Avenue",,,,State,2026-08-30T21:43:41.512264Z
4cc87821f7e160a0,IL,FIELD CONTAINER COMPANY L P,Field Container Company L P,,"MOMENCE, 214 MECHANIC ST BOX 500",,,,State,2026-08-30T21:43:41.512264Z
e3adcc2bcfc3f1e1,IL,"Zionssolutions, LLC",Zionssolutions,,"Zion, 101 Shiloh Blvd",,,,State,2026-08-30T21:43:41.512264Z
753b25730aaf815d,IL,Hebenstreit Communications Corp,Hebenstreit Communications,,"Schaumburg, 1111 N Plaza Dr Ste 200",,,,State,2026-08-30T21:43:41.512264Z
3a1be39c8152a9c9,IL,HONEYWELL HOME & BUILDING CONTROL,Honeywell Home & Building Control,,"ARLINGTON HGTS, 1500 W DUNDEE ROAD",,,,State,2026-08-30T21:43:41.512264Z
ec09e667b8d39757,IL,McKesson Corporation,McKesson,,"Romeoville, 1355 Enterprise Dr",,,,State,2026-08-30T21:43:41.512264Z
c3576c0f1af5a666,IL,Martin Industries Inc,Martin Industries,,"East Saint Louis, 4251 Saint Clair Ave",,,,State,2026-08-30T21:43:41.512264Z
8d370cbbf61ff2bb,IL,GE CAPITAL,GE Capital,,"ROLLING MEADOWS, 1600 GOLF RD, 2ND FL",,,,State,2026-08-30T21:43:41.512264Z
627e828777687762,IL,"LAIDLAW TRANSIT, INC",Laidlaw Transit,,"CHICAGO, 100 W 91ST STREET",,,,State,2026-08-30T21:43:41.512264Z
95bc20ca9fbc031f,IL,Precision Products Inc,Precision Products,,"Springfield, 2415 South Grand Ave E",,,,State,2026-08-30T21:43:41.512264Z
cd46912dfe62063f,IL,"VENTURE STORES, INC.",Venture Stores,,"ALTON, 2550 EAST HOMMER M ADAMS PKWY",,,,State,2026-08-30T21:43:41.512264Z
a15b11130ea36bd8,IL,ROBBINS RESOURCE RECOVERY FACILITY,Robbins Resource Recovery Facility,,"ROBBINS, 13400 S KEDZIE AVENUE",,,,State,2026-08-30T21:43:41.512264Z
fbf93c9f14ac9d1d,IL,Kowa Printing Corporation,Kowa Printing,,"Danville, 266 Eastgate Dr",,,,State,2026-08-30T21:43:41.512264Z
473288e0a52b041a,IL,ENCO MANUFACTURING COMPANY,Enco Manufacturing,,"CHICAGO, 5000 W BLOOMINGDALE",,,,State,2026-08-30T21:43:41.512264Z
f2fac15f6e3dc73b,IL,Waste Management,Waste Management,,"OAK BROOK, 3003 BUTTERFIELD RD.",,,,State,2026-08-30T21:43:41.512264Z
e3bc9ab0d323c50a,IL,FOUR SEASONS,Four Seasons,,"MELROSE PARK, 1950 N MANNHEIM ROAD",,,,State,2026-08-30T21:43:41.512264Z
1886ce128a6fe73b,IL,"S & H CITADEL, INC.",S & H Citadel,,"HILLSIDE, 5999 BUTTERFIELD ROAD",,,,State,2026-08-30T21:43:41.512264Z
fe3706e2f3b57e8c,IL,FIRST ALERT HEADQUARTERS,First Alert Headquarters,,"AURORA, 3901 LIBERTY STREET ROAD",,,,State,2026-08-30T21:43:41.512264Z
bb64333f463ea7c7,IL,PALEX,Palex,,"MATTOON, 1300 BROADWAY AVE EAST",,,,State,2026-08-30T21:43:41.512264Z
6d8d62ebde4c089c,IL,"J.C. PENNEY COMPANY, INC.",J.C. Penney,,"MACHESNEY PARK, 8702 NORTH 2ND STREET",,,,State,2026-08-30T21:43:41.512264Z
d0e4fbbfa52a7a08,IL,"GATEWAY FREIGHTLINE INC, PEORIA DISTRIBUTION CENTER","Gateway Freightline Inc, Peoria Distribution Center",,"EAST PEORIA, 200 CARVER LANE",,,,State,2026-08-30T21:43:41.512264Z
844a65a46e51caaa,IL,KN ENERGY INC.,KN Energy,,"LOMBARD, 701 EAST 22ND STREET",,,,State,2026-08-30T21:43:41.512264Z
911eec802dd8c7a3,IL,KENDALL COMPANY,Kendall,,"ELGIN, 1925 HOLMES ROAD",,,,State,2026-08-30T21:43:41.512264Z
54addb5481a1e77a,IL,MONTGOMERY WARD & CO,Montgomery Ward &,,"CARBONDALE, 1265 E MAIN, UNIVERSITY MALL",,,,State,2026-08-30T21:43:41.512264Z
e5093c74300f9662,IL,KMART CORP STORE #4262,Kmart,,"DOLTON, 1000 E SIBLEY BLVD",,,,State,2026-08-30T21:43:41.512264Z
c5392b26501b2df2,IL,BLUECROSS AND BLUE SHIELD,Bluecross and Blue Shield,,"MARION, 3109 W DEYOUNG",,,,State,2026-08-30T21:43:41.512264Z
49578d205364d4f1,IL,Worldcom,Worldcom,,"Villa Park, 1 Tower Ln",,,,State,2026-08-30T21:43:41.512264Z
2cb98755c2188be7,IL,Handleman Company,Handleman,,"Dundee, 771 S 8TH St",,,,State,2026-08-30T21:43:41.512264Z
0ff03682525f3883,IL,"Rock Creek Center, Inc",Rock Creek Center,,"Lemont, 40 Timberline Dr",,,,State,2026-08-30T21:43:41.512264Z
77281479665f647a,IL,BUILDERS SQUARE STORE #1432,Builders Square,,"BLOOMINGDALE, 350 ARMY TRAIL ROAD",,,,State,2026-08-30T21:43:41.512264Z
9be881aef188a3a4,IL,BESTFOODS BAKING COMPANY-ENTENMANN'S INC.,Bestfoods Baking Company-Entenmann's,,"NORTHLAKE, 300 WEST NORTH AVENUE",,,,State,2026-08-30T21:43:41.512264Z
38f9ca4927d731f5,IL,BUILDERS TRANSPORT INC.,Builders Transport,,"EAST ST LOUIS, I 55 & I 70 EXIT 4",,,,State,2026-08-30T21:43:41.512264Z
22979b8aac73240a,IL,DIAMOND EXTERIORS INC,Diamond Exteriors,,"WOODSTOCK, 222 CHURCH STREET",,,,State,2026-08-30T21:43:41.512264Z
237ec3379debeee1,IL,AMEREN/CIPS,Ameren/Cips,,"SPRINGFIELD, 607 EAST ADAMS",,,,State,2026-08-30T21:43:41.512264Z
48f7a0cea0398c99,IL,CASHFLEX CHICAGO,Cashflex Chicago,,"CHICAGO, 9700 HIGGINS ROAD",,,,State,2026-08-30T21:43:41.512264Z
5d7ac4c694245341,IL,TELECOMMUNICATIONS DEVICES INC.,Telecommunications Devices,,"LISLE, 4820 VENTURE",,,,State,2026-08-30T21:43:41.512264Z
4004a7be4cadf131,IL,CHARLES MELVIN PRICE SUPPORT CENTER,Charles Melvin Price Support Center,,"GRANITE CITY, ROUTE 3 BLDG 102",,,,State,2026-08-30T21:43:41.512264Z
512d4e4d9ef49e54,IL,"ESSEX GROUP, INC.",Essex Group,,"PANA, 2285 E 350 NORTH ROAD",,,,State,2026-08-30T21:43:41.512264Z
d20a5cf443175fa9,IL,Viskase Holding Corporation,Viskase Holding,,"Bedford Park, 6733 W 65TH St",,,,State,2026-08-30T21:43:41.512264Z
6341d8bb19ca83d8,IL,"INDUSTRIAL COATINGS GROUP, INC.",Industrial Coatings Group,,"CHICAGO, 2141 S JEFFERSON STREET",,,,State,2026-08-30T21:43:41.512264Z
b1cdf4279fcd31fe,IL,MARWI,Marwi,,"OLNEY, 3571 N UNION DRIVE",,,,State,2026-08-30T21:43:41.512264Z
b23cf930d1bfd90c,IL,CENDANT MOBILITY SERVICES,Cendant Mobility Services,,"OAK BROOK, 2221 CAMDEN COURT",,,,State,2026-08-30T21:43:41.512264Z
2a07a68a661512ef,IL,First of America Bank-Champion NA (inc),First of America Bank-Champion NA (inc),,"Bloomington, 115 E Washington St",,,,State,2026-08-30T21:43:41.512264Z
3bc26d26340c5185,IL,Baxter Healthcare Corporation,Baxter Healthcare,,"Round Lake, Rt 120 & Wilson Road",,,,State,2026-08-30T21:43:41.512264Z
bd5944b36e047f17,IL,Motorola Mobility Holdings LLC,Motorola Mobility Holdings,,"Chicago, 875 WOODLANDS PARKWAY",,,,State,2026-08-30T21:43:41.512264Z
82367155d7007050,IL,"FAVORITE BRANDS INTERNATIONAL, INC",Favorite Brands International,,"MELROSE PARK, 1941 HAWTHORE",,,,State,2026-08-30T21:43:41.512264Z
78621e2ab2c3fca6,IL,"HANSVEDT INDUSTRIES, INC.",Hansvedt Industries,,"URBANA, 803 KETTERING PARK BOX 6099",,,,State,2026-08-30T21:43:41.512264Z
6f3e392b04276dfc,IL,MOTOROLA'S MULTIMEDIA GROUP,Motorola's Multimedia Group,,"LAKE ZURICH, 800 NORTH CHURCH STREET",,,,State,2026-08-30T21:43:41.512264Z
bbd92b47431c231e,IL,FIRST EVERGREEN CORP,First Evergreen,,"OAK LAWN, 9400 S CICERO AVE",,,,State,2026-08-30T21:43:41.512264Z
3ce43ec3b1ffee4b,IL,NORTHWESTERN STEEL AND WIRE COMPANY,Northwestern Steel and Wire,,"STERLING, 121 WALLACE ST BOX 618",,,,State,2026-08-30T21:43:41.512264Z
2b063ab7b8719ed5,IL,MCDONALDS CORP,Mcdonalds,,"LISLE, 3030 WARRENVILLE RD SUITE 600",,,,State,2026-08-30T21:43:41.512264Z
9a18814706f2b33b,IL,"Spiegel International, Inc",Spiegel International,,"Downers Grove, 3500 Lacey Rd",,,,State,2026-08-30T21:43:41.512264Z
c6a980c975fb46f5,IL,"SOFT SHEEN PRODUCTS, INC.",Soft Sheen Products,,"CHICAGO, 1000 EAST 87TH STREET",,,,State,2026-08-30T21:43:41.512264Z
57996b8ddb1e3ffa,IL,"Health Systems Consultants, LTD",Health Systems Consultants,,"CHICAGO, 500 N DEARBORN ST SUITE 600",,,,State,2026-08-30T21:43:41.512264Z
b6ca01e5023cdb06,IL,Metropolitan Community College,Metropolitan Community College,,"East Saint Louis, 601 James R Thompson Blvd",,,,State,2026-08-30T21:43:41.512264Z
600c3533f3b8ae30,IL,Universal Furniture Ltd,Universal Furniture,,"Alsip, 11601 S Central Ave",,,,State,2026-08-30T21:43:41.512264Z
0990622540165e0f,IL,Rieter Automotive North America Inc,Rieter Automotive North America,,"Chicago, 2638 E 126TH St",,,,State,2026-08-30T21:43:41.512264Z
5ca518ffcbc34343,IL,John Deere Harvester Works,John Deere Harvester Works,,"East Moline, 1100 13th Avenue",,,,State,2026-08-30T21:43:41.512264Z
2e5a12d3445e2728,IL,"TICKETMASTER, LLC",Ticketmaster,,"CHICAGO, 555 WEST ADAMS STREET",,,,State,2026-08-30T21:43:41.512264Z
8e244824ebcd8086,IL,SUMMIT WINDOW & PATIO DOOR,Summit Window & Patio Door,,"Rantoul, 909 Pacesetter Dr",,,,State,2026-08-30T21:43:41.512264Z
91d3202671aea856,IL,MONTGOMERY WARD INFORMATION SERVICES OPERATIONS,Montgomery Ward Information Services Operations,,"CHICAGO, 844 N LARRABEE STREET",,,,State,2026-08-30T21:43:41.512264Z
37545b9129336e75,IL,ILLINOIS GLOVE COMPANY,Illinois Glove,,"EFFINGHAM, 2700 S RANEY",,,,State,2026-08-30T21:43:41.512264Z
0d013f7879eb9fbe,IL,COOPER INDUSTRIES HAND TOOLS DIV,Cooper Industries Hand Tools Div,,"SYCAMORE, 821 PARK AVENUE",,,,State,2026-08-30T21:43:41.512264Z
6b0734bb6bdbdc84,IL,"KNIGHT PLASTICS, INC.",Knight Plastics,,"ARLINGTON HGTS, 1600 EAST DAVIS STREET",,,,State,2026-08-30T21:43:41.512264Z
72e1da5b62ea43e1,IL,Smurfit-Stone Container Corporation,Smurfit-Stone Container,,"Alton, 10 Cut St",,,,State,2026-08-30T21:43:41.512264Z
d8331646c12bbad4,IL,ANR ADVANCE TRANSPORTATION CO,Anr Advance Transportation,,"BEDFORD PARK, 6767 W 75TH STREET",,,,State,2026-08-30T21:43:41.512264Z
eaae902831290750,IL,"LITTELFUSE, INC",Littelfuse,,"WATSEKA, 200 N LITTELFUSE LANE",,,,State,2026-08-30T21:43:41.512264Z
f97574e24045dadd,IL,Viratec Tru Vue Inc,Viratec Tru Vue,,"Chicago, 1315 N North Branch St",,,,State,2026-08-30T21:43:41.512264Z
501d7b4b6fa8361d,IL,Dacor Corporation,Dacor,,"Winnetka, 161 Northfield Rd",,,,State,2026-08-30T21:43:41.512264Z
2b13cf97c76c99b4,IL,CONTINENTAL GRAIN COMPANY,Continental Grain,,"EAST ST LOUIS, 430 S FRONT STREET",,,,State,2026-08-30T21:43:41.512264Z
d214bae3ccfb23e5,IL,Liberty Mutual,Liberty Mutual,,"TAYLORVILLE, 520 North Cheney",,,,State,2026-08-30T21:43:41.512264Z
30ddc965a333cd17,IL,"MOTION INDUSTRIES, INC., BERRY DIVISION","Motion Industries, Inc., Berry Division",,"LYONS, 4242 SOUTH FIRST AVENUE",,,,State,2026-08-30T21:43:41.512264Z
d2f459ad31039a0d,IL,STANDARD REGISTER COMPANY,Standard Register,,"WATSEKA, 255 WEST FLEMING STREET",,,,State,2026-08-30T21:43:41.512264Z
725b9831f8d3e9d9,IL,Favorite Brands International Inc (del),Favorite Brands International Inc (del),,"Skokie, 4820 Searle Pkwy",,,,State,2026-08-30T21:43:41.512264Z
b061e593085b6f8e,IL,Bodine Electric Company,Bodine Electric,,"Chicago, 2500 W. Bradley Place",,,,State,2026-08-30T21:43:41.512264Z
16e8d616ccf4352c,IL,MITSUBISHI MOTOR MANUFACTURING,Mitsubishi Motor Manufacturing,,"NORMAL, 100 N MITSUBISHI MOTORWAY",,,,State,2026-08-30T21:43:41.512264Z
435ee1890829cc31,IL,AMERIN GUARANTY CORPORATION,Amerin Guaranty,,"CHICAGO, 200 E RANDOLPH DR 49TH FL",,,,State,2026-08-30T21:43:41.512264Z
c1bd3c421bd58a35,IL,Alcoa Extruded Contruction Products.,Alcoa Extruded Contruction Products,,"WEST CHICAGO, 1655 POWIS ROAD",,,,State,2026-08-30T21:43:41.512264Z
6485f6460dfb4bf9,IL,HIGHLAND OAKS CORPORATE OFFICE CENTER,Highland Oaks Corporate Office Center,,"DOWNERS GROVE, 1100 WEST 31ST STREET SUITE 500",,,,State,2026-08-30T21:43:41.512264Z
919db9b4a4514709,IL,CORPORATE EXPRESS DELIVERY SYSTEMS,Corporate Express Delivery Systems,,"CHICAGO, 2040 NORTH ASHLAND AVENUE",,,,State,2026-08-30T21:43:41.512264Z
29484c65d268c342,IL,SNAP-ON TOOLS INC.,Snap-On Tools,,"OTTAWA, 999 W MCKINLEY ROAD",,,,State,2026-08-30T21:43:41.512264Z
a8d0144ee0a41e69,IL,"REXAM RELEASE, INC",Rexam Release,,"BEDFORD PARK, 5001 WEST 66TH STREET",,,,State,2026-08-30T21:43:41.512264Z
36e0715d720dc07a,IL,STEELWORKS,Steelworks,,"SKOKIE, 8051 CENTRAL PARK AVENUE",,,,State,2026-08-30T21:43:41.512264Z
e783d948aacdc4cf,IL,BUILDERS SQUARE STORE,Builders Square Store,,"VERNON HILLS, 493 N MILWAUKEE AVENUE",,,,State,2026-08-30T21:43:41.512264Z
005af86e750fd82b,IL,DOMINICKS FINER FOODS & SAFEWAY,Dominicks Finer Foods & Safeway,,"HIGHLAND PARK, 1919 SKOKIE VALLEY ROAD",,,,State,2026-08-30T21:43:41.512264Z
25162c586664f3a9,IL,"PLASTACQ II, L.C.","Plastacq II, L.C",,"RICHMOND, 5801 AMI DRIVE",,,,State,2026-08-30T21:43:41.512264Z
ee0777a08fcb157d,IL,"TKI FOODS, INC.",Tki Foods,,"SPRINGFIELD, 2520 SOUTH GRAND AVENUE EAST",,,,State,2026-08-30T21:43:41.512264Z
e175dc0d45a06dbe,IL,PRINCIPAL HEALTHCARE,Principal Healthcare,,"OAKBROOK TERRACE, ONE LINCOLN CENTER",,,,State,2026-08-30T21:43:41.512264Z
58fc0432cd8c0e20,IL,"AMETEK, PANALARM DIVISION","Ametek, Panalarm Division",,"SKOKIE, 7401 NORTH HAMLIN AVENUE",,,,State,2026-08-30T21:43:41.512264Z
e5f94429f1ff0ad5,IL,Waldom Electronice & Image Comm Inc.,Waldom Electronice & Image Comm,,"CHICAGO, 4301 WEST 69TH STREET",,,,State,2026-08-30T21:43:41.512264Z
dd98b3601b50bf36,IL,"SUPERVALU, INC.",Supervalu,,"URBANA, 2611 NORTH LINCOLN AVENUE",,,,State,2026-08-30T21:43:41.512264Z
04b0121817d249d6,IL,BP Amoco Corporation,BP Amoco,,"Chicago, 200 E Randolph St",,,,State,2026-08-30T21:43:41.512264Z
b98026d30c51dc5d,IL,"PRIMEX TECHNOLOGIES, INC.",Primex Technologies,,"MARION, ROUTE 148 SOUTH P O BOX 278",,,,State,2026-08-30T21:43:41.512264Z
857398fc277e7977,IL,"TOTAL CONTROL PRODUCTS, INC.",Total Control Products,,"MELROSE PARK, 2001 NORTH JANICE AVENUE",,,,State,2026-08-30T21:43:41.512264Z
0c0a866e1156fef0,IL,"PAPER GROUP, THE","Paper Group, the",,"CHICAGO, 2901 WEST 36TH PLACE",,,,State,2026-08-30T21:43:41.512264Z
ba3b05ec624f9ebb,IL,AMERICAN GENERAL LIFE COMPANIES,American General Life,,"CHICAGO, 8501 WEST HIGGINS ROAD",,,,State,2026-08-30T21:43:41.512264Z
e93e5a2a0a41bc79,IL,Viscofan,Viscofan,,"DANVILLE, 915 MICHIGAN AVENUE",,,,State,2026-08-30T21:43:41.512264Z
54ac8a4c9cca1558,IL,ELEMENTIS PIGMENTS INC,Elementis Pigments,,"EAST ST LOUIS, 2051 LYNCH AVENUE",,,,State,2026-08-30T21:43:41.512264Z
389787629f8c1bf1,IL,HEVI-DUTY ELECTRIC,Hevi-Duty Electric,,"MT VERNON, #13 FOUNTAIN PLACE",,,,State,2026-08-30T21:43:41.512264Z
378ec24f086aef57,IL,REVERE WARE CORPORATION,Revere Ware,,"CLINTON, 1000 SOUTH SHERMAN STREET P O BOX 250",,,,State,2026-08-30T21:43:41.512264Z
6df00121c05e364f,IL,CHICAGO DISPLAY MARKETING CORP,Chicago Display Marketing,,"MELROSE PARK, 1301 WEST ARMITAGE AVENUE",,,,State,2026-08-30T21:43:41.512264Z
f1b84a55919e2301,IL,BANTA DIRECT MARKETING,Banta Direct Marketing,,"BERKELEY, 5600 PROVISO LANE",,,,State,2026-08-30T21:43:41.512264Z
9f2f37c076f6fea6,IL,"FLEMING COMPANIES, INC.",Fleming,,"EAST PEORIA, 600 WEST CAMP STREET",,,,State,2026-08-30T21:43:41.512264Z
0d0e908c3e5157d9,IL,UNITED STATES FIRE INSURANCE COMPANY,United States Fire Insurance,,"OAK BROOK, AT&T PLAZA BUILDING SUITE 700",,,,State,2026-08-30T21:43:41.512264Z
f5d128518e48d34b,IL,VARIAN X-RAY TUBE PRODUCTS,Varian X-Ray Tube Products,,"ARLINGTON HEIGHTS, 600 W UNIVERSITY DRIVE",,,,State,2026-08-30T21:43:41.512264Z
73b5425cd76e87c5,IL,Ameriserve Food Distribution Inc.,Ameriserve Food Distribution,,"WOODRIDGE, 2401 INTERNATIONAL PKWY",,,,State,2026-08-30T21:43:41.512264Z
e24e05add31da296,IL,VALUEOPTIONS,Valueoptions,,"SKOKIE, 4709 GOLF ROAD SUITE 812",,,,State,2026-08-30T21:43:41.512264Z
7daaada4ad243553,IL,"Motorola Mobility, LLC",Motorola Mobility,,"Libertyville, 600 N. U.S. Highway 45",,,,State,2026-08-30T21:43:41.512264Z
51b6f6616876be73,IL,Avery Dennison,Avery Dennison,,"ROCHELLE, 1 AIGNER PARKWAY",,,,State,2026-08-30T21:43:41.512264Z
8f871670ea2c2da2,IL,CHICAGO INTERNATIONAL CHARTER SCHOOL,Chicago International Charter School,,"CHICAGO, 2235 N HAMILTON",,,,State,2026-08-30T21:43:41.512264Z
9ec6421c4935f13b,IL,PLATINUM TECHNOLOGY INTERNATIONAL,Platinum Technology International,,"OAKBROOK TERRACE, 1815 SOUTH MEYERS ROAD",,,,State,2026-08-30T21:43:41.512264Z
e1df1703f13dfca0,IL,TREX MEDICAL CORPORATION,Trex Medical,,"BROADVIEW, 2000 SOUTH 25TH AVENUE",,,,State,2026-08-30T21:43:41.512264Z
1c0153dd5a196635,IL,HR TEXTRON,HR Textron,,"FRANKLIN PARK, 3412 NORTH RIVER ROAD",,,,State,2026-08-30T21:43:41.512264Z
cce315076a4003a0,IL,TATE CHEESE,Tate Cheese,,"FALLEY CITY, #1 CHEDDAR LANE",,,,State,2026-08-30T21:43:41.512264Z
34e5c287670c91c8,IL,ST. FRANCIS SCHOOL FOR EXCEPTIONAL CHILDREN,ST. Francis School for Exceptional Children,,"FREEPORT, 1209 SOUTH WALNUT AVENUE",,,,State,2026-08-30T21:43:41.512264Z
0fff47c695e4aa79,IL,JACOBS ENGINEERING GROUP INC.,Jacobs Engineering Group,,"CHICAGO, 222 SOUTH RIVERSIDE PLAZA 14TH FLOOR",,,,State,2026-08-30T21:43:41.512264Z
fbb7e15178d8aba5,IL,ERICKSON COSMETICS CO.,Erickson Cosmetics,,"CHICAGO, 1920 n CLYBOURN AVENUE",,,,State,2026-08-30T21:43:41.512264Z
4d370567e3cd1081,IL,Franklin Life Insurance Company,Franklin Life Insurance,,"Springfield, Franklin Square",,,,State,2026-08-30T21:43:41.512264Z
defdd1aa241a198e,IL,VISY PACKAGING,Visy Packaging,,"SOUTH HOLLAND, 300 WEST 170TH STREET",,,,State,2026-08-30T21:43:41.512264Z
dbb243d957feaefe,IL,FAVORITE BRANDS,Favorite Brands,,"BANNOCKBURN, BANNOCKBURN LAKE OFFICE PLAZA 2121 WAUKEGAN ROAD SUITE 300",,,,State,2026-08-30T21:43:41.512264Z
ec2c69e688e800db,IL,Outboard Marine Corporation,Outboard Marine,,"Waukegan, 90 Sea Hourse Drive",,,,State,2026-08-30T21:43:41.512264Z
c215d16c354b5311,IL,BWD AUTOMOTIVE CORP,BWD Automotive,,"OTTAWA, 1111 MCKINLEY ROAD",,,,State,2026-08-30T21:43:41.512264Z
782c560a35d958fe,IL,GODAN INDUSTRIES,Godan Industries,,"PERU, 820 BRUNNER STREET",,,,State,2026-08-30T21:43:41.512264Z
b670ba546f2b3bf9,IL,"BRACH'S CONFECTIONS, INC.",Brach's Confections,,"SULLIVAN, 811 SOUTH HAMILTON STREET",,,,State,2026-08-30T21:43:41.512264Z
98a998c3ef370a07,IL,Weyerhaeuser,Weyerhaeuser,,"ROCK ISLAND, 690 MILL STREET",,,,State,2026-08-30T21:43:41.512264Z
5c4484213b705cc4,IL,Covenant Children's Home,Covenant Children's Home,,"Princeton, 502 Elm Pl",,,,State,2026-08-30T21:43:41.512264Z
b351fd86de6f355e,IL,J C PENNY STORE,J C Penny Store,,"VILLA PARK, NORTH PARK MALL 250 W NORTH AVENUE",,,,State,2026-08-30T21:43:41.512264Z
284e922e52bad145,IL,"FREIGHT CAR SERVICES, INC.",Freight Car Services,,"DANVILLE, 2313 CANNON STREET",,,,State,2026-08-30T21:43:41.512264Z
7a7583565900d79d,IL,"EAGLE FOOD CENTERS, INC #145",Eagle Food Centers,,"ROUND LAKE BEACH, 400 ROLLINS ROAD",,,,State,2026-08-30T21:43:41.512264Z
044ca353426ea0ce,IL,"EAGLE FOOD CENTERS, INC. #006",Eagle Food Centers,,"ROCKFORD, 5875 EAST RIVERSIDE ROAD",,,,State,2026-08-30T21:43:41.512264Z
67209fe421b5f1ae,IL,"EAGLE FOOD CENTERS, INC. #016 & #261","Eagle Food Centers, Inc. #016 &",,"BURLINGTON, 155 S ROOSEVELT AVENUE & 306 S MCLEAN BLVD, ELGIN IL",,,,State,2026-08-30T21:43:41.512264Z
c8d3bf0fd118e2cb,IL,"EAGLE FOOD CENTERS, INC. #022 & #023","Eagle Food Centers, Inc. #022 &",,"COUNTRY CLUB HILLS, 4050 WEST 183RD STREET & 8631 W 95TH, HICKORY HILLS, IL",,,,State,2026-08-30T21:43:41.512264Z
09693dff97f3b052,IL,"EAGLE FOOD CENTERS, INC. #019",Eagle Food Centers,,"ELK GROVE VILLAGE, 901 MEACHAM ROAD",,,,State,2026-08-30T21:43:41.512264Z
5a561864536610bd,IL,"EAGLE FOOD CENTERS, INC. #262",Eagle Food Centers,,"CREST HILL, 1520 THEODORE",,,,State,2026-08-30T21:43:41.512264Z
e6e097db12885818,IL,"EAGLE FOOD CENTERS, INC. #133",Eagle Food Centers,,"MOLINE, 106 19TH AVENUE",,,,State,2026-08-30T21:43:41.512264Z
a1e0dddf502ec18c,IL,"EAGLE FOOD CENTERS, INC. #296",Eagle Food Centers,,"EAST PEORIA, 2500 EAST WASHINGTON STREET",,,,State,2026-08-30T21:43:41.512264Z
e58074731d000e06,IL,"EAGLE FOOD CENTERS, INC. #304",Eagle Food Centers,,"DANVILLE, 1501 NORTH BOWMAN AVENUE Rt 1",,,,State,2026-08-30T21:43:41.512264Z
c08f587c087ff25b,IL,"EAGLE FOOD CENTERS, INC. #085",Eagle Food Centers,,"DECATUR, 3635 US ROUTE 26 EAST",,,,State,2026-08-30T21:43:41.512264Z
cb56df847882aa8c,IL,"EAGLE FOOD CENTERS, INC. #323",Eagle Food Centers,,"SPRINGFIELD, 2711 SANGAMON AVENUE",,,,State,2026-08-30T21:43:41.512264Z
41287258b7c7107b,IL,CONSOLIDATED MEDICAL LABORATORIES,Consolidated Medical Laboratories,,"LAKE BLUFF, 101 WAUKEGAN ROAD SUITE 1200",,,,State,2026-08-30T21:43:41.512264Z
7d3b01f46132113e,IL,GENLYTE THOMAS GROUP LLC,Genlyte Thomas Group,,"MILAN, MILAN OPERATIONS 7300 50TH STREET",,,,State,2026-08-30T21:43:41.512264Z
994f032d4e081ba1,IL,FIDELITY NATIONAL FINANCIAL INC.,Fidelity National Financial,,"CHICAGO, 171 N CLARK, 20 N CLARK, 203 & 30 N LASALLE, 400 S JEFFERSON",,,,State,2026-08-30T21:43:41.512264Z
941a792192e5fc20,IL,J C PENNY COMPANY INC,J C Penny,,"MATTESON, 400 LINCOLN MALL",,,,State,2026-08-30T21:43:41.512264Z
f7d4aca8c9fd0a96,IL,NORTHLAKE CONTAINER PLANT,Northlake Container Plant,,"NORTHLAKE, 635 NORTHWEST AVENUE",,,,State,2026-08-30T21:43:41.512264Z
252b57ef90c9ceab,IL,KMART #9358,Kmart,,"SCHAUMBURG, 1311 GOLF ROAD",,,,State,2026-08-30T21:43:41.512264Z
15b048487bf12be9,IL,CLINTON IMPERIAL CHINA INC.,Clinton Imperial China,,"CLINTON, 211 EAST ADAMS STREET",,,,State,2026-08-30T21:43:41.512264Z
a7eb44aadced8f70,IL,RAMADA HARVEY HOTEL,Ramada Harvey Hotel,,"HARVEY, 17040 SOUTH HALSTED STREET",,,,State,2026-08-30T21:43:41.512264Z
e911e4958a392167,IL,KNOWLES ELECTRONICS LLC,Knowles Electronics,,"ELGIN, 440 S MCLEAN BLVD",,,,State,2026-08-30T21:43:41.512264Z
1e3dd83fd1f60e86,IL,ST PAUL FEDERAL BANK,ST Paul Federal Bank,,"MT PROSPECT, 1501 FEEHANVILLE ROAD",,,,State,2026-08-30T21:43:41.512264Z
7991c291b3556d30,IL,HOLIDAY INN EAST,Holiday Inn East,,"SPRINGFIELD, 3100 SOUTH DIRKSEN PARKWAY",,,,State,2026-08-30T21:43:41.512264Z
87bb2b8eab57592c,IL,"GATX LOGISTICS, INC.",Gatx Logistics,,"NORMAL, 2601 WEST COLLEGE AVENUE",,,,State,2026-08-30T21:43:41.512264Z
65d7b14c9e9be7fb,IL,FREUDENBERG-NOK,Freudenberg-Nok,,"BENSENVILLE, 345 EAST GREEN STREET",,,,State,2026-08-30T21:43:41.512264Z
625128cad93024eb,IL,GE FINANCIAL ASSURANCE,GE Financial Assurance,,"BOLINGBROOK, 481 BOUGHTON ROAD",,,,State,2026-08-30T21:43:41.512264Z
72b4de815dd0b6a5,IL,Aerial Communications,Aerial Communications,,"CHICAGO, 8410 W BRYN MAWR",,,,State,2026-08-30T21:43:41.512264Z
7791265431790453,IL,STATEWIDE JTPA LOCAL LAYOFFS,Statewide Jtpa Local Layoffs,,"STATEWIDE, STATEWIDE",,,,State,2026-08-30T21:43:41.512264Z
e00fb1dd8221571c,IL,J C PENNEY,J C Penney,,"ELK GROVE VILLAGE, 875 DEVON AVENUE",,,,State,2026-08-30T21:43:41.512264Z
f8d6e1261b70079a,IL,PRECISION TWIST DRILL CO.,Precision Twist Drill,,"CRYSTAL LAKE, 301 INDUSTRIAL AVENUE",,,,State,2026-08-30T21:43:41.512264Z
27b0f2c8a480ec84,IL,TRAILMOBILE,Trailmobile,,"CHARLESTON, 1000 N 14TH STREET",,,,State,2026-08-30T21:43:41.512264Z
2bb4e35a587866d6,IL,KIRKWOOD INDUSTRIES INC,Kirkwood Industries,,"MUNDELEIN, K & B MUNDELEIN SUBSIDIARY 675 TOWER ROAD, P.O. Box 867",,,,State,2026-08-30T21:43:41.512264Z
68310e7ec967579d,IL,"KOLCRAFT ENTERPRISES, INC.",Kolcraft Enterprises,,"CHICAGO, 7001 WEST 62ND STREET",,,,State,2026-08-30T21:43:41.512264Z
8e258b727a537239,IL,"DELUXE VIDEO SERVICES, INC.",Deluxe Video Services,,"ADDISON, 10 N MITCHELL COURT",,,,State,2026-08-30T21:43:41.512264Z
d378d037cb97fa2d,IL,"DELUXE VIDEO SERVICES, INC",Deluxe Video Services,,"NORTHBROOK, 515 HUEHL ROAD & 720 LANDWEHR 500 LINDBERG LANE",,,,State,2026-08-30T21:43:41.512264Z
c9172753878c18f8,IL,DEKALB POULTRY RESEARCH INC,Dekalb Poultry Research,,"ILLIOPOLIS, 4360 MOUNT PULASKI ROAD",,,,State,2026-08-30T21:43:41.512264Z
afaaaf759b4aded8,IL,OSI INTERNATIONAL FOODS INC,Osi International Foods,,"CHICAGO, 4545 S RACINE AVENUE",,,,State,2026-08-30T21:43:41.512264Z
a21383b98b78f0c7,IL,SHERWIN WILLIAMS AUTOMOTIVE DIVISION,Sherwin Williams Automotive Division,,"CHICAGO, 10909 S COTTAGE GROVE AVENUE",,,,State,2026-08-30T21:43:41.512264Z
a53dbd9537ce9d62,IL,"HA-LO INDUSTRIES, INC",Ha-Lo Industries,,"NILES, 7400 NORTH LEHIGH",,,,State,2026-08-30T21:43:41.512264Z
918443bd8335abb8,IL,"Wing Industries, Inc.",Wing Industries,,"HANOVER PARK, 6415 MUIRFIELD DRIVE",,,,State,2026-08-30T21:43:41.512264Z
1a60e8d38b97e4ac,IL,"MILEPOST TRANSPORTATIONS SERVICES, LLC",Milepost Transportations Services,,"CHICAGO, 2443 WEST 16TH STREET",,,,State,2026-08-30T21:43:41.512264Z
62cda1204f9f5768,IL,"PEERLESS OF AMERICA, INC",Peerless of America,,"LINCOLNSHIRE, 15773 WEST APTAKISIC ROAD",,,,State,2026-08-30T21:43:41.512264Z
ebe32f8713391073,IL,Wyeth Ayerst,Wyeth Ayerst,,"Carol Stream, 284 Lies Rd.",,,,State,2026-08-30T21:43:41.512264Z
178ae0226400a51a,IL,EXEL DIRECT INC.,Exel Direct,,"NAPERVILLE, 1835 W JEFFERSON ROAD",,,,State,2026-08-30T21:43:41.512264Z
ba9399b7629fc0fc,IL,POLYCON INDUSTRIES,Polycon Industries,,"CHICAGO, 1001 EAST 99TH STREET",,,,State,2026-08-30T21:43:41.512264Z
0bd0e074cd6bc0ea,IL,KMART STORE #9372,Kmart,,"MUNDELEIN, 1555 SOUTH LAKE STREET",,,,State,2026-08-30T21:43:41.512264Z
a0409694678dcfb1,IL,KMART STORE #9366,Kmart,,"ELGIN, 450 AIRPORT ROAD",,,,State,2026-08-30T21:43:41.512264Z
23ae81f46fa7dc88,IL,KMART STORE #9350,Kmart,,"ADDISON, 1050 NORTH ROUTE 53",,,,State,2026-08-30T21:43:41.512264Z
ca1ac027d88f9f6e,IL,KMART STORE #9341,Kmart,,"OAKBROOK TERRACE, 17w734 22ND STREET",,,,State,2026-08-30T21:43:41.512264Z
fb4344f1e8d1faaf,IL,KMART STORE #9361,Kmart,,"NAPERVILLE, 510 SOUTH ROUTE 59",,,,State,2026-08-30T21:43:41.512264Z
73a3c116bd0ff546,IL,KMART STORE #9342,Kmart,,"MATTESON, 21000 SOUTH CICERO AVENUE",,,,State,2026-08-30T21:43:41.512264Z
b8df1dc4d46ba510,IL,KMART STORE #9343,Kmart,,"MOUNT PROSPECT, 1500 SOUTH ELMHURST ROAD",,,,State,2026-08-30T21:43:41.512264Z
93dbeac34a6fd642,IL,KMART STORE #3367,Kmart,,"CHICAGO, 6435 WEST DIVERSEY AVENUE",,,,State,2026-08-30T21:43:41.512264Z
83bf7456fb0e7797,IL,MOTOROLA PAGER CARE CENTER,Motorola Pager Care Center,,"SCHAUMBURG, 1335 BASSWOOD ROAD",,,,State,2026-08-30T21:43:41.512264Z
adadbfde63817f30,IL,"Williams Electronic Games, Inc.",Williams Electronic Games,,"CHICAGO, 3401 NORTH CALIFORNIA AVENUE",,,,State,2026-08-30T21:43:41.512264Z
66bd87b099500ac8,IL,AMERICAN FORMS LLC,American Forms,,"WHEELING, 540 W. ALLENDALE DRIVE",,,,State,2026-08-30T21:43:41.512264Z
a74e91b06c4d589a,IL,STARWOOD,Starwood,,"CHICAGO, 644 N. LAKESHORE DRIVE",,,,State,2026-08-30T21:43:41.512264Z
a80bd9105e433be8,IL,MARKET FACTS INC.,Market Facts,,"AURORA, 4260 WESTBROOK DRIVE",,,,State,2026-08-30T21:43:41.512264Z
ca988c92f1000894,IL,MARCHFIRST,Marchfirst,,"PEORIA, 305 SW WATER STREET SUITE 400",,,,State,2026-08-30T21:43:41.512264Z
fa84cbc1f1e346a2,IL,LOGIN BROTHERS BOOK COMPANY,Login Brothers Book,,"CHICAGO, 1436 W. RANDOLPH STREET",,,,State,2026-08-30T21:43:41.512264Z
2a505364a17bfde6,IL,TRIBUNE EDUCATION COMPANY,Tribune Education,,"CHICAGO,, 2 PRUDENTIAL PLAZA & 4255 W TOUHY AVENUE, LINCOLNWOOD",,,,State,2026-08-30T21:43:41.512264Z
dd530f9510b3a215,IL,CROUSE CARTAGE COMPANY,Crouse Cartage,,"HICKORY HILLS, 7701 W 95TH STREET",,,,State,2026-08-30T21:43:41.512264Z
c2b1746054cf6c14,IL,ALLIED PRODUCTS CORPORATION,Allied Products,,"CHICAGO, 1355 EAST 93RD STREET",,,,State,2026-08-30T21:43:41.512264Z
29a190bd7081375e,IL,ABC-NACO INC.,Abc-Naco,,"MELROSE PARK, 110 N 25TH AVENUE",,,,State,2026-08-30T21:43:41.512264Z
3486d3494d8aaddf,IL,FIRST DATA RESOURCES,First Data Resources,,"ELGIN, 2250 POINT BLVD",,,,State,2026-08-30T21:43:41.512264Z
aca0afc682ddc688,IL,UNILEVER HPC-NA,Unilever Hpc-Na,,"CHICAGO, 4401 WEST NORTH AVENUE",,,,State,2026-08-30T21:43:41.512264Z
d972999bb5b75e78,IL,"GROEN, INC.",Groen,,"ELK GROVE VILLAGE, 1900 PRATT BOULEVARD",,,,State,2026-08-30T21:43:41.512264Z
044f53ddcd054071,IL,"JC PENNEY COMPANY, INC",JC Penney,,"ST CHARLES, CHARLESTOWNE MALLE 3810 EAST MAIN STREET",,,,State,2026-08-30T21:43:41.512264Z
c8f8667a10766aa4,IL,SHAKLEE U.S.,Shaklee U.S,,"BEDFORD PARK, 6100 WEST 73RD STREET",,,,State,2026-08-30T21:43:41.512264Z
5ffd7e06cd1b815c,IL,CAMBRIDGE INDUSTRIES INC.,Cambridge Industries,,"CENTRALIA, 2400 S. WABASH AVE",,,,State,2026-08-30T21:43:41.512264Z
e265eac26002e88e,IL,"Auburn Steel Company, Inc.",Auburn Steel,,"LEMONT, NEW AVENUE & CECO ROAD P O BOX 280",,,,State,2026-08-30T21:43:41.512264Z
21eab463540846f1,IL,"OPEN PORT TECHNOLOGY, INC.",Open Port Technology,,"CHICAGO, 676 N. ST. CLAIR, SUITE 900",,,,State,2026-08-30T21:43:41.512264Z
95732751fd221521,IL,"ALDWORTH COMPANY, INC.",Aldworth,,"CALUMET CITY, UNKNOWN",,,,State,2026-08-30T21:43:41.512264Z
6c8a809c7db01536,IL,"KR INDUSTRIES, INC.",KR Industries,,"CICERO, 1200 S 54TH AVENUE",,,,State,2026-08-30T21:43:41.512264Z
347cb97df64faccb,IL,GE CAPITAL AUTO FINANCIAL SERVICES,GE Capital Auto Financial Services,,"BARRINGTON, 540 W NORTHWEST HIGHWAY",,,,State,2026-08-30T21:43:41.512264Z
fec3472b929fc7ec,IL,Met Merchandising Concepts,Met Merchandising Concepts,,"CHICAGO, 4201 W BELMONT AVENUE 200 N ARTESIAN AVENUE",,,,State,2026-08-30T21:43:41.512264Z
c5e1cd556ef715ea,IL,Levolor Kirsch Window Fashions,Levolor Kirsch Window Fashions,,"SOUTH HOLLAND, 520 West 169Th Street",,,,State,2026-08-30T21:43:41.512264Z
941a43f49b7ab91f,IL,METFABCITY,Metfabcity,,"CHICAGO, 300 EAST RANDOLPH STREET 28TH FLOOR",,,,State,2026-08-30T21:43:41.512264Z
bdbb8c37d7ffdb69,IL,GATX TERMINALS CORPORATION,Gatx Terminals,,"CHICAGO, 500 WEST MONROE STREET",,,,State,2026-08-30T21:43:41.512264Z
ad2d7935074730cc,IL,"UNITED MODEL DISTRIBUTORS, INC.",United Model Distributors,,"WHEELING, 301 HOLBROOK DRIVE",,,,State,2026-08-30T21:43:41.512264Z
0e8f9e7465893a8f,IL,FREMONT COMPENSATION INSURANCE GROUP,Fremont Compensation Insurance Group,,"CHICAGO, 321 NORTH CLARK STREET SUITE 600",,,,State,2026-08-30T21:43:41.512264Z
0e1cc9b5c2e7d4bf,IL,T.R.W. INC.,T.R.W,,"MARSHALL, 902 S. SECOND ST.",,,,State,2026-08-30T21:43:41.512264Z
2ce605a3e5a2915f,IL,"GOOCH FOODS, INC.",Gooch Foods,,"STEEGER, 3601 CHICAGO ROAD",,,,State,2026-08-30T21:43:41.512264Z
8db0cbedc798e1e3,IL,"QUEBECOR WORLD/WCX, L.L.C",Quebecor World/Wcx,,"SALEM, SALEM DIVISION 3935 SELMAVILLE ROAD",,,,State,2026-08-30T21:43:41.512264Z
2a29915dfcca68a8,IL,"CARAUSTAR INDUSTRIES, INC",Caraustar Industries,,"CHICAGO, CHICAGO PAPERBOARD CORP 900 NORTH OGDEN AVENUE",,,,State,2026-08-30T21:43:41.512264Z
3b04754a69eef06b,IL,"MONTGOMERY WARD, LLC",Montgomery Ward,,"CRYSTAL LAKE, 105 NORTHWEST HIGHWAY",,,,State,2026-08-30T21:43:41.512264Z
20b8c07f8a7e2938,IL,PREMCOR BLUE ISLAND REFINERY,Premcor Blue Island Refinery,,"BLUE ISLAND, NOT PROVIDED",,,,State,2026-08-30T21:43:41.512264Z
bd430ee38689e7dd,IL,"NACCO Industries, Inc.'s Materials Handling","NACCO Industries, Inc.'s Materials Handling",,"DANVILLE, 1813 E. Voorhees Street",,,,State,2026-08-30T21:43:41.512264Z
51fd026a3bdf0a8d,IL,UNITED HEALTH CARE OF ILLINOIS,United Health Care of Illinois,,"CHICAGO, 233 N MICHIGAN AVENUE P O BOX 909714",,,,State,2026-08-30T21:43:41.512264Z
a3b432197adfdeed,IL,STERLING PLUMBING,Sterling Plumbing,,"ROLLING MEADOWS, 2900 GOLF ROAD",,,,State,2026-08-30T21:43:41.512264Z
bd2564390ba5ad54,IL,KERRIGAN LEWIS ELECTRONICS/CDT,Kerrigan Lewis Electronics/Cdt,,"WHEELING, 194 W. CARPENTER AVENUE",,,,State,2026-08-30T21:43:41.512264Z
cafadb7ffd16d0fe,IL,JC PENNEY STORE NO 2206,JC Penney Store No 2206,,"DANVILLE, 2917 NORTH VERMILLION STREET",,,,State,2026-08-30T21:43:41.512264Z
b3904dbba6a0e66d,IL,HENDRICKSON COMPONENTS,Hendrickson Components,,"CHICAGO, 2441 WEST 48TH STREET",,,,State,2026-08-30T21:43:41.512264Z
7bd4795785d37136,IL,VINYLWELD,Vinylweld,,"CHICAGO, 2011 WEST HASTINGS STREET",,,,State,2026-08-30T21:43:41.512264Z
7ae5608271d6536f,IL,JC PENNEY STORE NO. 2489,JC Penney Store No. 2489,,"MT PROSPECT, 999 NORTH ELMHURST ROAD",,,,State,2026-08-30T21:43:41.512264Z
dd498217aa9de4d9,IL,SHOPKO STORES INC,Shopko Stores,,"MACOMB, 1620 EAST JACKSON",,,,State,2026-08-30T21:43:41.512264Z
09384628ce7324d4,IL,Acxiom Chicago Data Center,Acxiom Chicago Data Center,,"CHICAGO, 555 WEST ADAMS",,,,State,2026-08-30T21:43:41.512264Z
0c4f50a2bac95f64,IL,CUB FOODS,Cub Foods,,"GENEVA, 1878 SOUTH RANDALL ROAD",,,,State,2026-08-30T21:43:41.512264Z
2eaf6f0478c4b2bc,IL,"ZEXEL VALEO COMPRESSORS USA, INC.",Zexel Valeo Compressors,,"ARCOLA, 981 BOB KING DRIVE",,,,State,2026-08-30T21:43:41.512264Z
eb9393d08153aca2,IL,OLD KENT LEASING,Old Kent Leasing,,"LOMBARD, 720 EAST BUTTERFIELD ROAD #300",,,,State,2026-08-30T21:43:41.512264Z
8267b306560f4a01,IL,GETTY IMAGES INC/ART.COM,Getty Images Inc/Art.Com,,"CHICAGO, 122 SOUTH MICHIGAN AVENUE 444 N WABASH SUITE 200",,,,State,2026-08-30T21:43:41.512264Z
bb2f6dc485c1c279,IL,NORWOOD PROMOTIONAL PRODUCTS INC,Norwood Promotional Products,,"EAST PEORIA, 215 TAYLOR STREET",,,,State,2026-08-30T21:43:41.512264Z
b7f2880731a62c70,IL,NALCO CHEMICAL COMPANY,Nalco Chemical,,"BEDFORD PARK CHICA, 6216 W 66TH PLACE",,,,State,2026-08-30T21:43:41.512264Z
8335c670207f95b7,IL,BRISKIN MANUFACTURING COMPANY,Briskin Manufacturing,,"CHICAGO, 5800 & 5852 W 51ST STREET",,,,State,2026-08-30T21:43:41.512264Z
61f3e5bf944d2474,IL,Georgia Pacific,Georgia Pacific,,"Mount Olive, 900 South Route 66",,,,State,2026-08-30T21:43:41.512264Z
0454bb2a13aadb3f,IL,"CIRCUIT SYSTEMS, INC",Circuit Systems,,"ELK GROVE VILLAGE, 2350, 2400, 2450 E LUNT, 2201 LANDMEIR RD",,,,State,2026-08-30T21:43:41.512264Z
7e941dc5fa168828,IL,J C PENNEY STORE NO. 3019,J C Penney Store No. 3019,,"CHICAGO, 6445 W. DIVERSEY AVENUE",,,,State,2026-08-30T21:43:41.512264Z
76d57d57d2384ae3,IL,TNT LOGISTICS,TNT Logistics,,"CHICAGO, 1515 EAST 98TH STREET",,,,State,2026-08-30T21:43:41.512264Z
4a9ea305635a85f2,IL,Virden Nursing & Rehabilitation Center,Virden Nursing & Rehabilitation Center,,"Virden, 402 West Loud Street",,,,State,2026-08-30T21:43:41.512264Z
adb089d9a799b7a2,IL,"SUPERIOR BANK, FSB","Superior Bank, FSB",,"ROSEMONT, RETAIL DIVISION 5600 NORTH RIVER ROAD",,,,State,2026-08-30T21:43:41.512264Z
467940f54bd50fa9,IL,WEST GROUP,West Group,,"DEERFIELD, 155 PFINGSTEN",,,,State,2026-08-30T21:43:41.512264Z
8e00ab551f2e2a97,IL,SCIENT CORPORATION,Scient,,"CHICAGO, 303 EAST WACKER DRIVE 27TH FLOOR",,,,State,2026-08-30T21:43:41.512264Z
74bed7f78e2a183d,IL,THREE (3) COM CORPORATION,Three (3) Com,,"MOUNT PROSPECT, 1800 W CENTRAL",,,,State,2026-08-30T21:43:41.512264Z
1986abc2d8c3943e,IL,DAIMLER CHRYSLER CORP,Daimler Chrysler,,"BELVIDERE, 3000 W CHRYSLER DRIVE",,,,State,2026-08-30T21:43:41.512264Z
a782657ee00277e0,IL,KOZMO.COM,Kozmo.Com,,"CHICAGO, 2100 NORTH SOUTHPORT",,,,State,2026-08-30T21:43:41.512264Z
04ca918eac9ca2f1,IL,"Medallion Cabinetry, Inc.",Medallion Cabinetry,,"Lanark, 105 North Rochester Street",,,,State,2026-08-30T21:43:41.512264Z
c1a678bd10265999,IL,COVA FINANCIAL LIFE INSURANCE CO,Cova Financial Life Insurance,,"OAKBROOK TERRACE, ONE TOWER LANE SUITE 3000",,,,State,2026-08-30T21:43:41.512264Z
1fc1631312b4f3c8,IL,Exide Corporation,Exide,,"Burlington, P.O. Box 03930 3400 West Avenue",,,,State,2026-08-30T21:43:41.512264Z
8df8510a1df3997f,IL,REO DIRECT PACKAGING,Reo Direct Packaging,,"ALSIP, 11601 SO. CENTRAL AVENUE",,,,State,2026-08-30T21:43:41.512264Z
907860ac00c7b104,IL,AMERICAN EXPRESS,American Express,,"CHICAGO, 300 SOUTH RIVERSIDE PLAZA",,,,State,2026-08-30T21:43:41.512264Z
245e4a64df70bd96,IL,FIRST DATA FINANCIAL SERVICES,First Data Financial Services,,"MATTESON, 21780 S. CICERO AVENUE",,,,State,2026-08-30T21:43:41.512264Z
96bb33386b4e5c0b,IL,NORTH AMERICAN SPRING & STAMPING,North American Spring & Stamping,,"ELK GROVE VILLAGE, 345 CRISS CIRCLE",,,,State,2026-08-30T21:43:41.512264Z
f881519ae0ebfa8d,IL,SENIOR AUTOMOTIVE,Senior Automotive,,"BARTLETT, 300 EAST DEVON AVENUE",,,,State,2026-08-30T21:43:41.512264Z
68af41ae2f54fc14,IL,TENEX CORPORATION,Tenex,,"ELK GROVE VILLAGE, 2400 ARTHUR AVENUE",,,,State,2026-08-30T21:43:41.512264Z
71754a727f937b28,IL,"QPF, LLC",QPF,,"STREAMWOOD, 601 EAST LAKE STREET",,,,State,2026-08-30T21:43:41.512264Z
607168d6e5889587,IL,"W.W. Grainger, Inc.",W.W. Grainger,,"Lincolnshire, Material Logic Digital Unit 455 Knightsbridge Parkway",,,,State,2026-08-30T21:43:41.512264Z
1b45f1cddde6efa7,IL,EXELON CORPORATION,Exelon,,"CHICAGO, 3500 NORTH CALIFORNIA AVENUE",,,,State,2026-08-30T21:43:41.512264Z
6302db3ca14884de,IL,BOYE NEEDLE,Boye Needle,,"CHICAGO, 4343 N RAVENSWOOD",,,,State,2026-08-30T21:43:41.512264Z
d6d93071d469d7ed,IL,GERRARD & COMPANY,Gerrard &,,"DES PLAINES, 400 EAST TOUHY AVENUE",,,,State,2026-08-30T21:43:41.512264Z
9c9428cae3221df1,IL,NEWELL WINDOW FASHIONS,Newell Window Fashions,,"FREEPORT, 524 WEST STEPHENSON STREET",,,,State,2026-08-30T21:43:41.512264Z
e7beba0167a250f1,IL,Liberty Federal Bank,Liberty Federal Bank,,"Hinsdale, One Grant Square",,,,State,2026-08-30T21:43:41.512264Z
5e54b46de5a55c88,IL,"Advanced Data-Comm, Inc.",Advanced Data-Comm,,"MOLINE, 4300 44TH AVENUE",,,,State,2026-08-30T21:43:41.512264Z
7d84235e2f6837b9,IL,MARRIOTT VACATION CLUB INTERNATIONAL,Marriott Vacation Club International,,"OAK BROOK, CHICAGO CALL CENTER 2625 BUTTERFIELD ROAD #208e",,,,State,2026-08-30T21:43:41.512264Z
bbb96aeab3452e55,IL,UNITED HEALTHCARE SERVICES INC,United Healthcare Services,,"SCHAMBURG, 1900 EAST GOLF ROAD, ROOM 400",,,,State,2026-08-30T21:43:41.512264Z
f7ae32a9259921f2,IL,MARIAH BOATS,Mariah Boats,,"BENTON, 10231 SUGAR CREEK P O BOX 1300",,,,State,2026-08-30T21:43:41.512264Z
b96b848e86697c16,IL,"PSW INDUSTRIES, INC.",PSW Industries,,"CHICAGO, 3912 WEST MCLEAN AVENUE",,,,State,2026-08-30T21:43:41.512264Z
21764f50ffb8e9b8,IL,JC PENNEY CATALOG CUSTOMER SERVICE,JC Penney Catalog Customer Service,,"BUFFALO GROVE, 1120 LAKE COOK ROAD",,,,State,2026-08-30T21:43:41.512264Z
7a982c5e0e8260b9,IL,"CHAMPION TECHNOLOGIES, INC.",Champion Technologies,,"FRANKLIN PARK, 2553 N. EDGINGTON STREET",,,,State,2026-08-30T21:43:41.512264Z
819f6ed79bfaab28,IL,AKZO NOBEL COATINGS INC.,Akzo Nobel Coatings,,"ZION, 1915 INDUSTRIAL AVENUE",,,,State,2026-08-30T21:43:41.512264Z
fd7c9aff2e68cc43,IL,DRY STORAGE CORPORATION,Dry Storage,,"MELROSE PARK, 5000 PROVISO DRIVE",,,,State,2026-08-30T21:43:41.512264Z
124919d64f2be0f9,IL,DYNEGY GLOBAL COMMUNICATIONS/MANTISS,Dynegy Global Communications/Mantiss,,"CHICAGO, 200 WEST MONROE, SUITE 1200",,,,State,2026-08-30T21:43:41.512264Z
504925f00ce9ad6f,IL,MIDLAND CHICAGO COMPANY/BUTCHERS,Midland Chicago Company/Butchers,,"ALSIP, 5300 WEST 127TH STREET",,,,State,2026-08-30T21:43:41.512264Z
fc27a0b1581e8587,IL,DISNEYQUEST,Disneyquest,,"CHICAGO, 55 EAST OHIO STREET",,,,State,2026-08-30T21:43:41.512264Z
8a9610a520626285,IL,WEBVAN GROUP INC.,Webvan Group,,"CAROL STREAM, 720 CENTER STREET",,,,State,2026-08-30T21:43:41.512264Z
0d38b21d6fe2361b,IL,AT&T BROADBAND,AT&T Broadband,,"OAK BROOK, 2001 YORK ROAD",,,,State,2026-08-30T21:43:41.512264Z
25e1008102896428,IL,WORLD KITCHEN INC.,World Kitchen,,"WAUCONDA, 441 WEST BONNER ROAD",,,,State,2026-08-30T21:43:41.512264Z
7d9367993c3e581e,IL,"R. LAVIN & SONS, INC.",R. Lavin & Sons,,"NORTH CHICAGO, 2028 SHERIDAN ROAD",,,,State,2026-08-30T21:43:41.512264Z
bf57df1c766dd9dc,IL,"CHEESECAKE FACTORY EXPRESS, THE","Cheesecake Factory Express, the",,"CHICAGO, 55 EAST OHIO STREET",,,,State,2026-08-30T21:43:41.512264Z
1195553bc7594c50,IL,"OMNI-CIRCUITS, INC.",Omni-Circuits,,"GLENDALE, 1851 ELMDALE AVENUE",,,,State,2026-08-30T21:43:41.512264Z
b62c2c82fb04c398,IL,CUSTOMER FIRST,Customer First,,"LINCOLNWOOD, 3450 W PRATT",,,,State,2026-08-30T21:43:41.512264Z
fb1a2a073839caa6,IL,"GSI GROUP, INC.",Gsi Group,,"DUQUOIN, 501 S LINE STREET",,,,State,2026-08-30T21:43:41.512264Z
848f6506442ecafb,IL,PACTIV CORPORATION,Pactiv,,"ROMEOVILLE, 1100 TAYLOR ROAD",,,,State,2026-08-30T21:43:41.512264Z
13e9e003dfe61d65,IL,"ZEXEL VALEO COMPRESSOR USA, INC.",Zexel Valeo Compressor,,"DECATUR, 625 SOUTHSIDE DRIVE",,,,State,2026-08-30T21:43:41.512264Z
6bfb1f7e8989f69c,IL,BALDWIN ENKEL CORPORATION,Baldwin Enkel,,"MACHESNEY PARK, 8155 BURDEN ROAD",,,,State,2026-08-30T21:43:41.512264Z
397638c6cc8d5a4f,IL,"BURKART FOAM, INC.",Burkart Foam,,"CAIRO, 36TH & SYCAMORE",,,,State,2026-08-30T21:43:41.512264Z
bbd9baadefe52c45,IL,"TD WATERHOUSE HOLDINGS, INC.",TD Waterhouse Holdings,,"CHICAGO, 550 WEST VAN BUREN STREET",,,,State,2026-08-30T21:43:41.512264Z
36293df19d5c2f61,IL,"HOWARD DELIVERY SERVICE, INC.",Howard Delivery Service,,"BROADVIEW, 1900 WEST 16TH STREET",,,,State,2026-08-30T21:43:41.512264Z
9b2b4d5a8a957a7e,IL,TWA AIRLINES LLC RESERVATIONS,Twa Airlines LLC Reservations,,"CHICAGO, 122 SOUTH MICHIGAN AVENUE",,,,State,2026-08-30T21:43:41.512264Z
828e273cb928201a,IL,"T.T.C., ILLINOIS, INC.","T.T.C., Illinois",,"KANKAKEE, 50 MEADOWVIEW CENTER",,,,State,2026-08-30T21:43:41.512264Z
a8f64780c448b7c8,IL,Wabash National Parts,Wabash National Parts,,"Fort Madison, 2597 Highway 61",,,,State,2026-08-30T21:43:41.512264Z
40446adf89424954,IL,MELLON LEASING MANUFACTURER,Mellon Leasing Manufacturer,,"BANNOCKBURN, AND DEALER SERVICES UNIT 3000 LAKESIDE DRIVE",,,,State,2026-08-30T21:43:41.512264Z
e59c35fcb368883b,IL,Methode Technical Components,Methode Technical Components,,"HARWOOD HEIGHTS, 7401 WILSON AVENUE",,,,State,2026-08-30T21:43:41.512264Z
71877882d537f1cd,IL,J C PENNEY COMPANY INC.,J C Penney,,"LINCOLNWOOD, 3333 WEST TOUHY AVENUE, UNIT J9",,,,State,2026-08-30T21:43:41.512264Z
013a13483f63013f,IL,CONSECO MEDICAL INSURANCE COMPANY,Conseco Medical Insurance,,"SCHAUMBURG, 1750 EAST GOLF ROAD",,,,State,2026-08-30T21:43:41.512264Z
e1584bae3814e94c,IL,BIRMINGHAM STEEL CORPORATION,Birmingham Steel,,"JOLIET, 927 COLLINS STREET",,,,State,2026-08-30T21:43:41.512264Z
fd6f02afb6e42307,IL,"DIAMOND COMIC DISTRIBUTORS, INC",Diamond Comic Distributors,,"SPARTA, 801 BRADBURY LANE",,,,State,2026-08-30T21:43:41.512264Z
98a484c8f390bd64,IL,"ROWECOM, INC./FAXON ILLINOIS","Rowecom, Inc./Faxon Illinois",,"OREGON, 101 WEST PINE ROAD",,,,State,2026-08-30T21:43:41.512264Z
3eeccabde712523f,IL,CONVERTER CONCEPTS,Converter Concepts,,"QUINCY, 1400 NORTH 30TH STREET",,,,State,2026-08-30T21:43:41.512264Z
ac39e2aa6533b235,IL,"PINNACLE GROUP ASSOICATES, INC.",Pinnacle Group Assoicates,,"LISLE, 901 & 1011 WARRENVILLE ROAD",,,,State,2026-08-30T21:43:41.512264Z
4039e105702f40ee,IL,"KEWANEE BOILER MANUFACTURING, LLC",Kewanee Boiler Manufacturing,,"KEWANEE, 101 FRANKLIN STREET",,,,State,2026-08-30T21:43:41.512264Z
985691c509953cfc,IL,"UNEXT, INC.",Unext,,"DEERFIELD, 500 LAKE COOK ROAD, SUITE 150",,,,State,2026-08-30T21:43:41.512264Z
0273d50fb4cc9637,IL,Precision Coating Inc,Precision Coating,,"Spring Valley, 6 Wolfer Industrial Park",,,,State,2026-08-30T21:43:41.512264Z
b41389c238fffb0d,IL,CRANE PUMPS & SYSTEMS,Crane Pumps & Systems,,"DECATUR, 1434 NORTH 22ND STREET",,,,State,2026-08-30T21:43:41.512264Z
eeb942c5cc8eeddb,IL,SIMON MARKETING INC.,Simon Marketing,,"DOWNERS GROVE, 1 TRANS AM PLAZA DRIVE",,,,State,2026-08-30T21:43:41.512264Z
56bdc63f0ba2eedb,IL,DYNACIRCUITS LLC,Dynacircuits,,"FRANKLIN PARK, 11230 ADDISON STREET",,,,State,2026-08-30T21:43:41.512264Z
502e16223fd51fba,IL,AMERICAN AIRLINES,American Airlines,,"CHICAGO, OHARE INTERNATIONAL AIRPORT",,,,State,2026-08-30T21:43:41.512264Z
006ce6e433a67589,IL,TWA AIRLINES LLC,Twa Airlines,,"CHICAGO, OHARE INTERNATIONAL AIRPORT",,,,State,2026-08-30T21:43:41.512264Z
ef06ac059f4285ee,IL,MARRIOTT INTERNATIONAL,Marriott International,,"DES PLAINES, CHICAGO RESERVATIONS 3150 RIVER ROAD SUITE 200",,,,State,2026-08-30T21:43:41.512264Z
462d45b51e1a4e95,IL,CLASSIC CUSTOM VACATIONS,Classic Custom Vacations,,"DOWNERS GROVE, 2211 BUTTERFIELD ROAD",,,,State,2026-08-30T21:43:41.512264Z
74baccd49cfb3a45,IL,PRUDENTIAL REAL ESTATE & RELOCATION SERVICES,Prudential Real Estate & Relocation Services,,"SCHAUMBURG, 1700 GOLF ROAD SUITE 700",,,,State,2026-08-30T21:43:41.512264Z
cf28a7c95add55fc,IL,TUTHILL CORPORATION,Tuthill,,"ELK GROVE VILLAGE, NOT PROVIDED",,,,State,2026-08-30T21:43:41.512264Z
a850bffbe3a6aba5,IL,NORTHWEST AIRLINES,Northwest Airlines,,"CHICAGO, MIDWAY AIRPORT & OHARE INTRNL 5700 S CICERO & TERMINAL 2",,,,State,2026-08-30T21:43:41.512264Z
1f6e36ce3c9c73de,IL,"EATON HYDRAULICS, INC.",Eaton Hydraulics,,"MACHESNEY PARK, 4950 MARLIN DRIVE",,,,State,2026-08-30T21:43:41.512264Z
d646424a9b712fd5,IL,CARLSON WAGONLIT TRAVEL,Carlson Wagonlit Travel,,"ROLLING MEADOWS, 3601 ALGONGUIN ROAD",,,,State,2026-08-30T21:43:41.512264Z
ac326e609a54595d,IL,"EVERPURE, INC.",Everpure,,"WESTMONT, 660 NORTH BLACKHAWK DRIVE",,,,State,2026-08-30T21:43:41.512264Z
59b81296b1cfb74b,IL,QUEBECOR WORLD,Quebecor World,,"ELK GROVE VILLAGE, 1201 KIRK STREET",,,,State,2026-08-30T21:43:41.512264Z
47cd74085d4dcaa3,IL,POWERS PROCESS CONTROLS,Powers Process Controls,,"SKOKIE, 3400 WEST OAKTON STREET",,,,State,2026-08-30T21:43:41.512264Z
81ecf41669af9872,IL,JUMERS CONTINENTAL INN,Jumers Continental Inn,,"GALESBURG, I-74 AND EAST MAIN STREET",,,,State,2026-08-30T21:43:41.512264Z
1f2cb20278a5cd44,IL,AT&T SERVICE OPERATIONS GROUP,AT&T Service Operations Group,,"OAK BROOK, PROVISIONING & MAINTENANCE 1000 COMMERCE DRIVE",,,,State,2026-08-30T21:43:41.512264Z
8e1f438a08315c60,IL,NOLATO SHIELDMATE,Nolato Shieldmate,,"ITASCA, 750 ROWHLING ROAD 761 DISTRICT DRIVE",,,,State,2026-08-30T21:43:41.512264Z
1123063fe22225b7,IL,"PROMOTION SUPPORT SERVICES, INC.",Promotion Support Services,,"GALESBURG, 477 EAST MAIN STREET",,,,State,2026-08-30T21:43:41.512264Z
32c43a31e2f25521,IL,"DAN HOWARD INDUSTRIES, INC.",Dan Howard Industries,,"CHICAGO, 4245 NORTH KNOX AVENUE",,,,State,2026-08-30T21:43:41.512264Z
7611876b2689fb01,IL,Spherion Corporation,Spherion,,"Quincy, 4531 Maine St Ste B",,,,State,2026-08-30T21:43:41.512264Z
3d3a30e3115b9df8,IL,SOFT SHEEN/CARSON PRODUCTS,Soft Sheen/Carson Products,,"CHICAGO, 8522 SOUTH LAFAYETTE AVENUE",,,,State,2026-08-30T21:43:41.512264Z
5a9e801c41397081,IL,AMCO CORP,AMCO,,"CHICAGO, 901 NORTH KILPATRICK AVENUE",,,,State,2026-08-30T21:43:41.512264Z
b64fec6d7d610d70,IL,NUSSBAUM TRUCKING INC. LTL DIVISION,Nussbaum Trucking Inc. LTL Division,,"NORMAL, 2200 NORTH MAIN STREET",,,,State,2026-08-30T21:43:41.512264Z
6b0329ce5e58e3bd,IL,AMERITECH ADVANCED DATA SERVICES,Ameritech Advanced Data Services,,"ARLINGTON HEIGHTS, 95 WEST ALGONQUIN",,,,State,2026-08-30T21:43:41.512264Z
249e2917bfac4556,IL,Sears Holdings Mgmt. Corporation,Sears Holdings Mgmt,,"Hoffman Estates, 3333 Beverly Road",,,,State,2026-08-30T21:43:41.512264Z
f2d1cd4b637d1a90,IL,E.G. Home Center,E.G. Home Center,,"Carol Stream, 110 E. North Ave.",,,,State,2026-08-30T21:43:41.512264Z
bb8397018a2dba4d,IL,Loparex,Loparex,,"West Chicago, 1400 Harvester Road",,,,State,2026-08-30T21:43:41.512264Z
41f7f032e30c9d2b,IL,WTC,WTC,,"Carol Stream, 150 E. St. Charles Rd.",,,,State,2026-08-30T21:43:41.512264Z
a4dceafd3368c522,IL,Tellabs,Tellabs,,"Bolingbrook, 1000 Remington Blvd.",,,,State,2026-08-30T21:43:41.512264Z
ac33acd8b1691141,IL,SARA LEE BRANDED FOODS,Sara Lee Branded Foods,,"CHICAGO, 900 N. NORTH BRANCH STREET",,,,State,2026-08-30T21:43:41.512264Z
72146e8c0c99dca7,IL,SEABURY & SMITH,Seabury & Smith,,"CHICAGO, 1440 N. NORTHWEST HIGHWAY",,,,State,2026-08-30T21:43:41.512264Z
2539c0a1a2afc8fc,IL,ACCO NORTH AMERICA,Acco North America,,"WHEELING, 770 SOUTH ACCO PLAZA",,,,State,2026-08-30T21:43:41.512264Z
778cdd7f3f9eba73,IL,"Wallace Computer Services, Inc.",Wallace Computer Services,,"ST. CHARLES, 1750 WALLACE AVENUE",,,,State,2026-08-30T21:43:41.512264Z
5f2852a97834b74d,IL,KEMMER PRAZISION,Kemmer Prazision,,"CHICAGO, 5740 N. TRIPP AVENUE",,,,State,2026-08-30T21:43:41.512264Z
d097e8cd85bdb3ab,IL,"CORSOLUTIONS, INC.",Corsolutions,,"WOODRIDGE, 940 FRONTAGE ROAD SUITE 400",,,,State,2026-08-30T21:43:41.512264Z
9a3cccc92a2a6164,IL,Motorola Solutions Inc.,Motorola Solutions,,"SCHAUMBURG, 1301 EAST ALGONQUIN ROAD",,,,State,2026-08-30T21:43:41.512264Z
875bf1d8b37ef756,IL,Williamette Industries,Williamette Industries,,"West Chicago, 430 Industrial Drive",,,,State,2026-08-30T21:43:41.512264Z
242199e8b579bc8c,IL,LTV STEEL COMPANY,LTV Steel,,"HENNEPIN, RTS. I-80 AND 71",,,,State,2026-08-30T21:43:41.512264Z
bb12b318eecb7b37,IL,METRIS COMPANIES,Metris,,"CHAMPAIGN, 2202 FOX DRIVE",,,,State,2026-08-30T21:43:41.512264Z
ebecd801ac398ca2,IL,PRECOAT METALS,Precoat Metals,,"CHICAGO, 4800 SOUTH KILBOURN AVENUE",,,,State,2026-08-30T21:43:41.512264Z
58d1d1b99167e838,IL,Mail-Well Envelope,Mail-Well Envelope,,"CHICAGO, 5445 NORTH ELSTON AVENUE",,,,State,2026-08-30T21:43:41.512264Z
aecb031cb3821b5d,IL,"ALLIANT FOODSERVICE, INC.",Alliant Foodservice,,"DEERFIELD, 1 PARKWAY NORTH",,,,State,2026-08-30T21:43:41.512264Z
61e9f2cbbd98afa1,IL,"Wilcox, Inc.",Wilcox,,"EFFINGHAM, I-70 & I-57 AT STATE ROUTES 32 & 33 P.O. BOX 989",,,,State,2026-08-30T21:43:41.512264Z
de152adb25f16dc1,IL,CANDLE CORPORATION OF AMERICA,Candle Corporation of America,,"CHICAGO, 141 WEST 62ND STREET",,,,State,2026-08-30T21:43:41.512264Z
af263b9365a9ad28,IL,Chicago Specialties LLC,Chicago Specialties,,"Chicago, 735 E 115TH St",,,,State,2026-08-30T21:43:41.512264Z
3d1f9efd19973b34,IL,"COMDISCO, INC.",Comdisco,,"SCHAUMBURG, 800 ALBION",,,,State,2026-08-30T21:43:41.512264Z
b6f9797add40dfad,IL,"Developmental Services Center of Champaign County, Inc.",Developmental Services Center of Champaign County,,"Champaign, 1304 W Bradley Ave",,,,State,2026-08-30T21:43:41.512264Z
cd768b4e85f0ae94,IL,CITICORP DINERS CLUB INC.,Citicorp Diners Club,,"CHICAGO, 8430 WEST BRYN MAWR AVENUE",,,,State,2026-08-30T21:43:41.512264Z
4dee21c8bf99b215,IL,ALLSTATE INSURANCE COMPANY,Allstate Insurance,,"VERNON HILLS, 536 ATRIUM DRIVE",,,,State,2026-08-30T21:43:41.512264Z
019fb93a75db99ea,IL,BAPTIST RETIREMENT HOME,Baptist Retirement Home,,"MAYWOOD, 316 RANDOLPH STREET",,,,State,2026-08-30T21:43:41.512264Z
3e4a10a77787ea6e,IL,A.B. Dick Company,A.B. Dick,,"Niles, 6330 West Touhy Avenue",,,,State,2026-08-30T21:43:41.512264Z
b6fb0f88aaf21c24,IL,MCCOOK METALS,Mccook Metals,,"MCCOOK, 4900 FIRST AVENUE",,,,State,2026-08-30T21:43:41.512264Z
707d18763ff97886,IL,BERGNER'S LINCOLN SQUARE STORE,Bergner's Lincoln Square Store,,"URBANA, 100 LINCOLN SQUARE",,,,State,2026-08-30T21:43:41.512264Z
4149c1d68955a2ed,IL,Rudolf Express,Rudolf Express,,"Kankakee, 1650 Armour Rd.",,,,State,2026-08-30T21:43:41.512264Z
a8324dee2ca53795,IL,UNION PLANTER BANK CREDIT SOLUTION CENTER,Union Planter Bank Credit Solution Center,,"BELLEVILLE, 4820 WEST MAIN STREET",,,,State,2026-08-30T21:43:41.512264Z
286708f99752d363,IL,ROHN INDUSTRIES INC.,Rohn Industries,,"PEORIA, 6718 WEST PLANK ROAD",,,,State,2026-08-30T21:43:41.512264Z
0aaaa3a725f08371,IL,AMERICAN MEAT PACKING CO,American Meat Packing,,"CHICAGO, 3946 S. HALSTED",,,,State,2026-08-30T21:43:41.512264Z
ccf8afa61d92f5bd,IL,SOLO CUP COMPANY,Solo Cup,,"CHICAGO, 1500 EAST 97TH STREET",,,,State,2026-08-30T21:43:41.512264Z
2127f43521134cd9,IL,BANKFINANCIAL F.S.B.,Bankfinancial F.S.B,,"LINCOLNSHIRE, 100 TRI-STATE INTERNATIONAL PARKWAY",,,,State,2026-08-30T21:43:41.512264Z
4a4db21ddb97b48d,IL,SAKS INCORPORATED CREDIT FACILITY,Saks Incorporated Credit Facility,,"ELMHURST, 140 INDUSTRIAL DRIVE",,,,State,2026-08-30T21:43:41.512264Z
af922d89cd5fdc75,IL,CINTAS INTEGRITY UNIFORMS,Cintas Integrity Uniforms,,"CHICAGO, 3801 WEST LAWRENCE",,,,State,2026-08-30T21:43:41.512264Z
681d3dd794191603,IL,"DFG FOODS, LLC",DFG Foods,,"CHICAGO, 550 W 14TH & 111 N CANAL STREET",,,,State,2026-08-30T21:43:41.512264Z
ac7a2daa88835557,IL,S-B POWER TOOL COMPANY,S-B Power Tool,,"ELK GROVE VILLAGE, 2791 KATHERINE WAY",,,,State,2026-08-30T21:43:41.512264Z
6d2912901f47912b,IL,TECHNICAL COATINGS CO.,Technical Coatings,,"MELROSE PARK, NORTH & 25TH AVENUE",,,,State,2026-08-30T21:43:41.512264Z
ef01fae7c5782eec,IL,NORGREN ACTUATOR,Norgren Actuator,,"ROCKFORD, 1330 ANVIL ROAD",,,,State,2026-08-30T21:43:41.512264Z
9db573b90520f860,IL,"APAC CUSTOMER SERVICES, INC.",Apac Customer Services,,"DEERFIELD, SIX PARKWAY NORTH",,,,State,2026-08-30T21:43:41.512264Z
21da44ea2d032fa9,IL,UNIPRISE & UNITEDHEALTH CARE,Uniprise & Unitedhealth Care,,"MATTESON, 600 HOLIDAY PLAZA",,,,State,2026-08-30T21:43:41.512264Z
3c57e2ccc415e308,IL,VALEO CLIMATE CONTROL,Valeo Climate Control,,"DECATUR, 625 SOUTHSIDE DRIVE",,,,State,2026-08-30T21:43:41.512264Z
d31251056f07fa0c,IL,GENCO DISTRIBUTION SYSTEM,Genco Distribution System,,"ELK GROVE VILLAGE, 875 DEVON AVENUE SUITE A",,,,State,2026-08-30T21:43:41.512264Z
36dc4e9263d67938,IL,TSI INCORPORATED,TSI,,"SKOKIE, 7555 NORTH LINDER AVENUE",,,,State,2026-08-30T21:43:41.512264Z
998381cf61bb0a42,IL,"GENERAL MILLS, INC.",General Mills,,"GENEVA, 2089 PILLSBURY DRIVE",,,,State,2026-08-30T21:43:41.512264Z
309eee3d0ddd9392,IL,SKY CHEFS,Sky Chefs,,"CHICAGO, 511 CARGO RD, O'HARE AIRPORT",,,,State,2026-08-30T21:43:41.512264Z
e741b56cb63df1c0,IL,DEAN FOODS ROCKFORD TECHNICAL CENTER,Dean Foods Rockford Technical Center,,"ROCKFORD, 5555 COLEMAN CENTER DRIVE",,,,State,2026-08-30T21:43:41.512264Z
6f7e71c5078bdc9e,IL,"CONSECO SERVICES, LLC",Conseco Services,,"ROCKFORD, 303/304 NORTH MAIN STREET",,,,State,2026-08-30T21:43:41.512264Z
6542afb5d1cb1788,IL,GAYLORD CONTAINER CORPORATION,Gaylord Container,,"DEERFIELD, 500 LAKE COOK ROAD SUITE 400",,,,State,2026-08-30T21:43:41.512264Z
f40380e88a1fa69b,IL,PHOENIX INTERNATIONAL,Phoenix International,,"SPRINGFIELD, 3430 CONSITUTION DRIVE",,,,State,2026-08-30T21:43:41.512264Z
320f0bccd8386afc,IL,SBC AMERITECH COMMUNICATIONS INC,SBC Ameritech Communications,,"SPRINGFIELD, CUSTOMER SERVICE BUREAU 3201 W WHITE OAKS DRIVE 3RD FL",,,,State,2026-08-30T21:43:41.512264Z
2e0a8b96326e3102,IL,ABN-AMRO MORTGAGE GROUP,Abn-Amro Mortgage Group,,"DES PLAINES, 1350 EAST TOUHY AVENUE",,,,State,2026-08-30T21:43:41.512264Z
63492e654eca7b1e,IL,AMERICAN TRANS AIR (ATA),American Trans Air (Ata),,"CHICAGO, OHARE INTERNATIONAL AIR PORT",,,,State,2026-08-30T21:43:41.512264Z
56d7a705f91ae9c4,IL,KMART STORE #3508,Kmart,,"EDWARDSVILLE, 2120 TROY ROAD",,,,State,2026-08-30T21:43:41.512264Z
a3ab0351b451780d,IL,KMART STORE #3599,Kmart,,"BOLINGBROOK, 257 NORTH WEBER ROAD",,,,State,2026-08-30T21:43:41.512264Z
00a0d71b31203a55,IL,KMART STORE #4228,Kmart,,"WHEELING, 780 WEST DUNDEE ROAD",,,,State,2026-08-30T21:43:41.512264Z
ac6497fc57199049,IL,KMART STORE #4386,Kmart,,"ARLINGTON HEIGHTS, 990 WEST ALGONQUIN ROAD",,,,State,2026-08-30T21:43:41.512264Z
812ebcf66194d32a,IL,KMART STORE #4801,Kmart,,"MATTOON, 100 DETTRO DRIVE",,,,State,2026-08-30T21:43:41.512264Z
3a3e147933fff3ef,IL,KMART STORE 4822,Kmart Store 4822,,"SCHAUMBURG, 2550 WEST SCHAUMBURG ROAD",,,,State,2026-08-30T21:43:41.512264Z
b78d51382d062bb4,IL,KMART STORE #4823,Kmart,,"WOODRIDGE, 7400 WOODWARD AVENUE",,,,State,2026-08-30T21:43:41.512264Z
ee6c6ada4bb29605,IL,KMART STORE #7073,Kmart,,"SYCAMORE, 2700 DEKALB AVENUE",,,,State,2026-08-30T21:43:41.512264Z
e8bcb13ae9262fd2,IL,INTERNATIONAL FLAVORS & FRAGRANCES,International Flavors & Fragrances,,"CHICAGO, 2711 WEST IRVING PARK ROAD",,,,State,2026-08-30T21:43:41.512264Z
6b13d3284d76dd78,IL,KMART STORE #7305,Kmart,,"ROCKFORD, 2601 NORTH MAIN STREET",,,,State,2026-08-30T21:43:41.512264Z
dd6b580abdabfb19,IL,KMART STORE #7473,Kmart,,"LAKE ZURICH, 225 SOUTH RAND ROAD",,,,State,2026-08-30T21:43:41.512264Z
f073a5971a518f6e,IL,KMART STORE #7913,Kmart,,"VERNON HILLS, 413 NORTH MILWAUKEE AVENUE SOUTH KITSAP MALL",,,,State,2026-08-30T21:43:41.512264Z
eb481f4cc31b3275,IL,KMART STORE #9092,Kmart,,"PARIS, 520 EAST JASPER",,,,State,2026-08-30T21:43:41.512264Z
19c5b79a88dc902f,IL,KMART STORE #9340,Kmart,,"CALUMET CITY, 510 RIVER OAKS WEST",,,,State,2026-08-30T21:43:41.512264Z
225fc609f156aaf1,IL,KMART STORE #9349,Kmart,,"COUNTRYSIDE, 140 COUNTRYSIDE PLAZA",,,,State,2026-08-30T21:43:41.512264Z
6e29b5609de13343,IL,KMART STORE #9362,Kmart,,"NILES, 8500 WEST GOLF ROAD",,,,State,2026-08-30T21:43:41.512264Z
f05110eeebeccb0d,IL,KMART STORE #9368,Kmart,,"GENEVA, 2100 SOUTH RANDALL ROAD",,,,State,2026-08-30T21:43:41.512264Z
46724e90a0f596b5,IL,KMART STORE #9373,Kmart,,"AURORA, 1250 NORTH LAKE STREET",,,,State,2026-08-30T21:43:41.512264Z
9970c2be9b915f7f,IL,KMART STORE #9375,Kmart,,"CHICAGO, 2050 WEST PETERSON",,,,State,2026-08-30T21:43:41.512264Z
4dd0c0f00529eaf8,IL,KMART STORE #9357,Kmart,,"CHICAGO, 4433 SOUTH PULASKI ROAD",,,,State,2026-08-30T21:43:41.512264Z
1cf83914e50c1525,IL,FLINT INK,Flint Ink,,"SALEM, 390 WELLS STREET",,,,State,2026-08-30T21:43:41.512264Z
d5fcb11b05895d7e,IL,S & G PACKAGING,S & G Packaging,,"ALSIP, 12245 SOUTH CENTRAL AVENUE",,,,State,2026-08-30T21:43:41.512264Z
cf8d897b0b7b81b5,IL,RYMER MEAT INC.,Rymer Meat,,"CHICAGO, 4600 S PACKERS",,,,State,2026-08-30T21:43:41.512264Z
2e48ff524a800640,IL,FLORSHEIM GROUP INC.,Florsheim Group,,"CHICAGO, 200 NORTH LASALLE STREET SUITE 1500",,,,State,2026-08-30T21:43:41.512264Z
278654df487f36cd,IL,FRANKLIN COMMUNITY CARE SERVICES,Franklin Community Care Services,,"BENTON, 201 BAILEY LANE",,,,State,2026-08-30T21:43:41.512264Z
3fed2ac83dadbdd9,IL,KMART STORE #3309,Kmart,,"DECATUR, 1920 MT ZION ROAD",,,,State,2026-08-30T21:43:41.512264Z
4786377e00eb63ba,IL,KMART STORE #7244,Kmart,,"CENTRALIA, P O BOX 1246",,,,State,2026-08-30T21:43:41.512264Z
6e65d0be2b579b5f,IL,"ARMILLAIRE TECHNOLOGIES, INC.",Armillaire Technologies,,"NAPERVILLE, 1717 NAPER BOULEVARD",,,,State,2026-08-30T21:43:41.512264Z
78c4cb182f8385a9,IL,Winky Food Products,Winky Food Products,,"CHICAGO, 5251 MILLARD AVENUE",,,,State,2026-08-30T21:43:41.512264Z
5f9e8a89703ae5ef,IL,AMBASSADOR WEST HOTEL,Ambassador West Hotel,,"CHICAGO, 1300 N STATE STREET",,,,State,2026-08-30T21:43:41.512264Z
0d10463253b3a5d5,IL,"VIDEOJET TECHNOLOGIES, INC.",Videojet Technologies,,"BELLEVILLE, 707 EAST B STREET",,,,State,2026-08-30T21:43:41.512264Z
9339233a41acb60c,IL,GENERAL ELECTRIC CAPITAL CORPORATION,General Electric Capital,,"CHICAGO, 500 WEST MONROE STREET",,,,State,2026-08-30T21:43:41.512264Z
13b06bf203b1d2bb,IL,COOPER BUSSMANN,Cooper Bussmann,,"CHICAGO, 7300 WEST WILSON AVENUE",,,,State,2026-08-30T21:43:41.512264Z
1384fe3eaf1ff560,IL,CLOROX PRODUCTS MANUFACTURING CO,Clorox Products Manufacturing,,"CHICAGO, 7123 W 65TH STREET",,,,State,2026-08-30T21:43:41.512264Z
e16988e23da410de,IL,ARAMARK,Aramark,,"ST. CHARLES, 1405 NORTH FIFTH AVENUE",,,,State,2026-08-30T21:43:41.512264Z
dc4cce099c832aa8,IL,ARTHUR ANDERSEN LLP,Arthur Andersen,,"CHICAGO, 225 NORTH MICHIGAN AVENUE",,,,State,2026-08-30T21:43:41.512264Z
10cc13638f86c089,IL,UNILEVER BESTFOODS NORTH AMERICA,Unilever Bestfoods North America,,"MONTGOMERY, 2001 BASELINE ROAD",,,,State,2026-08-30T21:43:41.512264Z
04a8b91236bf4f8e,IL,"MOTOROLA, INC.",Motorola,,"DOWNERS GROVE, 1411 OPUS PLACE",,,,State,2026-08-30T21:43:41.512264Z
dc111b024f6c828d,IL,MCLEOD USA,Mcleod,,"CHARLESTON, 5837 PARK DRIVE SUITE 1",,,,State,2026-08-30T21:43:41.512264Z
63aa1e017bc19ae1,IL,SAFETY-KLEEN CORPORATION,Safety-Kleen,,"CHICAGO, TECH CENTER",,,,State,2026-08-30T21:43:41.512264Z
9c9031933fd937b6,IL,QUINCY PAPER MILL (CELOTEX),Quincy Paper Mill (Celotex),,"QUINCY, 901 SOUTH FRONT STREET",,,,State,2026-08-30T21:43:41.512264Z
8293a6eae48fa4da,IL,"NATION PIZZA PRODUCTS, L.P.",Nation Pizza Products,,"WATERMAN, 228 LINCOLN HIGHWAY",,,,State,2026-08-30T21:43:41.512264Z
442289467be09c25,IL,EAGLE VALLEY MINE,Eagle Valley Mine,,"EQUALITY, 999 BARRETT CEMETERY ROAD",,,,State,2026-08-30T21:43:41.512264Z
47004b9299ba4753,IL,VISIONTEK LLC,Visiontek,,"GURNEE, 1175 LAKESIDE DRIVE",,,,State,2026-08-30T21:43:41.512264Z
b6353c869ec6011f,IL,"CHECKPOINT SYSTEMS, INC.",Checkpoint Systems,,"BEDFORD PARK, 6750 BELT CIRCLE DRIVE",,,,State,2026-08-30T21:43:41.512264Z
49a26e587611f674,IL,STRATOS LIGHTWAVE LLC,Stratos Lightwave,,"HARWOOD HEIGHTS, 4700 OKETO AVENUE",,,,State,2026-08-30T21:43:41.512264Z
334164c2c8894171,IL,ARDCO GLASS PRODUCTS GROUP,Ardco Glass Products Group,,"ALSIP, 12400 SOUTH LARAMIE",,,,State,2026-08-30T21:43:41.512264Z
75c0e23b126a60db,IL,PRUDENTIAL INSURANCE COMPANY,Prudential Insurance,,"OAK BROOK, 814 COMMERCE DRIVE",,,,State,2026-08-30T21:43:41.512264Z
746e9bce62cd7f06,IL,"KNOMARK, INC.",Knomark,,"AURORA, 328 GALE STREET",,,,State,2026-08-30T21:43:41.512264Z
cd31763024e661b3,IL,Advocate Illinois Masonic Medical Center,Advocate Illinois Masonic Medical Center,,"CHICAGO, 836 W. WELLINGTON AVENUE",,,,State,2026-08-30T21:43:41.512264Z
2f7d4f204bea626f,IL,CTS ELECTRONICS CORPORATION,CTS Electronics,,"SANDWICH, 400 REIMANN AVENUE",,,,State,2026-08-30T21:43:41.512264Z
214a458336547421,IL,MAYFAIR MOLDED PRODUCTS,Mayfair Molded Products,,"SCHILLER PARK, 3700 NORTH ROSE STREET",,,,State,2026-08-30T21:43:41.512264Z
5dbdccf72123eec5,IL,PREMIUM PLASTICS,Premium Plastics,,"CHICAGO, 465 CERMAK ROAD",,,,State,2026-08-30T21:43:41.512264Z
0a9e4e84cb5b441c,IL,Sheridan CC,Sheridan CC,,"Sheridan, P. O. Box 38, 4017 E. 2603 Rd",,,,State,2026-08-30T21:43:41.512264Z
9e28d48d8d9d56e9,IL,FLEXTRONICS,Flextronics,,"OAKBROOK TERRACE, 1901 SOUTH MEYERS ROAD SUITE 700",,,,State,2026-08-30T21:43:41.512264Z
c944a47edc2ca55f,IL,M & D INDUSTRIES,M & D Industries,,"MANTENO, 711 AND 625 GROVE STREETS",,,,State,2026-08-30T21:43:41.512264Z
bcf85679d251c595,IL,"AUTORAD, INC.",Autorad,,"MELROSE PARK, 2050 NORTH RUBY STREET",,,,State,2026-08-30T21:43:41.512264Z
6c5dd3acf471b5ae,IL,BEST BUY COMPANY - PRODUCT RETURN CENTER,Best Buy Company - Product Return Center,,"CAROL STREAM, 585 KEHOE BOULEVARD",,,,State,2026-08-30T21:43:41.512264Z
ad2d7dd5062be27d,IL,TRUSTMARK INSURANCE COMPANY,Trustmark Insurance,,"FREEPORT, 500 WEST SOUTH STREET",,,,State,2026-08-30T21:43:41.512264Z
2f1a1a383bbbbe57,IL,INTOUCH SERVICES OF LLSI,Intouch Services of Llsi,,"EAST HAZEL CREST, 1912 WEST 174TH STREET",,,,State,2026-08-30T21:43:41.512264Z
6b0eae35debb5fc7,IL,INTOUCH SERVICES OF LSSI,Intouch Services of Lssi,,"CAROL STREAM, 350 SOUTH SCHMALE ROAD SUITE 110",,,,State,2026-08-30T21:43:41.512264Z
82cd4bb884da7d64,IL,NACHUSA LUTHERAN HOME,Nachusa Lutheran Home,,"NACHUSA, 1261 ILLINOIS ROUTE 38",,,,State,2026-08-30T21:43:41.512264Z
ce617173066bebe3,IL,"Worldcom, Inc.",Worldcom,,"DOWNERS GROVE, 2655 Warrenville Road",,,,State,2026-08-30T21:43:41.512264Z
a202f8bc8f2c7642,IL,UNICARE,Unicare,,"BOLINGBROOK, P O BOX 5034",,,,State,2026-08-30T21:43:41.512264Z
4bb27deaaf02d61d,IL,METALS USA,Metals,,"GRANITE CITY, 1020 NIEDRINGHAUS",,,,State,2026-08-30T21:43:41.512264Z
cd0ede2b2f7977f1,IL,DUKANE CORPORATION,Dukane,,"ST CHARLES, 2900 DUKANE DRIVE",,,,State,2026-08-30T21:43:41.512264Z
10441d5bead6c2c1,IL,"SUNSTAR PHARMACEUTICAL, INC.",Sunstar Pharmaceutical,,"ELGIN, 1300 ABBOTT DRIVE",,,,State,2026-08-30T21:43:41.512264Z
91d0f69c21a282f4,IL,SPHERION PACIFIC ENTERPRISES LLC,Spherion Pacific Enterprises,,"DOWNERS GROVE, 2655 WARRENVILLE ROAD",,,,State,2026-08-30T21:43:41.512264Z
1bdd0d316afed0bd,IL,GENERAL MILLS,General Mills,,"ST. CHARLES, 1850 WEST MAIN STREET",,,,State,2026-08-30T21:43:41.512264Z
c28a9f9d6fd35673,IL,MOTOROLA LIFE SCIENCES CODELINK,Motorola Life Sciences Codelink,,"NORTHBROOK, 4000 COMMERCIAL AVENUE",,,,State,2026-08-30T21:43:41.512264Z
8da570b18e49cc74,IL,"ACCO BRAND, INC.",Acco Brand,,"UNIVERSITY PARK, 2635 FEDERAL SIGNAL DRIVE",,,,State,2026-08-30T21:43:41.512264Z
bea612a8cae49f5a,IL,FEDERAL MOGUL COMPANY,Federal Mogul,,"FRANKLIN PARK, 3333 CHARLES STREET",,,,State,2026-08-30T21:43:41.512264Z
52aee7b92e3de375,IL,Austenal,Austenal,,"Chicago, 5101 South Keeler Ave.",,,,State,2026-08-30T21:43:41.512264Z
51929c26e8c54e5b,IL,"UNITED PLASTICS GROUP, INC.",United Plastics Group,,"BENSENVILLE, 529 THOMAS DRIVE",,,,State,2026-08-30T21:43:41.512264Z
297d9410f86825d1,IL,WESTABBE HEALTH CARE CENTER,Westabbe Health Care Center,,"SPRINGFIELD,, 2301 WEST MAIN MONROE STREET",,,,State,2026-08-30T21:43:41.512264Z
ca1fea010da10093,IL,NESTLE FOOD CO.,Nestle Food,,"VERNON HILLS, 700 NORTH DEERPATH DRIVE",,,,State,2026-08-30T21:43:41.512264Z
a614e65755a3b97e,IL,The Carriage House Inc.,Carriage House,,"Streator, 118 Iowa Ave.",,,,State,2026-08-30T21:43:41.512264Z
9816a902df6f189d,IL,MARRIOTT DISTRIBUTION SERVICE CENTER,Marriott Distribution Service Center,,"HANOVER PARK, 6425 MUIRFIELD DRIVE",,,,State,2026-08-30T21:43:41.512264Z
390ce534a0165bfb,IL,OPEN TV INC.,Open TV,,"NAPERVILLE, 1240 EAST DIEHL ROAD",,,,State,2026-08-30T21:43:41.512264Z
90258ac991b63d16,IL,Vonachen Services,Vonachen Services,,"Pontiac, 1300 4-H Park Road",,,,State,2026-08-30T21:43:41.512264Z
e99c50347fd8d7e8,IL,PWS (US FILTER),PWS (US Filter),,"ROCKFORD, 4669 SHEPARD TRAIL",,,,State,2026-08-30T21:43:41.512264Z
5db3d37a42f7f320,IL,GALILEO INTERNATIONAL,Galileo International,,"ROSEMONT, 9700 WEST HIGGINS ROAD",,,,State,2026-08-30T21:43:41.512264Z
9ae45af6ec6876ae,IL,"CC Services, Inc.",CC Services,,"Bloomington, 1711 G.E. Road",,,,State,2026-08-30T21:43:41.512264Z
f4ca3006c8acf3d1,IL,Fresh Express,Fresh Express,,"Franklin Park, 11010 West Addison",,,,State,2026-08-30T21:43:41.512264Z
86b056fa260a5c88,IL,O'HARE OASIS TRAVEL/ABE LINCOLN TRAVEL,O'hare Oasis Travel/Abe Lincoln Travel,,"SCHILLER PARK, 4100 DENLEY ROAD 175TH TRISTATE TOLWAY, S HOLLAND",,,,State,2026-08-30T21:43:41.512264Z
25a9b44e82053931,IL,"PBM CONCRETE, INC.",PBM Concrete,,"ROCHELLE, 111 FIFTH AVENUE",,,,State,2026-08-30T21:43:41.512264Z
d5463c8cb9477786,IL,Globe Aviation,Globe Aviation,,"Shiller Park, 9950 W Lawrence Ave",,,,State,2026-08-30T21:43:41.512264Z
f6e7e6a199036679,IL,"UBID.COM, INC.",Ubid.Com,,"CHICAGO, 8550 WEST BRYN MAWR AVENUE SUITE 200",,,,State,2026-08-30T21:43:41.512264Z
6da9fadd00e7b474,IL,TCF National Bank,TCF National Bank,,"Franklin Park, 2901 North Mannheim Road Lakeshore Division",,,,State,2026-08-30T21:43:41.512264Z
ef86d67fadf4c63d,IL,IBM,IBM,,"CHICAGO, 1 BANK ONE PLAZA SUITE IL1-0193",,,,State,2026-08-30T21:43:41.512264Z
866c942083105fab,IL,ATC,ATC,,"SOUTH HOLLAND, 16961 STATE STREET",,,,State,2026-08-30T21:43:41.512264Z
1952ec725581c7cc,IL,AUTOCAM - HAR MANUFACTURING,Autocam - Har Manufacturing,,"FRANKLIN PARK, 3710 RIVER ROAD",,,,State,2026-08-30T21:43:41.512264Z
1238d4e3c4f3ec88,IL,BUDGET GROUP INC. (CENDANT),Budget Group Inc. (Cendant),,"LISLE, 4225 NAPERVILLE ROAD",,,,State,2026-08-30T21:43:41.512264Z
46886bc6790c59de,IL,"ALTERMAN TRANSPORT LINES, INC.",Alterman Transport Lines,,"CHICAGO, 7101 SOUTH KOSTNER AVENUE",,,,State,2026-08-30T21:43:41.512264Z
f1f9b5c9fb315779,IL,WASTE MANAMEMENT CID,Waste Manamement Cid,,"CHICAGO, 3757 WEST 34TH STREET",,,,State,2026-08-30T21:43:41.512264Z
e714f53ca9bdcd80,IL,"CULINARY FOODS, INC.",Culinary Foods,,"CHICAGO, 4201 SOUTH ASHLAND",,,,State,2026-08-30T21:43:41.512264Z
f452930325549aa1,IL,FELLOWES INC.,Fellowes,,"ITASCA, 1789 NORWOOD AVENUE",,,,State,2026-08-30T21:43:41.512264Z
b89bcc3104bd8923,IL,Science Applications International Corporation,Science Applications International,,"Naperville, 1245 East Diehl Road Suite 200",,,,State,2026-08-30T21:43:41.512264Z
687e3cfcf3e8eb67,IL,VERISPAN LLC,Verispan,,"CHICAGO, 875 NORTH MICHIGAN AVENUE SUITE 3100",,,,State,2026-08-30T21:43:41.512264Z
3f9156537f1200b9,IL,CARRIAGE HOUSE MANUFACTURING,Carriage House Manufacturing,,"STREATOR, 118 IOWA STREET",,,,State,2026-08-30T21:43:41.512264Z
7c539f0b3e8f8801,IL,SMURFIT-STONE CONTAINER CORP,Smurfit-Stone Container,,"DOLTON, 301 EAST 144TH STREET",,,,State,2026-08-30T21:43:41.512264Z
d5cfaac45798beba,IL,KMART STORE #4722,Kmart,,"CHICAGO, 6211 NORTH LINCOLN AVENUE",,,,State,2026-08-30T21:43:41.512264Z
f72fe7cc9a45cb58,IL,KMART STORE #4821,Kmart,,"ELK GROVE VILLAGE, 600 MEACHAM",,,,State,2026-08-30T21:43:41.512264Z
6a0cb908ad422664,IL,KMART STORE #9363,Kmart,,"SPRINGFIELD, 2115 MAC ARTHUR BLVD",,,,State,2026-08-30T21:43:41.512264Z
eac6a29055666ec6,IL,KMART STORE #4416,Kmart,,"URBANA, 1710 PHILO ROAD",,,,State,2026-08-30T21:43:41.512264Z
d19bb4ae2f067baf,IL,KMART STORE #4784,Kmart,,"JACKSONVILLE, 1903 WEST MORTON",,,,State,2026-08-30T21:43:41.512264Z
22a0a524e985361d,IL,KMART STORE #4802,Kmart,,"OTTAWA, 2758 COLUMBUS STREET",,,,State,2026-08-30T21:43:41.512264Z
0264ad4b9178820a,IL,KMART STORE #7789,Kmart,,"CICERO, 4601 WEST CERMAK ROAD",,,,State,2026-08-30T21:43:41.512264Z
20face89051707ff,IL,KMART STORE #4924,Kmart,,"BROADVIEW, 800 BROADVIEW VILLAGE SQ",,,,State,2026-08-30T21:43:41.512264Z
a8ae010708faa034,IL,KMART STORE #9355,Kmart,,"CHICAGO, 1740 NORTH KOSTNER AVENUE",,,,State,2026-08-30T21:43:41.512264Z
478fbd1854f681d4,IL,Rock Island Integrated Services,Rock Island Integrated Services,,"Rock Island, Bldg. 102, Rock Island Arsenal",,,,State,2026-08-30T21:43:41.512264Z
7a66a82538504e29,IL,SEABURY & SMITH INC.,Seabury & Smith,,"PARK RIDGE, 1440 RENAISSANCE DRIVE",,,,State,2026-08-30T21:43:41.512264Z
7828977abbf7b1a5,IL,Dixon Health Care Center,Dixon Health Care Center,,"Dixon, 141 N. Court",,,,State,2026-08-30T21:43:41.512264Z
443aed7f4b970853,IL,FIREMAN'S FUND INSURANCE,Fireman's Fund Insurance,,"CHICAGO, CUSTOMER SERVICE CENTER 200 WEST MONROE",,,,State,2026-08-30T21:43:41.512264Z
7159884b3c335663,IL,KEMPER INSURANCE COMPANY,Kemper Insurance,,"LONG GROVE, ONE KEMPER DRIVE",,,,State,2026-08-30T21:43:41.512264Z
40f8971c6cfb4c4a,IL,PERSONALCARE HEALTH MGT INC,Personalcare Health MGT,,"CHAMPAIGN, 2110 FOX DRIVE",,,,State,2026-08-30T21:43:41.512264Z
73d235b3f0952db7,IL,AGCO CORP,AGCO,,"DEKALB, 12101 BARBER GREENE ROAD",,,,State,2026-08-30T21:43:41.512264Z
8f56efa6fad16a2c,IL,AVTEC INDUSTIRES INC.,Avtec Industires,,"OSWEGO, 120 KENDALL POINT DRIVE",,,,State,2026-08-30T21:43:41.512264Z
09945407597d53a1,IL,ARENS CONTROLS COMPANY LLC,Arens Controls,,"EVANSTON, 2017 GREENLEAF STREET",,,,State,2026-08-30T21:43:41.512264Z
0874e8e6a82492d6,IL,FIRST PENN PACIFIC LIFE INSURANCE,First Penn Pacific Life Insurance,,"SCHAUMBURG, 10 NORTH MARTINGALE ROAD",,,,State,2026-08-30T21:43:41.512264Z
261bca8ed41ca1b3,IL,SPECTRULITE CONSORTIUM INC.,Spectrulite Consortium,,"MADISON, 1001 COLLEGE STREET BOX 258",,,,State,2026-08-30T21:43:41.512264Z
8dfd5ef7782aadd0,IL,LEGGETT & PLATT INC,Leggett & Platt,,"NILES, 6333 WEST HOWARD STREET",,,,State,2026-08-30T21:43:41.512264Z
debf2b4618a5bd45,IL,"NWS ILLINOIS, LLC",NWS Illinois,,"ROCKFORD, 4753-55 STENSTROM ROAD",,,,State,2026-08-30T21:43:41.512264Z
64cec4c2a29ab9c5,IL,RCN CORPORATION,RCN,,"CHICAGO, 2640 W BRADLEY PLACE 600 W CHICAGO",,,,State,2026-08-30T21:43:41.512264Z
16b09531daf9077f,IL,"MERIDIAN AUTOMOTIVE SYSTEMS, INC.",Meridian Automotive Systems,,"CENTRALIA, 2400 SOUTH WABASH",,,,State,2026-08-30T21:43:41.512264Z
e42c48582266720c,IL,CHICAGO LITHO PLANT (SILGAN),Chicago Litho Plant (Silgan),,"CHICAGO, 1840 NORTH MAJOR ROAD",,,,State,2026-08-30T21:43:41.512264Z
2a61c4e0fccc28c8,IL,American Coal Co.,American Coal,,"Galatia, 9085 Highway 34 North (PO Box 727 Harrisburg 62946)",,,,State,2026-08-30T21:43:41.512264Z
af2a33443d620d99,IL,Follett Media Distribution,Follett Media Distribution,,"Crystal Lake, 220 Exchange Drive",,,,State,2026-08-30T21:43:41.512264Z
9eb1f14bf946f345,IL,GROUP III,Group III,,"CHICAGO, 640 NORTH LASALLE STREET",,,,State,2026-08-30T21:43:41.512264Z
e7308ee9f590718b,IL,MERIDIAN RAIL,Meridian Rail,,"CICERO, 1400 SOUTH LARAMIE AVENUE",,,,State,2026-08-30T21:43:41.512264Z
a6eb21620d1cd957,IL,Cooper Lighting,Cooper Lighting,,"Bedford Park, 6721 W. 73rd Street",,,,State,2026-08-30T21:43:41.512264Z
af569a02bd749eb9,IL,Metal Manufacturing,Metal Manufacturing,,"Watseka, 475 N. Veteran's Parkway",,,,State,2026-08-30T21:43:41.512264Z
5404cbde199e9568,IL,CONSOLIDATED CONTAINER CO. LLC,Consolidated Container,,"WEST CHICAGO, 1300 NW AVENUE",,,,State,2026-08-30T21:43:41.512264Z
68b2d45ef5cb2751,IL,BP GLOBAL SPECIAL PRODUCTS,BP Global Special Products,,"SKOKIE, 3650 TOUHY AVENUE",,,,State,2026-08-30T21:43:41.512264Z
e9572cdfa6a47953,IL,GATEWAY HOMECARE INC.,Gateway Homecare,,"MELROSE PARK, 1301 ARMITAGE",,,,State,2026-08-30T21:43:41.512264Z
4b6a3e3501b42b9e,IL,CHICAGO EXTRUDED METALS,Chicago Extruded Metals,,"CICERO, 1601 54TH AVENUE",,,,State,2026-08-30T21:43:41.512264Z
57f6de639ecfb39f,IL,GUARANTEE RESERVE LIFE INSURANCE,Guarantee Reserve Life Insurance,,"CALUMET CITY, 530 RIVER OAKS WEST",,,,State,2026-08-30T21:43:41.512264Z
4a4023da84473604,IL,Textron PCD,Textron PCD,,"Rockford, 1303 Samuelson Road",,,,State,2026-08-30T21:43:41.512264Z
3e9e5f0c61df4016,IL,DONALD BRUCE,Donald Bruce,,"CHICAGO, 3600 NORTH TALMAN AVENUE",,,,State,2026-08-30T21:43:41.512264Z
df382137fc82a69b,IL,RUBBERMAID HOME PRODUCTS,Rubbermaid Home Products,,"ELK GROVE VILLAGE, 1810 AND 1850 ESTES AVENUE",,,,State,2026-08-30T21:43:41.512264Z
3a2bc8926ba66baf,IL,RUSH PRESBYTERIAN ST. LUKES MEDICAL,Rush Presbyterian ST. Lukes Medical,,"CHICAGO, 4310 SHIELD AVENUE",,,,State,2026-08-30T21:43:41.512264Z
5f6af3e1b2df4dd9,IL,CONAGRA FOODS,Conagra Foods,,"NAUVOO, 1095 YOUNG STREET",,,,State,2026-08-30T21:43:41.512264Z
5043cb369470ee10,IL,Regional Encoding Center,Regional Encoding Center,,"Peoria, 6000 W Everett M Dirksen Pkwy",,,,State,2026-08-30T21:43:41.512264Z
b7c6ee8caa058fda,IL,K & M PLASTICS INC.,K & M Plastics,,"ELK GROVE VILLAGE, 1601 PRATT BLVD",,,,State,2026-08-30T21:43:41.512264Z
e81f1dcee344a742,IL,MOORE WALLACE BUSINESS COMM SERV,Moore Wallace Business Comm Serv,,"MUNDELEIN, 111 SOUTH WASHINGTON BLVD",,,,State,2026-08-30T21:43:41.512264Z
b1d4b4d86d86233f,IL,COACH USA O'HARE,Coach USA O'hare,,"DES PLAINES, 2700 SOUTH MOUNT PROSPECT ROAD",,,,State,2026-08-30T21:43:41.512264Z
049ef70b990e1aba,IL,ARMSTRONG TOOLS/DANAHER TOOL,Armstrong Tools/Danaher Tool,,"CHICAGO, 5200 WEST ARMSTRONG AVENUE",,,,State,2026-08-30T21:43:41.512264Z
9d6a42548afe8bb3,IL,"CURWOOD, INC",Curwood,,"MURPHYSBORO, 500 NORTH 19TH STREET",,,,State,2026-08-30T21:43:41.512264Z
9a1e7303b6e46b19,IL,"Eagle Food Center, INC. Store No. 297","Eagle Food Center, INC. Store No. 297",,"Decatur, 665 W. Pershing Rd.",,,,State,2026-08-30T21:43:41.512264Z
231b2fb1a6e81b15,IL,ALTHEIMER & GRAY,Altheimer & Gray,,"CHICAGO, 10 SOUTH WACKER DRIVE",,,,State,2026-08-30T21:43:41.512264Z
9b6219a4833f553a,IL,Pfizer/Pharmacia,Pfizer/Pharmacia,,"Skokie, 4901 Searle Parkway",,,,State,2026-08-30T21:43:41.512264Z
f699c8fffd8d1900,IL,"XO COMMUNICATIONS, INC.",Xo Communications,,"OAKBROOK, 810 JORIE BOULEVARD",,,,State,2026-08-30T21:43:41.512264Z
c5ee83219810ebb1,IL,EAGLE FOOD CENTERS INC.,Eagle Food Centers,,"MILAN, P O BOX 6700 ROCK ISLAND IL RT 67 & KNOXVILLE ROAD",,,,State,2026-08-30T21:43:41.512264Z
abbe7924ca53ab39,IL,GREIF INC.,Greif,,"CENTRALIA, 2301 WABASH AVENUE",,,,State,2026-08-30T21:43:41.512264Z
b8d3cb37c3d7c57e,IL,EVANSTON NORTHWESTERN HEALTHCARE,Evanston Northwestern Healthcare,,"EVANSTON, 1603 ORRINGTON",,,,State,2026-08-30T21:43:41.512264Z
20c2cffa6edf4a37,IL,TNS INTERSEARCH CORP,TNS Intersearch,,"WESTCHESTER, 3 WESTBROOK CORPORATE CENTER 6TH FLOOR",,,,State,2026-08-30T21:43:41.512264Z
8690a6a6f6e7a42f,IL,"MID-WEST AUTOMATION SYSTEMS, INC.",Mid-West Automation Systems,,"BUFFALO GROVE, 1400 BUSCH PARKWAY",,,,State,2026-08-30T21:43:41.512264Z
ca6f2a2782c60c99,IL,"DISCOVER FINANCIAL SERVICES, INC.",Discover Financial Services,,"CHICAGO, MIDWAY BUSINESS SERVICES CENTER 5561 SOUTH ARCHER AVENUE",,,,State,2026-08-30T21:43:41.512264Z
1ab7935fc5a0422b,IL,R. G. RAY CORPORATION,R. G. Ray,,"BUFFALO GROVE, 900 BUSCH PARKWAY",,,,State,2026-08-30T21:43:41.512264Z
a39c65e516a2938b,IL,"METTLER-TOLEDO BOHDAN, INC.",Mettler-Toledo Bohdan,,"VERNON HILLS, 562 BUNKER COURT",,,,State,2026-08-30T21:43:41.512264Z
4c37b57c73b5c9a6,IL,HUMPHREYS ACCESSORIES DISTRIBUTION,Humphreys Accessories Distribution,,"CHICAGO, 2059 WEST HASTINGS",,,,State,2026-08-30T21:43:41.512264Z
fb8024e6057b0b58,IL,MID-STATES EXPRESS/VALLEY CARTAGE,Mid-States Express/Valley Cartage,,"PLAINFIELD, 601 WEST 143RD STREET",,,,State,2026-08-30T21:43:41.512264Z
246cdbd8d29b1039,IL,Goldblatts,Goldblatts,,"Chicago, 4700 South Ashland",,,,State,2026-08-30T21:43:41.512264Z
5521f7b9ed17915c,IL,"Goldblatt's Department Stores, Inc",Goldblatt's Department Stores,,"Chicago, 7538 S Stony Island Ave",,,,State,2026-08-30T21:43:41.512264Z
95a10c2806933e57,IL,Toys R Us,Toys R Us,,"Chicago, 10 South State Street",,,,State,2026-08-30T21:43:41.512264Z
31075b56b5a4aba3,IL,SBC Ameritech,SBC Ameritech,,"Chicago, 5555 N. Wolcott",,,,State,2026-08-30T21:43:41.512264Z
7225e26b80f1607d,IL,COMDISCO HOLDING COMPANY INC.,Comdisco Holding,,"ROSEMONT, 6111 NORTH RIVER ROAD",,,,State,2026-08-30T21:43:41.512264Z
01b5644793dd7764,IL,JACKSON PLASTICS,Jackson Plastics,,"DANVILLE, 3403 LYNCH CREEK ROAD",,,,State,2026-08-30T21:43:41.512264Z
08888f3c0dcbad42,IL,CCC INFORMATION SERVICES INC.,CCC Information Services,,"CHICAGO, 444 MERCHANDISE MART PLAZA",,,,State,2026-08-30T21:43:41.512264Z
cf40d6c9fe7406bf,IL,FORT DEARBORN COMPANY,Fort Dearborn,,"LAKE FOREST, 13795 WEST POLO TRAIL DRIVE",,,,State,2026-08-30T21:43:41.512264Z
b93a9c821127f427,IL,ST. CLAIR PAKWELL,ST. Clair Pakwell,,"BELLWOOD, 120 25TH AVENUE",,,,State,2026-08-30T21:43:41.512264Z
37fa55e1c28819ad,IL,APAC CUSTOMER SERVICES INC.,Apac Customer Services,,"MARION, 1600 EAST BOYTON",,,,State,2026-08-30T21:43:41.512264Z
3d4954ceab284d88,IL,Baker and Taylor,Baker and Taylor,,"Momence, 501 Gladiolus St.",,,,State,2026-08-30T21:43:41.512264Z
d9bd3863160e045b,IL,"Eagle Food, Jacksonville","Eagle Food, Jacksonville",,"Jacksonville, 1915 W. Morton",,,,State,2026-08-30T21:43:41.512264Z
c14775cb7bac7bb6,IL,"HILLMAN GROUP, THE","Hillman Group, the",,"ROCKFORD, 5910 FALCON ROAD",,,,State,2026-08-30T21:43:41.512264Z
fb27d388516befbf,IL,CITY OF CHICAGO,City of Chicago,,"CHICAGO, 121 NORTH LASALLE",,,,State,2026-08-30T21:43:41.512264Z
60a25542795927d3,IL,USF LOGISTICS SERVICES INC.,Usf Logistics Services,,"HILLSIDE, 200 NORTH MANNHEIM ROAD",,,,State,2026-08-30T21:43:41.512264Z
c5c08a65c5555038,IL,FLEMING CONVENIENCE,Fleming Convenience,,"ROMEOVILLE, 1251 SCHMIDT ROAD",,,,State,2026-08-30T21:43:41.512264Z
f2e7eea8dac974b8,IL,NBTY,NBTY,,"MURPHYSBORO, 1000 SOUTH 20TH STREET",,,,State,2026-08-30T21:43:41.512264Z
c7b0a66b6d8542e7,IL,DANKA OFFICE IMAGING COMPANY,Danka Office Imaging,,"LAGRANGE, 405 EAST SHAWMUT AVENUE",,,,State,2026-08-30T21:43:41.512264Z
cf00f8aea2c04388,IL,GE ZURICH WARRANTY MANAGEMENT INC.,GE Zurich Warranty Management,,"HOFFMAN ESTATES, 2350 WEST HIGGINS ROAD",,,,State,2026-08-30T21:43:41.512264Z
c37a06ea2d556be4,IL,AMEX PLATING COMPANY,Amex Plating,,"ELGIN, 970 EAST CHICAGO STREET",,,,State,2026-08-30T21:43:41.512264Z
7fe43ba4a307838c,IL,"Eagle Food, Kankakee","Eagle Food, Kankakee",,"Kankakee, 1200 North Kennedy",,,,State,2026-08-30T21:43:41.512264Z
61d721c7eca152ff,IL,Dupli-Color Products Co.,Dupli-Color Products,,"Elk Grove Village, 1601 Nicholas Boulevard Diversified Brands Division",,,,State,2026-08-30T21:43:41.512264Z
a836726addf87d1d,IL,BELTONE ELECTRONICS CORP,Beltone Electronics,,"CHICAGO, 4201 WEST VICTORIA STREET",,,,State,2026-08-30T21:43:41.512264Z
ccc8811b4e868430,IL,PREMIER AUTO FINANCE,Premier Auto Finance,,"CHICAGO, 5050 NORTH BROADWAY",,,,State,2026-08-30T21:43:41.512264Z
95d170539bdafbd0,IL,"FIRST COMMONWEALTH, INC.",First Commonwealth,,"CHICAGO, 444 NORTH WELLS STREET, SUITE 600",,,,State,2026-08-30T21:43:41.512264Z
60ab7f6761e6915e,IL,Internal Revenue Service,Internal Revenue Service,,"Bloomington, 2402 E. Empire",,,,State,2026-08-30T21:43:41.512264Z
38a9a64b2b719136,IL,"ABS Associates, Inc.",ABS Associates,,"Rolling Meadows, 2100 Golf Road Suite 190",,,,State,2026-08-30T21:43:41.512264Z
df3db8bf002b1046,IL,TEXTRON LDR,Textron LDR,,"Rockford, 412 18th Avenue",,,,State,2026-08-30T21:43:41.512264Z
7d1600447a5fb707,IL,FLEXI-MAT CORPORATION,Flexi-Mat,,"CHICAGO, 2244 S WESTERN AVENUE 1140 WEST EXCHANGE AVENUE",,,,State,2026-08-30T21:43:41.512264Z
b230095c327c1bb4,IL,ATLANTIC COAST AIRLINES,Atlantic Coast Airlines,,"CHICAGO, O'HARE INTERNATIONAL AIRPORT",,,,State,2026-08-30T21:43:41.512264Z
7ebbf4f985f41f25,IL,HARCOURT SUPPLEMENTAL PUBLISHERS,Harcourt Supplemental Publishers,,"BARRINGTON, 1000 HART ROAD FL 3",,,,State,2026-08-30T21:43:41.512264Z
51deda9c9f6115e0,IL,"SAGE ENTERPRISES, INC.",Sage Enterprises,,"DES PLAINES, 999 EAST TOUHY AVENUE SUITE 200",,,,State,2026-08-30T21:43:41.512264Z
2b1bb9ac592202a5,IL,MBM DISTRIBUTION CENTER,MBM Distribution Center,,"DES PLAINES, 1794 SOUTH WINTHROP",,,,State,2026-08-30T21:43:41.512264Z
fdaab3479ac1d726,IL,"FMC TECHNOLOGIES, INC.",FMC Technologies,,"HOOPESTON, 203 EAST MAPLE STREET",,,,State,2026-08-30T21:43:41.512264Z
987991f8b1e0044d,IL,Auth-Florence,Auth-Florence,,"Glendale Heights, 591 Mitchell Road",,,,State,2026-08-30T21:43:41.512264Z
0a988e16a7368f05,IL,CARSON PIRIE SCOTT,Carson Pirie Scott,,"WAUKEGAN, 100 LAKEHURST CENTER",,,,State,2026-08-30T21:43:41.512264Z
7500d6a7a7cf4338,IL,"CRABAR/GBF, INC.",Crabar/Gbf,,"SKOKIE, 7300 NILES CENTER ROAD",,,,State,2026-08-30T21:43:41.512264Z
1fd92534fe5b2bed,IL,CATERPILLAR LOGISTICS SERVICES INC,Caterpillar Logistics Services,,"JOLIET, 2700 MCDONOUGH STREET",,,,State,2026-08-30T21:43:41.512264Z
a65e9abc079ab243,IL,"UGN, INC.",UGN,,"CHICAGO, 2638 EAST 126TH PLACE",,,,State,2026-08-30T21:43:41.512264Z
4a256be5deb22959,IL,SC DATA CENTER,SC Data Center,,"DANVILLE, 266 EAST GATE DRVIE",,,,State,2026-08-30T21:43:41.512264Z
838a236f63eede75,IL,"ACUITY LIGHTING GROUP, INC.",Acuity Lighting Group,,"NORTHBROOK, 455 ACADEMY DRIVE",,,,State,2026-08-30T21:43:41.512264Z
a03f3ef932e67889,IL,DENTSPLY MPL TECHNOLOGIES,Dentsply MPL Technologies,,"FRANKLIN PARK, 9400 KING AVENUE",,,,State,2026-08-30T21:43:41.512264Z
b3571bc7f693b609,IL,APL LOGISTICS/CASE NEW HOLLAND,Apl Logistics/Case New Holland,,"NORMAL, 2601 WEST COLLEGE AVENUE",,,,State,2026-08-30T21:43:41.512264Z
c8d27c90dc2b62da,IL,Eagle Food Centers,Eagle Food Centers,,"Decatur, 255 1st Drive",,,,State,2026-08-30T21:43:41.512264Z
cd771c34326357f2,IL,GOLDSCHMIDT CHEMICAL CORP,Goldschmidt Chemical,,"MAPLETON, 8300 WEST ROUTE 24",,,,State,2026-08-30T21:43:41.512264Z
55704c642de642d0,IL,RESEARCH INTERNATIONAL,Research International,,"CHICAGO, 111 EAST WACKER DRIVE #320",,,,State,2026-08-30T21:43:41.512264Z
4b792c662158628d,IL,Panasonic,Panasonic,,"Elgin, 1707 North Randall Rd. 1A-4",,,,State,2026-08-30T21:43:41.512264Z
fc60a239b462ea80,IL,PACTIV CORP,Pactiv,,"BRIDGEVIEW, 7401 SOUTH 78TH AVENUE",,,,State,2026-08-30T21:43:41.512264Z
c59a913d6a890627,IL,REM Inc.,REM,,"Chicago, 174 N. Halsted",,,,State,2026-08-30T21:43:41.512264Z
0a36648bc9f6b8e4,IL,NALGE NUNC INTERNATIONAL,Nalge Nunc International,,"NAPERVILLE, 2000 NORTH AURORA ROAD",,,,State,2026-08-30T21:43:41.512264Z
9ffd059334e1cc21,IL,HOME JUICE INC,Home Juice,,"MELROSE PARK, 2000 NORTH 15TH AVENUE",,,,State,2026-08-30T21:43:41.512264Z
c3d4e4f0703bc5b0,IL,"AUTOMATIC DATA PROCESSING, INC.",Automatic Data Processing,,"DEERFIELD, 1419 LAKE COOK ROAD",,,,State,2026-08-30T21:43:41.512264Z
6ba206944517ef7e,IL,ACME PACKAGING,Acme Packaging,,"RIVERDALE, 13449 SOUTH PERRY AVENUE",,,,State,2026-08-30T21:43:41.512264Z
413d09c0c20abfa8,IL,FOOTE-JONES/ILLINOIS GEAR,Foote-Jones/Illinois Gear,,"CHICAGO, 2102 N NATCHEZ AVENUE",,,,State,2026-08-30T21:43:41.512264Z
67c45d694d939451,IL,"DDS RIGHT CHOICE SERVICES, INC.",DDS Right Choice Services,,"MASCOUTAH, 9711 FUESSER ROAD",,,,State,2026-08-30T21:43:41.512264Z
e32231a9e4fec59d,IL,ROCKFORD HEALTH PLAN INC.,Rockford Health Plan,,"ROCKFORD, 3401 NORTH PERRYVILLE ROAD",,,,State,2026-08-30T21:43:41.512264Z
a1661c468a35725d,IL,BOISE CASCADE OFFICE PRODUCTS,Boise Cascade Office Products,,"OTTAWA, 421 E STEVENSON DRIVE",,,,State,2026-08-30T21:43:41.512264Z
59c882c0b27ab5df,IL,World Color Press ( Quebecor ),World Color Press ( Quebecor ),,"Effingham, P. O. Box 1248",,,,State,2026-08-30T21:43:41.512264Z
2de134c7ebe7ae2a,IL,MAGELLAN BEHAVIORAL HEALTH,Magellan Behavioral Health,,"CHICAGO, 10 S RIVERSIDE PLAZA",,,,State,2026-08-30T21:43:41.512264Z
6c31b8de64dc64a5,IL,EMI Music North America,EMI Music North America,,"Jacksonville, 1 Capitol Way",,,,State,2026-08-30T21:43:41.512264Z
e58dda91f4e107ed,IL,BASF CORPORATION,BASF,,"BATAVIA, 1500 LATHEM STREET",,,,State,2026-08-30T21:43:41.512264Z
e05cb5b17a4ae481,IL,"K & R EXPRESS SYSTEMS, INC.",K & R Express Systems,,"BURR RIDGE, 15 W 460 FRONTAGE ROAD",,,,State,2026-08-30T21:43:41.512264Z
5be018a9ad96db80,IL,INGERSOLL-RAND COMPANY,Ingersoll-Rand,,"HARWOOD HEIGHTS, 7350 WEST WILSON AVENUE",,,,State,2026-08-30T21:43:41.512264Z
06bc2f68d9ce90e0,IL,BWD Automotive,BWD Automotive,,"Franklin Park, 11045 Gage Ave.",,,,State,2026-08-30T21:43:41.512264Z
e9d76f1dc3020280,IL,SPIEGEL CATALOG/MGT GROUP,Spiegel Catalog/Mgt Group,,"DOWNERS GROVE, 3500 LACEY ROAD & 800 PASQUINELLI DR WESTMONT IL",,,,State,2026-08-30T21:43:41.512264Z
a4f22b0e10c14ccd,IL,Vonachen Services Inc,Vonachen Services,,"Moline, 909 River Drive",,,,State,2026-08-30T21:43:41.512264Z
f0db584f11cd973b,IL,Rodeway Inn Downtown Chicago,Rodeway Inn Downtown Chicago,,"Chicago, One South Halsted Street",,,,State,2026-08-30T21:43:41.512264Z
ec4cb385c398f3a1,IL,"CB Richard Ellis, Inc.",CB Richard Ellis,,"Chicago, 333 N Michigan Ave Suite 2200",,,,State,2026-08-30T21:43:41.512264Z
776a7e27855b762d,IL,Cottonwood Health Care Center,Cottonwood Health Care Center,,"Galesburg, 820 E. 5TH Street",,,,State,2026-08-30T21:43:41.512264Z
e73e6ad4047a2968,IL,GREAT-WEST HEALTHCARE,Great-West Healthcare,,"ROCKFORD, 6838 EAST STATE STREET",,,,State,2026-08-30T21:43:41.512264Z
e8b002681c919f36,IL,ALBANY MOLECULAR RESEARCH INC,Albany Molecular Research,,"MOUNT PROSPECT, 601 EAST KENSINGTON ROAD",,,,State,2026-08-30T21:43:41.512264Z
afb96720c6c1efa9,IL,MAGNETEK - TELEMOTIVE,Magnetek - Telemotive,,"GLENDALE HEIGHTS, 175 WALL STREET",,,,State,2026-08-30T21:43:41.512264Z
d1f9468257351095,IL,"Premier, Inc.",Premier,,"Oak Brook, 700 Commerce Drive",,,,State,2026-08-30T21:43:41.512264Z
5b4e0a40e94412d1,IL,R. R. Donnelley & Sons Co,R. R. Donnelley & Sons,,"Wheeling, 301 Alice Street",,,,State,2026-08-30T21:43:41.512264Z
c2612b93f29bf91e,IL,Kellogg's Snack Division,Kellogg's Snack Division,,"Elmhurst, 677 Larch Avenue",,,,State,2026-08-30T21:43:41.512264Z
81e975f33eb17e62,IL,Silver Capital Corp,Silver Capital,,"Bedford Park, 6401 W 65th Street",,,,State,2026-08-30T21:43:41.512264Z
7ba4581099a2ddb5,IL,Illinois Department of Transportation,Illinois Department of Transportation,,"Springfield, 2300 S Dirksen Parkway",,,,State,2026-08-30T21:43:41.512264Z
7e23b16d97c3b151,IL,Publisher's Circulation Fulfillmen,Publisher's Circulation Fulfillmen,,"Orland Park, 15255 S. 94th Avenue",,,,State,2026-08-30T21:43:41.512264Z
e93953a667bb65df,IL,Kmart Store #4971,Kmart,,"Champaign, 800 Bloomington Road",,,,State,2026-08-30T21:43:41.512264Z
7632268e01474f55,IL,"Wickes, Inc.",Wickes,,"Vernon Hills, 706 North Deerpath Drive",,,,State,2026-08-30T21:43:41.512264Z
e5bd6f32429542b2,IL,AAA - Chicago,AAA - Chicago,,"Aurora, 975 Meridian Lake Drive",,,,State,2026-08-30T21:43:41.512264Z
5fe8b0e1ca5e6042,IL,"Radio Flyer, Inc.",Radio Flyer,,"Chicago, 6515 West Grand Avenue",,,,State,2026-08-30T21:43:41.512264Z
9aaa889805f6a1b4,IL,"Sprint, Inc.",Sprint,,"Bolingbrook, 245 Crossroads Parkway",,,,State,2026-08-30T21:43:41.512264Z
9aa23c0e6689193e,IL,"DeVlieg Bullard II, Inc.",DeVlieg Bullard II,,"Rockford, 10100 Forest Hills Road",,,,State,2026-08-30T21:43:41.512264Z
ff96343730ad90cb,IL,Entenmann's Inc./George Weston Bakeries Inc.,Entenmann's Inc./George Weston Bakeries,,"Northlake, 300 W. North Avenue",,,,State,2026-08-30T21:43:41.512264Z
82f340b020ea4694,IL,Stepco Corp,Stepco,,"Arlington Heights, 250 East Hamilton Drive",,,,State,2026-08-30T21:43:41.512264Z
f8470c1582e5cf23,IL,Washington Mutual Bank,Washington Mutual Bank,,"Vernon Hills, 75 N. Fairway Drive",,,,State,2026-08-30T21:43:41.512264Z
609eab2d2691fd0b,IL,Chicago Heights Steel,Chicago Heights Steel,,"Chicago Heights, 211 E Main",,,,State,2026-08-30T21:43:41.512264Z
f75fd81223965084,IL,"Maximus, Inc.",Maximus,,"Chicago, 32 West Randolph Street",,,,State,2026-08-30T21:43:41.512264Z
6b61ab190fd56b8d,IL,Smiths Aerospace Systems,Smiths Aerospace Systems,,"Loves Park, 1354 Clifford Avenue",,,,State,2026-08-30T21:43:41.512264Z
c8e9b2b684c5753c,IL,Millwood Inc.,Millwood,,"Belvidere, 857 Landmark Drive",,,,State,2026-08-30T21:43:41.512264Z
d49e4963f306fb42,IL,AB Dick Company,AB Dick,,"Niles, 7400 North Caldwell Avenue",,,,State,2026-08-30T21:43:41.512264Z
5c8a176f0fdd32b9,IL,Eagle Wings Industries,Eagle Wings Industries,,"Rantoul, 400 Shelhouse Drive",,,,State,2026-08-30T21:43:41.512264Z
a372fdd431dc98ed,IL,"Haeger Industries, Inc.",Haeger Industries,,"Macomb, 411 W Calhoun St",,,,State,2026-08-30T21:43:41.512264Z
b1b3f5b5efd4bd00,IL,"Rousonelos Farms, Inc.",Rousonelos Farms,,"Plainfield, 25712 West 143rd Street P O Box 115",,,,State,2026-08-30T21:43:41.512264Z
5cf459cb9c1a59e5,IL,Chicago Baking Company,Chicago Baking,,"Chicago, 40 East Garfield Blvd",,,,State,2026-08-30T21:43:41.512264Z
2ad6cc98ef9b273b,IL,Collins Generating Station,Collins Generating Station,,"Morris, 4200 Pine Bluff Road",,,,State,2026-08-30T21:43:41.512264Z
ec2450be779435f8,IL,Thomson NETg,Thomson NETg,,"Chicago, 8700 W Bryn Mawr Avenue",,,,State,2026-08-30T21:43:41.512264Z
3825f759b21c33d0,IL,Kraft Foods Global Inc.,Kraft Foods Global,,"Niles, 7777 North Caldwell",,,,State,2026-08-30T21:43:41.512264Z
b3180477b4fabdb6,IL,AT&T BSC Services Enterprise,AT&T BSC Services Enterprise,,"Chicago, 227 West Monroe Street",,,,State,2026-08-30T21:43:41.512264Z
0eaaf9db8b88c487,IL,RBC Mortgage,RBC Mortgage,,"Chicago, 222 Merchandise Mart Plaza",,,,State,2026-08-30T21:43:41.512264Z
d34c62b257fcb97c,IL,Wexler Meat Company,Wexler Meat,,"Chicago, 963 West 37th Street",,,,State,2026-08-30T21:43:41.512264Z
93e76bc3f0ce0e99,IL,Chicago Transit Authority,Chicago Transit Authority,,"Chicago, 567 West Lake Street",,,,State,2026-08-30T21:43:41.512264Z
193cfa50dfaa263d,IL,Ready Pac,Ready Pac,,"Franklin Park, 3434 North Runge Avenue",,,,State,2026-08-30T21:43:41.512264Z
8afafdf4846fb395,IL,Standard Corporation,Standard,,"Wilmington, 901 East Kankakee River Drive",,,,State,2026-08-30T21:43:41.512264Z
b46fc3ecd9367ccd,IL,"OfficeMax, Inc.",OfficeMax,,"Ottawa, 1590 First Avenue",,,,State,2026-08-30T21:43:41.512264Z
e48cee18861b47d7,IL,St. Joheph's Home of Peoria,St. Joheph's Home of Peoria,,"West Peoria, 2223 West Heading Avenue",,,,State,2026-08-30T21:43:41.512264Z
bd19cadbcfb02c16,IL,"LeasePlan U.S.A., Inc.",LeasePlan U.S.A,,"Rolling Meadows, 5350 Keystone Court",,,,State,2026-08-30T21:43:41.512264Z
af52e37df3d59fb4,IL,"Interlake Material Handling, Inc.",Interlake Material Handling,,"Pontiac, 701 Interlake Drive",,,,State,2026-08-30T21:43:41.512264Z
c5a374073aa23a6b,IL,ATA Airlines Inc.,ATA Airlines,,"Chicago, 5757 South Cicero",,,,State,2026-08-30T21:43:41.512264Z
afb6d4ce0ace549c,IL,IMC Global,IMC Global,,"Lake Forest, 100 South Saunders Road Suite 300",,,,State,2026-08-30T21:43:41.512264Z
1f1a818013dbd817,IL,Capgemini Applications Services LLC,Capgemini Applications Services,,"Chicago, 224 S Michigan Avenue 15th Floor",,,,State,2026-08-30T21:43:41.512264Z
ee0e113e1a110aeb,IL,Amerock Corporation,Amerock,,"Rockford, 4000 Auburn St.",,,,State,2026-08-30T21:43:41.512264Z
8c0aac4408caf972,IL,"Flying Food Fare Midway, LLC",Flying Food Fare Midway,,"Chicago, 5370 S Cicero Avenue",,,,State,2026-08-30T21:43:41.512264Z
60c8ff1c85a4af5f,IL,BP America,BP America,,"Naperville, 150 West Warrenville Road",,,,State,2026-08-30T21:43:41.512264Z
b69ab5ed428fd685,IL,Ace Hardware Reprographics,Ace Hardware Reprographics,,"Downers Grove, 1528 Brook Drive",,,,State,2026-08-30T21:43:41.512264Z
af21035ba6a14107,IL,E.R. Moore,E.R. Moore,,"Chicago, 1810 W. Grace St.",,,,State,2026-08-30T21:43:41.512264Z
1093e8985b7db407,IL,Aramark Uniform Services,Aramark Uniform Services,,"Decatur, 1050 E. Grand Ave.",,,,State,2026-08-30T21:43:41.512264Z
74395455b90419bc,IL,Olin Corp.,Olin,,"East Alton, 427 N. Shamrock",,,,State,2026-08-30T21:43:41.512264Z
766f36c4c119cd01,IL,Valley Crest Landscape Dev,Valley Crest Landscape Dev,,"Palatine, 300 South Hicks Road",,,,State,2026-08-30T21:43:41.512264Z
f7bebe34b70e236d,IL,Wyndham Drake Oak Brook Hotel,Wyndham Drake Oak Brook Hotel,,"Oak Brook, 2301 York Road",,,,State,2026-08-30T21:43:41.512264Z
4533a9866238a808,IL,ADM,ADM,,"Granite City, 2501 West 20th Street",,,,State,2026-08-30T21:43:41.512264Z
e740d80a305aa57c,IL,SOLO CUP,Solo Cup,,"CHICAGO, 1501 E. 96th Street",,,,State,2026-08-30T21:43:41.512264Z
58afecb1a2639049,IL,James Cape & Sons Company,James Cape & Sons,,"Edwardsville, 7175 Marine (Route 143)",,,,State,2026-08-30T21:43:41.512264Z
9c9c49f518ffd3ab,IL,Chicago Express Airlines,Chicago Express Airlines,,"Chicago, 5333 S Laramie Avenue 5130 W 63rd Street",,,,State,2026-08-30T21:43:41.512264Z
6790646691929b92,IL,Royal Crown Bottling Co.,Royal Crown Bottling,,"Chicago, 2801 West 47th Street",,,,State,2026-08-30T21:43:41.512264Z
44730ccee62cb411,IL,Saint Theresa Medical Center,Saint Theresa Medical Center,,"Waukegan, 2615 Washintgon Street",,,,State,2026-08-30T21:43:41.512264Z
6642ffabf01df5d8,IL,Plastron Industries,Plastron Industries,,"Bensenville, 429 South Evergreen Street",,,,State,2026-08-30T21:43:41.512264Z
f5bbd328be7e50c2,IL,LTD Commodities LLC,LTD Commodities,,"Bannockburn, 2800 Lakeside Drive",,,,State,2026-08-30T21:43:41.512264Z
311841d859737349,IL,"Ventura Foods, LLC",Ventura Foods,,"Waukegan, 1120 Glen Rock Avenue",,,,State,2026-08-30T21:43:41.512264Z
2d20174709f1b858,IL,G E Consumer Finance,G E Consumer Finance,,"Schaumburg, 200 North Martingale Road",,,,State,2026-08-30T21:43:41.512264Z
4e32a4e81adbf197,IL,Spartech Plastics,Spartech Plastics,,"Taylorville, Route 48 West",,,,State,2026-08-30T21:43:41.512264Z
51379fa523659925,IL,"Incobrasa Industries, Ltd.",Incobrasa Industries,,"Gilman, PO Box 98",,,,State,2026-08-30T21:43:41.512264Z
f47968809ac947b9,IL,KeyCorp,KeyCorp,,"Westmont, 601 Oakmont Lane Suite 110",,,,State,2026-08-30T21:43:41.512264Z
ed6aace08427eb93,IL,"Riddell, Inc.",Riddell,,"Chicago, 3670 North Milwaukee Avenue",,,,State,2026-08-30T21:43:41.512264Z
6820d218088e8ed4,IL,Kellogg's Snacks,Kellogg's Snacks,,"Des Plaines, One Bake Line Plaza",,,,State,2026-08-30T21:43:41.512264Z
11392c0e030b63ce,IL,Co-Op Markets/Hyde Park Coop,Co-Op Markets/Hyde Park Coop,,"Chicago, 1526 E. 55th Street",,,,State,2026-08-30T21:43:41.512264Z
63528d735233ec31,IL,"PepsiAmericas, Inc.",PepsiAmericas,,"Gurnee, 1725 N Delaney Road",,,,State,2026-08-30T21:43:41.512264Z
23b1cf60054975c2,IL,Applied Composites Corp,Applied Composites,,"St. Charles, 333 North Sixth Street",,,,State,2026-08-30T21:43:41.512264Z
dbe7cc2783770d95,IL,Johnson Brothers Liquor Company,Johnson Brothers Liquor,,"Woodridge, 1640 Internationale Parkway",,,,State,2026-08-30T21:43:41.512264Z
6f7eda6d9fa36283,IL,Hilton Hotels Corporation,Hilton Hotels,,"Chicago, 720 S Michigan",,,,State,2026-08-30T21:43:41.512264Z
f1d14cf58abcb8ba,IL,Chicago Faucets Company,Chicago Faucets,,"Des Plaines, 2100 South Clearwater Drive",,,,State,2026-08-30T21:43:41.512264Z
9ad9845931c43ddc,IL,"Montclair Rosemont Hotel, LLC",Montclair Rosemont Hotel,,"Rosemont, 6600 North Mannheim Road",,,,State,2026-08-30T21:43:41.512264Z
3405180e553834b4,IL,Risk Management Alternatives Inc.,Risk Management Alternatives,,"Mt. Prospect, 2200 South Busse Road",,,,State,2026-08-30T21:43:41.512264Z
587b52a0e1f651de,IL,"Crownline Boats, Inc.",Crownline Boats,,"West Frankfort, 11884 Country Club Rd",,,,State,2026-08-30T21:43:41.512264Z
e009d7a663b35e59,IL,"APAC Illinois Holdings, Inc.",APAC Illinois Holdings,,"Alton, 205 Alton Sqaure Mall",,,,State,2026-08-30T21:43:41.512264Z
ed08c67aeac8a88d,IL,Celtic Insurance Company,Celtic Insurance,,"Chicago, 200 and 233 S Wacker Drive",,,,State,2026-08-30T21:43:41.512264Z
c48f25aa5477a8d3,IL,Abbott Laboratories,Abbott Laboratories,,"Abbott Park, 100 Abbott Park Road",,,,State,2026-08-30T21:43:41.512264Z
b9a5fb5360949101,IL,AMERIGROUP Illinois Inc.,AMERIGROUP Illinois,,"Chicago, 211 West Wacker Drive Suite 1350",,,,State,2026-08-30T21:43:41.512264Z
0f9cdf3bef59f034,IL,John M Smyth's Homemakers,John M Smyth's Homemakers,,"Carol Stream, 195 E Elk Trail",,,,State,2026-08-30T21:43:41.512264Z
d6c311bfc231d767,IL,"APAC Customer Service, Inc",APAC Customer Service,,"Quincy, 1400 North 30th",,,,State,2026-08-30T21:43:41.512264Z
667ac979783dd6b0,IL,Atlas Cold Storage,Atlas Cold Storage,,"Chicago, 4220 S Kildare Blvd",,,,State,2026-08-30T21:43:41.512264Z
27fc4efa7d9fc2c2,IL,"FTD, Inc.",FTD,,"Downers Grove, 3113 Woodcreek Drive",,,,State,2026-08-30T21:43:41.512264Z
1c32fcbb5114062d,IL,Arkay Plastics,Arkay Plastics,,"Paris, 2009 S. Main",,,,State,2026-08-30T21:43:41.512264Z
24cd5d262f77081f,IL,"Angelica Textile Services, Inc.",Angelica Textile Services,,"Columbia, 322 E. Industrial Drive",,,,State,2026-08-30T21:43:41.512264Z
35206a42dac5265b,IL,Principal Service Trust Company,Principal Service Trust,,"Chicago, 161 North Clark Street 10th Floor",,,,State,2026-08-30T21:43:41.512264Z
61f975ddac7051ef,IL,"Turtle Wax, Inc.",Turtle Wax,,"Chicago, 5655 W 73rd Street",,,,State,2026-08-30T21:43:41.512264Z
5f59952fd9974dcf,IL,Northrop Grumman,Northrop Grumman,,"O'Fallon, 670 Pierce Blvd",,,,State,2026-08-30T21:43:41.512264Z
02e16fc3ecd38f2f,IL,ABN-AMRO Services Company,ABN-AMRO Services,,"Chicago, 540 W Madison Street",,,,State,2026-08-30T21:43:41.512264Z
60dbdefebdfc188a,IL,Met-Coil Systems/Lockformer Div,Met-Coil Systems/Lockformer Div,,"Lisle, 711 Ogden Avenue",,,,State,2026-08-30T21:43:41.512264Z
5c4a03d75a9cf29b,IL,Operations Centre/Rockford Telephone,Operations Centre/Rockford Telephone,,"Rockford, 5301 E State Street Suite 312",,,,State,2026-08-30T21:43:41.512264Z
684dde961eea911c,IL,Delta Airlines,Delta Airlines,,"Chicago, O'Hare International Airport",,,,State,2026-08-30T21:43:41.512264Z
ffaa333a08e124c3,IL,Illinois Bell Telephone/SBC Midwest,Illinois Bell Telephone/SBC Midwest,,"Harvey, 15240 South Main Street",,,,State,2026-08-30T21:43:41.512264Z
1aa2dcd94ef7355a,IL,"Peer Foods, Inc.",Peer Foods,,"Chicago, 1200 West 35th Street Suite 5E",,,,State,2026-08-30T21:43:41.512264Z
91697a3331a81f53,IL,SBC,SBC,,"Danville, 320 N. Walnut",,,,State,2026-08-30T21:43:41.512264Z
315b10113146bc80,IL,Unilever,Unilever,,"Elgin, 51 North State Street",,,,State,2026-08-30T21:43:41.512264Z
f4cacf2a07b0136f,IL,"American Decorative Surfaces, Inc.",American Decorative Surfaces,,"Dupo, 1610 Design Way",,,,State,2026-08-30T21:43:41.512264Z
aa3b593a5e8f930f,IL,Cardinal Health,Cardinal Health,,"Waukegan, 3651 Birchwood Drive",,,,State,2026-08-30T21:43:41.512264Z
d895916fc9662d39,IL,Chiquita Fresh Cut,Chiquita Fresh Cut,,"Manteno, 1340 Sycamore Road",,,,State,2026-08-30T21:43:41.512264Z
666faa94d81a152f,IL,"Doumak, Inc.",Doumak,,"Bensenville, 1006 Fairway Lane",,,,State,2026-08-30T21:43:41.512264Z
a598c46cdb720ec7,IL,Berghoff Restaurant Company,Berghoff Restaurant,,"Chicago, 17 West Adams",,,,State,2026-08-30T21:43:41.512264Z
dd26b82f3270be8b,IL,Innovene,Innovene,,"Chicago, Aon Center 200 E Randolph Dr",,,,State,2026-08-30T21:43:41.512264Z
59a97fc0de044cfe,IL,Advocate Bethany Hospital,Advocate Bethany Hospital,,"Chicago, 3435 West Van Buren",,,,State,2026-08-30T21:43:41.512264Z
8a16322ff1bf5a18,IL,GE Consumer Finance,GE Consumer Finance,,"Addison, 2100 A Corporate Drive",,,,State,2026-08-30T21:43:41.512264Z
8815aee3b17d1cbd,IL,"BNC Mortgage, Inc.",BNC Mortgage,,"Westchester, 2 Westbrook",,,,State,2026-08-30T21:43:41.512264Z
54c27e8d66a43758,IL,Citation Lake Zurich,Citation Lake Zurich,,"Lake Zurich, 320 E Main Street",,,,State,2026-08-30T21:43:41.512264Z
7344c6f56cb846b6,IL,Conagra Foods Inc,Conagra Foods,,"Schaumburg, 1933 N. Meacham Road Suite 700",,,,State,2026-08-30T21:43:41.512264Z
e066f41fd03097bf,IL,MacLean JMC-LLC,MacLean JMC-LLC,,"Chicago, 3700 South Morgan Street",,,,State,2026-08-30T21:43:41.512264Z
71842398149a4d16,IL,Sara Lee Foodservice,Sara Lee Foodservice,,"Chicago, 2278 North Elston Avenue",,,,State,2026-08-30T21:43:41.512264Z
6a22ecbeff308ea7,IL,Heinz North America,Heinz North America,,"Northbrook, 2301 Shermer Road",,,,State,2026-08-30T21:43:41.512264Z
ce39e6dcb10d88ba,IL,"Henri Studio, Inc.",Henri Studio,,"Wauconda, 1250 Henry Drive 1260 Henri Drive",,,,State,2026-08-30T21:43:41.512264Z
ead4b3e832d89440,IL,Dentsply International Inc,Dentsply International,,"Elk Grove Village, Pharmaceutical Mfg Center 1300, 1400 and 1420 Chase Ave",,,,State,2026-08-30T21:43:41.512264Z
752b2d5fc724f34b,IL,Magnet LLC,Magnet,,"Centralia, 630 W. 3rd St.",,,,State,2026-08-30T21:43:41.512264Z
b43ff8cab7d919db,IL,Greif,Greif,,"Franklin Park, 10701 West Belmont Avenue",,,,State,2026-08-30T21:43:41.512264Z
6374f38819bc6086,IL,"Farley's & Sathers Candy Co, Inc.",Farley's & Sathers Candy,,"Des Plaines, 1665 E. Birchwood",,,,State,2026-08-30T21:43:41.512264Z
df1ab0836fe15cc2,IL,GSI Group Inc.,GSI Group,,"Vandalia, 110 South Coles Street",,,,State,2026-08-30T21:43:41.512264Z
db4f2564cc8657be,IL,Smurfit-Stone Corporation,Smurfit-Stone,,"Herrin, 1800 West Oak",,,,State,2026-08-30T21:43:41.512264Z
d78565355dac1616,IL,Bergners Department Store,Bergners Department Store,,"Rockford, 1130 S. Alpine Road",,,,State,2026-08-30T21:43:41.512264Z
f1d5447db94d02db,IL,Field Container,Field Container,,"Marseilles, 240 Main Street",,,,State,2026-08-30T21:43:41.512264Z
3f3e90e6c68a2fbb,IL,"Parco Foods, LLC",Parco Foods,,"Blue Island, One Parco Place",,,,State,2026-08-30T21:43:41.512264Z
f11812b97f001bda,IL,ITT Industries - McDonnell & Mille,ITT Industries - McDonnell & Mille,,"Chicago, 3500 N. Spaulding",,,,State,2026-08-30T21:43:41.512264Z
31ccf300aaf83adf,IL,"Antenex, Inc. subsidiary of Laird Technologies","Antenex, Inc. subsidiary of Laird Technologies",,"Schaumburg, 1751 Wilkening Court",,,,State,2026-08-30T21:43:41.512264Z
8abfce607d1674f0,IL,Ford Motor Credit Company,Ford Motor Credit,,"Downers Grove, Commercial Lending Services Branch 3010 Highland Parkway Suite 200",,,,State,2026-08-30T21:43:41.512264Z
48b4fc7db6b7f605,IL,First Student Inc.,First Student,,"Chicago, 5420 West Roosevelt Road",,,,State,2026-08-30T21:43:41.512264Z
d9d9a1f4b48ae2b7,IL,Dominick's Finer Foods and Safeway Inc.,Dominick's Finer Foods and Safeway,,"Northlake, 555 Northwest Avenue",,,,State,2026-08-30T21:43:41.512264Z
ec8faad7426e7e14,IL,"Metrobank, N.A.",Metrobank,,"East Moline, 1523 8th St",,,,State,2026-08-30T21:43:41.512264Z
442f18d23ca1ee90,IL,"Martin Marietta Materials, Inc.",Martin Marietta Materials,,"Cave-in-Rock, Route 1 Box 267",,,,State,2026-08-30T21:43:41.512264Z
071ea3a67db0828b,IL,KL Industries Inc.,KL Industries,,"Addison, 787 Belden",,,,State,2026-08-30T21:43:41.512264Z
cf439e75b7f554e8,IL,Alcoa Flexible Packaging,Alcoa Flexible Packaging,,"Wheaton, 935 W Union Avenue",,,,State,2026-08-30T21:43:41.512264Z
deff77fdc13ad423,IL,Staples,Staples,,"Addison, 341 Ari Court",,,,State,2026-08-30T21:43:41.512264Z
7518d52624ec9ea6,IL,Oak Hall Industries LP,Oak Hall Industries,,"Newton, 701 East Jordan Street",,,,State,2026-08-30T21:43:41.512264Z
6f0a5c8bf4503879,IL,Solar Corporation,Solar,,"Libertyville, 100 Solar Drive",,,,State,2026-08-30T21:43:41.512264Z
4bb9556e81dd7375,IL,Stewart Associates Inc.,Stewart Associates,,"Elgin, 2455 Alft Lane Suite C",,,,State,2026-08-30T21:43:41.512264Z
15c39b09619dc43f,IL,"Verizon Airfone, Inc.",Verizon Airfone,,"Oak Brook, 2809 Butterfield Road",,,,State,2026-08-30T21:43:41.512264Z
dc81a22ed8c33294,IL,"Herff Jones, Inc.",Herff Jones,,"Chicago, 3333 Elston Avenue",,,,State,2026-08-30T21:43:41.512264Z
920469c10cb00a3e,IL,Accenture HR Services,Accenture HR Services,,"Chicago, 233 North Michigan Avenue, Suite 1100",,,,State,2026-08-30T21:43:41.512264Z
7c7cb5d94d3f24ef,IL,Reliance Integrated Solutions LLC,Reliance Integrated Solutions,,"Belleville, 7650 Magna Drive",,,,State,2026-08-30T21:43:41.512264Z
5694a800d0e26698,IL,"Liberty Coal Company, LLC",Liberty Coal,,"Galatia, 4270 North America Road",,,,State,2026-08-30T21:43:41.512264Z
10d668739cee9e37,IL,"Stranco, Inc.",Stranco,,"Bradley, 595 Industrial Drive",,,,State,2026-08-30T21:43:41.512264Z
3aedba57f575b524,IL,Bunn Capitol Company,Bunn Capitol,,"Sprinfield, 1212 Stevenson Drive",,,,State,2026-08-30T21:43:41.512264Z
eba85fa039fb2244,IL,Cook County Cookers,Cook County Cookers,,"Chicago, 700 East 107th Street",,,,State,2026-08-30T21:43:41.512264Z
5abf8e443e1c9ded,IL,Quincy Medical Group,Quincy Medical Group,,"Quincy, 1025 Maine Street",,,,State,2026-08-30T21:43:41.512264Z
dfd83c8dde70e74b,IL,Illinois Bell Telephone Company,Illinois Bell Telephone,,"Chicago, Global Markets Customer Care Center 225 West Randolph Street",,,,State,2026-08-30T21:43:41.512264Z
22ef36cf52d6929c,IL,Parker-Hannifin,Parker-Hannifin,,"Bensenville, Industrial Cylinder Division 800 N York Road",,,,State,2026-08-30T21:43:41.512264Z
0f4c89299af1f2a8,IL,Jewel Grocery Store,Jewel Grocery Store,,"Springfield, 1903 West Monroe",,,,State,2026-08-30T21:43:41.512264Z
fcfade0de2f3a94e,IL,MacLean Power Systems,MacLean Power Systems,,"Franklin Park, 11411 Addison Street",,,,State,2026-08-30T21:43:41.512264Z
4fe4e914f1af2476,IL,"HC Brill, Inc.",HC Brill,,"Elk Grove Village, 1301 Estes Avenue",,,,State,2026-08-30T21:43:41.512264Z
210d5c351e877af0,IL,Dominick's Finer Foods & Safeway Inc.,Dominick's Finer Foods & Safeway,,"Norridge, 7000 West Forest Preseve Drive",,,,State,2026-08-30T21:43:41.512264Z
446533cac5050bd2,IL,MII Fixture Group/ Lundia Div,MII Fixture Group/ Lundia Div,,"Jacksonville, 600 Capital Way",,,,State,2026-08-30T21:43:41.512264Z
1bd73c397ff0d6de,IL,Alltel Corporate Services,Alltel Corporate Services,,"Mt. Vernon, 417 South 42nd Street",,,,State,2026-08-30T21:43:41.512264Z
ef01423b77595a70,IL,"Wrigley Manufacturing Co, LLC",Wrigley Manufacturing,,"Chicago, 3535 S Ashland Avenue",,,,State,2026-08-30T21:43:41.512264Z
b79414737b4edbd1,IL,Visteon Corporation,Visteon,,"Chicago, 12429 South Burley",,,,State,2026-08-30T21:43:41.512264Z
28e1570ffb8e3846,IL,International Filing Company,International Filing,,"Waukegan, 3725 Hawthorn Court",,,,State,2026-08-30T21:43:41.512264Z
ea6cb36aec9ed07c,IL,Aronson Furniture Co.,Aronson Furniture,,"Chicago, 3401 W. 47th St.",,,,State,2026-08-30T21:43:41.512264Z
b6a374325f98196e,IL,K's Merchandise,K's Merchandise,,"Decatur, 2800 N. Water",,,,State,2026-08-30T21:43:41.512264Z
8127f41c38dbd2c0,IL,"K's Merchandise Mart, Inc.",K's Merchandise Mart,,"Champaign, 2102 North Neil Street",,,,State,2026-08-30T21:43:41.512264Z
4d4c0de1361330a7,IL,K's Merchandise Mart,K's Merchandise Mart,,"Peoria, 1420 W Pioneer Parkway",,,,State,2026-08-30T21:43:41.512264Z
1480058ce46a276b,IL,Cub Foods East,Cub Foods East,,"Round Lake, 965 East Rollins Road",,,,State,2026-08-30T21:43:41.512264Z
cfda7ec84adc3625,IL,Cohen Furniture,Cohen Furniture,,"Peoria Heights, 1203 E Marietta Avenue",,,,State,2026-08-30T21:43:41.512264Z
00ba27283bee35ff,IL,United,United,,"Wood Dale, 1501 Mittel Blvd Chancellory Park",,,,State,2026-08-30T21:43:41.512264Z
1c90ac72440917fb,IL,Jacobs Twin Buick/Imports,Jacobs Twin Buick/Imports,,"Chicago, 6720 & 6750 W Grand Avenue",,,,State,2026-08-30T21:43:41.512264Z
aee2bd60c2414b56,IL,Ameren,Ameren,,"Peoria, 300 Liberty Street",,,,State,2026-08-30T21:43:41.512264Z
7dfb7ae53f2019ea,IL,Farmers Group Inc.,Farmers Group,,"Aurora, 2245 Sequoia Drive",,,,State,2026-08-30T21:43:41.512264Z
f652bb6c99ec2d0b,IL,International Truck & Engine Corp,International Truck & Engine,,"Melrose Park, 10400 West North Avenue",,,,State,2026-08-30T21:43:41.512264Z
74eb54b3f0523c76,IL,ServiceMaster Company,ServiceMaster,,"Downers Grove, 3250 Lacey Road",,,,State,2026-08-30T21:43:41.512264Z
b011fe2d5a77ce4c,IL,ABN AMRO Mortgage Group Inc.,ABN AMRO Mortgage Group,,"Chicago, 4653 West Irving Park Road",,,,State,2026-08-30T21:43:41.512264Z
9e6261af162e6ebb,IL,"Acument Global Technologies, Inc.",Acument Global Technologies,,"Rockford, 510 18TH Ave",,,,State,2026-08-30T21:43:41.512264Z
f561e39eb3be8d3d,IL,Beltmann Group Inc.,Beltmann Group,,"Carol Stream, 320 E Fullerton Avenue",,,,State,2026-08-30T21:43:41.512264Z
829eb5ef7b22d8ad,IL,Osco,Osco,,"Elk Grove Village, 2401 Lunt Avenue and 2440-2460 Pratt Blvd",,,,State,2026-08-30T21:43:41.512264Z
cdab899464fcef3c,IL,Eisenmann Corporation,Eisenmann,,"Crystal Lake, 150 E Dartmoor Dr Ste 1",,,,State,2026-08-30T21:43:41.512264Z
997c470e050b102b,IL,Injecto Mold (Sonoco),Injecto Mold (Sonoco),,"Chicago, 2601 N Pulaski Road and 840 N Western Avenue",,,,State,2026-08-30T21:43:41.512264Z
f908e68320daedf2,IL,Quill Corp/ Finance Credit/Collections,Quill Corp/ Finance Credit/Collections,,"Lincolnshire, 100 Schelter Road",,,,State,2026-08-30T21:43:41.512264Z
18ba739b26051b0b,IL,Dearborn Wire and Cable Manufacturing,Dearborn Wire and Cable Manufacturing,,"Wheeling, 250 West Carpenter Avenue",,,,State,2026-08-30T21:43:41.512264Z
f08fe7bf1f1b3d05,IL,Macy's North Distribution Center,Macy's North Distribution Center,,"Chicago, 4000 W. Diversey Avenue",,,,State,2026-08-30T21:43:41.512264Z
11b0bf1998d574bf,IL,Unilever US,Unilever US,,"Lisle, 2200 Cabot",,,,State,2026-08-30T21:43:41.512264Z
63f13cbff92ba5c6,IL,Online Data Corp.,Online Data,,"Westchester, 2 Westbrook Corporate Ctr Ste 200",,,,State,2026-08-30T21:43:41.512264Z
9df2ec1ca6d13bea,IL,Archer Daniels Midland,Archer Daniels Midland,,"Decatur, 4666 Faries Parkway",,,,State,2026-08-30T21:43:41.512264Z
9922b92ddfe69579,IL,The Admiral At The Lake,Admiral At The Lake,,"Chicago, 909 West Foster Avenue",,,,State,2026-08-30T21:43:41.512264Z
2d26498fc3a164e3,IL,Mortgage Lenders Network USA,Mortgage Lenders Network,,"Oakbrook, 1200 Jorie Boulevard",,,,State,2026-08-30T21:43:41.512264Z
1032f2f7229542b9,IL,"Dominick's Finer Foods & Safeway, Inc.",Dominick's Finer Foods & Safeway,,"East Dundee, 535 Dundee Avenue",,,,State,2026-08-30T21:43:41.512264Z
a737920654d083b6,IL,"Unilever/ Conopco, Inc.",Unilever/ Conopco,,"Rolling Meadows, 3100 Golf Rd",,,,State,2026-08-30T21:43:41.512264Z
c86fd48ba4ef0540,IL,The Warranty Group Inc,Warranty Group,,"Chicago, 5050 N Broadway St",,,,State,2026-08-30T21:43:41.512264Z
e2e6e685e4090953,IL,"Loparex, Inc.",Loparex,,"Dixon, 1101 Warp Road",,,,State,2026-08-30T21:43:41.512264Z
f5be5da906a01db2,IL,"Individual Advocacy Group, Inc.",Individual Advocacy Group,,"Kankakee, 162 and 162 1/2 E Court Street",,,,State,2026-08-30T21:43:41.512264Z
a2ef2ed941b92bb9,IL,Equity Office Management LLC,Equity Office Management,,"Chicago, Two North Riverside Plaza, Suite 2100",,,,State,2026-08-30T21:43:41.512264Z
58a22c5ff2d113be,IL,Siemens Hearing Instruments,Siemens Hearing Instruments,,"Prospect Heights, 16 East Piper Lane Commerce Center B Suite 128",,,,State,2026-08-30T21:43:41.512264Z
9706fa0638adeba6,IL,LaMantia Plastics Inc.,LaMantia Plastics,,"Melrose Park, 2525 West LeMoyne Avenue",,,,State,2026-08-30T21:43:41.512264Z
687005ccec48f616,IL,Collins & Aikman Corp,Collins & Aikman,,"Belvidere, 1805 Industrial Court",,,,State,2026-08-30T21:43:41.512264Z
14e7c222be9f70be,IL,WMC-GEMB Mortgage Corp,WMC-GEMB Mortgage,,"Schaumbrug, 475 North Martingale Road 10th Floor",,,,State,2026-08-30T21:43:41.512264Z
453d647de91956b8,IL,"Consorta, Inc.",Consorta,,"Schaumburg, 1475 E Woodfield Rd Ste 400",,,,State,2026-08-30T21:43:41.512264Z
b18af8ea37517164,IL,"Thompson Steel Company, INc.",Thompson Steel,,"Franklin Park, 9470 King Street",,,,State,2026-08-30T21:43:41.512264Z
5f9fd4794b9b7cf0,IL,"United Asset Coverage, Inc.",United Asset Coverage,,"Naperville, 500 W Diehl Road 215 Shuman Blvd 4th Fl",,,,State,2026-08-30T21:43:41.512264Z
627a21b7a7bc62f7,IL,Circuit Court of Cook County,Circuit Court of Cook County,,"Chicago, 118 N. Clark",,,,State,2026-08-30T21:43:41.512264Z
a349455004368039,IL,CFM Companies,CFM,,"Bridgeview, 9900 Industrial Drive",,,,State,2026-08-30T21:43:41.512264Z
4b180fb6e2a941cc,IL,Chicago Athletic Association (old),Chicago Athletic Association (old),,"Chicago, 12 South Michigan Blvd",,,,State,2026-08-30T21:43:41.512264Z
5de03f07c5496a18,IL,H & R Block Mortgage Corporation,H & R Block Mortgage,,"Rosemont, 6133 North River Road",,,,State,2026-08-30T21:43:41.512264Z
e375873ec2e12bda,IL,Fremont Investment & Loan,Fremont Investment & Loan,,"Downers Grove, 1411 Opus Place Suite 600",,,,State,2026-08-30T21:43:41.512264Z
f6ceed966e0f7bd0,IL,"Open Soultions, Inc.",Open Soultions,,"Lombard, 800 Parkview Boulevard",,,,State,2026-08-30T21:43:41.512264Z
f868ecc67d863614,IL,ACC Capital Holdings,ACC Capital Holdings,,"Schaumburg, 1600 McConnor Parkway",,,,State,2026-08-30T21:43:41.512264Z
48c1d9081386f0c4,IL,Target Store,Target Store,,"Matteson, 21600 South Cicero Avenue",,,,State,2026-08-30T21:43:41.512264Z
9c64858eaca08a33,IL,New Century Financial Corp,New Century Financial,,"Itasca, 1 Pierce Place Suite 1200",,,,State,2026-08-30T21:43:41.512264Z
b1ef711275f4f834,IL,Wabash Mine Holding Company,Wabash Mine Holding,,"Mt. Carmel, 7614 N 900 Blvd 7088 E 400 Rd",,,,State,2026-08-30T21:43:41.512264Z
8bbe8669ae2ac652,IL,Quest Diagnostics,Quest Diagnostics,,"Schaumburg, 506 E. State Parkway",,,,State,2026-08-30T21:43:41.512264Z
151ca4d6b7e00f38,IL,"Akzo Nobel Surface Chemistry, LLC",Akzo Nobel Surface Chemistry,,"McCook, 8201 W. 47th Street",,,,State,2026-08-30T21:43:41.512264Z
2e061fe31e649f7b,IL,Candle Corp (Blyth Inc),Candle Corp (Blyth Inc),,"Des Plaines, 999 East Touhy Ave",,,,State,2026-08-30T21:43:41.512264Z
5f74b5b1e3f86f97,IL,AI Technologies,AI Technologies,,"Palatine, 666 South Vermont Street",,,,State,2026-08-30T21:43:41.512264Z
43603210a2f13ba4,IL,Catholic Charities,Catholic Charities,,"Chicago, 651 W. Lake Street",,,,State,2026-08-30T21:43:41.512264Z
5c9c7642db7ba9ca,IL,CitiMortgage,CitiMortgage,,"Norridge, 4242 N. Harlem Ave.",,,,State,2026-08-30T21:43:41.512264Z
1d9968ac6fb7bc00,IL,Option One Mortgage Corp.,Option One Mortgage,,"Rolling Meadows, 3800 Golf Road",,,,State,2026-08-30T21:43:41.512264Z
0fe59ed8ab8033ac,IL,J&L Industrial Supply,J&L Industrial Supply,,"Elk Grove Village, 2701 South Busse Rd.",,,,State,2026-08-30T21:43:41.512264Z
3dbc713a8c08e4d2,IL,Laidlaw Education Services,Laidlaw Education Services,,"South Holland, 16951 State Street",,,,State,2026-08-30T21:43:41.512264Z
331fb3e9be9ecaa4,IL,Washington Mutual,Washington Mutual,,"Itasca, 1Pierce Place",,,,State,2026-08-30T21:43:41.512264Z
8ede60fb22857a85,IL,Motorola,Motorola,,"Champaign, 1800 South Oak St.",,,,State,2026-08-30T21:43:41.512264Z
a754b7f4b20503cc,IL,The Mill,The Mill,,"Rockford, 3445 Elmwood Road",,,,State,2026-08-30T21:43:41.512264Z
6031c74edd05b3c7,IL,Oberthur Card Systems,Oberthur Card Systems,,"Naperville, 2764 Golfview Drive",,,,State,2026-08-30T21:43:41.512264Z
ba294ef15b5c9c4b,IL,Kimpton Hotel Allegro,Kimpton Hotel Allegro,,"Chicago, 171 West Randolph Street",,,,State,2026-08-30T21:43:41.512264Z
1b5e8db8f8245f5d,IL,AC Humko,AC Humko,,"Jacksonville, 1201 E Morton",,,,State,2026-08-30T21:43:41.512264Z
7951157531cbb7fe,IL,Corporate Express US Inc.,Corporate Express US,,"Woodridge, 1301 Internationale Pkwy Ste 200",,,,State,2026-08-30T21:43:41.512264Z
3b403b529264f7d8,IL,Unilever Foodsolutions,Unilever Foodsolutions,,"Franklin Park, 9535 Belmont Ave.",,,,State,2026-08-30T21:43:41.512264Z
64192040b5dc42de,IL,TruGreen Landcare LLC,TruGreen Landcare,,"Lincolnshire, 16043 Depot Place",,,,State,2026-08-30T21:43:41.512264Z
55be5d4edeb5f381,IL,MidAmerica Bank,MidAmerica Bank,,"Downers Grove, 2650 Warrenville Road",,,,State,2026-08-30T21:43:41.512264Z
cacb55907d6c1016,IL,Pick 'n Save,Pick 'n Save,,"Waukegan, 2700 Belvidere Road",,,,State,2026-08-30T21:43:41.512264Z
c57ec7e6347a961c,IL,"Jernberg Industries, Inc.",Jernberg Industries,,"Chicago, 11235 South Cottage Grove Ave.",,,,State,2026-08-30T21:43:41.512264Z
1a6e501f44ab9d98,IL,First Magnus Financial Corporation,First Magnus Financial,,"Oakbrook Terrace, One Tower Lane, Suite 2325",,,,State,2026-08-30T21:43:41.512264Z
c42b6025589590e0,IL,"GreenPoint Mortgage Funding, Inc.",GreenPoint Mortgage Funding,,"Downers Grove, 2651 Warrenville Road, Suite 500",,,,State,2026-08-30T21:43:41.512264Z
b796280565ad2173,IL,Crown II Mine,Crown II Mine,,"Virden, PO Box 347 22393 Crown II Mine Road",,,,State,2026-08-30T21:43:41.512264Z
82f256c40d6e9895,IL,Kerry Inc.,Kerry,,"Chicage, 4300 Morgan Road",,,,State,2026-08-30T21:43:41.512264Z
3088b644dad60bf1,IL,Rockford Products,Rockford Products,,"ROckford, 707 Harrison Avenue",,,,State,2026-08-30T21:43:41.512264Z
c393862f3482fa5e,IL,Warner Candy Company,Warner Candy,,"Elk Grove Village, 1099 Pratt Blvd.",,,,State,2026-08-30T21:43:41.512264Z
3cdb5d2d346291ee,IL,Encore Credit,Encore Credit,,"Downers Grove, 2211 Butterfield Road",,,,State,2026-08-30T21:43:41.512264Z
1be657334f07124b,IL,"Empire Today, LLC",Empire Today,,"Northlake, 333 Northwest Avenue",,,,State,2026-08-30T21:43:41.512264Z
cf86624a526a6fca,IL,Freight Car Services,Freight Car Services,,"Danville, 2313 Cannon Street",,,,State,2026-08-30T21:43:41.512264Z
5c5a642c5a830714,IL,"Jays Foods, Inc.",Jays Foods,,"Chicago, 825 East 99th Street",,,,State,2026-08-30T21:43:41.512264Z
b9d64d46f6a4a1bc,IL,EXEL/Home Depot,EXEL/Home Depot,,"Hillside, 200 North Mannheim",,,,State,2026-08-30T21:43:41.512264Z
42b81e140b1819b5,IL,"Caliber Auto Transfer of Detroit, Inc.",Caliber Auto Transfer of Detroit,,"Chicago, 13227 South Torrence Ave.",,,,State,2026-08-30T21:43:41.512264Z
a83481a82e8457c4,IL,Leggett & Platt Corp.,Leggett & Platt,,"Chicago Heights, 383 E. 16th Street",,,,State,2026-08-30T21:43:41.512264Z
a80895b4204fd9ad,IL,"Electronic Arts, Inc.",Electronic Arts,,"Chicago, 215 W. Ohio Street",,,,State,2026-08-30T21:43:41.512264Z
fb23f808dafbd25a,IL,*MAIN SITE (ILLINOIS STUDENT ASSISTANCE COMMISSION),Main Site (Illinois Student Assistance Commission),,"Deerfield, 1755 Lake Cook Rd.",,,,State,2026-08-30T21:43:41.512264Z
b0524348b1deb863,IL,Johnson & Johnson/Pfizer Inc,Johnson & Johnson/Pfizer,,"Elk Grove Village, 1350 Estes Avenue",,,,State,2026-08-30T21:43:41.512264Z
47cc46dd6e81e08d,IL,Countrywide Funding Corp.,Countrywide Funding,,"Rolling Meadows, 1600 Golf Road",,,,State,2026-08-30T21:43:41.512264Z
db6874bfc5cf1da2,IL,Home Depot,Home Depot,,"Arlington Heights, 1400 West Dundee Road",,,,State,2026-08-30T21:43:41.512264Z
b6b0109cbd5e069b,IL,Olmarc Packaging Company,Olmarc Packaging,,"Franklin Park, 11130 West King Street",,,,State,2026-08-30T21:43:41.512264Z
5ee249a5e452477b,IL,"Kraft Foods Global, Inc.",Kraft Foods Global,,"Northfield, Three Lakes Drive",,,,State,2026-08-30T21:43:41.512264Z
ecbf36e1b4ba4a7a,IL,Syncreon,Syncreon,,"Belvidere, 3142 Chrysler Drive P. O. Box 510",,,,State,2026-08-30T21:43:41.512264Z
8dffe5ccdcf35e0c,IL,R.R. Donnelley,R.R. Donnelley,,"Arlington Heights, 3300 North Arlington Heights Rd.",,,,State,2026-08-30T21:43:41.512264Z
45c35b364683ad0b,IL,"J.W. Peters, Inc.",J.W. Peters,,"Rochelle, 111 5th Avenue",,,,State,2026-08-30T21:43:41.512264Z
ee549fb992909277,IL,"ArvinMeritor, Inc.",ArvinMeritor,,"Belvidere, 3458 Morreim Drive",,,,State,2026-08-30T21:43:41.512264Z
e796d4f311476e2e,IL,Value City Department Store,Value City Department Store,,"Harwood Heights, 4701 North Harlem Ave.",,,,State,2026-08-30T21:43:41.512264Z
8ec8bdd292742820,IL,Hilton Reservations,Hilton Reservations,,"Streator, 232 Pratt St.",,,,State,2026-08-30T21:43:41.512264Z
e04298ed405cdbe0,IL,National City Corp.,National City,,"Hoffman Estates, 2300 North Barrington Rd., Suite 350",,,,State,2026-08-30T21:43:41.512264Z
7817e0cf9dddb741,IL,Bank of America,Bank of America,,"Chicago, 135 S. LaSalle Street",,,,State,2026-08-30T21:43:41.512264Z
aef2c4741aef11eb,IL,Wickes Furniture,Wickes Furniture,,"Carol Stream, 250 South Gary Avenue",,,,State,2026-08-30T21:43:41.512264Z
99f10a9dc4931d78,IL,Kaplan Financial,Kaplan Financial,,"Chicago, 30 South Wacker Drive Suite 2500",,,,State,2026-08-30T21:43:41.512264Z
9304b6f977c61a68,IL,Wackenhut Corp.,Wackenhut,,"Morris, 6500 N Dresden Road",,,,State,2026-08-30T21:43:41.512264Z
37f66479e2e159a9,IL,FastTrak Application Development,FastTrak Application Development,,"Addison, 330 S Fairbank",,,,State,2026-08-30T21:43:41.512264Z
cd39355556d95ff3,IL,Morgan Stanley,Morgan Stanley,,"Vernon Hills, 75 North Fairway Drive",,,,State,2026-08-30T21:43:41.512264Z
4f7c12e5a5a45932,IL,GE Capital Corp.,GE Capital,,"Chicago, 222 North LaSalle Street",,,,State,2026-08-30T21:43:41.512264Z
1c25d30791cda5cf,IL,Courtesy Manufacturing Co.,Courtesy Manufacturing,,"Elk Grove Village, 1300 Pratt Blvd.",,,,State,2026-08-30T21:43:41.512264Z
1885b85d3d31b631,IL,"Envirotest Illinois, Inc.",Envirotest Illinois,,"Villa Park, 130 E. Hill St.",,,,State,2026-08-30T21:43:41.512264Z
b289bd61b243ccd1,IL,Sommer & Maca Industries Inc,Sommer & Maca Industries,,"Cicero, 5501 W Ogden Ave",,,,State,2026-08-30T21:43:41.512264Z
a95dc485d8b89e02,IL,First Franklin,First Franklin,,"Schaumburg, 1051 Perimeter Drive Suite 800",,,,State,2026-08-30T21:43:41.512264Z
40fb0ee8bb8c101b,IL,Ventra Belvidere,Ventra Belvidere,,"Belvidere, 1805 Industrial Ct.",,,,State,2026-08-30T21:43:41.512264Z
6442bcec2263d9af,IL,"Android Belvidere, LLC",Android Belvidere,,"Belvidere, 1222 Crosslink Parkway",,,,State,2026-08-30T21:43:41.512264Z
142534af7d0d5bc4,IL,Smurfit-Stone Container Corp.,Smurfit-Stone Container,,"Brigdeview, 9600 South Harlem Avenue",,,,State,2026-08-30T21:43:41.512264Z
549f26861c7bf9ab,IL,JP Morgan Chase,JP Morgan Chase,,"Westmont, 601 Oakmont Lane",,,,State,2026-08-30T21:43:41.512264Z
9b0c2db0e4d5a3aa,IL,Illinois Bell,Illinois Bell,,"Chicago, 311 West Washington Street",,,,State,2026-08-30T21:43:41.512264Z
1cbd57fac55c6e83,IL,Ceres Food Group,Ceres Food Group,,"Chicago, 5150 N. Northwest Highway Suite 101",,,,State,2026-08-30T21:43:41.512264Z
b0487cc14a46daab,IL,CHAC,CHAC,,"Chicago, P.O. Box 1406 various Chicago sites",,,,State,2026-08-30T21:43:41.512264Z
34b1bc93c8a597d2,IL,Armour-Eckrich Meats LLC,Armour-Eckrich Meats,,"St. Charles, 410 Kirk Road",,,,State,2026-08-30T21:43:41.512264Z
529df5c6879b9219,IL,Jewel-Osco,Jewel-Osco,,"Geneseo, 15989 US-6 East",,,,State,2026-08-30T21:43:41.512264Z
5bee7aa1d6dba6f3,IL,Celanese,Celanese,,"Meredosia, 1989 Old Naples Road",,,,State,2026-08-30T21:43:41.512264Z
da6eecfda06c81db,IL,GENERAL BINDING CORPORATION,General Binding,,"NORTHBROOK, 1135 SKOKIE BLVD.",,,,State,2026-08-30T21:43:41.512264Z
2aded63b93cde493,IL,"Glazer's Distributors of Illinois, Inc.",Glazer's Distributors of Illinois,,"Chicago, 2600 W. 35th Street",,,,State,2026-08-30T21:43:41.512264Z
9617132569e1125f,IL,EXEL,EXEL,,"Minooka, 6225 East Minooka Road",,,,State,2026-08-30T21:43:41.512264Z
d1f125eb708d17d8,IL,Freddie Mac,Freddie Mac,,"Schaumburg, One Woodfield Lake 1000 East Woodfield Road",,,,State,2026-08-30T21:43:41.512264Z
222f43c496ea7a12,IL,Daimler Financial,Daimler Financial,,"Lisle, 1011 Warrenville Road Suite 600",,,,State,2026-08-30T21:43:41.512264Z
9600ec345fd99b43,IL,"SourceLink Chicago, LLC",SourceLink Chicago,,"Elk Grove Village, 2451 Lively Blvd.",,,,State,2026-08-30T21:43:41.512264Z
ec214b2561ac0050,IL,Hess Print Solutions,Hess Print Solutions,,"DeKalb, 200 N. Peace Road",,,,State,2026-08-30T21:43:41.512264Z
b6750f3c4633d9fd,IL,"Minuteman International, Inc.",Minuteman International,,"Addison, 111 S. Rohwling Road",,,,State,2026-08-30T21:43:41.512264Z
adb43caafc86333a,IL,GSI Commerce,GSI Commerce,,"Edwardsville, 140 Enterprise Drive",,,,State,2026-08-30T21:43:41.512264Z
371d7ba2d261b1d5,IL,RoadLink Warehouse Solutions,RoadLink Warehouse Solutions,,"Melrose Park, 2200 N. 17th Avenue",,,,State,2026-08-30T21:43:41.512264Z
f637a5563a7e90d3,IL,Jevic Transportation,Jevic Transportation,,"Markham, 2900 W. 166th St.",,,,State,2026-08-30T21:43:41.512264Z
c1dc517e37c6bc80,IL,Wachovia Corp.,Wachovia,,"Chicago, 77 Wacker Drive",,,,State,2026-08-30T21:43:41.512264Z
9823b2fdc404ee0b,IL,Rapid Solutions,Rapid Solutions,,"Mt. Prospect, 1000 Business Center Drive",,,,State,2026-08-30T21:43:41.512264Z
54597206a9b49bed,IL,Food Service Professionals,Food Service Professionals,,"Chicago, 5150 N. Northwest Highway",,,,State,2026-08-30T21:43:41.512264Z
3e6e76473ec9c2c5,IL,"Aubrey Manufacturing, Inc.",Aubrey Manufacturing,,"Union, 6709 Main St",,,,State,2026-08-30T21:43:41.512264Z
3315a29026ad7aba,IL,Spartan Light Metal Products,Spartan Light Metal Products,,"Sparta, 510 E. McClurken Ave.",,,,State,2026-08-30T21:43:41.512264Z
35fc525ea2e2e8df,IL,Godfrey Marine Illinois LLC,Godfrey Marine Illinois,,"Benton, 10231 Sugar Creek Rd",,,,State,2026-08-30T21:43:41.512264Z
74732f648a0f55cd,IL,"Tricon Industries, Inc",Tricon Industries,,"Downers Grove, 5400 Janes Ave",,,,State,2026-08-30T21:43:41.512264Z
e3bb666bb9d64bbb,IL,Pivotal Staffing Services LLC,Pivotal Staffing Services,,"Chicago, 808 S Kedzie",,,,State,2026-08-30T21:43:41.512264Z
725bd1d4687716d3,IL,Servisair,Servisair,,"Rosemont, 10600 W. Higgins Road Suite 610",,,,State,2026-08-30T21:43:41.512264Z
bdb6faca7b785542,IL,Duty Free Americas,Duty Free Americas,,"Chicago, 5207 North Rose St",,,,State,2026-08-30T21:43:41.512264Z
fe95c297bc93d742,IL,Republic Airways,Republic Airways,,"Chicago, 10000 W O'Hare Ave O'Hare International Airport",,,,State,2026-08-30T21:43:41.512264Z
4c1a8c92cb600edc,IL,Indymac Bank,Indymac Bank,,"Schaumburg, 20 N. Martingale Road 6th Floor",,,,State,2026-08-30T21:43:41.512264Z
e61427b1d5ccce90,IL,The Neiman-Marcus Group Inc,Neiman-Marcus Group,,"Schiller Park, 9501 Winona Ave Ste 03",,,,State,2026-08-30T21:43:41.512264Z
41c8c9ddd7e8cc59,IL,Argosy Casino - Alton,Argosy Casino - Alton,,"Alton, 1 Piasa Street",,,,State,2026-08-30T21:43:41.512264Z
792c9d69b4112b8b,IL,Standex ADP,Standex ADP,,"Bartonville, 4500 Entec Drive",,,,State,2026-08-30T21:43:41.512264Z
fe3cb37a0cd0da0f,IL,"Leviton Manufacturing Co., Inc.",Leviton Manufacturing,,"Bensenville, 700 Golf Lane",,,,State,2026-08-30T21:43:41.512264Z
54c3ee926b05af8a,IL,"Pentair, Inc.",Pentair,,"Rockford, 2412 Grant Avenue",,,,State,2026-08-30T21:43:41.512264Z
6f1e87987f7a2068,IL,BWAY Corporation,BWAY,,"Franklin Park, 3400 Powell St",,,,State,2026-08-30T21:43:41.512264Z
d56570a45f2ad297,IL,"Warehouse Specialists, Inc.",Warehouse Specialists,,"Romeoville, 740 Prologis Parkway",,,,State,2026-08-30T21:43:41.512264Z
31dce80f17e40540,IL,Whitehall Jewelers,Whitehall Jewelers,,"Chicago, 125 South Wacker Drive Suite 2600",,,,State,2026-08-30T21:43:41.512264Z
d55cb5c2bc49b60f,IL,Olmarc Packaging Co,Olmarc Packaging,,"NorthLake, 165 W Lake St",,,,State,2026-08-30T21:43:41.512264Z
a8b20c0cb646a2fd,IL,Qualex,Qualex,,"Elgin, 370 River Ridge Road",,,,State,2026-08-30T21:43:41.512264Z
53a44ed91e887acd,IL,Tote Cart Company,Tote Cart,,"Rockford, 1802 Preston St",,,,State,2026-08-30T21:43:41.512264Z
893af4871f22c781,IL,"Porter Athletic, Inc.",Porter Athletic,,"Broadview, 2500 S 25TH Ave",,,,State,2026-08-30T21:43:41.512264Z
1088854005683471,IL,Ford Motor Company,Ford Motor,,"Chicago, 12600 S Torrence Ave",,,,State,2026-08-30T21:43:41.512264Z
099e58e2df859b1c,IL,Leggett & Platt,Leggett & Platt,,"Romeoville, 1465 Normantown Road",,,,State,2026-08-30T21:43:41.512264Z
b85332ec64f4d8d4,IL,St. Marys Cement,St. Marys Cement,,"Dixon, 1914 White Oak Lane PO Box 468",,,,State,2026-08-30T21:43:41.512264Z
0c01c894007ee31e,IL,HSBC Consumer Lending Dept.,HSBC Consumer Lending Dept,,"Elmhurst, 577 Lamont Road",,,,State,2026-08-30T21:43:41.512264Z
ad4d74a7f14f0251,IL,Syncreon (formerly TDS/US Automotive Logistics),Syncreon,TDS/US Automotive Logistics,"Chicago, 2924 E. 126th Street",,,,State,2026-08-30T21:43:41.512264Z
33368e21320229fd,IL,"Hospira, Inc.",Hospira,,"North Chicago, 1405 Sheridan Road",,,,State,2026-08-30T21:43:41.512264Z
76317f7c353473a0,IL,Whole Foods Bakehouse,Whole Foods Bakehouse,,"Chicago, 2950 N. Oakley Ave.",,,,State,2026-08-30T21:43:41.512264Z
874e51514666e0ff,IL,Lone Star Industries Inc,Lone Star Industries,,"Oglesby, 490 Portland Ave",,,,State,2026-08-30T21:43:41.512264Z
28a1318d67fb89ce,IL,Alcatel-Lucent,Alcatel-Lucent,,"Naperville, 2000 Lucent Lane - Naperville 2701 Lucent Lane - Lisle",,,,State,2026-08-30T21:43:41.512264Z
660c4ae5fd3dfc1b,IL,"ZF Chassis Components, LLC",ZF Chassis Components,,"Chicago, 3400 E 126TH St",,,,State,2026-08-30T21:43:41.512264Z
79a2aaa68fe68b54,IL,Gourmet Express LLC,Gourmet Express,,"Gridley, 204 N Ford St",,,,State,2026-08-30T21:43:41.512264Z
038a6c982b41cb03,IL,Lincoln Park Hospital,Lincoln Park Hospital,,"Chicago, 550 West Webster Ave.",,,,State,2026-08-30T21:43:41.512264Z
ba247a84691a8de5,IL,Dow Jones & Company,Dow Jones &,,"Naperville, 340 Shuman Blvd.",,,,State,2026-08-30T21:43:41.512264Z
f2c34110b7263341,IL,Northern Illinois Hospital Services,Northern Illinois Hospital Services,,"Rockford, 4620 American Road",,,,State,2026-08-30T21:43:41.512264Z
290850b6d7fc5d52,IL,Gate Gourmet,Gate Gourmet,,"Chicago, 1500 S. Lumber Street",,,,State,2026-08-30T21:43:41.512264Z
bea9f230837d1547,IL,Altivity Packaging LLC,Altivity Packaging,,"St. Charles, 1501 Indiana Avenue",,,,State,2026-08-30T21:43:41.512264Z
3d94d2637dafdcc1,IL,FFC,FFC,,"Lee, 100 E. Lee Road",,,,State,2026-08-30T21:43:41.512264Z
d0714e2b66fc3e3d,IL,TicketsNow,TicketsNow,,"Crystal Lake, 265 Exchange Dr. Lower Level",,,,State,2026-08-30T21:43:41.512264Z
394dae176a8279b0,IL,US Steel,US Steel,,"Gary, 1 N. Broadway Mail Station 91-D12",,,,State,2026-08-30T21:43:41.512264Z
8012de0acd1bc27c,IL,"Club Libby Lu, Inc.",Club Libby Lu,,"Chicago, 2700 W. Grand Ave.",,,,State,2026-08-30T21:43:41.512264Z
1adfa638e4ee4073,IL,Rush North Shore Medical Center,Rush North Shore Medical Center,,"Skokie, 9600 Gross Point Road",,,,State,2026-08-30T21:43:41.512264Z
0333e7208ac7d42b,IL,D.A. Stuart Company,D.A. Stuart,,"Warrenville, 4580 Weaver Pkwy",,,,State,2026-08-30T21:43:41.512264Z
e98569c102de4993,IL,Sapa Extrusions Inc.,Sapa Extrusions,,"Morris, 8920 North Tabler Road",,,,State,2026-08-30T21:43:41.512264Z
4c4e445780e9aab1,IL,The Great Indoors,Great Indoors,,"Schaumburg, 1321 E Golf Rd",,,,State,2026-08-30T21:43:41.512264Z
9192a0d42307a757,IL,"Art's Transportation, Inc.",Art's Transportation,,"Chicago, 950 W 45TH St",,,,State,2026-08-30T21:43:41.512264Z
85befafcdf4f7e88,IL,Sara Lee,Sara Lee,,"Chicago, 1000 W. Pershing",,,,State,2026-08-30T21:43:41.512264Z
8a077533ff1a1e56,IL,High Concrete Group,High Concrete Group,,"Paxton, 100 Technology Lane",,,,State,2026-08-30T21:43:41.512264Z
3b5e321c9c34aa0d,IL,SCA Tissue North America,SCA Tissue North America,,"Alsip, 13101 S. Pulaski Avenue",,,,State,2026-08-30T21:43:41.512264Z
aa29c4ce2112a01f,IL,Modern Metal Products Co,Modern Metal Products,,"Loves Park, 726 Beacon Street",,,,State,2026-08-30T21:43:41.512264Z
8d02d868c0b22835,IL,E R Wagner Mfg. Co.,E R Wagner Mfg,,"Brookfield, 8822 West 47th Street P.O. Box 149",,,,State,2026-08-30T21:43:41.512264Z
ea9c259813a33cff,IL,Joe's BeBop Cafe and Jazz Emporium,Joe's BeBop Cafe and Jazz Emporium,,"Chicago, 600 Grand Avenue",,,,State,2026-08-30T21:43:41.512264Z
d9ee1d92da167178,IL,Sirva Global Relocation Inc,Sirva Global Relocation,,"Westmont, 700 Oakmont Ln",,,,State,2026-08-30T21:43:41.512264Z
c77fa053f85798a6,IL,K-Mart,K-Mart,,"Joliet, 2700 Plainfield Rd",,,,State,2026-08-30T21:43:41.512264Z
4fbc1436da8d4628,IL,"West Irving Die, Inc.",West Irving Die,,"Sandwich, 1212 East 6th Street",,,,State,2026-08-30T21:43:41.512264Z
b5f50a4e6c6617a7,IL,Caterpillar -Mossville,Caterpillar -Mossville,,"Mossville, 6122 Rte 29 & Rench Rd, 61522 14009 Old Galena Road",,,,State,2026-08-30T21:43:41.512264Z
d7d39b59c2289de2,IL,"Gray Interplant Systems, Inc.",Gray Interplant Systems,,"Peoria, 8801 N. University P.O. Box 10797",,,,State,2026-08-30T21:43:41.512264Z
9e5a001c4d71e0e8,IL,"Gareda Nursing Services, Inc.",Gareda Nursing Services,,"Calumet City, 1431 Huntington Drive",,,,State,2026-08-30T21:43:41.512264Z
215c9a88330cb0d0,IL,Orval Kent Food Company of Rio Bravo Inc,Orval Kent Food Company of Rio Bravo,,"Wheeling, 120 W Palatine Rd",,,,State,2026-08-30T21:43:41.512264Z
2eb34b09a0b8a02d,IL,"Midway Amusement Games, LLC",Midway Amusement Games,,"Chicago, 2704 West Roscoe Street",,,,State,2026-08-30T21:43:41.512264Z
4c0950aa72b92b1a,IL,Fox Valley Publications LLC,Fox Valley Publications,,"Plainfield, 3101 N. Route 30",,,,State,2026-08-30T21:43:41.512264Z
cd70e42f58785e56,IL,RoadWay Express,RoadWay Express,,"Rock Island, 3700 78TH Ave W",,,,State,2026-08-30T21:43:41.512264Z
7108e4a40034e410,IL,Unison Industries Inc.,Unison Industries,,"Rockford, 530 Blackhawk Park Ave",,,,State,2026-08-30T21:43:41.512264Z
91abbd5fbd3e67b6,IL,Goss International,Goss International,,"Bolingbrook, 3 Territorial Court",,,,State,2026-08-30T21:43:41.512264Z
9ef9be134f90efa0,IL,Fidelity National Title Group,Fidelity National Title Group,,"Chicago, 171 N. Clark St.",,,,State,2026-08-30T21:43:41.512264Z
cdbc781b5bbee3e9,IL,Federal Reserve Bank of Chicago,Federal Reserve Bank of Chicago,,"Bedford Park, 4944 W. 73rd Street",,,,State,2026-08-30T21:43:41.512264Z
0056d86abdf1728c,IL,"Americall Group, Inc.",Americall Group,,"Champaign, 103 S. Country Fair Drive",,,,State,2026-08-30T21:43:41.512264Z
0cb3eaeb3bac535b,IL,Successories LLC,Successories,,"Aurora, 2520 Diehl Rd",,,,State,2026-08-30T21:43:41.512264Z
0dc0dc87e9c27f38,IL,Wmh Tool Group,Wmh Tool Group,,"Elgin, 2420 Vantage Dr",,,,State,2026-08-30T21:43:41.512264Z
a60ef9cb48943722,IL,Great Central Lumber Co.,Great Central Lumber,,"Alton, 81 Henry Street",,,,State,2026-08-30T21:43:41.512264Z
94f8654b65047f17,IL,Elgiloy Specialty Metals,Elgiloy Specialty Metals,,"Hampshire, One Hauk Road",,,,State,2026-08-30T21:43:41.512264Z
88f5157bc5bf027c,IL,Schneider Electric Square D Company,Schneider Electric Square D,,"Schiller Park, 9522 West Winona Street",,,,State,2026-08-30T21:43:41.512264Z
6bb09003918ae455,IL,Arrow Financial Serivces LLC,Arrow Financial Serivces,,"Niles, 5996 W. Touhy Ave. 2nd Floor",,,,State,2026-08-30T21:43:41.512264Z
0bb91f92c7e80e58,IL,Pendum Inc (lansing Tel No),Pendum Inc (lansing Tel No),,"Westmont, 777 Oakmont Ln Ste 100",,,,State,2026-08-30T21:43:41.512264Z
1ab11694941c74d8,IL,"Combined Metals of Chicago, LLC",Combined Metals of Chicago,,"Bellwood, 2401 W Grant",,,,State,2026-08-30T21:43:41.512264Z
c00484be27bf6578,IL,"ACH Food Companies, Inc.",ACH Food,,"Champaign, 710 N. Mattis",,,,State,2026-08-30T21:43:41.512264Z
8e3933e36fb563a5,IL,"Kable Fulfillment Services, Inc.",Kable Fulfillment Services,,"Mt. Morris, 16 South Wesley Avenue",,,,State,2026-08-30T21:43:41.512264Z
c93dfbdbbcdbf47f,IL,"Circuit City Stores, Inc.",Circuit City Stores,,"Chicago, 2500 North Elston Avenue",,,,State,2026-08-30T21:43:41.512264Z
f17e8d3c6d169f1b,IL,Circuit City,Circuit City,,"Marion, 1100 Circuit City Road",,,,State,2026-08-30T21:43:41.512264Z
698a480769bf5de3,IL,Bi-State Development Agency,Bi-State Development Agency,,"East St. Louis, 2901 St. Clair Avenue",,,,State,2026-08-30T21:43:41.512264Z
690a187b3ffa0524,IL,Sears Call Center,Sears Call Center,,"Naperville, 1163 E. Ogden Ave. Suite 610",,,,State,2026-08-30T21:43:41.512264Z
d62cc37576ed3814,IL,Meadowbrook Farms Cooperative,Meadowbrook Farms Cooperative,,"Rantoul, 205 Turner Drive",,,,State,2026-08-30T21:43:41.512264Z
0ab2c27ad7d0ac15,IL,"Home Depot Bath and Remodeling, Inc.",Home Depot Bath and Remodeling,,"Bensenville, 830 Supreme Drive",,,,State,2026-08-30T21:43:41.512264Z
0687259d42c5986c,IL,PS eServ,PS eServ,,"Peoria, 8200 N Allen Rd",,,,State,2026-08-30T21:43:41.512264Z
aec78c077c229110,IL,Marquette Group,Marquette Group,,"Peoria, 222 Ne Monroe St, #800",,,,State,2026-08-30T21:43:41.512264Z
761b89c7c3308185,IL,Menlo Worldwide Logistics,Menlo Worldwide Logistics,,"Wilmington, 901 E Kankakee River Dr.",,,,State,2026-08-30T21:43:41.512264Z
0c40eda56909c576,IL,DuPage Precision Products,DuPage Precision Products,,"Aurora, 3695 Darlene Court Suite 101",,,,State,2026-08-30T21:43:41.512264Z
1ffe03d84f0ea552,IL,Epco Supply,Epco Supply,,"Evanston, 2538 Greenbay Rd.",,,,State,2026-08-30T21:43:41.512264Z
27fed7c3b9628629,IL,Anheuser Busch Warehouse,Anheuser Busch Warehouse,,"Mt. Vernon, #1 Eagle Court",,,,State,2026-08-30T21:43:41.512264Z
6f7d70988cb86a48,IL,"Electro-Motive Diesels, Inc.",Electro-Motive Diesels,,"LaGrange, 9301 W 55th Street",,,,State,2026-08-30T21:43:41.512264Z
eb2d368c6bce2bc3,IL,CommScope,CommScope,,"Joliet, 2700 Ellis Rd.",,,,State,2026-08-30T21:43:41.512264Z
5dd47322768d719b,IL,Advanced Technology Services,Advanced Technology Services,,"Mossville, FAC Code (41) Bldg. (TCK)",,,,State,2026-08-30T21:43:41.512264Z
77e3054d531a3db2,IL,J. N. Moser Trucking,J. N. Moser Trucking,,"Montgomery, 2165 Aucutt Rd.",,,,State,2026-08-30T21:43:41.512264Z
62709353719917e7,IL,"Graphic Packaging International, Inc.",Graphic Packaging International,,"Morris, 1000 E. Armstrong St.",,,,State,2026-08-30T21:43:41.512264Z
e92c698c979a5646,IL,Stratos Optical Technology,Stratos Optical Technology,,"Harwood Heights, 7444 W. Wilson Ave.",,,,State,2026-08-30T21:43:41.512264Z
7ea11059786a8d22,IL,"Orgill, Inc.",Orgill,,"Vandalia, 1410 Veterans Avenue",,,,State,2026-08-30T21:43:41.512264Z
c9399c23f4847b32,IL,Manheim's Gateway Auto Auction,Manheim's Gateway Auto Auction,,"Granite City, 440 West Pontoon Road",,,,State,2026-08-30T21:43:41.512264Z
fdd28d8237cbd84f,IL,Zebra Technologies Corporation,Zebra Technologies,,"Vernon Hills, 333 Corporate Woods Parkway",,,,State,2026-08-30T21:43:41.512264Z
daeb939d6274ca7f,IL,Baltimore Aircoil Company,Baltimore Aircoil,,"Paxton, 350 Baltimore Drive",,,,State,2026-08-30T21:43:41.512264Z
e039607976f3517a,IL,URS Washington Division,URS Washington Division,,"Decatur, 27 and Pershing Road",,,,State,2026-08-30T21:43:41.512264Z
5f54947ccb765b08,IL,Residential Loan Centers of America,Residential Loan Centers of America,,"Des Plaines, 2700 S. River Road Suite 400",,,,State,2026-08-30T21:43:41.512264Z
7c04a3ab395c3b1e,IL,Plastag Corp.,Plastag,,"Elk Grove Village, 1800 Greenleaf Ave",,,,State,2026-08-30T21:43:41.512264Z
fe499596fa9de2cc,IL,"Owens & MInor Distribution, Inc.",Owens & MInor Distribution,,"Wheeling, 230 W. Palatine Road 301 Holbrook Drive",,,,State,2026-08-30T21:43:41.512264Z
f282c1b177be7643,IL,Home Depot/EXPO,Home Depot/EXPO,,"Downers Grove, 1021 Butterfield Road",,,,State,2026-08-30T21:43:41.512264Z
700ebba9097f4a9d,IL,HOME DEPOT/EXPO Store,HOME DEPOT/EXPO Store,,"VERNON HILLS, 439 N MILWAUKEE AV",,,,State,2026-08-30T21:43:41.512264Z
76a316d353cb22c0,IL,USA 3000 Airlines,USA 3000 Airlines,,"Chicago, O'Hare International Airport Terminal 5 Room UL124 and Gate M-4",,,,State,2026-08-30T21:43:41.512264Z
a7ff5ddb221fccf2,IL,Kmart 9218,Kmart 9218,,"Lockport, 300 Summit Dr.",,,,State,2026-08-30T21:43:41.512264Z
b6f0a3347bd26f28,IL,Jupiterimages Corp./Getty Images,Jupiterimages Corp./Getty Images,,"Peoria, 6000 N. Forest Park Drive",,,,State,2026-08-30T21:43:41.512264Z
36fd5187190fb29c,IL,"Bay Valley Foods, LLC",Bay Valley Foods,,"Mendota, 349 N 43RD Rd",,,,State,2026-08-30T21:43:41.512264Z
674eafc71232732a,IL,TUTCO Elmhurst,TUTCO Elmhurst,,"Elmhurst, 776 Oaklawn Avenue",,,,State,2026-08-30T21:43:41.512264Z
f711b3d8cd6ab782,IL,"Vertis, Inc.",Vertis,,"Elk Grove Village, 1100 Thorndale Avenue",,,,State,2026-08-30T21:43:41.512264Z
82b60829c14ababe,IL,"Jacobson Warehouse Company, Inc.",Jacobson Warehouse,,"Joliet, 401 Laraway Road",,,,State,2026-08-30T21:43:41.512264Z
cdcf0ceeab8fc5f4,IL,"Swiss Automation, Inc.",Swiss Automation,,"Barrington, 1020 W Northwest Hwy",,,,State,2026-08-30T21:43:41.512264Z
c801e7c216824525,IL,THQ Quality Assurance,THQ Quality Assurance,,"Champaign, 206 N. Randolph Suite 300",,,,State,2026-08-30T21:43:41.512264Z
2a769d1ce085d4a7,IL,Northfield Laboratories,Northfield Laboratories,,"Evanston, 1560 Sherman Ave. Suite 1000",,,,State,2026-08-30T21:43:41.512264Z
ee2e920c96b08ec5,IL,"HSBC Pay Services, Inc.",HSBC Pay Services,,"Mettawa, 26525 North Riverwoods Blvd.",,,,State,2026-08-30T21:43:41.512264Z
216f3f0d7c90f7d3,IL,"Filtration Group, Inc.",Filtration Group,,"Aurora, 971 A Industrial Drive",,,,State,2026-08-30T21:43:41.512264Z
8b1a4e78087bbfd9,IL,Peabody/Vermilion Grove mine,Peabody/Vermilion Grove mine,,"Ridge Farm, 4500 North 1500 East",,,,State,2026-08-30T21:43:41.512264Z
72ea9577c0899fe7,IL,"RTS Packaging, LLC",RTS Packaging,,"Litchfield, 1401 W. Eilerman Ave.",,,,State,2026-08-30T21:43:41.512264Z
94dcbeed7bd2337d,IL,"G&D Integrated, Inc.",G&D Integrated,,"East Peoria, 100 Tractor Drive",,,,State,2026-08-30T21:43:41.512264Z
a9abbbd66e91e395,IL,NBC Universal,NBC Universal,,"Chicago, 454 N. Columbus Dr.",,,,State,2026-08-30T21:43:41.512264Z
9ab00e3e1a7f8a5d,IL,"United States Smokeless Tobacco Brands, Inc.",United States Smokeless Tobacco Brands,,"Aurora, 2640 White Oak Circle Suite E",,,,State,2026-08-30T21:43:41.512264Z
7119e0803837369e,IL,Trilla Steel Drum Corporation,Trilla Steel Drum,,"Chicago, 2959 W 47TH St",,,,State,2026-08-30T21:43:41.512264Z
190fd80dbbb68caf,IL,Aramark at Dolton School District,Aramark at Dolton School District,,"Calumet City, 1650 Pulaski Road",,,,State,2026-08-30T21:43:41.512264Z
d03c6719be78e8eb,IL,Niketown,Niketown,,"Chicago, 669 N Michigan Ave",,,,State,2026-08-30T21:43:41.512264Z
bcdebcb1e127099c,IL,Asian Foods,Asian Foods,,"Hampshire, 200 Flanningan Rd",,,,State,2026-08-30T21:43:41.512264Z
916a051871d8db09,IL,Monogram Systems,Monogram Systems,,"Rockford, 1260 Turret Drive",,,,State,2026-08-30T21:43:41.512264Z
26ec84995c861e1f,IL,Durham School Services,Durham School Services,,"Decatur, 1610 Brant Court",,,,State,2026-08-30T21:43:41.512264Z
9ef343978d644042,IL,Freescale,Freescale,,"Lake Zurich, 4 Corporate Dr Ste 200",,,,State,2026-08-30T21:43:41.512264Z
eb41f31c0f1a008b,IL,XPAC - Division 13,XPAC - Division 13,,"Bartonville, 6409 W. Smithville Rd.",,,,State,2026-08-30T21:43:41.512264Z
9bbb530194c535af,IL,"Western Piece Dyers & Finishers, Inc.",Western Piece Dyers & Finishers,,"Chicago, 2845 W. 48th Place",,,,State,2026-08-30T21:43:41.512264Z
8bd072f81e03b837,IL,Jacobson Warehouse Company,Jacobson Warehouse,,"Champaign, 2309 W. Bloomington Road",,,,State,2026-08-30T21:43:41.512264Z
ed365c1b8b58ab2e,IL,"New Progress, LLC",New Progress,,"Arthur, 402 E Progress St",,,,State,2026-08-30T21:43:41.512264Z
4d117d79bcba6eb1,IL,Quad City Die Casting Company,Quad City Die Casting,,"Moline, 3800 River Dr",,,,State,2026-08-30T21:43:41.512264Z
dd8dc173069db254,IL,"Boley Tool & Machine Works, Inc.",Boley Tool & Machine Works,,"East Peoria, 1044 Spring Bay Road",,,,State,2026-08-30T21:43:41.512264Z
a0789ef992cf4f90,IL,Solar Communications,Solar Communications,,"Naperville, 1120 Frontenac Rd.",,,,State,2026-08-30T21:43:41.512264Z
ec284c8cf7c2de45,IL,"Herbal Garden, Inc.",Herbal Garden,,"Wauconda, 27373 W IL Route 176",,,,State,2026-08-30T21:43:41.512264Z
43c70e1ff047e30f,IL,ARAMARK Facility Services,ARAMARK Facility Services,,"Chicago, Delta Air Lines - O'Hare Terminal 3 P.O. Box 66138",,,,State,2026-08-30T21:43:41.512264Z
89baf37c02fe60d7,IL,Hansen Technologies Corporation,Hansen Technologies,,"Burr Ridge, 6827 High Grove Blvd.",,,,State,2026-08-30T21:43:41.512264Z
5309a5c383b8c7f9,IL,Metavante Corp.,Metavante,,"Elk Grove Village, 881 Busse Hwy",,,,State,2026-08-30T21:43:41.512264Z
cb8dcf803ef5a5d2,IL,Levy Security Corporation,Levy Security,,"Chicago, 8750 W. Bryn Mawr Suite 1000",,,,State,2026-08-30T21:43:41.512264Z
014e7d6e2a02d144,IL,Harland Clarke,Harland Clarke,,"Bolingbrook, 250 Gibraltar Drive",,,,State,2026-08-30T21:43:41.512264Z
46ea1771a4ee2b5a,IL,Plunkett Home Furnishings,Plunkett Home Furnishings,,"Hoffman Estates, 2500 W. Golf Rd. (Hoffman Estates) 885 Sunset Ridge Rd. (Northbrook)",,,,State,2026-08-30T21:43:41.512264Z
35418502ea6a2d92,IL,ARAMARK Education,ARAMARK Education,,"Lake Zurich, 66 Church Street Lake Zurich School District",,,,State,2026-08-30T21:43:41.512264Z
526686da0c417194,IL,Four Seasons Hotel Chicago,Four Seasons Hotel Chicago,,"Chicago, 120 East Delaware Pl",,,,State,2026-08-30T21:43:41.512264Z
4547f427e0c628b2,IL,"ETX Transmissions, Inc.",ETX Transmissions,,"Mundelein, 401 Terrace Drive",,,,State,2026-08-30T21:43:41.512264Z
c349987ec0cfdace,IL,MAG Automation & Controls,MAG Automation & Controls,,"Machesney Park, 4950 Marlin Drive",,,,State,2026-08-30T21:43:41.512264Z
2709e644cb3e1e55,IL,Loparex LLC,Loparex,,"Willowbrook, 7700 Griffin Way",,,,State,2026-08-30T21:43:41.512264Z
441266b916e8f1ac,IL,Stock Building Supply,Stock Building Supply,,"Elgin, 1331 Davis Road",,,,State,2026-08-30T21:43:41.512264Z
405c99ac6cf69356,IL,Technical Concepts,Technical Concepts,,"Mundelein, 1301 Allanson Road",,,,State,2026-08-30T21:43:41.512264Z
0129aac266acddcb,IL,"Corporate Exp. Doc. & Prnt Mgt., Inc.",Corporate Exp. Doc. & Prnt Mgt,,"Crystal Lake, 176 W. Terra Cotta Ave.",,,,State,2026-08-30T21:43:41.512264Z
25555424f918b109,IL,The Women's Treatment Center,Women's Treatment Center,,"Chicago, 140 North Ashland Avenue",,,,State,2026-08-30T21:43:41.512264Z
4436931dbe165f5f,IL,"Anetsberger, LLC",Anetsberger,,"Northbrook, 180 North Anets Drive",,,,State,2026-08-30T21:43:41.512264Z
e032856e5b67fc6d,IL,Crown III Mine,Crown III Mine,,"Farmersville, 2 Mine Avenue",,,,State,2026-08-30T21:43:41.512264Z
4dc3b67fd0ae37df,IL,"AMTEC Precision Products, Inc.",AMTEC Precision Products,,"Elgin, 1355 Holmes Road 1875 Holmes Road",,,,State,2026-08-30T21:43:41.512264Z
3fe2981e9cdcd529,IL,Anixter Warehouse,Anixter Warehouse,,"Alsip, 11939 South Central Avenue",,,,State,2026-08-30T21:43:41.512264Z
142e982c7b953720,IL,"Ready Set Service, LLC",Ready Set Service,,"Elk Grove Village, 1506 Elmhurst Road",,,,State,2026-08-30T21:43:41.512264Z
386ecf9faf46c97a,IL,Egyptian Concrete Company,Egyptian Concrete,,"Salem, 749 W. Commercial Street P.O. Box 488",,,,State,2026-08-30T21:43:41.512264Z
19d191b1835661bb,IL,"Nationwide Glove Co., Inc.",Nationwide Glove,,"Harrisburg, 925 Bauman Lane PO Box K",,,,State,2026-08-30T21:43:41.512264Z
0fd2081e8965ffbf,IL,Kellogg Company - Gardner Bakery,Kellogg Company - Gardner Bakery,,"Gardner, 423 Industry Avenue",,,,State,2026-08-30T21:43:41.512264Z
24e77c72e2526b64,IL,"Mount Vernon Neon, Inc.",Mount Vernon Neon,,"Mt. Vernon, One Neon Drive",,,,State,2026-08-30T21:43:41.512264Z
9d7942f2b6c7bed1,IL,"Comcast Spotlight, LLC",Comcast Spotlight,,"Chicago, 8745 West Higgins Road Suite 400",,,,State,2026-08-30T21:43:41.512264Z
aa994ecdf7410d15,IL,"Relational, LLC",Relational,,"Rolling Meadows, 3701 Algonquin Road Suites 500 & 600",,,,State,2026-08-30T21:43:41.512264Z
06d62a6baef40886,IL,Wyndham Suites Glenview Hotel,Wyndham Suites Glenview Hotel,,"Glenview, 1400 Milwaukee Avenue",,,,State,2026-08-30T21:43:41.512264Z
99a5da8a8921f188,IL,Neurologic & Orthopedic Hospital of Chicago,Neurologic & Orthopedic Hospital of Chicago,,"Chicago, 4501 North Winchester",,,,State,2026-08-30T21:43:41.512264Z
68ddf45cb83a9d21,IL,West Corporation,West,,"Loves Park, 1975 Harlem Rd.",,,,State,2026-08-30T21:43:41.512264Z
83d12a91821e85fd,IL,"TD Equity Options, Inc.",TD Equity Options,,"Chicago, 230 South LaSalle Street Suite 688",,,,State,2026-08-30T21:43:41.512264Z
db4bd5de391dd1f2,IL,Olympia Fields Country Club,Olympia Fields Country Club,,"Olympia Fields, 2800 Country Club Dr",,,,State,2026-08-30T21:43:41.512264Z
e3bbef187e3b6292,IL,Fiserv Aurora Customer Operations,Fiserv Aurora Customer Operations,,"Aurora, 444 N. Commerce Suite 100",,,,State,2026-08-30T21:43:41.512264Z
51afc6b2dc7a1f02,IL,XPAC - Division 54,XPAC - Division 54,,"East Peoria, 403 Pillsbury Lane",,,,State,2026-08-30T21:43:41.512264Z
2883b0c476f4bb02,IL,"Pechiney Plastic Packaging, Inc.",Pechiney Plastic Packaging,,"Chicago, 8770 West Bryn Mawr Avenue",,,,State,2026-08-30T21:43:41.512264Z
2616547b9733434b,IL,RoadLink Workforce Solutions,RoadLink Workforce Solutions,,"Elwood, 20200 Ira Morgan Road",,,,State,2026-08-30T21:43:41.512264Z
8ef16de03e241b1d,IL,Transcraft Corporation,Transcraft,,"Anna, 110 Florsheim Drive",,,,State,2026-08-30T21:43:41.512264Z
f7d73647ac7e50df,IL,"NuArt, Inc.",NuArt,,"Bedford Park, 6247 West 74th Street",,,,State,2026-08-30T21:43:41.512264Z
107b2d1ca6ad80eb,IL,"Dolphin Cartage, Inc.",Dolphin Cartage,,"Chicago, 5274 S. Archer Avenue",,,,State,2026-08-30T21:43:41.512264Z
08fab60872ca53f4,IL,"Brunner & Lay, Inc.",Brunner & Lay,,"Franklin Park, 9300 King Avenue PO Box 1329",,,,State,2026-08-30T21:43:41.512264Z
859a6be4d1a7661d,IL,ARGO/Great Central Insurance,ARGO/Great Central Insurance,,"Peoria, 3625 North Sheridan Road",,,,State,2026-08-30T21:43:41.512264Z
4957818eb062ff3f,IL,Teleperformance USA,Teleperformance,,"Oakbrook Terrace, 17 West 642 Butterfield Road",,,,State,2026-08-30T21:43:41.512264Z
2b6c0e4a726b55c7,IL,"Affirmative Services, Inc.",Affirmative Services,,"Burr Ridge, 150 Harvester Drive Suite 300",,,,State,2026-08-30T21:43:41.512264Z
ce2f3a159e144700,IL,"Canopy Financial, Inc.",Canopy Financial,,"Chicago, 230 West Monroe",,,,State,2026-08-30T21:43:41.512264Z
9739b95cf85cb61c,IL,CVS Caremark,CVS Caremark,,"Gurnee, 1100 Lakeside Drive",,,,State,2026-08-30T21:43:41.512264Z
6e4661b54f222da1,IL,Avon Products Inc.,Avon Products,,"Glenview, 1601 Overlook Drive",,,,State,2026-08-30T21:43:41.512264Z
f9b348e700004b78,IL,Wyndham O'Hare Hotel,Wyndham O'Hare Hotel,,"Rosemont, 6810 North Mannheim Road",,,,State,2026-08-30T21:43:41.512264Z
84c72c535266f49d,IL,Asplundh Tree Expert Company,Asplundh Tree Expert,,"Rockford, 425 East State Street",,,,State,2026-08-30T21:43:41.512264Z
db6261b0aff948de,IL,US Food Service,US Food Service,,"Streator, 1 Quality Lane",,,,State,2026-08-30T21:43:41.512264Z
cc0865de91fce496,IL,UST Aviation Services LLC,UST Aviation Services,,"Des Plaines, 168 Touhy Ct",,,,State,2026-08-30T21:43:41.512264Z
10ba0307ee59b005,IL,Sam's Club,Sam's Club,,"Rolling Meadows, 1470 Golf Road",,,,State,2026-08-30T21:43:41.512264Z
f8e20ebf2169170b,IL,US Bank,US Bank,,"Chicago, 1000 E. 111th Street 801 N. Clark Street, 60610",,,,State,2026-08-30T21:43:41.512264Z
ba546061baef8a20,IL,"AHC, Inc.",AHC,,"Peoria, 1101 Main Street Suite 202",,,,State,2026-08-30T21:43:41.512264Z
035a3423aa2d4bb3,IL,Tyco Valves & Controls,Tyco Valves & Controls,,"Prophetstown, 320 Locust",,,,State,2026-08-30T21:43:41.512264Z
b32deff77cd1b58e,IL,Customer Information Services,Customer Information Services,,"Chicago, 10 South Canal Street",,,,State,2026-08-30T21:43:41.512264Z
3e6f2b16ce821072,IL,Howe Developmental Center,Howe Developmental Center,,"Tinley Park, 7600 West 183rd Street",,,,State,2026-08-30T21:43:41.512264Z
40b8aecc178c2689,IL,"Bunge Lauhoff Grain Co./Bunge Milling, Inc.",Bunge Lauhoff Grain Co./Bunge Milling,,"Danville, 321 E. North Street",,,,State,2026-08-30T21:43:41.512264Z
f154e4fd473e3c0d,IL,Colfax Envelope Corp.,Colfax Envelope,,"Buffalo Grove, 951 Commerce Court",,,,State,2026-08-30T21:43:41.512264Z
10416afcfd26d592,IL,Recycled Paper Greetings,Recycled Paper Greetings,,"University Park, 2510 Bond Street",,,,State,2026-08-30T21:43:41.512264Z
3414ae3366dd704a,IL,Kmart,Kmart,,"Woodstock, 2235 South Eastwood Drive",,,,State,2026-08-30T21:43:41.512264Z
49f0ede35fbb8026,IL,Rixson Specialty Door Controls,Rixson Specialty Door Controls,,"Franklin Park, 9100 West Belmont Avenue",,,,State,2026-08-30T21:43:41.512264Z
e8549b2028e763a1,IL,Lifelink Corporation,Lifelink,,"Bensenville, 331 S. York various site locations",,,,State,2026-08-30T21:43:41.512264Z
c815a41ed4bd9d8e,IL,"Pan American Mortgage, LLC",Pan American Mortgage,,"Chicago, 6232 North Pulaski",,,,State,2026-08-30T21:43:41.512264Z
c332f5105d7ebed3,IL,"Shawnee Development Council, Inc.",Shawnee Development Council,,"Karnak, P.O. Box 298",,,,State,2026-08-30T21:43:41.512264Z
a67f54a5eb5a9fd0,IL,East Central Illinois Community Action A,East Central Illinois Community Action A,,"Danville, 56 N. Vermilion Street",,,,State,2026-08-30T21:43:41.512264Z
d85e3fac7309548c,IL,Navistar Financial Corp.,Navistar Financial,,"Schaumburg, 425 N. Martingale",,,,State,2026-08-30T21:43:41.512264Z
67e59213a8e61e7d,IL,Sears Holdings Corporation,Sears Holdings,,"Chicago, 7601 South Cicero Avenue",,,,State,2026-08-30T21:43:41.512264Z
b952adc72c736e42,IL,"Material Sciences Corp/MSC Pre-Finish Metals (EGV), Inc.",Material Sciences Corp/MSC Pre-Finish Metals (EGV),,"Elk Grove Village, 2200 East Pratt Blvd.",,,,State,2026-08-30T21:43:41.512264Z
465a0aab7732af58,IL,Reed Business Information,Reed Business Information,,"Oak Brook, 2000 Clearwater Drive",,,,State,2026-08-30T21:43:41.512264Z
3553625b3930994b,IL,"Kingsway America, Inc.",Kingsway America,,"Elk Grove Village, 150 Northwest Point Blvd.",,,,State,2026-08-30T21:43:41.512264Z
53d36a647d2d7c54,IL,Takeda,Takeda,,"Deerfield, One Takeda Parkway",,,,State,2026-08-30T21:43:41.512264Z
9a9cf59eaba4ba92,IL,FirstMerit Corporation,FirstMerit,,"Melrose Park, 501 West North Avenue",,,,State,2026-08-30T21:43:41.512264Z
abd53ab3b1f4d12d,IL,ESPN Zone,ESPN Zone,,"Chicago, 43 East Ohio Street",,,,State,2026-08-30T21:43:41.512264Z
ae0bae001e7e7862,IL,Pace DuPage,Pace DuPage,,"Addison, 1500 W Fullerton Ave",,,,State,2026-08-30T21:43:41.512264Z
40abab3d0596377c,IL,Harris N.A.,Harris,,"Rockford, 501 Seventh Street",,,,State,2026-08-30T21:43:41.512264Z
ff9fb2a744f8f6d8,IL,"Kehe Distributors, Inc.",Kehe Distributors,,"Romeoville, 900 North Schmidt Road",,,,State,2026-08-30T21:43:41.512264Z
cba6ba1eab702566,IL,Northwestern Memorial Hospital,Northwestern Memorial Hospital,,"Chicago, 251 E. Huron",,,,State,2026-08-30T21:43:41.512264Z
d857cde6c3b911e6,IL,PNC,PNC,,"Chicago, 5635 South Archer Avenue",,,,State,2026-08-30T21:43:41.512264Z
b8608a25b1387264,IL,Bob Evans Farms,Bob Evans Farms,,"Galva, 1001 SW 2nd Street",,,,State,2026-08-30T21:43:41.512264Z
012943b0bc27a21f,IL,Interstate Brands,Interstate Brands,,"Decatur, 756 N Main",,,,State,2026-08-30T21:43:41.512264Z
aee450c9c0865df2,IL,"Claire-Sprayway, Inc.",Claire-Sprayway,,"Addison, 500 S. Vista Avenue",,,,State,2026-08-30T21:43:41.512264Z
9aae3fb22e33141a,IL,Heritage Manor Enterprises,Heritage Manor Enterprises,,"Beardstown, 1501 Canal St",,,,State,2026-08-30T21:43:41.512264Z
16629ba4c29d7f56,IL,"Bridgeview Aerosol, LLC",Bridgeview Aerosol,,"Bridgeview, 8407 South 77th Avenue",,,,State,2026-08-30T21:43:41.512264Z
bd988fe282533d09,IL,"Quad/Graphics, Inc.",Quad/Graphics,,"Schaumburg, 1201 E. Wiley Road",,,,State,2026-08-30T21:43:41.512264Z
639d76f2ad876fe6,IL,StarTek USA Inc.,StarTek,,"Decatur, 1505 W. King Street",,,,State,2026-08-30T21:43:41.512264Z
cf8fa6bce161abd0,IL,Kane County Health Department,Kane County Health Department,,"Multiple, 1240 N. Highland Ave., Aurora 113 S. Grove Ave., Elgin",,,,State,2026-08-30T21:43:41.512264Z
b7775c1202422964,IL,"Harrington, Moran, Barksdale, Inc.","Harrington, Moran, Barksdale",,"Chicago, 8600 W. Bryn Mawr Avenue",,,,State,2026-08-30T21:43:41.512264Z
963e56470d059bdd,IL,"Quality Color Graphics, Inc.",Quality Color Graphics,,"Elk Grove Village, 1100 Kirk Street",,,,State,2026-08-30T21:43:41.512264Z
3b8223522831527f,IL,Chicago Packaging Company,Chicago Packaging,,"Elk Grove Village, 1100 Kirk Street",,,,State,2026-08-30T21:43:41.512264Z
9efbf1b4a5e804a8,IL,Protein Solutions,Protein Solutions,,"Chicago, 4220 S. Kildare Avenue",,,,State,2026-08-30T21:43:41.512264Z
feab956fd5c6dd17,IL,Litchfield Healthcare Center,Litchfield Healthcare Center,,"Litchfield, 1285 East Union Ave.",,,,State,2026-08-30T21:43:41.512264Z
4981ee42a554d4b5,IL,"Asset Acceptance, LLC",Asset Acceptance,,"Chicago, 55 East Jackson Suite 1600",,,,State,2026-08-30T21:43:41.512264Z
5673719824fd749c,IL,"Oshkosh Specialty Vehicles, Inc.",Oshkosh Specialty Vehicles,,"Calumet City, 16745 S. Lathrop Ave., Harvey, IL 60426 2150 E. Dolton Road",,,,State,2026-08-30T21:43:41.512264Z
8e5166d94944ce6e,IL,"A.D. Conner, Inc.",A.D. Conner,,"Frankfort, 160 LaGrange Road P.O. Box 70",,,,State,2026-08-30T21:43:41.512264Z
05bf2a241a35f6a2,IL,"Replogle Globes, Inc.",Replogle Globes,,"Broadview, 2801 South 25th Avenue",,,,State,2026-08-30T21:43:41.512264Z
0874907c73900af7,IL,Rail Terminal Services,Rail Terminal Services,,"Chicago, 3526 West 43rd Street",,,,State,2026-08-30T21:43:41.512264Z
0d20908fc7cf6aeb,IL,Thomas & Herbert CVP LLC,Thomas & Herbert CVP,,"Chicago, 2750 W. Roosevelt Road Chicago, IL 60608 1741-49 E. 75th Street",,,,State,2026-08-30T21:43:41.512264Z
cca88e59602a5f3b,IL,Gallant Greetings Corp.,Gallant Greetings,,"Schiller Park, 4300 United Parkway",,,,State,2026-08-30T21:43:41.512264Z
98359b3e77756881,IL,Holiday Inn Select Naperville,Holiday Inn Select Naperville,,"Naperville, 1801 North Naper Blvd.",,,,State,2026-08-30T21:43:41.512264Z
088f45cd6eaf4e9b,IL,Illinois Quadel Consulting Corp.,Illinois Quadel Consulting,,"Chicago, 916 S Wabash Ave Ste 100 2750 West Roosevelt",,,,State,2026-08-30T21:43:41.512264Z
2a224c046c70b5b6,IL,"Lifetime Doors, Inc.",Lifetime Doors,,"Watseka, 317 S. Old US #24",,,,State,2026-08-30T21:43:41.512264Z
5adf5d4f0b6119e6,IL,National Envelope,National Envelope,,"Elk Grove Village, 2001 Arthur Avenue",,,,State,2026-08-30T21:43:41.512264Z
2151a73722a6c0e0,IL,Dehler Manufacturing Com,Dehler Manufacturing Com,,"Chicago, 5801 W Dickens Ave",,,,State,2026-08-30T21:43:41.512264Z
fc5cce88455bcdfb,IL,Pappadeaux Seafood Kitchen,Pappadeaux Seafood Kitchen,,"Arlington Heights, 798 Algonquin Road",,,,State,2026-08-30T21:43:41.512264Z
7a8c772650c51d9f,IL,Primary Care Business Unit,Primary Care Business Unit,,"Schaumburg, 1901 N Roselle Rd Ste 200",,,,State,2026-08-30T21:43:41.512264Z
83e37e0883b78674,IL,DeepDiscount.com,DeepDiscount.com,,"Ottawa, 421 East Stevenson Blvd.",,,,State,2026-08-30T21:43:41.512264Z
88d8d3c5d6b6f38a,IL,"Electrolux Home Care Products, Inc.",Electrolux Home Care Products,,"Bloomington, 807 N. Main Street",,,,State,2026-08-30T21:43:41.512264Z
08763dc958c04489,IL,Kaplan University,Kaplan University,,"Chicago, 550 W. Van Buren Street, 7th Floor",,,,State,2026-08-30T21:43:41.512264Z
a7304e544df9bf19,IL,The State Journal-Register,State Journal-Register,,"Springfield, One Copley Plaza PO Box 219",,,,State,2026-08-30T21:43:41.512264Z
63216c364a36d892,IL,Gendex Dental Systems,Gendex Dental Systems,,"Des Plaines, 901 West Oakton",,,,State,2026-08-30T21:43:41.512264Z
d5970c5cc43edb3e,IL,"Innerpac, LLC and RTS Packaging, LLC","Innerpac, LLC and RTS Packaging",,"Cicero, 1942 S. Laramie Avenue",,,,State,2026-08-30T21:43:41.512264Z
b788963148f71477,IL,Kmart #3271,Kmart,,"Franklin Park, 10205 Grand Avenue",,,,State,2026-08-30T21:43:41.512264Z
7376a4e12ff94c09,IL,Kmart #7395,Kmart,,"Washington, 70 Cherry Tree Shop Ctr",,,,State,2026-08-30T21:43:41.512264Z
3ef71eee2ec73b0a,IL,"AGI North America, LLC",AGI North America,,"Jacksonville, 200 Capitol Way",,,,State,2026-08-30T21:43:41.512264Z
13d3a673ec28a514,IL,"Gold Standard Baking, Inc.",Gold Standard Baking,,"Chicago, 250 N. Washtenaw Ave.",,,,State,2026-08-30T21:43:41.512264Z
6b3c84425751e7db,IL,Dynegy Inc. Vermilion Power Station,Dynegy Inc. Vermilion Power Station,,"Oakwood, 10188E 2150N",,,,State,2026-08-30T21:43:41.512264Z
8c9e8fa8ffa571de,IL,"HK Logistics, LLC",HK Logistics,,"Mossville, P.O. Box 259",,,,State,2026-08-30T21:43:41.512264Z
30e8a38dd69a465f,IL,SalonCentric,SalonCentric,,"Dixon, 629 Palmyra Road",,,,State,2026-08-30T21:43:41.512264Z
05efe2b54b8593dc,IL,Renaissance Chicago Oakbrook Hotel,Renaissance Chicago Oakbrook Hotel,,"Oak Brook, 2100 Spring Road",,,,State,2026-08-30T21:43:41.512264Z
51029778aa1f1d17,IL,The Connection,Connection,,"Loves Park, 1975 Harlem Road",,,,State,2026-08-30T21:43:41.512264Z
0a6c9eaee21210ce,IL,"AT&T Mobility Services, LLC",AT&T Mobility Services,,"Schaumburg, 930 National Parkway",,,,State,2026-08-30T21:43:41.512264Z
616dbfca8428c9b9,IL,Temple-Inland,Temple-Inland,,"Northlake, 11600 West Grand Avenue",,,,State,2026-08-30T21:43:41.512264Z
cef577999dfdf269,IL,Marcal Chicago,Marcal Chicago,,"Chicago, 5401 S. Western Blvd.",,,,State,2026-08-30T21:43:41.512264Z
518cc0a1b6317a18,IL,"Ivex Packaging Paper, LLC",Ivex Packaging Paper,,"Joliet, 292 Logan Avenue",,,,State,2026-08-30T21:43:41.512264Z
e6529d9f0cea7b20,IL,J C Penneys,J C Penneys,,"Dundee, 2000 Springhill Mall HIghways 31 and 72",,,,State,2026-08-30T21:43:41.512264Z
f33b65e0f416c0e3,IL,"Dish Network Services, LLC",Dish Network Services,,"Rolling Meadows, 2100 East Golf Road, Suite 190",,,,State,2026-08-30T21:43:41.512264Z
f1971f5dcf0835e0,IL,Coach USA Chicago,Coach USA Chicago,,"Chicago, 4400 S. Racine Avenue",,,,State,2026-08-30T21:43:41.512264Z
5a57ff51b192aa1b,IL,HarpoStudios,HarpoStudios,,"Chicago, 110 North Carpenter",,,,State,2026-08-30T21:43:41.512264Z
3cd00c2b4e3dae2f,IL,"CastleRock Security, Inc.",CastleRock Security,,"Arlington Heights, 2101 S. Arlington Heights Rd., Suite 150",,,,State,2026-08-30T21:43:41.512264Z
71ea71594676b764,IL,Bistro 110,Bistro 110,,"Chicago, 110 East Pearson",,,,State,2026-08-30T21:43:41.512264Z
a4f0f95a9fc98dc6,IL,Ryerson,Ryerson,,"Chicago, 2558 West 16th Street",,,,State,2026-08-30T21:43:41.512264Z
9bf89955db68190e,IL,"American TV & Appliance of Madison, Inc.",American TV & Appliance of Madison,,"O'Fallon, 1237 Central Park Drive",,,,State,2026-08-30T21:43:41.512264Z
7dd6c6252b395682,IL,"Nutrition Headquarters, Inc.",Nutrition Headquarters,,"Carbondale, Two Nutrition Plaza",,,,State,2026-08-30T21:43:41.512264Z
d011bc7100be4fa8,IL,"Emmis Radio, LLC",Emmis Radio,,"Chicago, 222 Merchandise Mart Plaza Suite 230",,,,State,2026-08-30T21:43:41.512264Z
ac162f05bba760b9,IL,Consolidated Container Co. LP,Consolidated Container,,"Elk Grove Village, 2727 E. Higgins Road",,,,State,2026-08-30T21:43:41.512264Z
5d9f4926329f1fc7,IL,A-1 Wire Tech Inc.,A-1 Wire Tech,,"Rockford, 4550 Kishwaukee St",,,,State,2026-08-30T21:43:41.512264Z
e6a6273c336ed032,IL,ShopKo,ShopKo,,"Springfield, 3030 Wabash Ave., Spfld. 62704 3001 S. Dirksen Pkwy.",,,,State,2026-08-30T21:43:41.512264Z
570d0589d162b47a,IL,Braxton Seafood Grill,Braxton Seafood Grill,,"Oakbrook, 3 Oakbrook Center",,,,State,2026-08-30T21:43:41.512264Z
f0c845156a3ad0af,IL,Pacific Coast Feather Company,Pacific Coast Feather,,"Des Plaines, 414 E. Golf Road",,,,State,2026-08-30T21:43:41.512264Z
177414a3528d48d9,IL,"OnCor Frozen Foods, LLC",OnCor Frozen Foods,,"Chicago, 1227 West Fulton Street",,,,State,2026-08-30T21:43:41.512264Z
985f903bd7ed4e52,IL,"Schofield Media Group, LLC",Schofield Media Group,,"Chicago, 200 East Randolph Street 70th Floor",,,,State,2026-08-30T21:43:41.512264Z
4a0187448fb7d204,IL,Sun-Times Media,Sun-Times Media,,"Chicago, 2800 South Ashland Avenue",,,,State,2026-08-30T21:43:41.512264Z
f648f0e0bd912113,IL,Greenwich Industries,Greenwich Industries,,"Lake Bluff, 927 North Shore Dr.",,,,State,2026-08-30T21:43:41.512264Z
6f847e6bfdc70467,IL,"Olin Corp., Winchester Division","Olin Corp., Winchester Division",,"East Alton, 600 Powder Mill Road",,,,State,2026-08-30T21:43:41.512264Z
77bf7f37cb87ddf4,IL,"Fortune Brands, Inc.",Fortune Brands,,"Deerfield, 520 Lake Cook Road",,,,State,2026-08-30T21:43:41.512264Z
0f0f97a695447b3d,IL,"Lowe's Home Centers, Inc.",Lowe's Home Centers,,"Elgin, 629 South Randall Road",,,,State,2026-08-30T21:43:41.512264Z
3f9824bcf7191336,IL,"Morse Calipers, Inc.",Morse Calipers,,"Chicago, 850 W. Exchange",,,,State,2026-08-30T21:43:41.512264Z
caf6d4bfb0d0533e,IL,IGOR The Watchdog Corp,IGOR The Watchdog,,"Tinley Park, 7650 Graphic Dr.",,,,State,2026-08-30T21:43:41.512264Z
4152efccfccf7ee2,IL,Swissport Cargo Services,Swissport Cargo Services,,"Chicago, 610 N. Access Road",,,,State,2026-08-30T21:43:41.512264Z
b1f639da73804ae4,IL,Office Depot,Office Depot,,"Lansing, 16801 S. Exchange Street",,,,State,2026-08-30T21:43:41.512264Z
029f9fd05a305990,IL,"Aramark Services, Inc.",Aramark Services,,"Chicago, Chase Tower, 10 S. Dearborn",,,,State,2026-08-30T21:43:41.512264Z
982b0d0e01319ef3,IL,ProBuild,ProBuild,,"Yorkville, 204 W. Wheaton Ave.",,,,State,2026-08-30T21:43:41.512264Z
f055ccca00062ab7,IL,Rich Products Corporation,Rich Products,,"Wheeling, 555 Allendale",,,,State,2026-08-30T21:43:41.512264Z
09a919b62c241afa,IL,Hickory Ridge Marriott Conference Center,Hickory Ridge Marriott Conference Center,,"Lisle, 1195 Summerhill Drive",,,,State,2026-08-30T21:43:41.512264Z
13c9e407b479ba18,IL,Milgard Manufacturing,Milgard Manufacturing,,"Aurora, 1785 North Edgelawn Drive",,,,State,2026-08-30T21:43:41.512264Z
4f10e5731c57a7d4,IL,Rockford Register Star,Rockford Register Star,,"Rockford, 99 East State Street",,,,State,2026-08-30T21:43:41.512264Z
23017ae93afaae72,IL,Ameren Energy Generating Co.,Ameren Energy Generating,,"Meredosia, 800 S. Washington Street PO Box 349",,,,State,2026-08-30T21:43:41.512264Z
ebf3806989ceb393,IL,Roscor Corporation,Roscor,,"Mount Prospect, 1061 Feehanville Drive",,,,State,2026-08-30T21:43:41.512264Z
944044fc5e4c4d86,IL,Tinley Park Mental Health Center,Tinley Park Mental Health Center,,"Tinley Park, 7600 West 183rd Street",,,,State,2026-08-30T21:43:41.512264Z
3f2bb92525a69eb9,IL,Computer Sciences Corporation,Computer Sciences,,"Oakbrook Terrace, 1 Tower Lane, Suite 400 Hyatt/RSS",,,,State,2026-08-30T21:43:41.512264Z
c4920e9ab7c4764c,IL,"Syms Corp and Filene's Basement, LLC",Syms Corp and Filene's Basement,,"Chicago, 1 North State Street 60602 830 N Michigan Ave.",,,,State,2026-08-30T21:43:41.512264Z
46bd9db20cda5499,IL,"Premier Warehousing Ventures, LLC",Premier Warehousing Ventures,,"Elwood, 26537 & 26453 Center Point Drive",,,,State,2026-08-30T21:43:41.512264Z
34c72213a4c1cd15,IL,"Parallel Employment Group of IL, Inc.",Parallel Employment Group of IL,,"Chicago, 3520 W. Fullerton",,,,State,2026-08-30T21:43:41.512264Z
29244c1b1908c4e6,IL,Elmhurst Memorial Healthcare,Elmhurst Memorial Healthcare,,"Elmhurst, 200 Berteau Avenue",,,,State,2026-08-30T21:43:41.512264Z
1b5ab2f7ebc71c60,IL,"Bekins Van Lines, LLC",Bekins Van Lines,,"Hillside, 330 S. Mannheim Road",,,,State,2026-08-30T21:43:41.512264Z
dad01d28d21f0852,IL,Goodrich Corporation,Goodrich,,"Barrington, 550 W. Northwest Highway",,,,State,2026-08-30T21:43:41.512264Z
12fc77068b4c5782,IL,Garden Fresh Market,Garden Fresh Market,,"Arlington Heights, 600 East Rand Road",,,,State,2026-08-30T21:43:41.512264Z
23e44d21323088c6,IL,Rolf's Patisserie,Rolf's Patisserie,,"Lincolnwood, 4343 W. Touhy Avenue",,,,State,2026-08-30T21:43:41.512264Z
af74fdf79cc865ce,IL,Bloomingdale's Oak Brook Center Home Store,Bloomingdale's Oak Brook Center Home Store,,"Oak Brook, Four Oak Brook Center",,,,State,2026-08-30T21:43:41.512264Z
3d31cff25e4f12e4,IL,"Rexam Consumer Products, Inc.",Rexam Consumer Products,,"Buffalo Grove, 700 Corporate Grove Drive",,,,State,2026-08-30T21:43:41.512264Z
4f06a576183dcb97,IL,"Rotonics Manufacturing, Inc.",Rotonics Manufacturing,,"Bensenville, 736 Birginal Drive",,,,State,2026-08-30T21:43:41.512264Z
3c3f39520b5a7036,IL,Illinois Bell Network Reliability Center,Illinois Bell Network Reliability Center,,"Chicago, 10 South Canal Street",,,,State,2026-08-30T21:43:41.512264Z
30513eed3f9387fe,IL,Health Alliance Medical Plans,Health Alliance Medical Plans,,"Peoria, 209 West R.B. Garrett Avenue",,,,State,2026-08-30T21:43:41.512264Z
82e167575ab916ac,IL,"Dearborn Wholesale Grocers, L.P.",Dearborn Wholesale Grocers,,"Chicago, 2801 S. Western Avenue",,,,State,2026-08-30T21:43:41.512264Z
3eb1eae96e100a6f,IL,Hull House Association,Hull House Association,,"Chicago, 1030 W Van Buren St",,,,State,2026-08-30T21:43:41.512264Z
ad0da280848a6892,IL,Network Solutions,Network Solutions,,"Belleville, 1 Bronze Pointe, Suite 1-C",,,,State,2026-08-30T21:43:41.512264Z
6af6f5b89fb9aea5,IL,"Equable Ascent Financial, LLC",Equable Ascent Financial,,"Buffalo Grove, 1120 W. Lake Cook Road",,,,State,2026-08-30T21:43:41.512264Z
06e4f718dcfdbce2,IL,Central Garden and Pet,Central Garden and Pet,,"Elk Grove Village, 2121 Touhy Avenue 1850 Touhy Avenue",,,,State,2026-08-30T21:43:41.512264Z
a65eb5cfdc81c1a6,IL,MetLife,MetLife,,"Oak Brook, 2015 Spring Road",,,,State,2026-08-30T21:43:41.512264Z
723de23c3a32e523,IL,Appetizers And Inc.,Appetizers And,,"Chicago, 2555 North Elston Avenue",,,,State,2026-08-30T21:43:41.512264Z
3c11a37e0110458b,IL,"Playboy Enterprises, Inc.",Playboy Enterprises,,"Chicago, 680 North Lake Shore Drive",,,,State,2026-08-30T21:43:41.512264Z
10599ac29a2a5d83,IL,Alberto Culver USA,Alberto Culver,,"Melrose Park, 2525 Armitage Ave",,,,State,2026-08-30T21:43:41.512264Z
105e28c596484609,IL,"Calmark, Inc.",Calmark,,"Chicago, 1400 West 44th Street",,,,State,2026-08-30T21:43:41.512264Z
94eb99b9f3eb532a,IL,Family Service/Comm. Mntl Hlth Center,Family Service/Comm. Mntl Hlth Center,,"McHenry, 4100 Veterans Parkway",,,,State,2026-08-30T21:43:41.512264Z
1312649a675b54bc,IL,Grubb & Ellis Company,Grubb & Ellis,,"Chicago, 500 West Monroe Street, Suite 2900",,,,State,2026-08-30T21:43:41.512264Z
c2afbd377a957638,IL,Diversapack,Diversapack,,"Marengo, 201 N. Prospect St.",,,,State,2026-08-30T21:43:41.512264Z
2ae6ed8a6ae8e4f2,IL,Graham Packaging Company,Graham Packaging,,"West Chicago, 1300 Nuclear Drive",,,,State,2026-08-30T21:43:41.512264Z
294ecb4d0bbd0677,IL,"Earthgrains Baking Companies, Inc.",Earthgrains Baking,,"Rock Island, 435 34th Avenue",,,,State,2026-08-30T21:43:41.512264Z
10e5149c6b6636c6,IL,Alternative Behavior Treatment Centers,Alternative Behavior Treatment Centers,,"Mundelein, 27255 North Fairfield Road",,,,State,2026-08-30T21:43:41.512264Z
f7941c416a9eba22,IL,"Sycamore Systems, L.L.C.",Sycamore Systems,,"Sycamore, 449 N California St",,,,State,2026-08-30T21:43:41.512264Z
b2af234d365d20d4,IL,Eurest Dining Services,Eurest Dining Services,,"Peoria, 1501 West Bradley Avenue",,,,State,2026-08-30T21:43:41.512264Z
53efbf4157851f85,IL,All Faith Pavilion,All Faith Pavilion,,"Chicago, 3500 S. Giles",,,,State,2026-08-30T21:43:41.512264Z
f07b3179fd389b19,IL,"Afni, Inc.",Afni,,"Peoria, 8116 N Hale Ave",,,,State,2026-08-30T21:43:41.512264Z
34364f6fd6aa3b39,IL,Best Buy,Best Buy,,"Deerfield, 1100 N. Rt 83, Mundelein 60060 200 S. Waukegan Rd.",,,,State,2026-08-30T21:43:41.512264Z
7fb214f819fbbf08,IL,Aviva USA,Aviva,,"Chicago, 300 North LaSalle Street",,,,State,2026-08-30T21:43:41.512264Z
956f6b7cca7bfef5,IL,Midas International,Midas International,,"Itasca, 1300 N Arlington Heights Rd",,,,State,2026-08-30T21:43:41.512264Z
0480ba48f882344d,IL,"Hostess Brands, Inc.",Hostess Brands,,"Hodgkins, Additional locations 7225 Santa Fe Dr",,,,State,2026-08-30T21:43:41.512264Z
311faec89f0600ef,IL,Kmart 3032,Kmart 3032,,"Waukegan, 3110 Belvidere Road",,,,State,2026-08-30T21:43:41.512264Z
d84c6e9667f05698,IL,Caterpillar Building STRF,Caterpillar Building STRF,,"Peoria, 2223 W. Altorfer Drive",,,,State,2026-08-30T21:43:41.512264Z
f0a13e92d1531795,IL,"North Central Behavioral Health Systems, Inc.",North Central Behavioral Health Systems,,"McHenry, 4100 Veterans Parkway",,,,State,2026-08-30T21:43:41.512264Z
7e593b39015da095,IL,"Stock Yards Packing Co., Inc.",Stock Yards Packing,,"Chicago, 340 N. Oakley Blvd.",,,,State,2026-08-30T21:43:41.512264Z
005a3433cbadda56,IL,PNC Bank,PNC Bank,,"Westchester, 2121 S. Mannheim Road",,,,State,2026-08-30T21:43:41.512264Z
2a7217abd42a09bd,IL,"SVT, LLC",SVT,,"Hanover Park, 7580 Barrington Avenue",,,,State,2026-08-30T21:43:41.512264Z
0711ac163c6b1b6e,IL,"LAWSON PRODUCTS, INC.",Lawson Products,,"Des Plaines, 1666 E. Touhy Avenue",,,,State,2026-08-30T21:43:41.512264Z
3938e4f44b688785,IL,Whole Foods Market,Whole Foods Market,,"Palatine, 1331 N. Rand Road",,,,State,2026-08-30T21:43:41.512264Z
6275f29a65cd3169,IL,"Cision U.S., Inc.",Cision U.S,,"Chicago, 332 South Michigan, Suite 800",,,,State,2026-08-30T21:43:41.512264Z
199f60619366f5bc,IL,"Midwest Generation, LLC",Midwest Generation,,"Chicago, 1111 W. Cermak Road, 60608 3501 S. Pulaski Road",,,,State,2026-08-30T21:43:41.512264Z
c197baf5440c7c02,IL,DPI Specialty Foods-Midwest,DPI Specialty Foods-Midwest,,"Arlington Heights, 600 East Brook Drive",,,,State,2026-08-30T21:43:41.512264Z
ccb17d86de2cddef,IL,"Honeywell, Inc./Honeywell Metropolis Works","Honeywell, Inc./Honeywell Metropolis Works",,"Metropolis, 2768 North Hwy 45 North",,,,State,2026-08-30T21:43:41.512264Z
0a8e1c9128d97b55,IL,"Integrated Airline Services, Inc.",Integrated Airline Services,,"Franklin Park, 11301 Irving Park Rd",,,,State,2026-08-30T21:43:41.512264Z
14a5620200ceb936,IL,Singer Mental Health & Developmental Center,Singer Mental Health & Developmental Center,,"Rockford, 4402 North Main Street",,,,State,2026-08-30T21:43:41.512264Z
5d9427e7973d5b67,IL,Jacksonville Developmental Center,Jacksonville Developmental Center,,"Jacksonville, 1201 South Main",,,,State,2026-08-30T21:43:41.512264Z
9cdc4c88ccb9c291,IL,Comcast,Comcast,,"Oak Brook, 2001 York Road",,,,State,2026-08-30T21:43:41.512264Z
30dd1e6c2eb6bdc6,IL,"ARAMARK Correctional Services, LLC",ARAMARK Correctional Services,,"Chicago, 2700 South California Avenue",,,,State,2026-08-30T21:43:41.512264Z
71e66d887fb1fc7a,IL,"Ansel Hawkeye, Inc.",Ansel Hawkeye,,"Beardstown, 2101 Wall Street Extension",,,,State,2026-08-30T21:43:41.512264Z
8d22f1033be7c54d,IL,J C Whitney,J C Whitney,,"La Salle, 761 Progress Pkwy",,,,State,2026-08-30T21:43:41.512264Z
ee0e3377d97d9849,IL,ThyssenKrupp Manufacturing LLC,ThyssenKrupp Manufacturing,,"Roanoke, 509 Front Street",,,,State,2026-08-30T21:43:41.512264Z
91bc8ac7e43a2e92,IL,State Farm,State Farm,,"Tinley Park, Chicago South Operations Center 8505 West 183rd St., Suites 100/200",,,,State,2026-08-30T21:43:41.512264Z
e2d3e3d8d7e378d2,IL,"Book Wholesalers, Inc.",Book Wholesalers,,"McHenry, 1340 Ridgeview Drive",,,,State,2026-08-30T21:43:41.512264Z
474178901f6c4a47,IL,Kmart #9331,Kmart,,"Fairview Heights, 6525 North Illinois",,,,State,2026-08-30T21:43:41.512264Z
f9b877698b823983,IL,Sears Product Rebuild Center,Sears Product Rebuild Center,,"Melrose Park, 2063 North George Street",,,,State,2026-08-30T21:43:41.512264Z
f64d9f7e87109f2e,IL,"Vonachen Services, Inc.",Vonachen Services,,"Pontiac, 1300 Airport Road",,,,State,2026-08-30T21:43:41.512264Z
85f2b715b0f5fc47,IL,The Sutton Place Hotel,Sutton Place Hotel,,"Chicago, 21 East Bellevue Place",,,,State,2026-08-30T21:43:41.512264Z
4d8834cd2cc803aa,IL,"Menzies Aviation (texas), Inc.",Menzies Aviation (texas),,"Chicago, Chicago O'hare Int'l Airport South Access Road, Building 616",,,,State,2026-08-30T21:43:41.512264Z
8ed7b28496329c0b,IL,TMK IPSCO,TMK Ipsco,,"Downers Grove, 2650 Warrenville Road Suite 700",,,,State,2026-08-30T21:43:41.512264Z
3fc6d5e3b8a9e8cb,IL,Bunge Milling,Bunge Milling,,"Kankakee, 1481 Grinnell Road",,,,State,2026-08-30T21:43:41.512264Z
1875a3f03623344e,IL,US Cellular Corp.,US Cellular,,"Bolingbrook, 245 Crossroads Parkway, Unit A",,,,State,2026-08-30T21:43:41.512264Z
da3d5807a02fc641,IL,Buca di Beppo Italian Restaurant,Buca di Beppo Italian Restaurant,,"Chicago, 521 Rush Street",,,,State,2026-08-30T21:43:41.512264Z
db0945e722f9ad8e,IL,"PCCW Teleservices (US), Inc.",PCCW Teleservices (US),,"Quincy, 1400 N 30th, Suite 16",,,,State,2026-08-30T21:43:41.512264Z
3dc6418376bfd2ce,IL,"Doblin, Inc.",Doblin,,"Chicago, 111 E. Wacker Drive, Suite 300",,,,State,2026-08-30T21:43:41.512264Z
3dd40d536fcfe7f3,IL,"World Kitchen, LLC",World Kitchen,,"Monee, 5800 West Industrial Drive",,,,State,2026-08-30T21:43:41.512264Z
08c466fe3e84eecd,IL,R.S. Owens Company,R.S. Owens,,"Chicago, 5535 N. Lynch Avenue",,,,State,2026-08-30T21:43:41.512264Z
772bce1de43cf7e9,IL,Willow Lake Mine,Willow Lake Mine,,"Equality, 420 Long Lane Road",,,,State,2026-08-30T21:43:41.512264Z
07d8d78e2f9a238c,IL,Lindgren Family LLC,Lindgren Family,,"Glendale Heights, 400 High Grove Blvd",,,,State,2026-08-30T21:43:41.512264Z
92ec8dd98e6932ce,IL,"MaRyan Mining, LLC",MaRyan Mining,,"Carlinville, Shay No. 1 mine 14399 Brushy Mound Road",,,,State,2026-08-30T21:43:41.512264Z
e0395a01fbba0ca9,IL,Science Applications International Corp.,Science Applications International,,"O'Fallon, 604 Tyler St., Scott AFB, IL 62225 620 Pierce Blvd.",,,,State,2026-08-30T21:43:41.512264Z
edad398c760d4ef7,IL,Sun-Times Media (The Beacon News),Sun-Times Media (The Beacon News),,"Aurora, 495 N Commons Dr., Suite 200",,,,State,2026-08-30T21:43:41.512264Z
007845dca0955cf3,IL,Walgreens,Walgreens,,"Berkeley, 5300 St. Charles Road",,,,State,2026-08-30T21:43:41.512264Z
afeac8a721a321a1,IL,Georgia-Pacific Corrugated LLC,Georgia-Pacific Corrugated,,"Chicago, 440 East 138th Street",,,,State,2026-08-30T21:43:41.512264Z
4a8fafd09975a6d8,IL,"L3 Electrodynamics, Inc.",L3 Electrodynamics,,"Rolling Meadows, 1200 Hicks Road",,,,State,2026-08-30T21:43:41.512264Z
b37f104e54adddbf,IL,General Cable,General Cable,,"Des Plaines, 1780 Birchwood Avenue",,,,State,2026-08-30T21:43:41.512264Z
052ddb5a678aa941,IL,ARL Peoria Management LLC,ARL Peoria Management,,"Peoria, 500 Hamilton Avenue",,,,State,2026-08-30T21:43:41.512264Z
e06846cad13c1292,IL,Portola Packaging,Portola Packaging,,"Batavia, 951 Douglas Road",,,,State,2026-08-30T21:43:41.512264Z
3d429b3d83941c07,IL,"FreightCar America, Inc.",FreightCar America,,"Danville, 2313 Cannon Street",,,,State,2026-08-30T21:43:41.512264Z
3b33e0deec2af138,IL,John Costigan Residential Center,John Costigan Residential Center,,"Streamwood, 1360 East Irving Park Road",,,,State,2026-08-30T21:43:41.512264Z
62c19161ecf4fe65,IL,Schneider National Distribution Center,Schneider National Distribution Center,,"Elwood, 26453 Center Pointe Drive",,,,State,2026-08-30T21:43:41.512264Z
1eff7e69c7a44b7d,IL,"Vie de France Yamazaki, Inc.",Vie de France Yamazaki,,"Bensenville, 1049 Industrial Drive",,,,State,2026-08-30T21:43:41.512264Z
3a3c77901cecc190,IL,Embassy Suites Chicago Downtown,Embassy Suites Chicago Downtown,,"Chicago, 511 N. Columbus Drive",,,,State,2026-08-30T21:43:41.512264Z
b11cc5b29f10938a,IL,Swissotel Chicago,Swissotel Chicago,,"Chicago, 323 E Wacker Dr",,,,State,2026-08-30T21:43:41.512264Z
39740140ad6966b2,IL,Westlake Hospital,Westlake Hospital,,"Melrose Park, 1225 W Lake Street",,,,State,2026-08-30T21:43:41.512264Z
988440bade56bc0d,IL,"NanoInk, Inc.",NanoInk,,"Skokie, 8025 Lamon Avenue",,,,State,2026-08-30T21:43:41.512264Z
30dd1f22fac09982,IL,Ball Metal Beverage Packaging,Ball Metal Beverage Packaging,,"Elgin, 1717 Gifford Road",,,,State,2026-08-30T21:43:41.512264Z
67f6b34a0a9723a2,IL,Marriott Mag Mile,Marriott Mag Mile,,"Chicago, 540 N. Michigan Ave.",,,,State,2026-08-30T21:43:41.512264Z
5306a7a3d81ea60e,IL,Chartwells Dining Services,Chartwells Dining Services,,"Carbondale, 1255 Lincoln Drive",,,,State,2026-08-30T21:43:41.512264Z
d6367bc2c345bba7,IL,Texas de Brazil (North Bridge) Corp. Restaurant,Texas de Brazil (North Bridge) Corp. Restaurant,,"Chicago, 51 East Ohio Street",,,,State,2026-08-30T21:43:41.512264Z
b76ac66353b2e393,IL,"Bethel New Life, Inc.",Bethel New Life,,"Chicago, 4950 W. Thomas",,,,State,2026-08-30T21:43:41.512264Z
8ef639f501386e97,IL,Agency EA,Agency EA,,"Chicago, 311 W. Walton",,,,State,2026-08-30T21:43:41.512264Z
007cc9a4e9b21668,IL,US Cellular,US Cellular,,"Naperville, Multiple DuPage County sites Bloomingdale, Darien, Itasca",,,,State,2026-08-30T21:43:41.512264Z
93000d74ec965549,IL,"Shell Vacations, LLC",Shell Vacations,,"Northbrook, 600 W. Chicago Ave., Ste 690 Chicago 60654 40 Skokie Blvd., Ste 350",,,,State,2026-08-30T21:43:41.512264Z
d096ccf839884c28,IL,Mitsubishi International Corporation,Mitsubishi International,,"Chicago, Chicago Branch Office",,,,State,2026-08-30T21:43:41.512264Z
3d4ad92f9018d0ec,IL,"Ultra Stores, Inc.",Ultra Stores,,"Chicago, 122 S. Michigan Ave., Suite 800",,,,State,2026-08-30T21:43:41.512264Z
14f975185b94135f,IL,Banner Schools LLC,Banner Schools,,"Chicago, 4 locations",,,,State,2026-08-30T21:43:41.512264Z
71ab3b8ddca2a725,IL,Wells Fargo Home Mortgage,Wells Fargo Home Mortgage,,"Lombard, 1 E 22nd Street",,,,State,2026-08-30T21:43:41.512264Z
b1a22d2a651f60a1,IL,HSBC Bank,HSBC Bank,,"Elmhurst, 961 Weigel Dr.",,,,State,2026-08-30T21:43:41.512264Z
99a0e68763919813,IL,ITW Tomco,ITW Tomco,,"Tinley Park, 18531 Spring Creek Drive",,,,State,2026-08-30T21:43:41.512264Z
20d3907375c32711,IL,"Chelsea & Scott, Ltd.",Chelsea & Scott,,"Lake Bluff, 75 Albrecht Dr",,,,State,2026-08-30T21:43:41.512264Z
ad9bc5f561dc4ddb,IL,Applebee's,Applebee's,,"Lake County, multiple Lake County locations",,,,State,2026-08-30T21:43:41.512264Z
226c86de09fe63ce,IL,"TransCore, LP",TransCore,,"Lisle, 2100 Western Court, Suite 150",,,,State,2026-08-30T21:43:41.512264Z
ab9283c2c152e23e,IL,Hubbell Electric Products Inc,Hubbell Electric Products,,"South Holland, 16750 Vincennes Ave Ste 1",,,,State,2026-08-30T21:43:41.512264Z
90e590628fe453c8,IL,"Commercial Vehicle Group, Inc.",Commercial Vehicle Group,,"DeKalb, 310 Dietz Street",,,,State,2026-08-30T21:43:41.512264Z
c1fea5c9aadcf651,IL,Allstate Print Communication Center,Allstate Print Communication Center,,"Wheeling, 1600 S. Wolf Road",,,,State,2026-08-30T21:43:41.512264Z
f3abdd00bc1f578b,IL,"Berkeley Contract Packaging, LLC",Berkeley Contract Packaging,,"Edwardsville, 5628 Inner Park Drive",,,,State,2026-08-30T21:43:41.512264Z
2232e569853e41ec,IL,"Dik Drug Company, LLC",Dik Drug,,"Burr Ridge, 160 Tower Drive",,,,State,2026-08-30T21:43:41.512264Z
4107b5b608bf3f4e,IL,The Testor Corporation,Testor,,"Rockford, 440 Blackhawk Park Avenue",,,,State,2026-08-30T21:43:41.512264Z
bdeed37e0fa74048,IL,The D.B. Hess Company,D.B. Hess,,"Woodstock, 1530 McConnell Road",,,,State,2026-08-30T21:43:41.512264Z
cfbe0d53f91c4903,IL,"KBR, Inc.",KBR,,"Chicago, 222 South Riverside Plaza",,,,State,2026-08-30T21:43:41.512264Z
a46a46932eb91a73,IL,"AbbVie, Inc.",AbbVie,,"North Chicago, 1 North Waukegan Road",,,,State,2026-08-30T21:43:41.512264Z
5c507e6b3df0dfef,IL,Filtration Group,Filtration Group,,"Joliet, 912 E. Washington St.",,,,State,2026-08-30T21:43:41.512264Z
1b535970bd544e20,IL,Sacred Heart Hospital,Sacred Heart Hospital,,"Chicago, 3240 West Franklin Blvd.",,,,State,2026-08-30T21:43:41.512264Z
2bda30511b1b1e6b,IL,Citibank N.A.,Citibank,,"Danville, 1901 East Voorhess Street",,,,State,2026-08-30T21:43:41.512264Z
fe3a47eac9adf6df,IL,Charitable Resource Foundation,Charitable Resource Foundation,,"Kewanee, 200 East South Street",,,,State,2026-08-30T21:43:41.512264Z
f889115bb20e45aa,IL,Comcast Cable,Comcast Cable,,"Schaumburg, 1500 McConner Parkway",,,,State,2026-08-30T21:43:41.512264Z
ff51f9418c8a4583,IL,Grand Victoria Casino,Grand Victoria Casino,,"Elgin, 250 S. Grove",,,,State,2026-08-30T21:43:41.512264Z
1412d9a5d63c372f,IL,Oxbow Midwest Calcining LLC,Oxbow Midwest Calcining,,"Lemont, 12308 South New Avenue",,,,State,2026-08-30T21:43:41.512264Z
77e3ad7e408f5f3a,IL,Team Services,Team Services,,"Carol Stream, 700-710 Kimberly Drive",,,,State,2026-08-30T21:43:41.512264Z
b8ee7c766fc6f6e6,IL,DACO Inc,DACO,,"North Aurora, 609 Airport Rd",,,,State,2026-08-30T21:43:41.512264Z
be4626fb827bd12a,IL,Bridgeview Bank & Trust Co.,Bridgeview Bank & Trust,,"Chicago, 4753 N. Broadway",,,,State,2026-08-30T21:43:41.512264Z
56cf89a9ae76c877,IL,Third Age Office YMCA,Third Age Office YMCA,,"Chicago, 801 N Dearborn St 4TH FL",,,,State,2026-08-30T21:43:41.512264Z
94f255cbcdd0d9f7,IL,"Sears Hometown & Outlet Stores, Inc.",Sears Hometown & Outlet Stores,,"Melrose Park, 2065 George Street",,,,State,2026-08-30T21:43:41.512264Z
5c4e6fa42f181cca,IL,EOS - CCA,Eos - Cca,,"Tinely Park, 8201 183rd St",,,,State,2026-08-30T21:43:41.512264Z
da68ef5c08c97aa9,IL,JPMorgan Chase & Co.,JPMorgan Chase &,,"Chicago, 10 South Dearborn",,,,State,2026-08-30T21:43:41.512264Z
38c2d953015d38be,IL,BlackBerry Corporation,BlackBerry,,"Rolling Meadows, 2550 W. Golf Road",,,,State,2026-08-30T21:43:41.512264Z
afad18e151987783,IL,Accretive Health,Accretive Health,,"Chicago, 401 N. Michigan Avenue",,,,State,2026-08-30T21:43:41.512264Z
55bae21f417dbc34,IL,"Computershare, Inc.",Computershare,,"Chicago, 2 N. LaSalle",,,,State,2026-08-30T21:43:41.512264Z
2b4f60bd7ef9ba87,IL,"Trinity Hosp., Lutheran Gen. Hosp., Christ Medical Ctr.","Trinity Hosp., Lutheran Gen. Hosp., Christ Medical Ctr",,"Oak Lawn, 2320 E. 93rd Chicago, 1775 Dempster St. Park Ridge 4440 W. 95th",,,,State,2026-08-30T21:43:41.512264Z
941e943e61044591,IL,Prestress Engineering Company LLC,Prestress Engineering,,"Prairie Grove, 2220 Route 176",,,,State,2026-08-30T21:43:41.512264Z
606db5e9b791d853,IL,"Orbitz Worldwide, LLC",Orbitz Worldwide,,"Chicago, 500 W. Madison",,,,State,2026-08-30T21:43:41.512264Z
0e3b42624ad5c3fc,IL,Bennigans,Bennigans,,"Chicago, 150 South Michigan Avenue",,,,State,2026-08-30T21:43:41.512264Z
711bc3ba23c2ae0e,IL,JC's 5 Star Outlet,JC's 5 Star Outlet,,"Machesney Park, 8702 N. 2nd Street",,,,State,2026-08-30T21:43:41.512264Z
21367c8e942f5892,IL,Crothall Laundry Services,Crothall Laundry Services,,"Wheeling, 45 West Hintz Road",,,,State,2026-08-30T21:43:41.512264Z
e26b960ee2f04712,IL,"Siemens Industry, Inc.",Siemens Industry,,"Elgin, 950 Tollgate Road",,,,State,2026-08-30T21:43:41.512264Z
d7913db891d092dc,IL,TPG Staffing LLC,TPG Staffing,,"Des Plaines, Des Plaines, Franklin Park, Joliet & Tinley Park",,,,State,2026-08-30T21:43:41.512264Z
d7b461651ef2e7e8,IL,"Sedgwick Claims Management Svcs., Inc.",Sedgwick Claims Management Svcs,,"Chicago, 547 W. Jackson, Suite 810",,,,State,2026-08-30T21:43:41.512264Z
2f3a4d160706d40d,IL,Dominick's,Dominick's,,"Lake County, Multiple Lake County sites",,,,State,2026-08-30T21:43:41.512264Z
4c58c643e9671837,IL,"Esmark Steel Services Group, Inc.",Esmark Steel Services Group,,"Chicago Heights, 300 Joe Orr Road",,,,State,2026-08-30T21:43:41.512264Z
1606ce2438c9416e,IL,Sylvania Lighting Services,Sylvania Lighting Services,,"Carol Stream, 270 Tubeway",,,,State,2026-08-30T21:43:41.512264Z
19a5d42839c8b9c9,IL,The Larkin Center,Larkin Center,,"Elgin, 1212 Larkin Avenue",,,,State,2026-08-30T21:43:41.512264Z
3fad55f825e44cb2,IL,"PromoWorks, LLC",PromoWorks,,"Schaumburg, 300 N. Martingale Road",,,,State,2026-08-30T21:43:41.512264Z
7b3f9072d0f7dd0c,IL,"SunTrust Mortgage, Inc.",SunTrust Mortgage,,"Schaumburg, 300 Martingale Road",,,,State,2026-08-30T21:43:41.512264Z
445c05c9ecb31b9c,IL,Group O,Group O,,"Joliet, 2200 Channahon Road",,,,State,2026-08-30T21:43:41.512264Z
0daf9ba9e4b3e502,IL,"URS Energy & Construction, Inc.",URS Energy & Construction,,"Warrenville, 4320 Winfield Road",,,,State,2026-08-30T21:43:41.512264Z
7a1fff76bfb2c9be,IL,GE Power & Water,GE Power & Water,,"Chicago, 6045 S. Nottingham",,,,State,2026-08-30T21:43:41.512264Z
05380b88a06e572e,IL,"Randstad Inhouse Services, LP",Randstad Inhouse Services,,"Schaumburg, 1450 American Lane",,,,State,2026-08-30T21:43:41.512264Z
669a80d6c64b405d,IL,Compass Group/Eurest Services,Compass Group/Eurest Services,,"Wheeling, 45 W Hintz",,,,State,2026-08-30T21:43:41.512264Z
6c5c1649d8311814,IL,Berry Plastics Corp,Berry Plastics,,"Alsip, 5750 West 118th Street",,,,State,2026-08-30T21:43:41.512264Z
1b6e58cad56ee38b,IL,"IFCO, Inc.",IFCO,,"Bolingbrook, 400 West Crossroads Parkway",,,,State,2026-08-30T21:43:41.512264Z
2cf83356f45bb561,IL,Career Education Corporation,Career Education,,"Schaumburg, 231 N. Martingale Road",,,,State,2026-08-30T21:43:41.512264Z
8d0650046485ab7f,IL,Home Direct Inc.,Home Direct,,"Hillside, 330 S. Mannheim Rd.",,,,State,2026-08-30T21:43:41.512264Z
ec99d28a568ddce2,IL,Sterling Infosystems,Sterling Infosystems,,"Chicago, 8430 W. Bryn Mawr Ave., Suite 1100",,,,State,2026-08-30T21:43:41.512264Z
614d56a03df0c24e,IL,Philips Consumer Lifestyle,Philips Consumer Lifestyle,,"Roselle, 440 Medinah Road",,,,State,2026-08-30T21:43:41.512264Z
4f257fcf41aee3a2,IL,JP Morgan Chase Bank Mortgage Division,JP Morgan Chase Bank Mortgage Division,,"Downers Grove, 3050 Highland Parkway",,,,State,2026-08-30T21:43:41.512264Z
09a50044043b6b24,IL,Oldcastle BuildingEnvelope,Oldcastle BuildingEnvelope,,"Bensenville, 1001 Foster Avenue",,,,State,2026-08-30T21:43:41.512264Z
d03f44239e01e807,IL,Blue Island Phenol LLC,Blue Island Phenol,,"Alsip, 3350 W. 131st Street",,,,State,2026-08-30T21:43:41.512264Z
0fa2089a5c214b26,IL,"Specialty Foods Group, Inc.",Specialty Foods Group,,"Chicago, 4551 W. Adams Street",,,,State,2026-08-30T21:43:41.512264Z
cf8628bf51e0a38d,IL,"Harmony Health Plan of Illinois, Inc.",Harmony Health Plan of Illinois,,"Chicago, 29 N. Wacker Dr., Suite 300",,,,State,2026-08-30T21:43:41.512264Z
493e08916da7a22b,IL,"Hart & Cooley, Inc.",Hart & Cooley,,"Carol Steam, 815 Kimberly Drive",,,,State,2026-08-30T21:43:41.512264Z
f6a0627f274f05c5,IL,"Sodexo, Inc.",Sodexo,,"Chicago, Univ. of Chicago Medical Center 5841 S. Maryland Ave. Rm A010",,,,State,2026-08-30T21:43:41.512264Z
023eab4caa293d8f,IL,MacPherson's,MacPherson's,,"Elgin, 305 Corporate Drive",,,,State,2026-08-30T21:43:41.512264Z
f1cfe150e7474219,IL,PolyOne Designed Structures and Solutions,PolyOne Designed Structures and Solutions,,"Evanston, 2020 Greenwood Avenue",,,,State,2026-08-30T21:43:41.512264Z
08a1d7584f560f9a,IL,"Passages Hospice, LLC",Passages Hospice,,"Rockford, 929 S. Alpine Rd., Suite 202",,,,State,2026-08-30T21:43:41.512264Z
4c1dcc430361fde3,IL,"Calumet Photographic, Inc.",Calumet Photographic,,"Chicago, 900 W. Bliss Street 1111 N. Cherry Ave.",,,,State,2026-08-30T21:43:41.512264Z
3a168174c142cb55,IL,Southwire Company,Southwire,,"Flora, 11037 Old Hwy 50",,,,State,2026-08-30T21:43:41.512264Z
2b06804af8a9b17e,IL,Maryville Behavioral Health Hospital,Maryville Behavioral Health Hospital,,"Des Plaines, 555 Wilson Lane",,,,State,2026-08-30T21:43:41.512264Z
30ae3a6502466aff,IL,Illinois Bell/AT&T,Illinois Bell/AT&T,,"Hoffman Estates, 2001 Lakewood Blvd.",,,,State,2026-08-30T21:43:41.512264Z
415756a8e3f33482,IL,Nestle USA Pizza Division,Nestle USA Pizza Division,,"Northbrook, 885 Sunset Ridge Road",,,,State,2026-08-30T21:43:41.512264Z
e2b03f66813154ad,IL,"Shure, Inc.",Shure,,"Wheeling, 995 Chaddick Drive",,,,State,2026-08-30T21:43:41.512264Z
eeb95c6e6b2b9c28,IL,Source Interlink Distribution LLC,Source Interlink Distribution,,"McCook, 9450 Serge Drive",,,,State,2026-08-30T21:43:41.512264Z
ff10a05df9b2f8a8,IL,"Lyon, LLC",Lyon,,"Paris, 13571 IL Highway 133",,,,State,2026-08-30T21:43:41.512264Z
b19a9dd859bb2cbd,IL,SUPERVALU INC.,Supervalu,,"Urbana, 2611 N. Lincoln Ave.",,,,State,2026-08-30T21:43:41.512264Z
66930180234e0fd9,IL,Lawrence Hall Youth Services,Lawrence Hall Youth Services,,"Elgin, Multiple Elgin locations",,,,State,2026-08-30T21:43:41.512264Z
b05a859b494d59f8,IL,Sound Solutions Windows & Doors LLC,Sound Solutions Windows & Doors,,"Chicago, 4422 W. 46th Street",,,,State,2026-08-30T21:43:41.512264Z
8d7ea22f7c96322e,IL,Fresenius Medical Care,Fresenius Medical Care,,"Westchester, 1 Westbrook Corporate Center Suite 1000",,,,State,2026-08-30T21:43:41.512264Z
7f7be72e7cad3d29,IL,"Anchor Coupling, Inc",Anchor Coupling,,"Dixon, 1100 Anchor Road",,,,State,2026-08-30T21:43:41.512264Z
6a613a1b386ca23e,IL,lia sophia,lia sophia,,"Wood Dale, 1235 North Mittel Blvd.",,,,State,2026-08-30T21:43:41.512264Z
66b35a5f7d2eda7a,IL,Hot Mama's Foods,Hot Mama's Foods,,"Wheeling, 120 W. Palatine Road",,,,State,2026-08-30T21:43:41.512264Z
7fde2635e5bcc23d,IL,QuadGraphics,QuadGraphics,,"Woodstock, 11595 McConnell Road",,,,State,2026-08-30T21:43:41.512264Z
3ec997988635b72b,IL,Midwest Folding Products Corporation,Midwest Folding Products,,"Chicago, 1414 South Western Avenue",,,,State,2026-08-30T21:43:41.512264Z
342294e346a2ac37,IL,"Intuit, inc.",Intuit,,"Arlington Heights, 75 W. Algonquin Road",,,,State,2026-08-30T21:43:41.512264Z
4c2a51d5b996a061,IL,"Kraft Foods, Inc",Kraft Foods,,"Champaign, 1701 W. Bradley",,,,State,2026-08-30T21:43:41.512264Z
cd9ce4ba95f179d6,IL,RJB Properties,RJB Properties,,"Chicago, 125 South Clark Street",,,,State,2026-08-30T21:43:41.512264Z
fd6d825bfd2807c9,IL,"We Clean Maintenance & Supplies, Inc.",We Clean Maintenance & Supplies,,"Chicago, 125 South Clark Street",,,,State,2026-08-30T21:43:41.512264Z
9b968d28bc38e16d,IL,"Geralex Janitorial Services, Inc.",Geralex Janitorial Services,,"Chicago, 125 South Clark Street",,,,State,2026-08-30T21:43:41.512264Z
5ed252a68a7c6abc,IL,Total Facility Maintenance Inc.,Total Facility Maintenance,,"Wood Dale, 615 Wheat Lane Suite C",,,,State,2026-08-30T21:43:41.512264Z
bcbc67bf50c6cd1e,IL,Brunswick Corp.,Brunswick,,"Lake Forest, 1 North Field Court",,,,State,2026-08-30T21:43:41.512264Z
725f45d8518befe7,IL,Continental Baking Co,Continental Baking,,"Schiller Park, 9555 W Soreng Avenue",,,,State,2026-08-30T21:43:41.512264Z
eb69c025bb5c08a9,IL,Invitation Homes,Invitation Homes,,"Chicago, 5509 N. Cumberland Ave., Suite 505",,,,State,2026-08-30T21:43:41.512264Z
4b653ffa94c707b7,IL,Rehab Care Center of Jackson County,Rehab Care Center of Jackson County,,"Murphysboro, 1441 N. 14th St.",,,,State,2026-08-30T21:43:41.512264Z
5e0f12974b75cb98,IL,"Jim's Formal Wear, LLC",Jim's Formal Wear,,"Ottawa, 909 Clinton Street",,,,State,2026-08-30T21:43:41.512264Z
9938e74d1410599c,IL,PP IL LLC,PP Il,,"Lockport, 15160 S. New Avenue",,,,State,2026-08-30T21:43:41.512264Z
da78b38f79c16064,IL,Microsoft and Nokia Inc.,Microsoft and Nokia,,"Chicago, 425 W. Randolph Street",,,,State,2026-08-30T21:43:41.512264Z
52085b3553c127ac,IL,OfficeMax,OfficeMax,,"Peru, 4428 Hollerich Dr",,,,State,2026-08-30T21:43:41.512264Z
1c57262f2249b87f,IL,Nokia Solutions and Networks,Nokia Solutions and Networks,,"Arlington Heights, 1421, 1455, & 1501 W. Shure Dr.",,,,State,2026-08-30T21:43:41.512264Z
7f12e579cc91e134,IL,"Country Stone Holdings, Inc.",Country Stone Holdings,,"Rock Island, 8002 31st Street West",,,,State,2026-08-30T21:43:41.512264Z
42a0ad6440225e53,IL,Quincy Compressor,Quincy Compressor,,"Quincy, 3501 Wismann Lane",,,,State,2026-08-30T21:43:41.512264Z
83ced75d362b4448,IL,Banco Popular North America,Banco Popular North America,,"Rosemont, 9600 West Bryn Mawr",,,,State,2026-08-30T21:43:41.512264Z
59467e0dcab039f6,IL,Grove Country Club,Grove Country Club,,"Long Grove, 3217 RFD",,,,State,2026-08-30T21:43:41.512264Z
81572af065931314,IL,Continental Furniture,Continental Furniture,,"Chicago, 2743 West 36th Place Other Cook County sites",,,,State,2026-08-30T21:43:41.512264Z
dee37fc518c1044d,IL,Sealy Mattress,Sealy Mattress,,"Batavia, 1030 East Fabyan Parkway",,,,State,2026-08-30T21:43:41.512264Z
5c0e53dfb349f8ad,IL,Ceannate Corp.,Ceannate,,"Rockford, 4021 Morsay Drive",,,,State,2026-08-30T21:43:41.512264Z
9706e6d400c801ed,IL,"GE Zenith Controls, Inc",GE Zenith Controls,,"Chicago, 830 W. 40th Street",,,,State,2026-08-30T21:43:41.512264Z
4fcf5e469c79b3f9,IL,Rosewood Restaurant & Banquets,Rosewood Restaurant & Banquets,,"Rosemont, 9421 W. Higgins Road",,,,State,2026-08-30T21:43:41.512264Z
d229967ef6becc8e,IL,"Superior Health Linens, Inc.",Superior Health Linens,,"Joliet, 490 and 506 Mills Road",,,,State,2026-08-30T21:43:41.512264Z
4041f6cde7bfa5e9,IL,McDonald's Corp.,McDonald's,,"Oak Brook, 2915 Jorie Blvd.",,,,State,2026-08-30T21:43:41.512264Z
5ec1b77159e4e172,IL,Durata Therapeutics,Durata Therapeutics,,"Chicago, 500 W. Monroe, 33rd Floor",,,,State,2026-08-30T21:43:41.512264Z
f24a4b1cb211a41f,IL,AT&T Credit & Collections Center,AT&T Credit & Collections Center,,"Chicago, 225 W. Randolph Street",,,,State,2026-08-30T21:43:41.512264Z
416c71ad465cecb3,IL,"Market Day, LLC",Market Day,,"Elk Grove Village, 1802 Brummel Road",,,,State,2026-08-30T21:43:41.512264Z
7b96ca3f6255deac,IL,"Concentra, Inc.",Concentra,,"Lombard, 2060 Springer Drive",,,,State,2026-08-30T21:43:41.512264Z
9b90390f08be02ab,IL,Rock River Academy & Residential Center,Rock River Academy & Residential Center,,"Rockford, 3445 Elmwood Road",,,,State,2026-08-30T21:43:41.512264Z
60035885b065c770,IL,Accelerated Rehabilitation Centers,Accelerated Rehabilitation Centers,,"Chicago, 205 West Upper Wacker Drive",,,,State,2026-08-30T21:43:41.512264Z
3f08b5ef363bb619,IL,First Transit,First Transit,,"Glenview, 2075 Johns Court",,,,State,2026-08-30T21:43:41.512264Z
5bf1c86906523422,IL,"Hoskins Chevrolet, Inc.",Hoskins Chevrolet,,"Elk Grove Village, 175 N. Arlington Heights Rd.",,,,State,2026-08-30T21:43:41.512264Z
6c51af6e0073cc6b,IL,"Bergstrom, Inc.",Bergstrom,,"Joliet, 540 Joyce Road",,,,State,2026-08-30T21:43:41.512264Z
9d66d60f14b99d4e,IL,APCO Acquisition Company LLC,APCO Acquisition,,"Schaumburg, 1420 Wright Blvd.",,,,State,2026-08-30T21:43:41.512264Z
ba9441a51219846f,IL,"FCA US, LLC",Fca US,,"Belvidere, 3000 West Chrysler Drive",,,,State,2026-08-30T21:43:41.512264Z
9c5521278d348b79,IL,ARYZTA,Aryzta,,"Chicago Heights, 401 E. Joe Orr Road",,,,State,2026-08-30T21:43:41.512264Z
6b3a013ba3505960,IL,Sterling National Bank,Sterling National Bank,,"Chicago, 33 N. LaSalle Street",,,,State,2026-08-30T21:43:41.512264Z
19f0014463bdec2d,IL,"Paladin Eastside Services, Inc.",Paladin Eastside Services,,"Ullin, 1026 Shawnee College Road",,,,State,2026-08-30T21:43:41.512264Z
5edfb1679f455379,IL,Central Beverage Company,Central Beverage,,"Broadview, 2601 South 25th Avenue",,,,State,2026-08-30T21:43:41.512264Z
a50046858b9665cd,IL,"TigerDirect, Inc.",TigerDirect,,"Hoffman Estates, 675 West Golf Road",,,,State,2026-08-30T21:43:41.512264Z
4283592d19f9e72f,IL,"SYX Distribution, Inc.",SYX Distribution,,"Naperville, 175 Ambassador Drive",,,,State,2026-08-30T21:43:41.512264Z
09ef7700aac7d272,IL,"TigerDirect Retail Services, Inc.",TigerDirect Retail Services,,"Naperville, 175 Ambassador Drive",,,,State,2026-08-30T21:43:41.512264Z
98723f65c4f81742,IL,"New Breed Leasing of New Jersey, Inc.",New Breed Leasing of New Jersey,,"Bolingbrook, 850 & 800 S. Veterans Pkwy.",,,,State,2026-08-30T21:43:41.512264Z
177670ae9cbe9396,IL,Randstad Staffing,Randstad Staffing,,"Aurora, 2759 North Eola Road",,,,State,2026-08-30T21:43:41.512264Z
f5a1f12b1e518202,IL,Menlo Logistics,Menlo Logistics,,"Aurora, 2759 N. Eola Road, Ste. C",,,,State,2026-08-30T21:43:41.512264Z
5a3e29f8a3b44435,IL,Jefferies LLC,Jefferies,,"Chicago, 155 N. Wacker Dr., Suite 4200",,,,State,2026-08-30T21:43:41.512264Z
932b3f0747116f65,IL,Southwall Insulated Glass,Southwall Insulated Glass,,"Chicago, 4044 West Ann Lurie Place",,,,State,2026-08-30T21:43:41.512264Z
6e70784eb83e4010,IL,"Pioneer Hi-Bred International, Inc.",Pioneer Hi-Bred International,,"Good Hope, 13150 IL-9",,,,State,2026-08-30T21:43:41.512264Z
bc5218faaf4be0e6,IL,"MXD Group, Inc.",MXD Group,,"Downers Grove, 2001 Butterfield Rd., Suite 1400",,,,State,2026-08-30T21:43:41.512264Z
9ab452596e0d9eb4,IL,"NCO Financial Systems, Inc.",NCO Financial Systems,,"Matteson, 600 Holiday Plaza Dr., Suite 300",,,,State,2026-08-30T21:43:41.512264Z
c758ebec613beac9,IL,A. M. Castle & Co.,A. M. Castle &,,"Franklin Park, 3400 North Wolf Road",,,,State,2026-08-30T21:43:41.512264Z
ee4f6eabd600babb,IL,"MV Transportation, Inc.",MV Transportation,,"Carol Stream, 445-449 Randy Road",,,,State,2026-08-30T21:43:41.512264Z
c55bfd3268c027e0,IL,UTi Integrated Logistics,UTi Integrated Logistics,,"Monee, 25850 S. Ridgeland Ave.",,,,State,2026-08-30T21:43:41.512264Z
863c53170bd6c6b1,IL,"Klein Tools, Inc.",Klein Tools,,"Lincolnshire, 450 Bond Street",,,,State,2026-08-30T21:43:41.512264Z
b1eeb2ca6e02d022,IL,Youth Outreach Services,Youth Outreach Services,,"Chicago, 6417 W. Irving Park Rd.",,,,State,2026-08-30T21:43:41.512264Z
3fd7f3b65c2bb6a3,IL,Community Development Institute Head Start,Community Development Institute Head Start,,"Suburban Cook County, Multiple Cook Co. locations",,,,State,2026-08-30T21:43:41.512264Z
f0baf5be123dac86,IL,The Home Depot Distribution Center,Home Depot Distribution Center,,"Joliet, 2950 Centerpoint Way",,,,State,2026-08-30T21:43:41.512264Z
4683b9443d0f1c27,IL,DeVry Online Services,DeVry Online Services,,"Chicago, 300 S Riverside Suite 700",,,,State,2026-08-30T21:43:41.512264Z
a3a624a69f38d058,IL,Wistron Mobile Solutions Corp.,Wistron Mobile Solutions,,"Rolling Meadows, 2550 W. Golf Road, East Tower, Ste 400",,,,State,2026-08-30T21:43:41.512264Z
e801d51ec503ed57,IL,"H20 Plus, LLC",H20 Plus,,"Chicago, 845 West Madison Street",,,,State,2026-08-30T21:43:41.512264Z
b74248326eb544a5,IL,Lombard Vacation Store,Lombard Vacation Store,,"Lombard, 24 Yorktown Convenience Center",,,,State,2026-08-30T21:43:41.512264Z
39600e1920f67c3c,IL,Kraft Heinz Foods Company,Kraft Heinz Foods,,"Glenview, 3 Lakes Dr., Northfield, IL 60093 801 Waukegan Rd.",,,,State,2026-08-30T21:43:41.512264Z
f18f114cbe79634e,IL,Americold Logistics LLC,Americold Logistics,,"East Dubuque, 18531 U.S. 20 West",,,,State,2026-08-30T21:43:41.512264Z
535b985b573635c9,IL,Jacobs Engineering,Jacobs Engineering,,"Chicago, 3955 N. Kilpatrick, 38 W. 64th St., 1250 S. Kilbourn, 200 E. Randolph",,,,State,2026-08-30T21:43:41.512264Z
32f1aeea6468763f,IL,Multiple Agency Layoff Event,Multiple Agency Layoff Event,,"Multiple Locations, State of Illinois",,,,State,2026-08-30T21:43:41.512264Z
dfebd05d2235cafe,IL,Northstar Aerospace,Northstar Aerospace,,"Bedford Park, 6006 W. 73rd St.",,,,State,2026-08-30T21:43:41.512264Z
a2ad055097fa9936,IL,Hispanic Housing Development Corp.,Hispanic Housing Development,,"Chicago, 1402 N. Kedzie, Chicago 60651 2717 N. Leavitt",,,,State,2026-08-30T21:43:41.512264Z
d2d8cbb21a5d5365,IL,Piper Jaffray & Co.,Piper Jaffray &,,"Chicago, 115 S. LaSalle",,,,State,2026-08-30T21:43:41.512264Z
b0776df1752ba782,IL,"Reinhart Foodservice, LLC",Reinhart Foodservice,,"University Park, 251 Central Ave.",,,,State,2026-08-30T21:43:41.512264Z
d1c251d894940f8e,IL,Silgan Plastics Corp.,Silgan Plastics,,"Woodstock, 1005 Courtaulds Drive",,,,State,2026-08-30T21:43:41.512264Z
2732681a7376e65c,IL,AGI Shorewood Group,AGI Shorewood Group,,"Melrose Park, 1950 N. Ruby Street",,,,State,2026-08-30T21:43:41.512264Z
5228c580a429ce9e,IL,"Nippon Sharyo Mfg., LLC",Nippon Sharyo Mfg,,"Rochelle, 1600 Ritchie Court",,,,State,2026-08-30T21:43:41.512264Z
359b712bd58c03f0,IL,Hollander Sleep Products,Hollander Sleep Products,,"Bedford Park, 7373 S. Lockwood Ave.",,,,State,2026-08-30T21:43:41.512264Z
c0f18798a7e23790,IL,"Bunge Oils, Inc.",Bunge Oils,,"Bradley, 885 N. Kinzie Ave.",,,,State,2026-08-30T21:43:41.512264Z
4b5c93579225a7ec,IL,Aspen Foods,Aspen Foods,,"Chicago, 1115 West Fulton Street",,,,State,2026-08-30T21:43:41.512264Z
0bce91d0e77de2eb,IL,"Universal Holdings I, LLC",Universal Holdings I,,"Chicago, 3501 West 48th Place",,,,State,2026-08-30T21:43:41.512264Z
aaf5a4bcdfb68127,IL,Coleman Tri-County Services,Coleman Tri-County Services,,"Harrisburg, 901 Oglesby Road",,,,State,2026-08-30T21:43:41.512264Z
51ab151e0bafc070,IL,Cracker Barrel,Cracker Barrel,,"Matteson, 1020 Matteson Ave.",,,,State,2026-08-30T21:43:41.512264Z
f319dbb4ed21b837,IL,"Barclays Capital, Inc.",Barclays Capital,,"Chicago, 190 S. LaSalle Street",,,,State,2026-08-30T21:43:41.512264Z
0b6e4b3fe2fba7fb,IL,"The Allant Group, Inc.",Allant Group,,"Naperville, 2056 Westings Avenue",,,,State,2026-08-30T21:43:41.512264Z
3eac0aa78d325774,IL,"Bretford Manufacturing, Inc.",Bretford Manufacturing,,"Schiller Park, 9715 Soreng Avenue",,,,State,2026-08-30T21:43:41.512264Z
1723fc0a23b7e414,IL,St. Mary's Hospital,St. Mary's Hospital,,"Streator, 111 East Spring Street",,,,State,2026-08-30T21:43:41.512264Z
28eb9302651792bb,IL,"Space Center Distribution Chicago, Inc.",Space Center Distribution Chicago,,"Kankakee, 1551 East Willow Street",,,,State,2026-08-30T21:43:41.512264Z
c90ab1068d657e4f,IL,Maywood Park Trotting Inc.,Maywood Park Trotting,,"Melrose Park, 8600 West North Ave.",,,,State,2026-08-30T21:43:41.512264Z
1082ffdc8c0e7de6,IL,"Balmoral Racing Club, Inc.",Balmoral Racing Club,,"Crete, 26435 S Dixie Hwy",,,,State,2026-08-30T21:43:41.512264Z
3a3dd06fc7f1d560,IL,"World Marketing Chicago, LLC",World Marketing Chicago,,"McCook, 7950 West Joliet Road",,,,State,2026-08-30T21:43:41.512264Z
22cd7a2cd38bcced,IL,Commonground/MGS,Commonground/MGS,,"Chicago, 600 West Fulton Street, 4th Floor",,,,State,2026-08-30T21:43:41.512264Z
cc04cbb607c1957a,IL,Pure Metal Recycling LLC,Pure Metal Recycling,,"Chicago, 3357 S. Justine other Chicago sites, Elgin, Blue Island, Joliet",,,,State,2026-08-30T21:43:41.512264Z
7f31b0118470d6fe,IL,Electrolux Small Appliances,Electrolux Small Appliances,,"Minooka, 803 Midpoint Road",,,,State,2026-08-30T21:43:41.512264Z
2c26cfa6c4fe9e70,IL,Heritage Health - LaSalle,Heritage Health - LaSalle,,"LaSalle, 1445 Chartres Street",,,,State,2026-08-30T21:43:41.512264Z
71e6ff1cd8d449a8,IL,"Colony Brands, Inc.",Colony Brands,,"Savanna, 199 Viaduct Road",,,,State,2026-08-30T21:43:41.512264Z
9bb0fff637e606cd,IL,Deer Run Mine,Deer Run Mine,,"Hillsboro, 12051 9th Avenue & 925 S. Main St.",,,,State,2026-08-30T21:43:41.512264Z
d7315c9c40bf134a,IL,CoStar Group,CoStar Group,,"Chicago, 222 West Adams, 15th Floor",,,,State,2026-08-30T21:43:41.512264Z
90851f2a757fe817,IL,"Friendsville Mine, LLC & Liberty Mine, LLC","Friendsville Mine, LLC & Liberty Mine",,"Mt. Carmel, 7790 Highway 15",,,,State,2026-08-30T21:43:41.512264Z
a7012fbf550cc3e2,IL,IlliniCare Health,IlliniCare Health,,"Westmont, 999 Oakmont Plaza Dr., Suite 400",,,,State,2026-08-30T21:43:41.512264Z
35db4fdfacb29d94,IL,TDC Filter Manufacturing Inc.,TDC Filter Manufacturing,,"Bolingbrook, 2 Territorial Court",,,,State,2026-08-30T21:43:41.512264Z
4231134d81e479ac,IL,Computer Systems Institute Elgin Campus,Computer Systems Institute Elgin Campus,,"Elgin, 400 Airport Road",,,,State,2026-08-30T21:43:41.512264Z
8b132be066efc7fa,IL,Computer Systems Institute Gurnee Campus,Computer Systems Institute Gurnee Campus,,"Gurnee, 5330 Grand Ave",,,,State,2026-08-30T21:43:41.512264Z
95e42558f3b2a0c4,IL,"Computer Systems Institute, Inc.",Computer Systems Institute,,"Skokie, 29 E. Madison St., Chicago 60602 8930 Gross Point Road",,,,State,2026-08-30T21:43:41.512264Z
58166cf2c34ef37b,IL,"Tek-Cast, Inc.",Tek-Cast,,"Bensenville, 245 Park Street",,,,State,2026-08-30T21:43:41.512264Z
c035eebfbebcb8ce,IL,Rex Energy Corporation,Rex Energy,,"Bridgeport, RR1 Box 197 P.O. Box 318",,,,State,2026-08-30T21:43:41.512264Z
8beb3790a15e4302,IL,Hamilton County Coal Mine #1,Hamilton County Coal Mine,,"Dahlgren, 18033 County Road 500E",,,,State,2026-08-30T21:43:41.512264Z
72e2fb3c936d4e9b,IL,Ultra Foods,Ultra Foods,,"Prospect Heights, 1241 North Rand Road",,,,State,2026-08-30T21:43:41.512264Z
2f46ccb2ff6e1744,IL,IYC-Kewanee Juvenile Center,IYC-Kewanee Juvenile Center,,"Kewanee, 2021 Kentville Road",,,,State,2026-08-30T21:43:41.512264Z
0def303de880ef98,IL,The Sports Authority Inc,Sports Authority,,"Romeoville, 1140 W Remington Blvd",,,,State,2026-08-30T21:43:41.512264Z
ef391f10f6ea632e,IL,Ryder,Ryder,,"Rochelle, 600 Wiscold Drive",,,,State,2026-08-30T21:43:41.512264Z
116811dd7da2af49,IL,Joliet Generating Station,Joliet Generating Station,,"Joliet, 1800 Channahon Road",,,,State,2026-08-30T21:43:41.512264Z
eab935d9d0ed51fc,IL,"Nathan Health Care Center, LLC",Nathan Health Care Center,,"East St. Louis, 5050 Summit Avenue",,,,State,2026-08-30T21:43:41.512264Z
994291b609a21080,IL,Glazer Stoller Wholesale Distributing,Glazer Stoller Wholesale Distributing,,"Elk Grove Village, 2881 Busse Road",,,,State,2026-08-30T21:43:41.512264Z
3cfe8f5521277d1f,IL,Grace Davison Discovery Sciences,Grace Davison Discovery Sciences,,"Deerfield, 2051 Waukegan Road",,,,State,2026-08-30T21:43:41.512264Z
7f35528005dc9691,IL,WestRock,WestRock,,"Chicago, 9540 South Dorchester Ave.",,,,State,2026-08-30T21:43:41.512264Z
de7fb131d746e648,IL,Pioneer Center for Human Services,Pioneer Center for Human Services,,"Woodstock, 4100 Veterans Pkwy., McHenry, IL 60050 101 S. Jefferson",,,,State,2026-08-30T21:43:41.512264Z
753042db60b9793d,IL,Meijer,Meijer,,"Niles, 9000 West Golf Road",,,,State,2026-08-30T21:43:41.512264Z
ac770bee16f2fd1a,IL,ARTCO (American River Trans. Co),ARTCO (American River Trans. Co),,"Lemont, 16700 Des Plaines River Drive",,,,State,2026-08-30T21:43:41.512264Z
0dbf3be18eaec949,IL,"LYNX Services, LLC/HyperQuest, Inc.","LYNX Services, LLC/HyperQuest",,"Buffalo Grove, 2150 East Lake Cook Road, Suite 1010",,,,State,2026-08-30T21:43:41.512264Z
b7cd034ddb76c7d0,IL,Dynegy-Wood River Power Station,Dynegy-Wood River Power Station,,"Alton, 1 Chessen Ln.",,,,State,2026-08-30T21:43:41.512264Z
3150b43e4e91988f,IL,Kendall County Special Education Cooperative,Kendall County Special Education Cooperative,,"Yorkville, 201 Garden Street",,,,State,2026-08-30T21:43:41.512264Z
ba536b5cb6ef22ac,IL,Will Co. Health Dept.,Will Co. Health Dept,,"Monee, 501 Ella Ave., Joliet 60433, 323 Quadrangle Dr. Bolingbrook 60440, 5601 W. Monee-Manhattan Rd.",,,,State,2026-08-30T21:43:41.512264Z
10c3513a49a973eb,IL,National Shrine of Our Lady of the Snows,National Shrine of Our Lady of the Snows,,"Belleville, 442 S. DeMazenod Dr.",,,,State,2026-08-30T21:43:41.512264Z
819bd80de63375f7,IL,Dynegy-Baldwin Energy Complex,Dynegy-Baldwin Energy Complex,,"Baldwin, 10901 Baldwin Road",,,,State,2026-08-30T21:43:41.512264Z
93a030403820a49f,IL,Chartwells at St. Xavier Univ.,Chartwells at St. Xavier Univ,,"Chicago, 3700 W. 103rd St.",,,,State,2026-08-30T21:43:41.512264Z
c0e4d494a9988264,IL,"Southern Graphic Systems, LLC",Southern Graphic Systems,,"Elgin, 150 Corporate Drive",,,,State,2026-08-30T21:43:41.512264Z
34a51d10dd86a600,IL,"Pony Tools, Inc.",Pony Tools,,"Chicago, 404 N. Armour Street",,,,State,2026-08-30T21:43:41.512264Z
e51c3387abe6948e,IL,United Pet Group,United Pet Group,,"Edwardsville, 4015 Lakeview Corporate Drive",,,,State,2026-08-30T21:43:41.512264Z
8afbd3dc51656ffa,IL,"Centrad Healthcare, LLC",Centrad Healthcare,,"Naperville, 184 Shuman Blvd. #130",,,,State,2026-08-30T21:43:41.512264Z
b6da2fc9f4c7f47f,IL,Sears,Sears,,"Chicago, 1900 W Lawrence Ave.",,,,State,2026-08-30T21:43:41.512264Z
22bc7f834b75264c,IL,Aurora Laundry Co.,Aurora Laundry,,"Aurora, 562 S. River Street",,,,State,2026-08-30T21:43:41.512264Z
5c56fb6a59960e89,IL,The Haeger Potteries,Haeger Potteries,,"Dundee, 7 Maiden Lane",,,,State,2026-08-30T21:43:41.512264Z
1cac18e49d270f9e,IL,Enjoy Life Foods,Enjoy Life Foods,,"Schiller Park, 3810 N. River Road and 3759 Wilow St.",,,,State,2026-08-30T21:43:41.512264Z
82a6424eac704e83,IL,American General Life Insurance Co.,American General Life Insurance,,"Springfield, 3051 Hollis Drive",,,,State,2026-08-30T21:43:41.512264Z
81966e7d852a12f0,IL,AutoMatch USA,AutoMatch,,"Morton Grove, 9040 N. Waukegan Road",,,,State,2026-08-30T21:43:41.512264Z
3311c74c42805125,IL,Cellular One,Cellular One,,"Multiple, Multiple locations Home off. Danville, IL",,,,State,2026-08-30T21:43:41.512264Z
002641e9b63f52e2,IL,"American Equipment & Machine, Inc.",American Equipment & Machine,,"Centralia, 2400 S. Wabash Ave.",,,,State,2026-08-30T21:43:41.512264Z
e45578b1bbd3bb98,IL,UnitedHealth Group/OptumRX,UnitedHealth Group/OptumRX,,"Lisle, 2441 Warrenville Rd., Suite 610",,,,State,2026-08-30T21:43:41.512264Z
2b343848ddb250d1,IL,The Madden Shelter & The Residential Programs,Madden Shelter & The Residential Programs,,"Chicago, 1658 West Grand Ave. Other Cook Co. sites",,,,State,2026-08-30T21:43:41.512264Z
45d64e76d7285981,IL,NORC,NORC,,"Chicago, 1 N State Street",,,,State,2026-08-30T21:43:41.512264Z
779e46a9175fffa6,IL,Jiffi Stop,Jiffi Stop,,"multiple, multiple in Adams, Hancock, Pike Co.",,,,State,2026-08-30T21:43:41.512264Z
cea4a58903ddfb27,IL,Austin-Westran,Austin-Westran,,"Byron, 602 E. Blackhawk Road",,,,State,2026-08-30T21:43:41.512264Z
959625228cf32c7c,IL,"Rockford Products, LLC",Rockford Products,,"Rockford, 707 Harrison Avenue",,,,State,2026-08-30T21:43:41.512264Z
10cc84a8fed0d555,IL,Dynegy-Newton Power Station,Dynegy-Newton Power Station,,"Newton, 6725 North 500th Street",,,,State,2026-08-30T21:43:41.512264Z
99156c5789c1bff4,IL,"IAC Belvidere, LLC",IAC Belvidere,,"Belvidere, 857 Landmark Dr. 1236 Crosslink Parkway",,,,State,2026-08-30T21:43:41.512264Z
5c35dd38be55963c,IL,Shop n Save,Shop n Save,,"Peoria, 5001 Big Hollow, Suite 5",,,,State,2026-08-30T21:43:41.512264Z
70fae0555b0d562e,IL,PartyLite,PartyLite,,"Batavia, 601-605 Kingsland Dr.",,,,State,2026-08-30T21:43:41.512264Z
24a58173eba5238e,IL,"Maurice Sporting Goods, Inc.",Maurice Sporting Goods,,"Northbrook, 1825 Shermer Road",,,,State,2026-08-30T21:43:41.512264Z
774d829f9d273b43,IL,"Preferred Hotel Group, Inc.",Preferred Hotel Group,,"Chicago, 311 South Wacker Drive, Suite 1900",,,,State,2026-08-30T21:43:41.512264Z
7e8ddeb305941d23,IL,"Rocket Farms Herbs, Inc.",Rocket Farms Herbs,,"Carol Stream, 242 Tubeway Drive",,,,State,2026-08-30T21:43:41.512264Z
9f5dbbed1889ef8e,IL,Ticketmaster,Ticketmaster,,"Crystal Lake, 265 Exchange Drive",,,,State,2026-08-30T21:43:41.512264Z
1c39e18af4b3f7a8,IL,"Maplehurst Bakeries, LLC",Maplehurst Bakeries,,"Chicago, 3220 West Grand Ave.",,,,State,2026-08-30T21:43:41.512264Z
158999070fe2c75b,IL,"Merisant US, Inc.",Merisant US,,"Manteno, 1551 Boudreau Road",,,,State,2026-08-30T21:43:41.512264Z
927e5f3bb45a4b08,IL,Eberspaecher,Eberspaecher,,"Belvidere, 725 Logistics Dr.",,,,State,2026-08-30T21:43:41.512264Z
c9c5ed4283c24e5e,IL,First Midwest Bank,First Midwest Bank,,"Hickory Hills, 7800 W. 95th Street",,,,State,2026-08-30T21:43:41.512264Z
af74b608f997ca44,IL,"Android Belvidere II, LLC",Android Belvidere II,,"Belvidere, 3458 Morreim Drive",,,,State,2026-08-30T21:43:41.512264Z
0bd752b5db779643,IL,Hilton Indian Lakes Resort,Hilton Indian Lakes Resort,,"Bloomingdale, 250 West Schick Road",,,,State,2026-08-30T21:43:41.512264Z
729c3e2db458b5a3,IL,"G&D Contract Logistics, Inc.",G&D Contract Logistics,,"Morton, 1601 N. Main St.",,,,State,2026-08-30T21:43:41.512264Z
2a139e676c5b78d8,IL,"PrimeSource Health Care Systems, Inc.",PrimeSource Health Care Systems,,"Buffalo Grove, 2100 East Lake Cook Road, Suite 1100",,,,State,2026-08-30T21:43:41.512264Z
54c268ac50fc6002,IL,The Chicago Grill on the Alley,Chicago Grill on the Alley,,"Chicago, 909 North Michigan Ave.",,,,State,2026-08-30T21:43:41.512264Z
2a93011a744b3362,IL,Megabus USA LLC,Megabus,,"Chicago, 4400 South Racine",,,,State,2026-08-30T21:43:41.512264Z
e24d9bdc4930eba4,IL,Alabama Metal Industries Corporati,Alabama Metal Industries Corporati,,"Bourbonnais, 1001 E 5000 N Road",,,,State,2026-08-30T21:43:41.512264Z
370ff389527a3c37,IL,Van Ru Credit Corporation,Van Ru Credit,,"Des Plaines, 1350 E. Touhy Avenue",,,,State,2026-08-30T21:43:41.512264Z
17ef754d38409550,IL,"RPM Advertising, Inc.",RPM Advertising,,"Chicago, 222 S. Morgan Street",,,,State,2026-08-30T21:43:41.512264Z
312f6a965f453287,IL,Community Hlth Solutions of America,Community Hlth Solutions of America,,"Clearwater, 13600 ICOT Blvd., Bldg. A",,,,State,2026-08-30T21:43:41.512264Z
e9cabe4bd28b7508,IL,Trunk Club Goose Is. Fulfillment Ctr.,Trunk Club Goose Is. Fulfillment Ctr,,"Chicago, 1333 N. Hickory Ave.",,,,State,2026-08-30T21:43:41.512264Z
c421fd3feee56302,IL,David Barton Gyms,David Barton Gyms,,"Chicago, 600 West Chicago Ave.",,,,State,2026-08-30T21:43:41.512264Z
f49de76d7ce51237,IL,Inn of Chicago Hotel,Inn of Chicago Hotel,,"Chicago, 162 East Ohio Street",,,,State,2026-08-30T21:43:41.512264Z
e0bc2b3697d03193,IL,Walmart,Walmart,,"Chicago, 570 W. Monroe Street",,,,State,2026-08-30T21:43:41.512264Z
d8b722c49a3a2dae,IL,Macy's,Macy's,,"Bloomingdale, 1 Stratford Square Mall",,,,State,2026-08-30T21:43:41.512264Z
6e7ad404d8777bd7,IL,Goose Island Beer Co.,Goose Island Beer,,"Chicago, 1800 N. Clybourn",,,,State,2026-08-30T21:43:41.512264Z
a3a39a1a9523820f,IL,Yang Ming (America) Corp.,Yang Ming (America),,"Downers Grove, 3025 Highland Pkwy., Suite 850",,,,State,2026-08-30T21:43:41.512264Z
7496de92c4864875,IL,Sycamore Healthcare LLC,Sycamore Healthcare,,"Quincy, 720 Sycamore Avenue",,,,State,2026-08-30T21:43:41.512264Z
69cc49cf4965eb94,IL,Marbles The Brain Store,Marbles The Brain Store,,"Chicago, 1918 N. Mendell St., Suite 400",,,,State,2026-08-30T21:43:41.512264Z
b0bb78e0763ac958,IL,State Farm Corporate South,State Farm Corporate South,,"Bloomington, 3 State Farm Plaza",,,,State,2026-08-30T21:43:41.512264Z
71deeca8b1cf5c58,IL,U.S. Smokeless Tobacco Company,U.S. Smokeless Tobacco,,"Franklin Park, 11601 Copenhagen Court",,,,State,2026-08-30T21:43:41.512264Z
8babb7c0e67d7318,IL,"Dedicated Logistics, Inc.",Dedicated Logistics,,"Bolingbrook, 505 W. Crossroads Pkwy",,,,State,2026-08-30T21:43:41.512264Z
8d0081e233c7d0f7,IL,"Radial, Inc.",Radial,,"Bolingbrook, 605 W. Crossroads Parkway",,,,State,2026-08-30T21:43:41.512264Z
7a8a42edfd7024b0,IL,Savers,Savers,,"Downers Grove, 2900 Highland Ave.",,,,State,2026-08-30T21:43:41.512264Z
683cb231ddbaa54f,IL,Strack & Van Til,Strack & Van Til,,"Chicago, 2627 N. Elston Ave.",,,,State,2026-08-30T21:43:41.512264Z
44c23cbc4d53c78c,IL,"Maines Paper & Food Service, Inc.",Maines Paper & Food Service,,"Hanover Park, 6425 Muirfield Drive",,,,State,2026-08-30T21:43:41.512264Z
8f355b1eb6238050,IL,"XPO Logistics Supply Chain, Inc.",XPO Logistics Supply Chain,,"Romeoville, 825 Bluff Road",,,,State,2026-08-30T21:43:41.512264Z
bddc13fcf4a5e1f4,IL,"MAC One Midway, LLC",MAC One Midway,,"Chicago, 5700 S. Cicero Avenue",,,,State,2026-08-30T21:43:41.512264Z
4383f90361f2bdb2,IL,Stant USA Corp.,Stant,,"Romeoville, 1355 Lakeview Drive",,,,State,2026-08-30T21:43:41.512264Z
d715d24e9dea0b57,IL,Indian Prairie CUSD #204,Indian Prairie CUSD,,"Naperville, 3003 W. 103rd Street",,,,State,2026-08-30T21:43:41.512264Z
c9af9ca47b7e391f,IL,"Henderson Global Investors, Inc.",Henderson Global Investors,,"Chicago, 737 North Michigan Ave., Suite 1700",,,,State,2026-08-30T21:43:41.512264Z
735433c7803e16bb,IL,Dollar Express,Dollar Express,,"Multiple, Chicago, Harvey, Berwyn Elgin, Aurora",,,,State,2026-08-30T21:43:41.512264Z
b3261be39041a474,IL,United Rentals,United Rentals,,"Chicago, 8420 West Berwyn",,,,State,2026-08-30T21:43:41.512264Z
e3c607f5caceeae7,IL,KeyLime Cove Indoor Waterpark,KeyLime Cove Indoor Waterpark,,"Gurnee, 1700 Nations Drive",,,,State,2026-08-30T21:43:41.512264Z
e10258ebd79bb101,IL,"Red Bull North America, Inc.",Red Bull North America,,"Chicago, 180 North Wacker Drive, Fifth Floor",,,,State,2026-08-30T21:43:41.512264Z
331516d79c1bb740,IL,"Central Grocers, Inc.",Central Grocers,,"Joliet, 2600 West Haven Avenue",,,,State,2026-08-30T21:43:41.512264Z
1843cbb43b73cd5f,IL,Butterball,Butterball,,"Montgomery, 2125 rochester Road",,,,State,2026-08-30T21:43:41.512264Z
c3cd6d66ea81552d,IL,Lutherbrook Child & Adolescent Center,Lutherbrook Child & Adolescent Center,,"Addison, 343 W. Lake Street",,,,State,2026-08-30T21:43:41.512264Z
12e63829a6215fd5,IL,JCPenney Centerpointe Mall,JCPenney Centerpointe Mall,,"Woodridge, 7400 Woodward Ave.",,,,State,2026-08-30T21:43:41.512264Z
f63dd02cbdbe4e11,IL,JCPenney Peru Mall,JCPenney Peru Mall,,"Peru, 4500 Peoria St.",,,,State,2026-08-30T21:43:41.512264Z
cc391c9e02663afb,IL,Kellogg Chicago Distribution Center,Kellogg Chicago Distribution Center,,"Woodridge, 9020 Murphy Road",,,,State,2026-08-30T21:43:41.512264Z
2a194b94dc2dcdcd,IL,News Gazette Media,News Gazette Media,,"Champaign, 15 Main Street",,,,State,2026-08-30T21:43:41.512264Z
d2fcf4bbdf49d5a0,IL,Sears Oakbrook,Sears Oakbrook,,"Oak Brook, #2 Oakbrook Center Mall",,,,State,2026-08-30T21:43:41.512264Z
ee6a5d6ad93f1065,IL,Medtronic,Medtronic,,"Joliet, 3901 Rock Creek Blvd.",,,,State,2026-08-30T21:43:41.512264Z
914a9474efb9a6cf,IL,Standard Refrigeration LLC/Alfa Laval,Standard Refrigeration LLC/Alfa Laval,,"Wood Dale, 321 Foster Avenue",,,,State,2026-08-30T21:43:41.512264Z
fab0edf85f212250,IL,Westmoreland Nursing Center,Westmoreland Nursing Center,,"Lake Forest, 660 N. Westmoreland Road",,,,State,2026-08-30T21:43:41.512264Z
af66db23535c5a5c,IL,"Amcor Rigid Plastics USA, LLC",Amcor Rigid Plastics,,"Batavia, 1300 S. River Street",,,,State,2026-08-30T21:43:41.512264Z
92f2c4494d267b41,IL,Paradice Hotel Casino,Paradice Hotel Casino,,"East Peoria, 21 Blackjack Blvd",,,,State,2026-08-30T21:43:41.512264Z
237af15d27d155e5,IL,"Pace Industries, Inc.",Pace Industries,,"Chicago, 2540 & 2545 W. Polk Street",,,,State,2026-08-30T21:43:41.512264Z
c7f4ff32464964cd,IL,"Newell Brands, Inc.",Newell Brands,,"Downers Grove, 3500 Lacey Road",,,,State,2026-08-30T21:43:41.512264Z
055be128d73e4bad,IL,Aclara SGS LLC,Aclara SGS,,"Champaign, 101 E. Mercury Drive",,,,State,2026-08-30T21:43:41.512264Z
c1b1bf3082d65101,IL,"Jet Aviation St. Louis, Inc.",Jet Aviation St. Louis,,"Cahokia, 6400 Curtiss-Steinberg Drive",,,,State,2026-08-30T21:43:41.512264Z
5503a516310ff5e2,IL,A.W. Steudel Technical Center,A.W. Steudel Technical Center,,"Chicago, 549 East 115th Street",,,,State,2026-08-30T21:43:41.512264Z
1cc3d0abfc3d5122,IL,"Aptim Services, LLC (Clinton Power Plant)","Aptim Services, LLC (Clinton Power Plant)",,"Clinton, 8401 Power Rd",,,,State,2026-08-30T21:43:41.512264Z
2745d6397468ec0a,IL,Patterson Office Supplies,Patterson Office Supplies,,"Champaign, 3310 N. Duncan Road",,,,State,2026-08-30T21:43:41.512264Z
300dcca0b1f29a53,IL,Navistar,Navistar,,"Melrose Park, 10400 W. North Ave.",,,,State,2026-08-30T21:43:41.512264Z
5d630ffc0db87812,IL,Meda Pharmaceuticals,Meda Pharmaceuticals,,"Decatur, 705 E. Eldorado St.",,,,State,2026-08-30T21:43:41.512264Z
99f37ba603758c92,IL,Hard Rock Hotel Chicago,Hard Rock Hotel Chicago,,"Chicago, 230 N. Michigan Ave.",,,,State,2026-08-30T21:43:41.512264Z
5f7f647acad8ca97,IL,Quality Therapy and Consultation,Quality Therapy and Consultation,,"Orland Park, 16170 Kingsport Road",,,,State,2026-08-30T21:43:41.512264Z
33a7f2e31b1604ef,IL,"Conifer Revenue Cycle Solutions, LLC",Conifer Revenue Cycle Solutions,,"Westchester, 2315 Enterprise Drive",,,,State,2026-08-30T21:43:41.512264Z
a3b79da35a3dffb1,IL,Direct Energy,Direct Energy,,"Buffalo Grove, 1351 Abbott Court",,,,State,2026-08-30T21:43:41.512264Z
9cdff5aa05b14600,IL,Capital One,Capital One,,"Rolling Meadows, 3800 Golf Road",,,,State,2026-08-30T21:43:41.512264Z
c7413b2612229434,IL,Fabick Machinery Company,Fabick Machinery,,"Marion, 1601 E. Main Street",,,,State,2026-08-30T21:43:41.512264Z
a1ab4252d743c44a,IL,Neovia Logistics,Neovia Logistics,,"Des Plaines, 251A Wille Road",,,,State,2026-08-30T21:43:41.512264Z
029805b8ea2d1aad,IL,"Pharmore Drugs, LLC",Pharmore Drugs,,"Skokie, 3412 W. Touhy Ave.",,,,State,2026-08-30T21:43:41.512264Z
02d6db323fff1922,IL,ArcelorMittal USA,ArcelorMittal,,"Chicago, 13500 S. Perry Ave., Riverdale, Illinois 60827 1 S. Dearborn, St 1300",,,,State,2026-08-30T21:43:41.512264Z
fab9572a8969c38b,IL,"Molina Healthcare, Inc.",Molina Healthcare,,"Oak Brook, 1520 Kensington Rd #212",,,,State,2026-08-30T21:43:41.512264Z
07d87709cdc0348c,IL,Land of Nod,Land of Nod,,"Morton Grove, 8135 River Drive",,,,State,2026-08-30T21:43:41.512264Z
3414c8a1097b1262,IL,"New Media News, LLC",New Media News,,"Chicago, 233 N. Michigan Ave. Suite 1830",,,,State,2026-08-30T21:43:41.512264Z
07386594ae4ae908,IL,"Wagner Systems, Inc.",Wagner Systems,,"Elgin, 300 Airport Road",,,,State,2026-08-30T21:43:41.512264Z
b53a0c7477c62eb0,IL,Martin's IGA,Martin's IGA,,"Effingham, 101 S. Market St.",,,,State,2026-08-30T21:43:41.512264Z
5a8e7cf934cb9579,IL,Menasha Packaging Co.,Menasha Packaging,,"Rock Island, 7800 14th Street W.",,,,State,2026-08-30T21:43:41.512264Z
c8a4133fb23dd02f,IL,Wabtec Corp.,Wabtec,,"Bensenville, 701 Maple Lane",,,,State,2026-08-30T21:43:41.512264Z
7090f38eeb1b4998,IL,"MorphoTrust USA, LLC",MorphoTrust,,"Springfield, 3051 Hollis Drive",,,,State,2026-08-30T21:43:41.512264Z
fc473d8511fd483d,IL,"Maurice Sporrting Goods, Inc.",Maurice Sporrting Goods,,"Northbrook, 1910 Techny Road",,,,State,2026-08-30T21:43:41.512264Z
b39a8679eb382234,IL,"Alltran Education, Inc.",Alltran Education,,"Woodridge, 840 S. Frontage Road",,,,State,2026-08-30T21:43:41.512264Z
757972b145ba00f1,IL,Cigna HealthSpring,Cigna HealthSpring,,"Chicago, 175 W. Jackson Blvd.",,,,State,2026-08-30T21:43:41.512264Z
0f43e7d00f22875a,IL,Snap Kitchen,Snap Kitchen,,"Chicago, 1709 W. Washington Blvd",,,,State,2026-08-30T21:43:41.512264Z
ff9de70182d8cde0,IL,in the Swim,in the Swim,,"West Chicago, 320 Industrial Dr.",,,,State,2026-08-30T21:43:41.512264Z
146adc3b2930223c,IL,"Bemis Company, Inc.",Bemis,,"Bellwood, 5303 St. Charles Road",,,,State,2026-08-30T21:43:41.512264Z
139757e71c49eec5,IL,"Northstar Lottery Group, LLC",Northstar Lottery Group,,"Chicago, 180 North LaSalle Street, Suite 1810",,,,State,2026-08-30T21:43:41.512264Z
18c88a27fd76edbe,IL,Xanitos/AMITA Health Adventist Medical Ctr. La Grange,Xanitos/AMITA Health Adventist Medical Ctr. La Grange,,"La Grange, 5101 S. Willow Springs Road",,,,State,2026-08-30T21:43:41.512264Z
af1dd6bf67810916,IL,"The Plastics Group, Inc.",Plastics Group,,"Willowbrook, 7409 South Quincy Street",,,,State,2026-08-30T21:43:41.512264Z
4f0739a50ecd0732,IL,Pactiv,Pactiv,,"Bolingbrook, 460 Gibraltar",,,,State,2026-08-30T21:43:41.512264Z
16413e34f757b406,IL,"ABM Aviation, Inc.",ABM Aviation,,"Chicago, 10000 W O'Hare Ave",,,,State,2026-08-30T21:43:41.512264Z
3708527bf6ce3336,IL,"Hobbico, Inc.",Hobbico,,"Champaign, 2904 Research Rd.",,,,State,2026-08-30T21:43:41.512264Z
695c23aa5b3431fe,IL,Daimler Chicago Parts Distribution Center,Daimler Chicago Parts Distribution Center,,"Wood Dale, 801 Mittel Drive",,,,State,2026-08-30T21:43:41.512264Z
2f0810110ce0c83b,IL,"NYK Business Systems America, Inc.",NYK Business Systems America,,"Lombard, 377 E. Butterfield Road",,,,State,2026-08-30T21:43:41.512264Z
d7053c4cefa919fb,IL,Bergner's,Bergner's,,"Peoria, 4125 N. Sheridan Road",,,,State,2026-08-30T21:43:41.512264Z
6d3ebbb080537a56,IL,Teva Phamaceuticals,Teva Phamaceuticals,,"Gurnee, 605 Tri State Parkway",,,,State,2026-08-30T21:43:41.512264Z
b40598bc0485cfe8,IL,Carson's,Carson's,,"DeKalb, 2550 Sycamore Road",,,,State,2026-08-30T21:43:41.512264Z
7555ee2edb4c3032,IL,"iCall Services, Inc.",iCall Services,,"Oglesby, 345 N. Lewis Ave.",,,,State,2026-08-30T21:43:41.512264Z
7ba9c0def026f9c2,IL,Imperial Marble Corporation,Imperial Marble,,"Somonauk, 327 E. LaSalle Street",,,,State,2026-08-30T21:43:41.512264Z
b1cdef16311dad3d,IL,Dynegy,Dynegy,,"Collinsville, 1500 Eastport Plaza Drive",,,,State,2026-08-30T21:43:41.512264Z
fa2bca611e02f962,IL,Toys R Us - Regional Office,Toys R Us - Regional Office,,"Joliet, 2695 Plainfield Road",,,,State,2026-08-30T21:43:41.512264Z
680826647d0c5075,IL,Toys R Us - Distribution Center,Toys R Us - Distribution Center,,"Joliet, 2695 Plainfield Road",,,,State,2026-08-30T21:43:41.512264Z
ece7992b10f011ad,IL,"Swap.com, Inc.",Swap.com,,"Bolingbrook, 850 Veterans Parkway, Suite A",,,,State,2026-08-30T21:43:41.512264Z
c5881b5c488463ce,IL,Aramark Facility Svcs at Lake Forest College,Aramark Facility Svcs at Lake Forest College,,"Lake Forest, 555 North Sheridan Road",,,,State,2026-08-30T21:43:41.512264Z
a44de0eca26e0b13,IL,Acceptance Auto Insurance,Acceptance Auto Insurance,,"Lombard, 901 Parkview",,,,State,2026-08-30T21:43:41.512264Z
30d2dd09e872af56,IL,Bon-Ton DC,Bon-Ton DC,,"Rockford, 4650 Shepherd Trail",,,,State,2026-08-30T21:43:41.512264Z
b671645c9dd223f1,IL,"West Liberty Foods, LLC",West Liberty Foods,,"Bolingbrook, 750 S. Schmidt Road 525 Crossroads Pkwy",,,,State,2026-08-30T21:43:41.512264Z
151028dbcfd28f89,IL,Durham School Services/SEPTRAN,Durham School Services/SEPTRAN,,"Naperville, 332 Fort Hill Dr.",,,,State,2026-08-30T21:43:41.512264Z
2884af1dc63acacf,IL,NTN Bearing Corp. of America,NTN Bearing Corp. of America,,"Des Plaines, 31 E. Oakton St. & 76 E. Bradrock Dr.",,,,State,2026-08-30T21:43:41.512264Z
395f4cbd8dac7283,IL,CVR Associates,CVR Associates,,"Chicago, 60 E. Van Buren St., Chicago 60605 10 W 35th St., Chicago 60616, 4859 S Wabash Ave",,,,State,2026-08-30T21:43:41.512264Z
022c068697eeb709,IL,Vantiv,Vantiv,,"Tinley Park, 7851 West 185th St.",,,,State,2026-08-30T21:43:41.512264Z
a0a566aa393581fd,IL,"Dean Illinois Dairy, LLC",Dean Illinois Dairy,,"Huntley, 11713 Mill Street",,,,State,2026-08-30T21:43:41.512264Z
797b9f9131e1043f,IL,Quality Inn Midway Airport,Quality Inn Midway Airport,,"Chicago, 7353 S. Cicero",,,,State,2026-08-30T21:43:41.512264Z
095cb5886593bb01,IL,"VVF Illinois Services, LLC",VVF Illinois Services,,"Montgomery, 2000 Aucutt Road",,,,State,2026-08-30T21:43:41.512264Z
4c31af2c4b07b0b0,IL,"Honor Finance, LLC",Honor Finance,,"Evanston, 909 Davis Street, Suite 620",,,,State,2026-08-30T21:43:41.512264Z
947ca5b6a5ed4a17,IL,Pleasant Hill Healthcare,Pleasant Hill Healthcare,,"Girard, 1010 W. North Street",,,,State,2026-08-30T21:43:41.512264Z
15fc0e21bdd07d21,IL,The Illinois Institute of Art - Chicago,Illinois Institute of Art - Chicago,,"Chicago, 350 North Orleans Street, Suite 136-L",,,,State,2026-08-30T21:43:41.512264Z
d8288416df44b11f,IL,SeniorWell,SeniorWell,,"Buffalo Grove, 2100 East Lake Cook Road, Suite 1000",,,,State,2026-08-30T21:43:41.512264Z
8703612dc9919dd4,IL,Rush University Medical Center,Rush University Medical Center,,"Chicago, 1653 W. Harrison Street",,,,State,2026-08-30T21:43:41.512264Z
3ba8b5f9d743f376,IL,"MW Industries, Inc.",MW Industries,,"Chicago, 4045 W. Thorndale Ave.",,,,State,2026-08-30T21:43:41.512264Z
90502e375917a0d2,IL,"Sterling Steel Company, LLC",Sterling Steel,,"Sterling, 101 Avenue K",,,,State,2026-08-30T21:43:41.512264Z
9a6efeaf6405d617,IL,Stack-On Products Company,Stack-On Products,,"McHenry, 1301 Ridgeview Drive",,,,State,2026-08-30T21:43:41.512264Z
30b4e976f8aa1116,IL,Howells & Hood Restaurant,Howells & Hood Restaurant,,"Chicago, 435 N. Michigan Ave.",,,,State,2026-08-30T21:43:41.512264Z
84af9b3122fa2854,IL,"Convey Health Solutions, Inc.",Convey Health Solutions,,"Decatur, 1515 W. King Street",,,,State,2026-08-30T21:43:41.512264Z
749b10a52d3818d8,IL,"Schawk USA, Inc.",Schawk,,"Chicago, 1918 W. Walnut Street",,,,State,2026-08-30T21:43:41.512264Z
b15b01e5a42d58d2,IL,"Shop n Save Warehouse Foods, Inc.",Shop n Save Warehouse Foods,,"Collinsville, 171 Vandalia Street",,,,State,2026-08-30T21:43:41.512264Z
4693e2b1e4bb5c35,IL,Armacell LLC,Armacell,,"South Holland, 16800 South Canal Street",,,,State,2026-08-30T21:43:41.512264Z
6e218e986d427aaf,IL,"Follett Higher Ed Group, Ltd.-Aurora Service Center","Follett Higher Ed Group, Ltd.-Aurora Service Center",,"Aurora, 2805 Duke Parkway",,,,State,2026-08-30T21:43:41.512264Z
1d09e78637145175,IL,Colorado Premium,Colorado Premium,,"Bridgeview, 7661 South 78th Ave.",,,,State,2026-08-30T21:43:41.512264Z
9a43cc28a0c7fc06,IL,EBM at Stroger Hospital,EBM at Stroger Hospital,,"Chicago, 1969 Ogden Ave.",,,,State,2026-08-30T21:43:41.512264Z
a9254df1ea42563d,IL,James Hotel,James Hotel,,"Chicago, 55 E. Ontario Street",,,,State,2026-08-30T21:43:41.512264Z
3586a130810953d8,IL,"Treasure Island Foods, Inc.",Treasure Island Foods,,"Chicago, 3640 N. Broadway",,,,State,2026-08-30T21:43:41.512264Z
dfd48a8f25b20641,IL,Home Owners Bargain Outlet,Home Owners Bargain Outlet,,"Waukegan, 2650 Belvidere Road",,,,State,2026-08-30T21:43:41.512264Z
b1b40de78c8ca395,IL,The Underground nightclub,Underground nightclub,,"Chicago, 56 W. Illinois Street",,,,State,2026-08-30T21:43:41.512264Z
e848558d887f56d8,IL,ATI,ATI,,"Bolingbrook, 220 & 790 Remington Blvd.",,,,State,2026-08-30T21:43:41.512264Z
d0d2716e05719700,IL,AECOM,Aecom,,"Olmsted, 675 New Dam Road",,,,State,2026-08-30T21:43:41.512264Z
a0e93b831a7048fd,IL,"Pepperidge Farm, Inc.",Pepperidge Farm,,"Downers Grove, 230 Second Street",,,,State,2026-08-30T21:43:41.512264Z
91d5151ee9dd81c1,IL,"ZF Chassis Systems Chicago, LLC",ZF Chassis Systems Chicago,,"Chicago, 3400 E. 126th Street",,,,State,2026-08-30T21:43:41.512264Z
adf26ba53681b35a,IL,Marshalls,Marshalls,,"Chicago, 1422 W. 47th Street",,,,State,2026-08-30T21:43:41.512264Z
7792aa5c84fda41a,IL,Tower Automotive,Tower Automotive,,"Chicago, 12350 S. Avenue O",,,,State,2026-08-30T21:43:41.512264Z
1c97c252c47c8a2e,IL,Bridgeview Bank Mortgage Co.,Bridgeview Bank Mortgage,,"Lombard, 100 W. 22nd Street",,,,State,2026-08-30T21:43:41.512264Z
fea0e59f6e898b00,IL,Gateway Regional Medical Center,Gateway Regional Medical Center,,"Granite City, 2100 Madison Avenue",,,,State,2026-08-30T21:43:41.512264Z
3dbb04bb6a337843,IL,DuPont,DuPont,,"El Paso, 2830 U.S. Highway 24",,,,State,2026-08-30T21:43:41.512264Z
ae986c91af8abca8,IL,Cars.com,Cars.com,,"Chicago, 300 S. Riverside Plaza, 10th Floor",,,,State,2026-08-30T21:43:41.512264Z
258c0d6cf8b8a4c6,IL,"Vibra Hospital of Springfield, LLC",Vibra Hospital of Springfield,,"Springfield, 701 N. Walnut Street",,,,State,2026-08-30T21:43:41.512264Z
fdec98e07759004d,IL,Gildan,Gildan,,"Chicago, 2600 W. Bradley Place",,,,State,2026-08-30T21:43:41.512264Z
44ed6c2164be32d4,IL,Tavern at the Park,Tavern at the Park,,"Chicago, 130 E. Randolph Street",,,,State,2026-08-30T21:43:41.512264Z
075ecce5c0bfbf43,IL,PharMEDium Healthcare Corporation,PharMEDium Healthcare,,"Lake Forest, 1500 N. Field Drive, Suite 350",,,,State,2026-08-30T21:43:41.512264Z
8b3d6828c88b7657,IL,"WideOpenWest Illinois, LLC",WideOpenWest Illinois,,"Warrenville, 4350 Weaver Parkway",,,,State,2026-08-30T21:43:41.512264Z
3be890f2b0681977,IL,"Harman International Industries, Inc.",Harman International Industries,,"Vernon Hills, 702 Deerpath Drive",,,,State,2026-08-30T21:43:41.512264Z
bbe120ed18955e80,IL,"Innovel Solutions, Inc.",Innovel Solutions,,"Manteno, 1600 Boudreau Road",,,,State,2026-08-30T21:43:41.512264Z
47fef73301772888,IL,"Schneider Logistics Transloading & Distribution, Inc.",Schneider Logistics Transloading & Distribution,,"Elwood, 26453 Centerpoint Dr., bldgs. 7078 & 7094",,,,State,2026-08-30T21:43:41.512264Z
b50cc039c8c45070,IL,Decatur Living Center,Decatur Living Center,,"Decatur, 444 W. Harrison Ave.",,,,State,2026-08-30T21:43:41.512264Z
95697aa5120a82f3,IL,"H.D. Smith, LLC",H.D. Smith,,"Springfield, 4820 West Wabash Ave.",,,,State,2026-08-30T21:43:41.512264Z
b33139f989b870bd,IL,"Acceptance Solutions Group, Inc.",Acceptance Solutions Group,,"Chicago, 750 N. Orleans St., 2nd Floor",,,,State,2026-08-30T21:43:41.512264Z
2ae641969dea7890,IL,Auto Warehousing Co.,Auto Warehousing,,"Chicago, 2001 E. 122nd St. 13227 S. Torrence Ave.",,,,State,2026-08-30T21:43:41.512264Z
72fc60f60a28a8aa,IL,"New England Motor Freight, Inc.",New England Motor Freight,,"Channahon, 23348 West Eames Street",,,,State,2026-08-30T21:43:41.512264Z
9ab1a05b060fa4e9,IL,Syncreon US-Automotive,Syncreon US-Automotive,,"Belvidere, 3915 Morreim Drive",,,,State,2026-08-30T21:43:41.512264Z
30fe8b2a4fe6d60b,IL,"GCA Services Group, Inc.",GCA Services Group,,"Mossville, 14009 N. Old Galena Rd",,,,State,2026-08-30T21:43:41.512264Z
f6b736e34db8495e,IL,Aetna Better Health of Illinois,Aetna Better Health of Illinois,,"Chicago, 333 W. Wacker Drive, Suite 2100",,,,State,2026-08-30T21:43:41.512264Z
f0ed98706328c372,IL,Wells Fargo Bank,Wells Fargo Bank,,"Lincolnshire, 300 Tri State International",,,,State,2026-08-30T21:43:41.512264Z
f685f56239157c12,IL,Fifth Third Bank,Fifth Third Bank,,"Rosemont, 6111 N. River Road",,,,State,2026-08-30T21:43:41.512264Z
f82e6422eaa66e8f,IL,Leggett & Platt Fashion Bed Group,Leggett & Platt Fashion Bed Group,,"Bedford Park, 6755 W. 65th Street",,,,State,2026-08-30T21:43:41.512264Z
b6e41ab8a59fd089,IL,AAR Aircraft Maintenance,AAR Aircraft Maintenance,,"Rockford, 6150 Cessna Drive",,,,State,2026-08-30T21:43:41.512264Z
463b2d6e4bb515bb,IL,Lifetouch,Lifetouch,,"Loves Part, 5126 Forest Hills Ct., 10104 Forest Hills Rd. 7989 Crest Hills Rd.",,,,State,2026-08-30T21:43:41.512264Z
bfc5bd757c47e78d,IL,Lloyd's Restaurant,Lloyd's Restaurant,,"Chicago, 1 S. Wacker Drive",,,,State,2026-08-30T21:43:41.512264Z
9e2147ab7505f0c4,IL,"Superior Mobile Health Services, Inc.",Superior Mobile Health Services,,"West Chicago, 31 W019 North Ave.",,,,State,2026-08-30T21:43:41.512264Z
6277a50c1ca6dbac,IL,Chartwells at Homewood-Flossmoor High School,Chartwells at Homewood-Flossmoor High School,,"Flossmoor, 999 Kedzie Ave.",,,,State,2026-08-30T21:43:41.512264Z
c8790e3003b5e802,IL,"Bolzoni Auramo, Inc.",Bolzoni Auramo,,"Homewood, 17635 Hoffman Way",,,,State,2026-08-30T21:43:41.512264Z
dae638f18b4d2055,IL,"Bimbo Bakeries USA, Inc.",Bimbo Bakeries,,"Chicago, 1026-1036 W. Jackson Blvd.",,,,State,2026-08-30T21:43:41.512264Z
7e4940ac24c16821,IL,"Rockwell Automation, Inc.",Rockwell Automation,,"Champaign, 2802 W. Bloomington Rd.",,,,State,2026-08-30T21:43:41.512264Z
1d813bd67ce18907,IL,LDR Global Industries LLC,LDR Global Industries,,"Chicago, 600 N. Kilbourn Ave. 4444 Ferdinand St.",,,,State,2026-08-30T21:43:41.512264Z
2698a590a5137b0b,IL,"Atlas Financial Holdings, Inc.",Atlas Financial Holdings,,"Schaumburg, 953 American Lane, 3rd Floor",,,,State,2026-08-30T21:43:41.512264Z
7f5639f5f110f564,IL,Lenze Americas Corp.,Lenze Americas,,"Glendale Heights, 125 Wall Street",,,,State,2026-08-30T21:43:41.512264Z
20344a74aa80ecd4,IL,Topshop,Topshop,,"Chicago, 830 N Michigan Ave.",,,,State,2026-08-30T21:43:41.512264Z
2ab05a9149c18e16,IL,CHEP,CHEP,,"Romeoville, 710 Theodore Ct.",,,,State,2026-08-30T21:43:41.512264Z
18544bbd16545b13,IL,"Sun Basket, Inc.",Sun Basket,,"Valmeyer, 1429 Boulder Blvd.",,,,State,2026-08-30T21:43:41.512264Z
2a0a3b2c991d754d,IL,Conifer Health Solutions,Conifer Health Solutions,,"Springfield, 2960 Professional Drive",,,,State,2026-08-30T21:43:41.512264Z
da7f8c9484ab4ffd,IL,State Farm/Chicago W. Operations Center,State Farm/Chicago W. Operations Center,,"Downers Grove, 1400 Opus Place #200/300/40",,,,State,2026-08-30T21:43:41.512264Z
26dd644d23f0180d,IL,Manheim Arena Illinois,Manheim Arena Illinois,,"Bolingbrook, 200 Old Chicago Drive",,,,State,2026-08-30T21:43:41.512264Z
7fea7c143e1db28c,IL,Corteva Agriscience,Corteva Agriscience,,"LeRoy, 28857 E 200 North Rd. PO Box 1000",,,,State,2026-08-30T21:43:41.512264Z
0b20cfca9f3df331,IL,Watco Companies,Watco,,"Wood River, 435 N. Old St. Louis Road",,,,State,2026-08-30T21:43:41.512264Z
a0d1be97f194ddd3,IL,MGS Libertyville,MGS Libertyville,,"Libertyville, 14050 W. Lambs Lane, Suite #4",,,,State,2026-08-30T21:43:41.512264Z
8ab960d69744c619,IL,InDemand Interpreting,InDemand Interpreting,,"Lombard, 2505 S. Finley Road",,,,State,2026-08-30T21:43:41.512264Z
99f360a6196ba8d8,IL,Flex,Flex,,"Buffalo Grove, 700 Corporate Grove Drive",,,,State,2026-08-30T21:43:41.512264Z
982ccb110868d639,IL,Barneys,Barneys,,"Chicago, 15 East Oak St.",,,,State,2026-08-30T21:43:41.512264Z
83eba3f7ce61bb8b,IL,"Railway & Industrial Services, Inc.",Railway & Industrial Services,,"Crest Hill, 2201 N. Center Street",,,,State,2026-08-30T21:43:41.512264Z
0b75af7975f958c6,IL,Randstad In-House Services,Randstad In-House Services,,"Buffalo Grove, 700 Corporate Grove Dr.",,,,State,2026-08-30T21:43:41.512264Z
1e79cb71021887a7,IL,Nestle USA,Nestle,,"Glendale Heights, 601 Wall St.",,,,State,2026-08-30T21:43:41.512264Z
ff4208052c1cb7fc,IL,"Cboe Global Markets, Inc.",Cboe Global Markets,,"Chicago, 400 S. LaSalle",,,,State,2026-08-30T21:43:41.512264Z
ca6d38a0ff866a53,IL,MetroSouth Medical Center,MetroSouth Medical Center,,"Blue Island, 12935 S. Gregory St.",,,,State,2026-08-30T21:43:41.512264Z
2de86cfcc657a380,IL,GLP US Management LLC,GLP US Management,,"Chicago, Two North Riverside Plaza, Suite 2350",,,,State,2026-08-30T21:43:41.512264Z
0c6049b3eb1e4181,IL,Midland States Bank,Midland States Bank,,"Manteno, 3 Diversatech Drive",,,,State,2026-08-30T21:43:41.512264Z
459e4867eb4583f2,IL,Transform SR Holding Management LLC,Transform SR Holding Management,,"Hoffman Estates, 3333 Beverly Road",,,,State,2026-08-30T21:43:41.512264Z
e7db8e6bc18ef22d,IL,Chicago Powdered Metal Products Co.,Chicago Powdered Metal Products,,"Schiller Park, 9700 Waveland Ave.",,,,State,2026-08-30T21:43:41.512264Z
6b6a908010b68ef4,IL,Advance Engineering Corp.,Advance Engineering,,"Elgin, 440 S. McLean Ave.",,,,State,2026-08-30T21:43:41.512264Z
ac9285f7ee95f646,IL,Transform KM Stores of Illinois,Transform KM Stores of Illinois,,"Bridgeview, 7325 W 79th Street",,,,State,2026-08-30T21:43:41.512264Z
32c0f10365052321,IL,Covia,Covia,,"Oregon, 402 Mill Street, Utica 61373 La Salle Co. 1446 W Devils Backbone Rd",,,,State,2026-08-30T21:43:41.512264Z
9a5033f57fe8c5d3,IL,Sterigenics,Sterigenics,,"Willowbrook, 7775 S. Quincy St. 830 Midway St.",,,,State,2026-08-30T21:43:41.512264Z
047d59f9605fc3df,IL,Coffeen Power Plant,Coffeen Power Plant,,"Coffeen, 134 Cips Lane",,,,State,2026-08-30T21:43:41.512264Z
dbcb20142439f6ef,IL,Inpax,Inpax,,"Mundelein, 401 Terrace Dr.",,,,State,2026-08-30T21:43:41.512264Z
2852e7c5db998680,IL,"Visage Screen-Print, Inc.",Visage Screen-Print,,"Des Plaines, 119 Rawls Road",,,,State,2026-08-30T21:43:41.512264Z
7745e61ba7cbe2e5,IL,Refinitiv,Refinitiv,,"Oak Brook, 1111 W 22nd Street",,,,State,2026-08-30T21:43:41.512264Z
c525f06e08e5898d,IL,O'Charley's,O'Charley's,,"O'Fallon, 1313 Central Park Dr.",,,,State,2026-08-30T21:43:41.512264Z
ee9dcb65e709da4b,IL,Peabody/Wildcat Hills Complex,Peabody/Wildcat Hills Complex,,"Equality, 420 Long Lane Road",,,,State,2026-08-30T21:43:41.512264Z
b8255a82b1987866,IL,Westin Chicago/River North,Westin Chicago/River North,,"Chicago, 320 N. Dearborn Avenue",,,,State,2026-08-30T21:43:41.512264Z
dce654629add5146,IL,"Maurice Sporting Goods, LLC",Maurice Sporting Goods,,"Northbrook, 2779 Shermer Road",,,,State,2026-08-30T21:43:41.512264Z
1a85e40e910423ab,IL,CTI Industries Corporation,CTI Industries,,"Lake Barrington, 22160 N. Pepper Rd.",,,,State,2026-08-30T21:43:41.512264Z
5587460a5ea978e8,IL,Veritiv Operating Company,Veritiv Operating,,"Itasca, 850 N Arlington Heights Rd. Suite 100",,,,State,2026-08-30T21:43:41.512264Z
608974a09992a524,IL,Halo Top Creamery,Halo Top Creamery,,"Chicago, 1165 N. Clark St., Suite 700",,,,State,2026-08-30T21:43:41.512264Z
e7a2bed1faad6ea0,IL,Raffaello Hotel,Raffaello Hotel,,"Chicago, 201 E. Delaware Place",,,,State,2026-08-30T21:43:41.512264Z
13b7bf5c76dbc7cf,IL,St. Joseph Child Development Center,St. Joseph Child Development Center,,"Chicago, 4800 S. Paulina St.",,,,State,2026-08-30T21:43:41.512264Z
8687c5cec0d76553,IL,Our Lady of Tepeyac Child Development Center,Our Lady of Tepeyac Child Development Center,,"Chicago, 2414 S. Albany Ave.",,,,State,2026-08-30T21:43:41.512264Z
030b936a933d4ea9,IL,"Wyndham Vacation Ownership, Inc.",Wyndham Vacation Ownership,,"Chicago, 71 E. Wacker Dr.",,,,State,2026-08-30T21:43:41.512264Z
63f42b2d75b1c88d,IL,IRC Real Estate Services Corp.,IRC Real Estate Services,,"Oak Brook, 814 Commerce Dr.",,,,State,2026-08-30T21:43:41.512264Z
168d62f63dc53357,IL,Broadway In Chicago,Broadway In Chicago,,"Chicago, 17 North State Street Suite 810",,,,State,2026-08-30T21:43:41.512264Z
d36fefed45d1fefc,IL,Courier Distribution Systems LLC,Courier Distribution Systems,,"Chicago, 2801 S. Western Ave.",,,,State,2026-08-30T21:43:41.512264Z
6771d001df015b5f,IL,Mennie Machine Company,Mennie Machine,,"Mark, Rt. 71 & Mennie Dr.",,,,State,2026-08-30T21:43:41.512264Z
6cc50155ffe2bf8b,IL,"Bio Star Films, LLC",Bio Star Films,,"Chicago, 4848 S. Hoyne Ave.",,,,State,2026-08-30T21:43:41.512264Z
f127dd157fe9ece7,IL,Pheasant Run Resort,Pheasant Run Resort,,"St. Charles, 4051 E. Main St.",,,,State,2026-08-30T21:43:41.512264Z
e57f88c00124daa9,IL,Plated Fulfillment Center,Plated Fulfillment Center,,"Carol Stream, 248 Tubeway Dr.",,,,State,2026-08-30T21:43:41.512264Z
e2ef2e87a5920adc,IL,Bunzl,Bunzl,,"Elk Grove Village, 2301 Lunt Ave.",,,,State,2026-08-30T21:43:41.512264Z
fa470fdf93715bee,IL,Astronics Armstrong Aerospace,Astronics Armstrong Aerospace,,"Itasca, 1377 Industrial Dr.",,,,State,2026-08-30T21:43:41.512264Z
0fc6f0b88fa12e53,IL,"WeWork Companies, Inc.",WeWork,,"Chicago, 20 W Kinzie St. 515 N State St.",,,,State,2026-08-30T21:43:41.512264Z
14996de0309eb0a8,IL,"GSI Group, LLC",GSI Group,,"Flora, 1051 W. North Ave.",,,,State,2026-08-30T21:43:41.512264Z
9ea5e0724d2ff676,IL,"Rock Sugar, Inc.",Rock Sugar,,"Oak Brook, 1005 Oakbrook Center",,,,State,2026-08-30T21:43:41.512264Z
ddcc02127cf97e36,IL,"H&M International Transportation, Inc.",H&M International Transportation,,"Chicago, 1425 S. Western Ave. (Union Pacific Rail Terminals)",,,,State,2026-08-30T21:43:41.512264Z
d0f89b967a8ac216,IL,Airport Supersaver Inc.,Airport Supersaver,,"Chicago, 4400 South Racine Ave.",,,,State,2026-08-30T21:43:41.512264Z
706fe24c6bae66ab,IL,Chicago Trolley Co.,Chicago Trolley,,"Chicago, 4400 South Racine Ave.",,,,State,2026-08-30T21:43:41.512264Z
04c7f018fe2e1cb9,IL,"Grundfos Water Utility, Inc.",Grundfos Water Utility,,"Aurora, 3905 Enterprise Court",,,,State,2026-08-30T21:43:41.512264Z
0f5b813c2643d29c,IL,Alco Manufacturing Holding Corp.,Alco Manufacturing Holding,,"Machesney Park, 4950 Marlin Drive",,,,State,2026-08-30T21:43:41.512264Z
c4f1a1de5e391fa3,IL,dormakaba USA Inc.,dormakaba,,"Steeleville, 1003 W. Broadway",,,,State,2026-08-30T21:43:41.512264Z
ce21825206045e1c,IL,Winchester Source Technol,Winchester Source Technol,,"Broadview, 2150 Parkes Dr",,,,State,2026-08-30T21:43:41.512264Z
5a7fc93f7e38d084,IL,"Chicago Lakeshore Hospital, LLC",Chicago Lakeshore Hospital,,"Chicago, 4840 N. Marine Dr.",,,,State,2026-08-30T21:43:41.512264Z
1096d181d6e2e392,IL,MGS Antioch,MGS Antioch,,"Antioch, 606 Drom Court",,,,State,2026-08-30T21:43:41.512264Z
3fb35151223dd73a,IL,Pinnacle Logistics,Pinnacle Logistics,,"Rockford, 5824 Kishwaukee Rd.",,,,State,2026-08-30T21:43:41.512264Z
6416fdfb1595e912,IL,"Paris Presents, Inc.",Paris Presents,,"Gurnee, 3800 Swanson Court",,,,State,2026-08-30T21:43:41.512264Z
f9a89250b187570d,IL,Transform KM LLC,Transform KM,,"Manteno, 333 S. Spruce Street",,,,State,2026-08-30T21:43:41.512264Z
b7f47025c8f939da,IL,"Bendix Commercial Vehicle Systems, LLC",Bendix Commercial Vehicle Systems,,"North Aurora, 313 Airport Rd.",,,,State,2026-08-30T21:43:41.512264Z
9e4b3c168f9d5735,IL,Colbert Packaging Corp.,Colbert Packaging,,"Lake Forest, 28355 N. Bradley Road",,,,State,2026-08-30T21:43:41.512264Z
25e694386cbe79e4,IL,"PrimeFlight Aviation Services, Inc.",PrimeFlight Aviation Services,,"Chicago, at Chicago Midway Airport 5700 S. Cicero Ave.",,,,State,2026-08-30T21:43:41.512264Z
90aa2a712fa60db3,IL,National Express Transit Corp.,National Express Transit,,"Chicago, 2005 W. 43rd Street",,,,State,2026-08-30T21:43:41.512264Z
99a8333315361e14,IL,Snak King,Snak King,,"Freeport, 3133 Industrial Drive",,,,State,2026-08-30T21:43:41.512264Z
faecc3389fb2b149,IL,"Brightstar US, Inc.",Brightstar US,,"Libertyville, 1950 Innovation Way",,,,State,2026-08-30T21:43:41.512264Z
badcd6b9bcc01c36,IL,Dayton Superior Corp.,Dayton Superior,,"Elk Grove Village, 2400 Arthur Ave.",,,,State,2026-08-30T21:43:41.512264Z
8a30013cf465f4a2,IL,"Courier Express One, Inc.",Courier Express One,,"Elgin, Rox River 2, Airport Rd.",,,,State,2026-08-30T21:43:41.512264Z
ce002d0af938c714,IL,"Peapod, LLC",Peapod,,"Lake Zurich, 1325 Ensell Rd. 1122 Rose Rd.",,,,State,2026-08-30T21:43:41.512264Z
8a651c979a4f275c,IL,Bear Down Logistics,Bear Down Logistics,,"Champaign, 2901 Boardwalk Drive",,,,State,2026-08-30T21:43:41.512264Z
327015f843e1e826,IL,"JourneyCare, Inc.",JourneyCare,,"Lombard, 1 E. 22nd Street",,,,State,2026-08-30T21:43:41.512264Z
125e6baa612ac46b,IL,"One Point Logistics, Inc.",One Point Logistics,,"Chicago, 318 W. Adams Street",,,,State,2026-08-30T21:43:41.512264Z
85d30f781a25673a,IL,"Worley Field Services, Inc.",Worley Field Services,,"Decatur, 2045 E. Olive Street",,,,State,2026-08-30T21:43:41.512264Z
ab8f1196165d5277,IL,"Life Fitness, LLC",Life Fitness,,"Franklin Park, 10600, 10601, 10701 Belmont Ave. 3048 Cullerton Ave.",,,,State,2026-08-30T21:43:41.512264Z
9ace08794d124038,IL,"Energizer Brands, LLC",Energizer Brands,,"Dixon, 200 Corporate Drive",,,,State,2026-08-30T21:43:41.512264Z
be61f49ed97aa553,IL,"Art Van Furniture, LLC",Art Van Furniture,,"Bolingbrook, 1150 115th Street",,,,State,2026-08-30T21:43:41.512264Z
9b2346d297bc9cfb,IL,siffron,siffron,,"Des Plaines, 1600 Birchwood Ave.",,,,State,2026-08-30T21:43:41.512264Z
73395999617d3830,IL,"Gourmet Gorilla, Inc.",Gourmet Gorilla,,"Chicago, 1200 W. Cermak",,,,State,2026-08-30T21:43:41.512264Z
ac06699822d6996f,IL,Hyatt Centric Chicago Mag Mile,Hyatt Centric Chicago Mag Mile,,"Chicago, 100 W. Monroe St",,,,State,2026-08-30T21:43:41.512264Z
cbd0eafb299af2cd,IL,Hyatt Hotels Corporation,Hyatt Hotels,,"Chicago, 150 N. Riverside Plaza 8th Floor",,,,State,2026-08-30T21:43:41.512264Z
409b02fd12aed394,IL,"Adventurous Journeys, LLC",Adventurous Journeys,,"Chicago, 133 N. Jefferson Street. 4th Floor",,,,State,2026-08-30T21:43:41.512264Z
b7cd568378ef843a,IL,Alsco,Alsco,,"Chicago, 2641 S. Leavitt Street",,,,State,2026-08-30T21:43:41.512264Z
bc4ac2f5cdfaf119,IL,"America's Auto Auction Chicago, Inc.",America's Auto Auction Chicago,,"Crestwood, 14001 Karlov Ave",,,,State,2026-08-30T21:43:41.512264Z
4e858b21af9b89f4,IL,"America's Auto Auction St. Louis, Inc.",America's Auto Auction St. Louis,,"Centreville, 721 S 45th St",,,,State,2026-08-30T21:43:41.512264Z
222770be3b56a2d7,IL,Arcade Beauty,Arcade Beauty,,"Dixon, 1226 West Seventh Street",,,,State,2026-08-30T21:43:41.512264Z
7aa6f558eb4628d1,IL,"A.R.M. Staffing, Inc.",A.R.M. Staffing,,"Chicago, 2750 Kildare",,,,State,2026-08-30T21:43:41.512264Z
f18a68d19fab1f06,IL,Lindenwood University,Lindenwood University,,"Belleville, 2600 West Main Street",,,,State,2026-08-30T21:43:41.512264Z
4c4fef4f9c5fc863,IL,Eaglewood Resort and Spa,Eaglewood Resort and Spa,,"Itasca, 1401 Nordic Rd",,,,State,2026-08-30T21:43:41.512264Z
912a50752617171b,IL,Doubletree Suites and Conference Center - Downers Grove,Doubletree Suites and Conference Center - Downers Grove,,"Downers Grove, 2111 Butterfield Rd.",,,,State,2026-08-30T21:43:41.512264Z
70461d575386b243,IL,The Florentine - Chicago,Florentine - Chicago,,"Chicago, 151 Adams Street",,,,State,2026-08-30T21:43:41.512264Z
35901b1491dc99f7,IL,Latinicity,Latinicity,,"Chicago, 108 N State St. 3rd Floor",,,,State,2026-08-30T21:43:41.512264Z
dad2d3291759ef1b,IL,Impact Networking LLC - Boulton 1,Impact Networking LLC - Boulton 1,,"Lake Forest, 13875 W Boulton Blvd",,,,State,2026-08-30T21:43:41.512264Z
f250a2dc87c8e5ae,IL,Impact Networking LLC - Bolingbrook,Impact Networking LLC - Bolingbrook,,"Bolingbrook, 6 Territorial Court",,,,State,2026-08-30T21:43:41.512264Z
7306fb92792644ee,IL,Metal-Matic Inc,Metal-Matic,,"Bedford Park, 7200 South Narragansett Ave.",,,,State,2026-08-30T21:43:41.512264Z
89dc0a844a10cf80,IL,Baily Food Granite City,Baily Food Granite City,,"Granite City, 2501 West 20th Street",,,,State,2026-08-30T21:43:41.512264Z
708a5065db32c65d,IL,Baily Food National City,Baily Food National City,,"National Stock Yards, 1122 IL-3",,,,State,2026-08-30T21:43:41.512264Z
52334f3199ddf3e8,IL,Ocean Prime,Ocean Prime,,"Chicago, 87 E. Wacker Drive",,,,State,2026-08-30T21:43:41.512264Z
c672625b0c9726a6,IL,Hilton Chicago Downtown,Hilton Chicago Downtown,,"Chicago, 40 East Grand Ave",,,,State,2026-08-30T21:43:41.512264Z
da499b9c0551b8c9,IL,Prospect Airport Services,Prospect Airport Services,,"Chicago, 10000 W O'Hare Ave Chicago 60666 5700 S. Cicero Ave.",,,,State,2026-08-30T21:43:41.512264Z
20330c27079cd8ad,IL,Pineapple Hospitality Company - Staypineapple Chicago,Pineapple Hospitality Company - Staypineapple Chicago,,"Chicago, 1 W Washington",,,,State,2026-08-30T21:43:41.512264Z
bc9aa0e0695aa29e,IL,Atwood,Atwood,,"Chicago, 1 W Washington",,,,State,2026-08-30T21:43:41.512264Z
06099753adc2d617,IL,Team Member Services LLC,Team Member Services,,"Mokena, 8580 Springlake Drive",,,,State,2026-08-30T21:43:41.512264Z
33beeb160feb3842,IL,Warwick Chicago Corporation dba Warwick Allerton Hotel Chicago,Warwick Chicago,Warwick Allerton Hotel Chicago,"Chicago, 701 N Michigan Ave",,,,State,2026-08-30T21:43:41.512264Z
eb9ca22acee0f759,IL,Jim's Formal Wear,Jim's Formal Wear,,"Trenton, 804 East Broadway",,,,State,2026-08-30T21:43:41.512264Z
92a3c5f2660da35a,IL,"Onni Properties, LLC - Union Ave","Onni Properties, LLC - Union Ave",,"Chicago, 352 N Union Ave",,,,State,2026-08-30T21:43:41.512264Z
863eea481e9285e9,IL,Stitch Acquisition Corp.,Stitch Acquisition,,"Shorewood, 21350 SW Frontage Road",,,,State,2026-08-30T21:43:41.512264Z
74bf28e0d2b78098,IL,"Dental Arts Laboratories, Inc.",Dental Arts Laboratories,,"Peoria, 241 NE Perry Ave",,,,State,2026-08-30T21:43:41.512264Z
7d0b0bb405f241b6,IL,"Hooters (Cook, DuPage, Lake, & Kendall Counties)","Hooters (Cook, DuPage, Lake, & Kendall Counties)",,"Chicago, 660 North Wells Street",,,,State,2026-08-30T21:43:41.512264Z
b90df5c5e8bdd717,IL,Earl's Restaurants USA Inc - Lincoln Park,Earl's Restaurants USA Inc - Lincoln Park,,"Chicago, 1538 N Clybourn Ave, Unit A108",,,,State,2026-08-30T21:43:41.512264Z
1ba0ac3f05d3b9f6,IL,Everi Games Inc - Games Studio,Everi Games Inc - Games Studio,,"Chicago, 540 W Madison, Ste 2402",,,,State,2026-08-30T21:43:41.512264Z
a6ec8c3fea8610c9,IL,InterContinental Mag Mile,InterContinental Mag Mile,,"Chicago, 505 N. Michigan Avenue",,,,State,2026-08-30T21:43:41.512264Z
9e57f05892e58413,IL,Hilton Garden Inn Chicago Downtown,Hilton Garden Inn Chicago Downtown,,"Chicago, 10 E Grand Ave",,,,State,2026-08-30T21:43:41.512264Z
ca120d1d537ef7b3,IL,Gerber Collision and Glass - 3425 N Halsted,Gerber Collision and Glass - 3425 N Halsted,,"Chicago, 3425 N Halsted",,,,State,2026-08-30T21:43:41.512264Z
6e6ada1bf3228929,IL,Gerber Collision and Glass - Elmhurst,Gerber Collision and Glass - Elmhurst,,"Elmhurst, 400 W Grand Ave",,,,State,2026-08-30T21:43:41.512264Z
cb9342e3ee7b2a28,IL,Mercury Products Corporation,Mercury Products,,"Schaumburg, 1201 S Mercury Drive",,,,State,2026-08-30T21:43:41.512264Z
3c29ad5c3d20777d,IL,Metal Impact LLC,Metal Impact,,"Elk Grove Village, 1501 Oakton St",,,,State,2026-08-30T21:43:41.512264Z
9755851cec3b6cba,IL,Trump Int. Hotel & Tower,Trump Int. Hotel & Tower,,"Chicago, 401 N Wabash Ave",,,,State,2026-08-30T21:43:41.512264Z
96cdf24238fc933a,IL,Great Wolf Lodge,Great Wolf Lodge,,"Chicago, 350 N. Orleans Street Suite 10000B",,,,State,2026-08-30T21:43:41.512264Z
fe5fd673994f61f1,IL,American Eagle Airlines,American Eagle Airlines,,"Bloomington, 3201 Circa Drive",,,,State,2026-08-30T21:43:41.512264Z
74ea02e8e4171608,IL,Trans States Airlines - O'Hare,Trans States Airlines - O'Hare,,"Chicago, Chicago O'Hare Airport Terminal 1, Gate B20, Ramp Level",,,,State,2026-08-30T21:43:41.512264Z
cbc71417c5d71803,IL,Galowich Family YMCA,Galowich Family YMCA,,"Joliet, 749 Houbolt Road",,,,State,2026-08-30T21:43:41.512264Z
5b4f7ef590663e4f,IL,C.W. Avery Family YMCA,C.W. Avery Family YMCA,,"Plainfield, 15120 W Wallin Dr",,,,State,2026-08-30T21:43:41.512264Z
1a3a9460033a350b,IL,Global Gear,Global Gear,,"Downers Grove, 2500 Curtiss Street",,,,State,2026-08-30T21:43:41.512264Z
9acab317d3f078bd,IL,Metro Tech Service LLC,Metro Tech Service,,"Schaumburg, 1827 Walden Office Square, Ste 304",,,,State,2026-08-30T21:43:41.512264Z
4cc70f24ff50585d,IL,Boqueria,Boqueria,,"chicago, 807 W Fulton Market",,,,State,2026-08-30T21:43:41.512264Z
5f200f6ea7a83b78,IL,Cambria Hotel - Chicago Loop,Cambria Hotel - Chicago Loop,,"Chicago, 32 W Randolph St",,,,State,2026-08-30T21:43:41.512264Z
9d87a8d027bbd26b,IL,"Keep Truckin, Inc",Keep Truckin,,"Chicago, 500 W Madison Street Suite 1650",,,,State,2026-08-30T21:43:41.512264Z
6431fff1f506642c,IL,Mickey's Linen,Mickey's Linen,,"Kankakee, 196 N. Dearborn",,,,State,2026-08-30T21:43:41.512264Z
7aa192fda76113e9,IL,"Greyhound Lines, Inc.",Greyhound Lines,,"Chicago, 630 W Harrison",,,,State,2026-08-30T21:43:41.512264Z
74deaa5ef966ae12,IL,Holiday Inn Hotel & Suites,Holiday Inn Hotel & Suites,,"Chicago, 506 W Harrison",,,,State,2026-08-30T21:43:41.512264Z
8fd84301812eb10e,IL,Nan McKay - Van Buren,Nan McKay - Van Buren,,"Chicago, 60 E Van Buren 8th Floor",,,,State,2026-08-30T21:43:41.512264Z
04125ef320a3d9c1,IL,Pappadeaux Seafood Kitchen - Westmont,Pappadeaux Seafood Kitchen - Westmont,,"Westmont, 921 Pasquinelli Drive",,,,State,2026-08-30T21:43:41.512264Z
8575d9f25972d9c7,IL,3 Day Blinds,3 Day Blinds,,"Westmont, 550 Quail Ridge Drive",,,,State,2026-08-30T21:43:41.512264Z
1721f28cef8bd3a8,IL,Benihana,Benihana,,"Lombard, 747 E. Butterfield Road",,,,State,2026-08-30T21:43:41.512264Z
7866939b896fd04c,IL,Westin Chicago North Shore - Milwaukee Ave,Westin Chicago North Shore - Milwaukee Ave,,"Wheeling, 601 N. Milwaukee Avenue",,,,State,2026-08-30T21:43:41.512264Z
f7af3ef8b3462669,IL,Skender Manufacturing,Skender Manufacturing,,"Chicago, 3348 S Pulaski Ave",,,,State,2026-08-30T21:43:41.512264Z
d4eff219cc557ca1,IL,Tangent Technologies - 1030 E Fabyan,Tangent Technologies - 1030 E Fabyan,,"Batavia, 1030 E Fabyan Pkwy",,,,State,2026-08-30T21:43:41.512264Z
e43b2882cb8176c8,IL,Tangent Technologies - 1001 Sullivan Rd,Tangent Technologies - 1001 Sullivan Rd,,"Aurora, 1001 Sullivan Rd",,,,State,2026-08-30T21:43:41.512264Z
cfaaf1207f0bf2d2,IL,Tangent Technologies - 1703 Eastwood,Tangent Technologies - 1703 Eastwood,,"Aurora, 1703 Eastwood Dr",,,,State,2026-08-30T21:43:41.512264Z
593bb235e77495fa,IL,Tangent Technologies - 220 Poplar Pl,Tangent Technologies - 220 Poplar Pl,,"North Aurora, 220 Poplar Pl",,,,State,2026-08-30T21:43:41.512264Z
dcf00ba7706b9570,IL,Eataly Chicago LLC,Eataly Chicago,,"Chicago, 43 E Ohio St",,,,State,2026-08-30T21:43:41.512264Z
e9623eee8b73be3c,IL,Precision Resources Inc - IL Division,Precision Resources Inc - IL Division,,"Vernon Hills, 601 Corporate Woods Parkway",,,,State,2026-08-30T21:43:41.512264Z
7358be1fd3d513b1,IL,Soho House Chicago,Soho House Chicago,,"Chicago, 113 N. Green Street",,,,State,2026-08-30T21:43:41.512264Z
746630986f1142dd,IL,The Ambassador Hotel,Ambassador Hotel,,"Chicago, 1301 N State Parkway",,,,State,2026-08-30T21:43:41.512264Z
48d0bb2c9c95c881,IL,Ra Sushi - Lombard,Ra Sushi - Lombard,,"Lombard, 310 Yorktown Shopping Ctr",,,,State,2026-08-30T21:43:41.512264Z
f45fb439da6bf8ef,IL,Starved Rock Lodge and Conference,Starved Rock Lodge and Conference,,"Utica, Rt. 178 & 71, PO Box 570",,,,State,2026-08-30T21:43:41.512264Z
730565a9e05ad1df,IL,Punch Bowl Schaumburg,Punch Bowl Schaumburg,,"Schaumburg, 1100 American Lane",,,,State,2026-08-30T21:43:41.512264Z
a8b1c7a1ff8a62e0,IL,"Punch Bowl Chicago West Loop, LLC",Punch Bowl Chicago West Loop,,"Chicago, 310 N. Green Street",,,,State,2026-08-30T21:43:41.512264Z
3d3e03caf2d012da,IL,Hilton Garden Inn Oakbrook,Hilton Garden Inn Oakbrook,,"Oakbrook Terrace, 1000 Drury Lane",,,,State,2026-08-30T21:43:41.512264Z
3943b987e79e0b19,IL,Holiday Inn - Rosemont,Holiday Inn - Rosemont,,"Rosemont, 10233 W Higgins Road",,,,State,2026-08-30T21:43:41.512264Z
c38bfdd982900fba,IL,Scholle IPN Corporation,Scholle IPN,,"Northlake, 200 W. North Ave",,,,State,2026-08-30T21:43:41.512264Z
40f7f72f62b21311,IL,Abe Lincoln Oasis (South Holland),Abe Lincoln Oasis (South Holland),,"South Holland, 700 East Tri-State",,,,State,2026-08-30T21:43:41.512264Z
462ab2af2db4fb48,IL,Anderson Automotive Group,Anderson Automotive Group,,"Rockford, 126-226 N Alpine Road",,,,State,2026-08-30T21:43:41.512264Z
59e0add7121797ad,IL,IES Abroad,IES Abroad,,"Chicago, 33 West Monroe Street Suite 2300",,,,State,2026-08-30T21:43:41.512264Z
debf3758f5e9c915,IL,Cinemark Melrose Park,Cinemark Melrose Park,,"Melrose Park, 1001 W. North Ave",,,,State,2026-08-30T21:43:41.512264Z
777d13fad6b4aafe,IL,Tinseltown USA,Tinseltown,,"North Aurora, 320 S. Lincoln Way",,,,State,2026-08-30T21:43:41.512264Z
19b7c6b48b0d6ad8,IL,Cinemark (Woodridge),Cinemark (Woodridge),,"Woodridge, 6500 Route 53",,,,State,2026-08-30T21:43:41.512264Z
a8c4b216084c9ffd,IL,Evanston 18 / CineArts 6,Evanston 18 / CineArts 6,,"Evanston, 1715 Maple Ave.",,,,State,2026-08-30T21:43:41.512264Z
46fcb7b7fdf825ec,IL,Deer Park 16,Deer Park 16,,"Deer Park, 21600 W. Field Parkway",,,,State,2026-08-30T21:43:41.512264Z
5de85eb2447f0ff2,IL,"Century, Stratford Square Mall","Century, Stratford Square Mall",,"Bloomingdale, 804 Stratford Square",,,,State,2026-08-30T21:43:41.512264Z
35bfd705e6420e1e,IL,"Cinemark, Louis Joliet Mall","Cinemark, Louis Joliet Mall",,"Joliet, 3340 Mall Loop Dr Suite 1382",,,,State,2026-08-30T21:43:41.512264Z
f957776ddff0a5c6,IL,"Cinemark, West Dundee","Cinemark, West Dundee",,"West Dundee, 2000 Spring Hill Mall",,,,State,2026-08-30T21:43:41.512264Z
c9fb404b1bc4d8f4,IL,Power Home Remodeling,Power Home Remodeling,,"Chicago, 2500 W. Bradley Place, Unit G",,,,State,2026-08-30T21:43:41.512264Z
cb9e0d5e86777e6b,IL,"ZF Services, LLC - Vernon Hills","ZF Services, LLC - Vernon Hills",,"Vernon Hills,, 777 Hickory Hill Drive",,,,State,2026-08-30T21:43:41.512264Z
4f0a5cef226291f4,IL,Hampton Inn Champaign/Urbana - University Ave,Hampton Inn Champaign/Urbana - University Ave,,"Urbana, 1200 West University Avenue",,,,State,2026-08-30T21:43:41.512264Z
2663c9222080a38c,IL,"Sumitomo Electric Carbide, Inc.",Sumitomo Electric Carbide,,"Mt. Prospect, 1001 E. Business Center Drive",,,,State,2026-08-30T21:43:41.512264Z
e642afac6348c96e,IL,XSport Fitness Gym,XSport Fitness Gym,,"Arlington Heights, 960 W. Dundee Road (HQ) COVID-19 Statewide Event",,,,State,2026-08-30T21:43:41.512264Z
fd0d1b9d5f6575bc,IL,"Martin-Brower Company, LLC",Martin-Brower,,"Lebanon, 720 West McAllister",,,,State,2026-08-30T21:43:41.512264Z
7e5c797acb526bff,IL,HMSHost O'Hare,HMSHost O'Hare,,"Chicago, 10000 W O'Hare Ave",,,,State,2026-08-30T21:43:41.512264Z
7010392c39391e1c,IL,Marriott Chicago Midway,Marriott Chicago Midway,,"Bedford Park, 6250 S. Cicero Avenue",,,,State,2026-08-30T21:43:41.512264Z
222d987cf0c9117d,IL,Embassy Suites,Embassy Suites,,"Chicago, 600 North State Street",,,,State,2026-08-30T21:43:41.512264Z
b8494176b4715101,IL,Hilton Garden Inn Chicago/Midway,Hilton Garden Inn Chicago/Midway,,"Bedford Park, 6530 S. Cicero Ave",,,,State,2026-08-30T21:43:41.512264Z
06b04b5c3f837e58,IL,California Pizza Kitchen,California Pizza Kitchen,,"Schaumburg, Multiple Locations",,,,State,2026-08-30T21:43:41.512264Z
371a570830cba3a4,IL,Miller's Ale House Schaumburg,Miller's Ale House Schaumburg,,"Schaumburg, 1300 N. Meacham Rd",,,,State,2026-08-30T21:43:41.512264Z
063cdf2094006b41,IL,Miller's Ale House Orland Park,Miller's Ale House Orland Park,,"Orland Park, 15630 La Grange Road",,,,State,2026-08-30T21:43:41.512264Z
fc2e55ff35e6627c,IL,Miller's Ale House Riverside,Miller's Ale House Riverside,,"Riverside, 7515 W. Cermak Road",,,,State,2026-08-30T21:43:41.512264Z
9f61d6e7a0270ab2,IL,Miller's Ale House Harwood Hgts,Miller's Ale House Harwood Hgts,,"Harwood Heights, 4474 North Harlem Ave",,,,State,2026-08-30T21:43:41.512264Z
3ed3b1a62154c78a,IL,Miler's Ale House Chi Ridge,Miler's Ale House Chi Ridge,,"Chicago Ridge, 6401 95th Street",,,,State,2026-08-30T21:43:41.512264Z
1b84b80f35f8c808,IL,Apple Leisure Group Vacations,Apple Leisure Group Vacations,,"Elk Grove Village, 101 NW Point Blvd",,,,State,2026-08-30T21:43:41.512264Z
cd10cad1ec3d0cad,IL,Aloft Chicago O'Hare,Aloft Chicago O'Hare,,"Rosemont, 9700 Balmoral Ave",,,,State,2026-08-30T21:43:41.512264Z
fb3ba3ea94db0fc6,IL,TAO Chicago,TAO Chicago,,"Chicago, 632 N. Dearborn Street",,,,State,2026-08-30T21:43:41.512264Z
7e141fc78ff69d23,IL,"Covia Corporation, Utica Plant","Covia Corporation, Utica Plant",,"Utica, 402 Mill St",,,,State,2026-08-30T21:43:41.512264Z
a56e135c94f69b28,IL,FIC America Corp. Carol Stream,FIC America Corp. Carol Stream,,"Carol Stream, 485 E. Lies Road",,,,State,2026-08-30T21:43:41.512264Z
403f702ee2d32bea,IL,FIC America Corp. Bloomingdale,FIC America Corp. Bloomingdale,,"Bloomingdale, 301 Longview Drive",,,,State,2026-08-30T21:43:41.512264Z
8431b6a941e43f7d,IL,Jewish Council Buffalo Grove,Jewish Council Buffalo Grove,,"Buffalo Grove, 1700 Weiland Road",,,,State,2026-08-30T21:43:41.512264Z
e616941dd5088db1,IL,Jewish Council Highland Park,Jewish Council Highland Park,,"Highland Park, 800 Clavey Road #4926",,,,State,2026-08-30T21:43:41.512264Z
49733ee5055f5c6a,IL,Miller's Ale House Aurora,Miller's Ale House Aurora,,"Aurora, 778 N. Illinois Rd. 59",,,,State,2026-08-30T21:43:41.512264Z
78291979ce29a18c,IL,Miller's Ale House Lombard,Miller's Ale House Lombard,,"Lombard, 455 East Butterfield Road",,,,State,2026-08-30T21:43:41.512264Z
66f3feadab9ae195,IL,The Ritz-Carlton Chicago,Ritz-Carlton Chicago,,"Chicago, 160 E. Pearson St",,,,State,2026-08-30T21:43:41.512264Z
033cedba59bd34ba,IL,Suit Supply,Suit Supply,,"Chicago, 945 North Rush Street 4th Floor Penthouse",,,,State,2026-08-30T21:43:41.512264Z
9dc036488208d1e1,IL,Regency Technologies,Regency Technologies,,"Chicago, 11600 S. Burley Ave",,,,State,2026-08-30T21:43:41.512264Z
9f4d43dabb89bcb2,IL,Travel Centers of America,Travel Centers of America,,"Morris, 21 Romines Drive",,,,State,2026-08-30T21:43:41.512264Z
0d1bfea6d2cd72d0,IL,Wow Bao,Wow Bao,,"Chicago, 230 W. Huron St Suite 430",,,,State,2026-08-30T21:43:41.512264Z
eb3ffcc9fbe254d8,IL,YMCA of Rock River Valley,YMCA of Rock River Valley,,"Rockford, 200 Y Blvd.",,,,State,2026-08-30T21:43:41.512264Z
f73ae71fd1cc0e2d,IL,Avis Budget Car Rental,Avis Budget Car Rental,,"Forest View, 5401 W. 47th Street",,,,State,2026-08-30T21:43:41.512264Z
99493c38bf4a5f8d,IL,Avis Rent-A-Car,Avis Rent-A-Car,,"Chicago, O'Hare Intl Airport 10000 Bessie Coleman Dr.",,,,State,2026-08-30T21:43:41.512264Z
72db611194e4ff89,IL,HARRAH'S,Harrah's,,"JOLIET, 151 N JOLIET ST",,,,State,2026-08-30T21:43:41.512264Z
ac7eb59be545cba1,IL,Agrati,Agrati,,"Park Forest, 24000 S. Western Ave",,,,State,2026-08-30T21:43:41.512264Z
5095f41ab429650d,IL,Building Maintenance Service,Building Maintenance Service,,"Chicago, 222 Merchandise Mart Plaza",,,,State,2026-08-30T21:43:41.512264Z
0d4360eeb729b04a,IL,Cirque Du Soleil,Cirque Du Soleil,,"Chicago, 3133 N. Halsted",,,,State,2026-08-30T21:43:41.512264Z
8ebfae19457c68e5,IL,Inn of Chicago,Inn of Chicago,,"Chicago, 162 E. Ohio St",,,,State,2026-08-30T21:43:41.512264Z
d5bd63a566e444f4,IL,Millennium Knickerbocker,Millennium Knickerbocker,,"Chicago, 163 E. Walton Place",,,,State,2026-08-30T21:43:41.512264Z
2b7e273c1c140a41,IL,Medieval Times,Medieval Times,,"Schaumburg, 2001 N Roselle Road",,,,State,2026-08-30T21:43:41.512264Z
78ca76289bb414a8,IL,toast,toast,,"Chicago, 444 N. Michigan Ave",,,,State,2026-08-30T21:43:41.512264Z
cc29183727633faa,IL,Woodward,Woodward,,"Loves Park, 1 Woodward Way",,,,State,2026-08-30T21:43:41.512264Z
a84f872bb78af6ea,IL,Yelp,Yelp,,"Chicago, 222 W. Merchandise Mart Plaza",,,,State,2026-08-30T21:43:41.512264Z
c443231d42a09aeb,IL,Scholastic Book Fairs,Scholastic Book Fairs,,"Roselle, 301 S. Gary Ave Suite A",,,,State,2026-08-30T21:43:41.512264Z
8f0114e74157f6cf,IL,Bed Bath & Beyond,Bed Bath & Beyond,,"Union, 650 Liberty Ave IL Statewide COVID furloughs",,,,State,2026-08-30T21:43:41.512264Z
b7cf4a8e4f7cd1c3,IL,Chicago Yacht Club,Chicago Yacht Club,,"Chicago, 400 East Monroe",,,,State,2026-08-30T21:43:41.512264Z
f3f16f1787c9057b,IL,Hyatt Regency Schaumburg,Hyatt Regency Schaumburg,,"Schaumburg, 800 E. Golf Road",,,,State,2026-08-30T21:43:41.512264Z
dd8df28a7f36458f,IL,Flex-N-Gate,Flex-N-Gate,,"Urbana, 1306 E. University Ave.",,,,State,2026-08-30T21:43:41.512264Z
ab4ed741b3655500,IL,The Hertz Corporation,The Hertz,,"Chicago, 10000 Bessie Coleman Dr O'Hare",,,,State,2026-08-30T21:43:41.512264Z
d46f429d42492231,IL,Hertz,Hertz,,"Chicago, 5150 W 55th St Midway",,,,State,2026-08-30T21:43:41.512264Z
f97f57da5fd88ef7,IL,Hard Rock Cafe,Hard Rock Cafe,,"Chicago, 63 W. Ontario St",,,,State,2026-08-30T21:43:41.512264Z
4d641a9ef2f7d8bc,IL,Parkhurst Dining Services - Allstate Cafes,Parkhurst Dining Services - Allstate Cafes,,"Northbrook, 2775 Sanders Road 3075 Sanders Road",,,,State,2026-08-30T21:43:41.512264Z
a290229531b2dfce,IL,Parkhurst Dining Services - Lake Forest,Parkhurst Dining Services - Lake Forest,,"Lake Forest, 555 N. Sheridan Road",,,,State,2026-08-30T21:43:41.512264Z
596fbfbc4a07fb97,IL,Enterprise Rent-A-Car,Enterprise Rent-A-Car,,"Alsip, 12055 S. Cicero Ave",,,,State,2026-08-30T21:43:41.512264Z
230b5da629d4a8ce,IL,Hendrickson Bumper & Trim,Hendrickson Bumper & Trim,,"Crest Hill, 501 Caton Farm Road",,,,State,2026-08-30T21:43:41.512264Z
d8816e12c8c0ab61,IL,Enterprise Leasing Company of Chicago,Enterprise Leasing Company of Chicago,,"Chicago, 10255 W Zemke Blvd",,,,State,2026-08-30T21:43:41.512264Z
e99284e46b3c9439,IL,Regal Cantera & RPX,Regal Cantera & RPX,,"Warrenville, 28250 Diehl Road",,,,State,2026-08-30T21:43:41.512264Z
ea35b4df1cbbe841,IL,Harrah's Metropolis,Harrah's Metropolis,,"Metropolis, 100 East Front Street",,,,State,2026-08-30T21:43:41.512264Z
106a426663b12533,IL,Embasy Suites Deerfield,Embasy Suites Deerfield,,"Deerfield, 1445 Lake Cook Rd",,,,State,2026-08-30T21:43:41.512264Z
6d9fb0dbc4b11a98,IL,Talbott Hotel Chicago,Talbott Hotel Chicago,,"Chicago, 20 E. Delaware Place",,,,State,2026-08-30T21:43:41.512264Z
a55076a47589af08,IL,Doubletree by Hilton Lisle,Doubletree by Hilton Lisle,,"Lisle, 3003 Corporate Drive",,,,State,2026-08-30T21:43:41.512264Z
e137c31e355468cc,IL,Marriott Chicago Southwest at Burr Ridge,Marriott Chicago Southwest at Burr Ridge,,"Burr Ridge, 1200 Burr Ridge Parkway",,,,State,2026-08-30T21:43:41.512264Z
9dd7ee8791c9097b,IL,Hyatt Corporation,Hyatt,,"Marion, 1120 N. Carbon Street Suite 70",,,,State,2026-08-30T21:43:41.512264Z
613ac936eb9f822b,IL,ABM Industries,ABM Industries,,"Romeoville, 801 W. Normantown Rd",,,,State,2026-08-30T21:43:41.512264Z
9b1aab883f24d05d,IL,Gardner Synergy Logistics,Gardner Synergy Logistics,,"Lisle, 4500 Western Ave",,,,State,2026-08-30T21:43:41.512264Z
bad56aadfa7e5b2f,IL,glassdoor,glassdoor,,"Chicago, 1330 West Fulton Street",,,,State,2026-08-30T21:43:41.512264Z
801562a8cf1134b0,IL,Thompson Chicago,Thompson Chicago,,"Chicago, 21 E. Bellevue Place",,,,State,2026-08-30T21:43:41.512264Z
10445334ea7dc0d6,IL,Normal Marriott,Normal Marriott,,"Normal, 201 Broadway Ave",,,,State,2026-08-30T21:43:41.512264Z
a47bef57e04a8a7c,IL,"Embassy Suites Peoria, Conf Ctr","Embassy Suites Peoria, Conf Ctr",,"East Peoria, 100 Conference Center Dr",,,,State,2026-08-30T21:43:41.512264Z
d122dabd64931b19,IL,"LAZ Parking Chicago, LLC",LAZ Parking Chicago,,"Chicago, 33 W. Monroe Street Suite 2010",,,,State,2026-08-30T21:43:41.512264Z
0acdbd4a31ade794,IL,Adler Planetarium,Adler Planetarium,,"Chicago, 1300 S Lake Shore Drive",,,,State,2026-08-30T21:43:41.512264Z
a9140bfa1548a3fa,IL,Greenlee Textron,Greenlee Textron,,"Rockford, 1222 Research Parkway",,,,State,2026-08-30T21:43:41.512264Z
d7350c3ef8b7dca6,IL,Cargo Movers of Chicago,Cargo Movers of Chicago,,"Lombard, 2200 South Main Street Suite 205",,,,State,2026-08-30T21:43:41.512264Z
ebe9cb4faec6588a,IL,Gate Serve,Gate Serve,,"Chicago, 504 Montrose",,,,State,2026-08-30T21:43:41.512264Z
0ab53c979bc779f6,IL,Hotel Zachary,Hotel Zachary,,"Chicago, 3630 N Clark St",,,,State,2026-08-30T21:43:41.512264Z
a8fc70a71bfbd2ce,IL,M & R Companies,M & R,,"Roselle, 440 Medinah Rd",,,,State,2026-08-30T21:43:41.512264Z
28f91d5b1049f18d,IL,Mike Ditka's - Chicago,Mike Ditka's - Chicago,,"Chicago, 100 E Chestnut St",,,,State,2026-08-30T21:43:41.512264Z
abe91d66006ced00,IL,Robert Bosch Automotive,Robert Bosch Automotive,,"Romeoville, 1385 N. Weber Road",,,,State,2026-08-30T21:43:41.512264Z
114ce7b0dcc4f51b,IL,Hotel Chicago Downtown,Hotel Chicago Downtown,,"Chicago, 333 N Dearborn St",,,,State,2026-08-30T21:43:41.512264Z
8fcfe8da5e93e6d2,IL,ECFMG/Faimer,ECFMG/Faimer,,"Chicago, 8501 W Higgins Rd Suite 600",,,,State,2026-08-30T21:43:41.512264Z
42c51b6e042fd873,IL,"Warehouse Services, Inc.",Warehouse Services,,"Wilmington, 29900 Graaskamp Blvd",,,,State,2026-08-30T21:43:41.512264Z
cdec7c36ff7c9270,IL,Air Canada,Air Canada,,"Chicago, 10000 W O'Hare Ave",,,,State,2026-08-30T21:43:41.512264Z
d67e0038825d0335,IL,Catch-35 Restaurant,Catch-35 Restaurant,,"Chicago, 35 W. Wacker Drive",,,,State,2026-08-30T21:43:41.512264Z
38b2f15daa069d7b,IL,Labriola Baking Company,Labriola Baking,,"Alsip, 3701 W. 128th Place",,,,State,2026-08-30T21:43:41.512264Z
f0df04e0a3d0db4a,IL,Renaissance Chicago Hotel,Renaissance Chicago Hotel,,"Chicago, 1 W. Wacker Drive",,,,State,2026-08-30T21:43:41.512264Z
13e574e3e8240631,IL,Renaissance Schaumburg,Renaissance Schaumburg,,"Schaumburg, 1551 N. Thoreau Drive",,,,State,2026-08-30T21:43:41.512264Z
689c76a0587c9714,IL,Marriott Suites Downers Grove,Marriott Suites Downers Grove,,"Downers Grove, 1500 Opus Place",,,,State,2026-08-30T21:43:41.512264Z
c6a838de9de9f898,IL,Paige Bus Enterprises,Paige Bus Enterprises,,"Riverdale, 610 West 138th Street",,,,State,2026-08-30T21:43:41.512264Z
ffaa27e6e651dc2f,IL,"Global Experience Specialists, Inc.",Global Experience Specialists,,"Hodgkins, 6800 Santa Fe Dr., Ste B",,,,State,2026-08-30T21:43:41.512264Z
57dc73c45bb6e11c,IL,"onPeak, LLC",onPeak,,"Chicago, 350 North Clark St, Ste 200",,,,State,2026-08-30T21:43:41.512264Z
f78ebdc9e36be5d1,IL,Courtyard Chicago Downtown River North,Courtyard Chicago Downtown River North,,"Chicago, 30 E Hubbard Street",,,,State,2026-08-30T21:43:41.512264Z
eb5740eb6c294931,IL,Westin Chicago Lombard,Westin Chicago Lombard,,"Lombard, 70 Yorktown Center",,,,State,2026-08-30T21:43:41.512264Z
063039041518a52e,IL,Sheraton Grand Chicago,Sheraton Grand Chicago,,"Chicago, 301 E North Water Street",,,,State,2026-08-30T21:43:41.512264Z
9f8bab369fbbe6f3,IL,Residence Inn Chicago Downtown Mag Mile,Residence Inn Chicago Downtown Mag Mile,,"Chicago, 201 E Walton Place",,,,State,2026-08-30T21:43:41.512264Z
38a6334f5a60b2cc,IL,Westin O'Hare,Westin O'Hare,,"Rosemont, 6100 N. River Road",,,,State,2026-08-30T21:43:41.512264Z
661165711e6d622a,IL,WESTIN MICHIGAN AVENUE,Westin Michigan Avenue,,"Chicago, 909 N MICHIGAN",,,,State,2026-08-30T21:43:41.512264Z
7442aa3bb4997023,IL,Marriott Marquis Chicago,Marriott Marquis Chicago,,"Chicago, 2121 S Prairie Avenue",,,,State,2026-08-30T21:43:41.512264Z
a5ce94d676f2614f,IL,Hyatt Regency O'Hare-Rosemont,Hyatt Regency O'Hare-Rosemont,,"Rosemont, 9300 W. Bryn Mawr",,,,State,2026-08-30T21:43:41.512264Z
9e1cf904af58ad23,IL,Courtyard Chicago O'Hare,Courtyard Chicago O'Hare,,"Des Plaines, 2950 South River Rd",,,,State,2026-08-30T21:43:41.512264Z
33fd116c521b3e55,IL,Hyatt Regency McCormick,Hyatt Regency McCormick,,"Chicago, 2233 South Martin Luther King Drive",,,,State,2026-08-30T21:43:41.512264Z
e46acb5dcaaf405e,IL,Kroeschell Operations,Kroeschell Operations,,"Pontiac, 1300 4-H Park Road",,,,State,2026-08-30T21:43:41.512264Z
72201386ba96bcc7,IL,Chicago Fast Park & Relax,Chicago Fast Park & Relax,,"Chicago, 5230 S. Cicero Avenue",,,,State,2026-08-30T21:43:41.512264Z
b292eeee0b1ebf80,IL,Chicago Marriott Northwest,Chicago Marriott Northwest,,"Hoffman Estates, 4800 Hoffmann Blvd",,,,State,2026-08-30T21:43:41.512264Z
634d15a827e86335,IL,JW Marriott Chicago,JW Marriott Chicago,,"Chicago, 151 W. Adams St.",,,,State,2026-08-30T21:43:41.512264Z
d6bda531865c3e6f,IL,The Langham,Langham,,"Chicago, 330 N Wabash Avenue",,,,State,2026-08-30T21:43:41.512264Z
bc3d701f3d5f59ff,IL,Worden Martin Buick GMC and Subaru,Worden Martin Buick GMC and Subaru,,"Savoy, 1402 N. Dunlap Avenue",,,,State,2026-08-30T21:43:41.512264Z
c4a0a7e9a04d64f7,IL,The Gwen Hotel,Gwen Hotel,,"Chicago, 521 N. Rush St",,,,State,2026-08-30T21:43:41.512264Z
7c293468c9594e75,IL,W Chicago - Lakeshore,W Chicago - Lakeshore,,"Chicago, 644 N. Lake Shore Dr",,,,State,2026-08-30T21:43:41.512264Z
b6134d1f908ec86a,IL,Westin Chicago NW,Westin Chicago NW,,"Itasca, 400 Park Blvd",,,,State,2026-08-30T21:43:41.512264Z
2461f8881794b76c,IL,Derse,Derse,,"Waukegan, 3696 Bur Wood Dr.",,,,State,2026-08-30T21:43:41.512264Z
d2fd560bfad29f99,IL,Hyatt Regency,Hyatt Regency,,"Chicago, 151 E. Wacker Dr",,,,State,2026-08-30T21:43:41.512264Z
261cb81c50641212,IL,YMCA of the USA,YMCA of the,,"Chicago, 101 N. Wacker Drive 14th floor",,,,State,2026-08-30T21:43:41.512264Z
6b71f40cd7cf790b,IL,Hollywood Casino Joliet,Hollywood Casino Joliet,,"Joliet, 777 Hollywood Casino Blvd",,,,State,2026-08-30T21:43:41.512264Z
f0703bf50b049c10,IL,City Winery Chicago,City Winery Chicago,,"Chicago, 1200 W. Randolph St",,,,State,2026-08-30T21:43:41.512264Z
01c7afb9d034f2b4,IL,St. Jane Hotel Chicago,St. Jane Hotel Chicago,,"Chicago, 230 N. Michigan Ave.",,,,State,2026-08-30T21:43:41.512264Z
e633659dee0d1d37,IL,The Lodge Hyatt Hotel,Lodge Hyatt Hotel,,"Oakbrook, 2815 Jorie Blvd",,,,State,2026-08-30T21:43:41.512264Z
698636d4f2967d13,IL,Union League Club of Chicago,Union League Club of Chicago,,"Chicago, 65 W. Jackson Blvd",,,,State,2026-08-30T21:43:41.512264Z
f3ca146e7b89a56a,IL,Marriott International Shared Services,Marriott International Shared Services,,"Rosemont, 9550 W Higgins Road",,,,State,2026-08-30T21:43:41.512264Z
2832524348b94f23,IL,Chicago Athletic Association,Chicago Athletic Association,,"Chicago, 12 South Michigan Avenue",,,,State,2026-08-30T21:43:41.512264Z
05ee1671562c812b,IL,Nordstrom Trunk Club,Nordstrom Trunk Club,,"Chicago, 325 W. Ohio St",,,,State,2026-08-30T21:43:41.512264Z
f5a4b2e38614286c,IL,Hilton Garden Inn Riverwalk,Hilton Garden Inn Riverwalk,,"Chicago, 66 E. Wacker Pl.",,,,State,2026-08-30T21:43:41.512264Z
cd3ec3cbfb6b6f3d,IL,"Freeman Audio Visual, LLC",Freeman Audio Visual,,"McCook, 9260 W 55th St",,,,State,2026-08-30T21:43:41.512264Z
0906a54e5ea8ff5d,IL,"Freeman Electrical, LLC",Freeman Electrical,,"Chicago, 8201 W 47th St., McCook, IL 60525 600 W Chicago Ave., Ste. 125",,,,State,2026-08-30T21:43:41.512264Z
f83db265bc29084e,IL,"Freeman Expositions, LLC",Freeman Expositions,,"Chicago, 8201 W 47th St., McCook, IL 60525 600 W Chicago Ave., Ste.125",,,,State,2026-08-30T21:43:41.512264Z
63c4789fa6f49a0f,IL,"Swissport USA, Inc",Swissport,,"Chicago, 618 S Access Rd.",,,,State,2026-08-30T21:43:41.512264Z
e2b3bd91650cbf9e,IL,Blue Plate Catering,Blue Plate Catering,,"Chicago, 1362 W. Fulton",,,,State,2026-08-30T21:43:41.512264Z
d386abd2376593f1,IL,Great Wolf Lodge - Gurnee,Great Wolf Lodge - Gurnee,,"Gurnee, 1700 Nations Dr",,,,State,2026-08-30T21:43:41.512264Z
271622dedd327b26,IL,"Fairmont Chicago, Millennium Park","Fairmont Chicago, Millennium Park",,"Chicago, 200 N Columbus Drive",,,,State,2026-08-30T21:43:41.512264Z
afb51d7c465cb137,IL,"Swissport SA, LLC",Swissport SA,,"Chicago, 837 Patton Dr",,,,State,2026-08-30T21:43:41.512264Z
7162d55fa8858a55,IL,Savor Chicago,Savor Chicago,,"Chicago, 2301 S King Drive",,,,State,2026-08-30T21:43:41.512264Z
0e36ee38e515c545,IL,C. Cretors & Co.,C. Cretors &,,"Wood Dale, 176 Mittel Dr.",,,,State,2026-08-30T21:43:41.512264Z
2a75cd3beb8b7dca,IL,Levy's Guaranteed Rate Field,Levy's Guaranteed Rate Field,,"Chicago, 333 W. 35th Street",,,,State,2026-08-30T21:43:41.512264Z
43fdf8fab3c37df8,IL,University Club of Chicago,University Club of Chicago,,"Chicago, 76 E Monroe",,,,State,2026-08-30T21:43:41.512264Z
a21e740a233a9d99,IL,"ADESA Illinois, LLC",ADESA Illinois,,"Hoffman Estates, 2785 Beverly Road",,,,State,2026-08-30T21:43:41.512264Z
785a88d64a0ce9e5,IL,Omni Chicago Hotel,Omni Chicago Hotel,,"Chicago, 676 Michigan Ave",,,,State,2026-08-30T21:43:41.512264Z
1585a71e731fa942,IL,"Prairie Farms Dairy, Inc.",Prairie Farms Dairy,,"Peoria, 2004 N University Street",,,,State,2026-08-30T21:43:41.512264Z
90e1635585962127,IL,SafeHouse Chicago restaurant,SafeHouse Chicago restaurant,,"Chicago, 60 E Ontario St.",,,,State,2026-08-30T21:43:41.512264Z
6231041dd3b84362,IL,NextLevel Health,NextLevel Health,,"Chicago, 224 S. Michigan Ave Suite 700",,,,State,2026-08-30T21:43:41.512264Z
b0b685193e88e223,IL,Creation Technologies Illinois Inc.,Creation Technologies Illinois,,"Wheeling, 1475 Wheeling Rd",,,,State,2026-08-30T21:43:41.512264Z
fa07cdbf2af6892e,IL,Mumford Metal Casting,Mumford Metal Casting,,"Northlake, 13 E. Lake Street",,,,State,2026-08-30T21:43:41.512264Z
01ce4a0d4d73e2aa,IL,ASM Global (at McCormick Place),ASM Global (at McCormick Place),,"Chicago, 301 E. Cermak Road",,,,State,2026-08-30T21:43:41.512264Z
81c788cb647220a6,IL,Kimpton Gray Hotel,Kimpton Gray Hotel,,"Chicago, 122 W Monroe St",,,,State,2026-08-30T21:43:41.512264Z
d7c727b1f0db04ea,IL,Courtyard Magnificent Mile Downtown Chicago,Courtyard Magnificent Mile Downtown Chicago,,"Chicago, 165 E Ontario St",,,,State,2026-08-30T21:43:41.512264Z
9d72a4874b943be7,IL,Fairfield/Aloft Chicago,Fairfield/Aloft Chicago,,"Chicago, 60 W. Illinois St.",,,,State,2026-08-30T21:43:41.512264Z
196a001cd4c00dd2,IL,Hyatt Place Chicago,Hyatt Place Chicago,,"Chicago, 66 W. Illinois St.",,,,State,2026-08-30T21:43:41.512264Z
be364a9330a6f6de,IL,Moxy Chicago,Moxy Chicago,,"Chicago, 530 N. Lasalle Drive",,,,State,2026-08-30T21:43:41.512264Z
bff0fb87bb5879f4,IL,Springhill Suites/Residence Inn,Springhill Suites/Residence Inn,,"Chicago, 410 N. Dearborn St.",,,,State,2026-08-30T21:43:41.512264Z
2b8c77b8fe4b18ed,IL,Hampton Inn & Suites Hotel,Hampton Inn & Suites Hotel,,"Skokie, 5201 Old Orchard Road",,,,State,2026-08-30T21:43:41.512264Z
cf4cd4997513c32b,IL,Hilton Garden Inn Hotel,Hilton Garden Inn Hotel,,"Des Plaines, 2930 South River Road",,,,State,2026-08-30T21:43:41.512264Z
14bb21862da519de,IL,Kimpton Hotel Monaco Chicago,Kimpton Hotel Monaco Chicago,,"Chicago, 225 N Wabash Ave",,,,State,2026-08-30T21:43:41.512264Z
3d37d20b983625fd,IL,Peninsula Chicago LLC,Peninsula Chicago,,"Chicago, 108 East Superior St.",,,,State,2026-08-30T21:43:41.512264Z
1e142196cb4830cd,IL,Conifer Revenue Cycle Solutions,Conifer Revenue Cycle Solutions,,"Oak Park, 3 Erie Court",,,,State,2026-08-30T21:43:41.512264Z
41b2ecb9ba653f27,IL,Compass Group USA / Northwestern,Compass Group USA / Northwestern,,"Evanston, 633 Clark St",,,,State,2026-08-30T21:43:41.512264Z
8fd48bc7a951385f,IL,President Abraham Lincoln Hotel,President Abraham Lincoln Hotel,,"Springfield, 701 E. Adams St.",,,,State,2026-08-30T21:43:41.512264Z
87fd8139a8391c63,IL,Honeywell Datamax-O'Neil,Honeywell Datamax-O'Neil,,"Robinson, 7656 E. 700th Ave.",,,,State,2026-08-30T21:43:41.512264Z
dc3f887a8baa9255,IL,"Illinois Sportservice, Inc.",Illinois Sportservice,,"Chicago, 333 W. 35th Street",,,,State,2026-08-30T21:43:41.512264Z
fc2ccfc37e37eb77,IL,"The Rock Island Boatworks, Inc",Rock Island Boatworks,,"Rock Island, 777 Jumer Dr",,,,State,2026-08-30T21:43:41.512264Z
f6cc6fd05516a500,IL,Palmer House Hilton,Palmer House Hilton,,"Chicago, 17 E Monroe",,,,State,2026-08-30T21:43:41.512264Z
81e12a5a8e9d6dc9,IL,"LSC Communications US, LLC",LSC Communications US,,"Dwight, 801 N Union St",,,,State,2026-08-30T21:43:41.512264Z
c29b51784675acda,IL,Air Wisconsin Airlines,Air Wisconsin Airlines,,"Chicago, 10000 W O'Hare Ave Terminal 2 Ramp Level F12",,,,State,2026-08-30T21:43:41.512264Z
cc1c2fecf5b9e01d,IL,DoubleTree Chicago Mag Mile,DoubleTree Chicago Mag Mile,,"Chicago, 300 E. Ohio St",,,,State,2026-08-30T21:43:41.512264Z
eba0df38b657aa1f,IL,Conrad Chicago Hotel,Conrad Chicago Hotel,,"Chicago, 101 E. Erie St.",,,,State,2026-08-30T21:43:41.512264Z
c70b29c3916f6148,IL,East Bank Club,East Bank Club,,"Chicago, 500 North Kingsbury Street",,,,State,2026-08-30T21:43:41.512264Z
b34aa5f9739559a0,IL,Waldorf Astoria Chicago,Waldorf Astoria Chicago,,"Chicago, 11 E. Walton St.",,,,State,2026-08-30T21:43:41.512264Z
479c44d387e3cf3a,IL,Restaurant Associates JP Morgan Chase,Restaurant Associates JP Morgan Chase,,"Chicago, 10 S. Dearborn, Plaza Level",,,,State,2026-08-30T21:43:41.512264Z
d40e9aad728b94d2,IL,Radisson Blu Aqua Chicago,Radisson Blu Aqua Chicago,,"Chicago, 221 N. Columbus Dr.",,,,State,2026-08-30T21:43:41.512264Z
d7d94582f382b06b,IL,Hilton Chicago O'Hare Airport,Hilton Chicago O'Hare Airport,,"Chicago, P. O. Box 66414",,,,State,2026-08-30T21:43:41.512264Z
a74165b448973d97,IL,Culinaire International,Culinaire International,,"Chicago, 220 E. Chicago Ave. Museum of Contemporary Art",,,,State,2026-08-30T21:43:41.512264Z
ad45179c6021d5e2,IL,Precision Steel Warehouse Inc.,Precision Steel Warehouse,,"Franklin Park, 3500 N. Wolf Road",,,,State,2026-08-30T21:43:41.512264Z
12276dd5d32250d3,IL,Drake Hotel,Drake Hotel,,"Chicago, 140 East Walton Street",,,,State,2026-08-30T21:43:41.512264Z
1397882d4f40771a,IL,Hilton Rosemont / Chicago O'Hare,Hilton Rosemont / Chicago O'Hare,,"Rosemont, 5550 N River Rd",,,,State,2026-08-30T21:43:41.512264Z
b7017448927afa59,IL,W Chicago - City Center,W Chicago - City Center,,"Chicago, 172 West Adams Street",,,,State,2026-08-30T21:43:41.512264Z
e768bfbdc7ba00d5,IL,"Spirit Airlines, Inc.",Spirit Airlines,,"Chicago, 10000 Bessie Coleman Dr.",,,,State,2026-08-30T21:43:41.512264Z
cab01c70c632032a,IL,GoJet Airlines,GoJet Airlines,,"Chicago, 10000 Bessie Coleman Dr.",,,,State,2026-08-30T21:43:41.512264Z
c20128fa4398fd27,IL,Hudson Group,Hudson Group,,"Chicago, 10000 Bessie Coleman Dr.",,,,State,2026-08-30T21:43:41.512264Z
c1679b64d8a87764,IL,ExpressJet Airlines,ExpressJet Airlines,,"Chicago, 10000 Bessie Coleman Dr.",,,,State,2026-08-30T21:43:41.512264Z
b03dd776d5b290d1,IL,"Frontier Airlines, Inc.",Frontier Airlines,,"Chicago, 10000 Bessie Coleman Dr.",,,,State,2026-08-30T21:43:41.512264Z
f9baee2b7a8b1bee,IL,Flying Food Group,Flying Food Group,,"Schiller Park, 4330 Transworld Road",,,,State,2026-08-30T21:43:41.512264Z
0304c0583ea8c890,IL,"G&D Integrated Contract Logistics, Inc",G&D Integrated Contract Logistics,,"East Peoria, 299 Sanford St. #201",,,,State,2026-08-30T21:43:41.512264Z
3c6f63f5a41e8bf9,IL,Boka Restaurant Group,Boka Restaurant Group,,"Chicago, 820 W Lake St #200",,,,State,2026-08-30T21:43:41.512264Z
2434d247f5445a26,IL,Windy City Distributing,Windy City Distributing,,"Aurora, 1103 Butterfield Road",,,,State,2026-08-30T21:43:41.512264Z
e36818992ae509ee,IL,Courier Distribution Systems,Courier Distribution Systems,,"West Chicago, 808 Discovery Drive",,,,State,2026-08-30T21:43:41.512264Z
cf8ba822d64b1df7,IL,LEGOLand Discovery Center,LEGOLand Discovery Center,,"Schaumburg, 601 N. Martingale Road Suite 130",,,,State,2026-08-30T21:43:41.512264Z
4daff8f287d5eeb8,IL,"Sky Chefs, Inc.",Sky Chefs,,"Des Plaines, 200 East Touhy",,,,State,2026-08-30T21:43:41.512264Z
0873f1227aa76c86,IL,IPIC Theaters - S. Barrington,IPIC Theaters - S. Barrington,,"South Barrington, 100 W. Higgins Rd. Suite N-1",,,,State,2026-08-30T21:43:41.512264Z
5fc1001ac209639e,IL,"Medline Industries, Inc.",Medline Industries,,"Mundelein, 1 Medline Place",,,,State,2026-08-30T21:43:41.512264Z
1523a1f4274a47d2,IL,MARRIOTT LINCOLNSHIRE RESORT,Marriott Lincolnshire Resort,,"LINCOLNSHIRE, 10 MARRIOTT DR",,,,State,2026-08-30T21:43:41.512264Z
4b1bda69c7cd0459,IL,"Kenco Logistic Services, LLC",Kenco Logistic Services,,"Monee, 5800 West Industrial Boulevard",,,,State,2026-08-30T21:43:41.512264Z
6a38f3064629aa0a,IL,"Keurig Green Mountain, Inc.",Keurig Green Mountain,,"Tinley Park, 18801 Oak Park Ave",,,,State,2026-08-30T21:43:41.512264Z
9aad6049094a9a7f,IL,"Scoobeez, Inc. - Morton Grove","Scoobeez, Inc. - Morton Grove",,"Morton Grove, 8290 North Austin Ave.",,,,State,2026-08-30T21:43:41.512264Z
8123658c3287aac2,IL,"Scoobeez, Inc. - W. Chicago","Scoobeez, Inc. - W. Chicago",,"West Chicago, 808 Discovery Dr.",,,,State,2026-08-30T21:43:41.512264Z
d9b364bdedd23d38,IL,"Scoobeez, Inc.- Chicago","Scoobeez, Inc.- Chicago",,"Chicago, 2801 S Western Ave.",,,,State,2026-08-30T21:43:41.512264Z
c0359c3b125b28a0,IL,HOB Chicago,HOB Chicago,,"Chicago, 329 N. Dearborn",,,,State,2026-08-30T21:43:41.512264Z
7b281e486cdb96f7,IL,Chartwells - Noble Network,Chartwells - Noble Network,,"Chicago, 1 N. State Street Floor 7-Lower",,,,State,2026-08-30T21:43:41.512264Z
f63e180ccbbad3e7,IL,Signature Room,Signature Room,,"Chicago, 875 N. Michigan",,,,State,2026-08-30T21:43:41.512264Z
c7c47d4ab0ae0149,IL,"Diaz Anselmo Lindberg, P.A.","Diaz Anselmo Lindberg, P.A",,"Naperville, 1771 W. Diehl Road Suite 120",,,,State,2026-08-30T21:43:41.512264Z
3a5ea1f779499128,IL,"Abercrombie & Kent USA, LLC",Abercrombie & Kent,,"Downers Grove, 1411 Opus Place Executive Towers West II, Suite 300",,,,State,2026-08-30T21:43:41.512264Z
1712872a80dca3b7,IL,"Catering by Michael's, Inc.",Catering by Michael's,,"Morton Grove, 6203 Park Ave.",,,,State,2026-08-30T21:43:41.512264Z
8c8a3a2408c9a4a8,IL,Royal Sonesta Chicago Riverfront,Royal Sonesta Chicago Riverfront,,"Chicago, 71 E. Wacker Drive",,,,State,2026-08-30T21:43:41.512264Z
dc77533b79777dc0,IL,Italian Village Restaurants,Italian Village Restaurants,,"Chicago, 71 W. Monroe St.",,,,State,2026-08-30T21:43:41.512264Z
6275bbb9cf19bbac,IL,Hilton Chicago Magnificent Mile Suites,Hilton Chicago Magnificent Mile Suites,,"Chicago, 198 East Delaware Place",,,,State,2026-08-30T21:43:41.512264Z
b3f4da68c8729169,IL,Hilton Chicago Magnificent Mile,Hilton Chicago Magnificent Mile,,"Chicago, 720 S. Michigan Ave.",,,,State,2026-08-30T21:43:41.512264Z
0acc31defd6c1cc5,IL,Sodexo - Glenbard South High School,Sodexo - Glenbard South High School,,"Glen Ellyn, 23W200 Butterfield Rd.",,,,State,2026-08-30T21:43:41.512264Z
3b2e91ba93565d9f,IL,Chicago Renaissance O'Hare,Chicago Renaissance O'Hare,,"Chicago, 8500 W Bryn Mawr Ave",,,,State,2026-08-30T21:43:41.512264Z
984a718788a87694,IL,Restaurant Associates - Quadrangle Club,Restaurant Associates - Quadrangle Club,,"Chicago, 1155 E. 57th St.",,,,State,2026-08-30T21:43:41.512264Z
2fd8995671752762,IL,Sodexo School Services,Sodexo School Services,,"O_x001A_Fallon, 118 E Washington St",,,,State,2026-08-30T21:43:41.512264Z
f3bf634246dbcfd8,IL,DoubleTree by Hilton Mundelein-Libertyville,DoubleTree by Hilton Mundelein-Libertyville,,"Mundelein, 510 E. Route 83",,,,State,2026-08-30T21:43:41.512264Z
79f00be6f1d5ed1a,IL,Crowne Plaza Glen Ellyn-Lombard,Crowne Plaza Glen Ellyn-Lombard,,"Glen Ellyn, 1250 Roosevelt Road",,,,State,2026-08-30T21:43:41.512264Z
998bfc89c47e75ea,IL,Aramark at Loyola University,Aramark at Loyola University,,"Chicago, 1125 W Loyola Ave",,,,State,2026-08-30T21:43:41.512264Z
513ba891dd8cf8d9,IL,American Hotel Register Co.,American Hotel Register,,"Vernon Hills, 100 S. Milwaukee Ave.",,,,State,2026-08-30T21:43:41.512264Z
6caf55c4d672ce11,IL,"Production Resource Group, LLC",Production Resource Group,,"McCook, 8401 W. 47th St.",,,,State,2026-08-30T21:43:41.512264Z
d17b5a435c77cf0f,IL,"SPiN Chicago, LLC",SPiN Chicago,,"Chicago, 344 N State Street",,,,State,2026-08-30T21:43:41.512264Z
4a4783f6e6ad0407,IL,"P.F. Changs, Northbrook","P.F. Changs, Northbrook",,"Northbrook, 1819 Lake Cook Road",,,,State,2026-08-30T21:43:41.512264Z
515d23ea69d456b0,IL,"P.F. Changs, Lombard","P.F. Changs, Lombard",,"Lombard, 2361 Fountain Square Drive",,,,State,2026-08-30T21:43:41.512264Z
222808cd90fed6ef,IL,"P.F. Changs, Schaumburg","P.F. Changs, Schaumburg",,"Schaumburg, 5 Woodfield Mall Space D313",,,,State,2026-08-30T21:43:41.512264Z
37849bc648a35c13,IL,"P.F. Changs, Orland Park","P.F. Changs, Orland Park",,"Orland Park, 14135 La Grange Road",,,,State,2026-08-30T21:43:41.512264Z
7dbd189a5477535a,IL,Ruth_x001A_s Chris Steak House,Ruth_x001A_s Chris Steak House,,"Chicago, 431 N. Dearborn St.",,,,State,2026-08-30T21:43:41.512264Z
e544863d6ec25e07,IL,Hampton/Homewood Chicago,Hampton/Homewood Chicago,,"Chicago, 118 N. Jefferson Street",,,,State,2026-08-30T21:43:41.512264Z
6a3e9f8a07cf4c86,IL,Holiday Inn Mart Plaza,Holiday Inn Mart Plaza,,"Chicago, 350 West Wolf Point Plaza",,,,State,2026-08-30T21:43:41.512264Z
ea842250a0c3572e,IL,Flik Hospitality,Flik Hospitality,,"Chicago, 300 E Randolph St",,,,State,2026-08-30T21:43:41.512264Z
07cced6caaed4246,IL,"Freeman Company, LLC",Freeman,,"Chicago, 8201 W 47th St., McCook, IL 60525 600 W Chicago Ave., Ste. 125",,,,State,2026-08-30T21:43:41.512264Z
04adf237eb466fd5,IL,"Paradigm Talent Agency, LLC",Paradigm Talent Agency,,"Chicago, 72 W Adams St. Suite 1000",,,,State,2026-08-30T21:43:41.512264Z
55f4ee0c8cb4b749,IL,Muscular Dystrophy Association,Muscular Dystrophy Association,,"Chicago, 161 N. Clark St. #3505",,,,State,2026-08-30T21:43:41.512264Z
70f95880fc78a473,IL,Hospitality Staffing Inc - McCormick,Hospitality Staffing Inc - McCormick,,"Chicago, 123 E Cermak Rd Suite 300",,,,State,2026-08-30T21:43:41.512264Z
b4ab02fe0e2df81a,IL,Hospitality Staffing Inc - Sheraton Suites,Hospitality Staffing Inc - Sheraton Suites,,"Rosemont, 6501 Mannheim Rd",,,,State,2026-08-30T21:43:41.512264Z
a19da21ebd995279,IL,"MSG Chicago, LLC",MSG Chicago,,"Chicago, 175 N. State Street",,,,State,2026-08-30T21:43:41.512264Z
40b4573251f407af,IL,The Pillow Factory,Pillow Factory,,"Buffalo Grove, 900 Busch Parkway",,,,State,2026-08-30T21:43:41.512264Z
a8623ccbe4fa85dc,IL,"Le Tote, Inc - Shaumburg","Le Tote, Inc - Shaumburg",,"Schaumburg, 4 Woodfield Mall",,,,State,2026-08-30T21:43:41.512264Z
561b15ca713498ed,IL,"Le Tote, Inc - Northbrook","Le Tote, Inc - Northbrook",,"Northbrook, 1455 Lake Cook Road",,,,State,2026-08-30T21:43:41.512264Z
5699f747fdd059af,IL,"Hornblower Cruises & Events, LLC",Hornblower Cruises & Events,,"Chicago, 600 E. Grand Avenue",,,,State,2026-08-30T21:43:41.512264Z
5242937be1459674,IL,SSA Group at Brookfield Zoo,SSA Group at Brookfield Zoo,,"Brookfield, 8400 W. 31st St.",,,,State,2026-08-30T21:43:41.512264Z
c5955afa0360659b,IL,Crowne Plaza Chicago West Loop,Crowne Plaza Chicago West Loop,,"Chicago, 25 S. Halsted",,,,State,2026-08-30T21:43:41.512264Z
964230df24f77c4a,IL,Crowne Plaza Chicago O'Hare,Crowne Plaza Chicago O'Hare,,"Rosemont, 5400 N. River Rd.",,,,State,2026-08-30T21:43:41.512264Z
ab138a1f6905b81a,IL,Ace Hotel,Ace Hotel,,"Chicago, 311 N. Morgan St.",,,,State,2026-08-30T21:43:41.512264Z
c218353e60fae042,IL,Bon Appetit at Art Institute,Bon Appetit at Art Institute,,"Chicago, 111 S. Michigan Ave.",,,,State,2026-08-30T21:43:41.512264Z
aa7b5e6a05b36a8e,IL,"Takeda Pharmaceuticals USA, Inc.",Takeda Pharmaceuticals,,"Bannockburn, 1200 Lakeside Dr",,,,State,2026-08-30T21:43:41.512264Z
dd1d324eee7a26be,IL,The Whitehall Hotel,Whitehall Hotel,,"Chicago, 105 E. Delaware",,,,State,2026-08-30T21:43:41.512264Z
76cf6962c7b70e90,IL,MEI,MEI,,"Chicago, 1101 S. Wabash",,,,State,2026-08-30T21:43:41.512264Z
ecfcb4255452e56c,IL,Wildfire - Chicago,Wildfire - Chicago,,"Chicago, 159 W. Erie St.",,,,State,2026-08-30T21:43:41.512264Z
0103aacc00eafb91,IL,"RPM Seafood, Pizzeria Portofino","RPM Seafood, Pizzeria Portofino",,"Chicago, 317 N. Clark St.",,,,State,2026-08-30T21:43:41.512264Z
8e34cdb09bef1b6f,IL,Kimpton Hotel Palomar Chicago,Kimpton Hotel Palomar Chicago,,"Chicago, 505 N. State St.",,,,State,2026-08-30T21:43:41.512264Z
783c90952a1b5d89,IL,"Ramen-San, Dance Studio, II Porcellino","Ramen-San, Dance Studio, II Porcellino",,"Chicago, 59 W. Hubbard St.",,,,State,2026-08-30T21:43:41.512264Z
5148348174bcfc50,IL,Big Bowl - Chicago,Big Bowl - Chicago,,"Chicago, 60 E. Ohio St.",,,,State,2026-08-30T21:43:41.512264Z
c279dbd9ffd2754b,IL,Big Bowl - Schaumburg,Big Bowl - Schaumburg,,"Schaumburg, 1950 E. Higgins Rd.",,,,State,2026-08-30T21:43:41.512264Z
8097bd04fb5de278,IL,Bub City,Bub City,,"Chicago, 435 N. Clark St.",,,,State,2026-08-30T21:43:41.512264Z
3bb263f989b3ea5e,IL,Ema,Ema,,"Chicago, 74 W. Illinois St.",,,,State,2026-08-30T21:43:41.512264Z
fb7c8a5da85cdca8,IL,Beatrix,Beatrix,,"Chicago, 519 N. Clark St.",,,,State,2026-08-30T21:43:41.512264Z
43f1d497cf450ad5,IL,Hub 51,Hub 51,,"Chicago, 51 W. Hubbard St.",,,,State,2026-08-30T21:43:41.512264Z
8dd96758651de0e3,IL,Joe's Prime Steak,Joe's Prime Steak,,"Chicago, 60 E. Grand Ave.",,,,State,2026-08-30T21:43:41.512264Z
4548b7367b852b6b,IL,Shaw's Crab House,Shaw's Crab House,,"Chicago, 21 E. Hubbard St.",,,,State,2026-08-30T21:43:41.512264Z
948cbcde92ab1df3,IL,RPM Steak,RPM Steak,,"Chicago, 66 W. Kinzie St.",,,,State,2026-08-30T21:43:41.512264Z
348a6dc80c4b8601,IL,L. Woods Tap & Pine Lodge,L. Woods Tap & Pine Lodge,,"Lincolnwood, 7110 Lincoln Ave.",,,,State,2026-08-30T21:43:41.512264Z
049c822e113e1020,IL,Beatrix on St Clair,Beatrix on St Clair,,"Chicago, 673 N. St. Clair St.",,,,State,2026-08-30T21:43:41.512264Z
717fc504dcc5df8e,IL,Saranello's - Westin Chicago North Shore,Saranello's - Westin Chicago North Shore,,"Wheeling, 601 N. Milwaukee Ave.",,,,State,2026-08-30T21:43:41.512264Z
bb2906df83223fcf,IL,Osteria Via Stato,Osteria Via Stato,,"Chicago, 620 N. State St.",,,,State,2026-08-30T21:43:41.512264Z
ccb53d6a543787b8,IL,"Petterino's, Do-Rite Donuts","Petterino's, Do-Rite Donuts",,"Chicago, 150 N. Dearborn St.",,,,State,2026-08-30T21:43:41.512264Z
1253b4c7c2c6617d,IL,RPM Italian,RPM Italian,,"Chicago, 52 W. Illinois St.",,,,State,2026-08-30T21:43:41.512264Z
82c5cf0eb266f416,IL,Bub City and Joe's Live,Bub City and Joe's Live,,"Rosemont, 5441 Park Pl.",,,,State,2026-08-30T21:43:41.512264Z
6126da36c057556d,IL,Shaw's Crab House and Tokio Asian Fusion,Shaw's Crab House and Tokio Asian Fusion,,"Schaumburg, 1900 E. Higgins Rd.",,,,State,2026-08-30T21:43:41.512264Z
3425ed860cdaebf9,IL,Aba and the Dalcy,Aba and the Dalcy,,"Chicago, 302 N. Green St. 3rd Floor",,,,State,2026-08-30T21:43:41.512264Z
1ae6397315df3cfa,IL,Wildfire - Lincolnshire,Wildfire - Lincolnshire,,"Lincolnshire, 235 Parkway Dr.",,,,State,2026-08-30T21:43:41.512264Z
cb94cf57999eb025,IL,Wildfire - Oak Brook,Wildfire - Oak Brook,,"Oak Brook, 232 Oakbrook Center",,,,State,2026-08-30T21:43:41.512264Z
c9b7aeb47066b192,IL,Wildfire - Schaumburg,Wildfire - Schaumburg,,"Schaumburg, 1250 E. Higgins Rd.",,,,State,2026-08-30T21:43:41.512264Z
8145210fab4bda2a,IL,"Fooda, Inc.",Fooda,,"Chicago, 225 W Randolph, Suite 1700",,,,State,2026-08-30T21:43:41.512264Z
55963b25697e8813,IL,Aramark at Morton Arboretum,Aramark at Morton Arboretum,,"Lisle, 4100 Illinois Rte 53",,,,State,2026-08-30T21:43:41.512264Z
b60bac79b1ce66ea,IL,Aramark at Allstate Arena,Aramark at Allstate Arena,,"Rosemont, 6920 Mannheim Road",,,,State,2026-08-30T21:43:41.512264Z
c66e74882c4bbfb1,IL,Aramark at Rosemont Convention Center,Aramark at Rosemont Convention Center,,"Rosemont, 9301 Bryn Mawr Avenue",,,,State,2026-08-30T21:43:41.512264Z
5d7dfa3c918889f5,IL,Eagle River Mine,Eagle River Mine,,"Harrisburg, 3880 Highway 145 South",,,,State,2026-08-30T21:43:41.512264Z
06bf1337580a156f,IL,Lettuce Entertain You Enterprises,Lettuce Entertain You Enterprises,,"Chicago, 5419 N. Sheridan Road",,,,State,2026-08-30T21:43:41.512264Z
78150e0de0830090,IL,Catholic Charities Mobile Outreach Program,Catholic Charities Mobile Outreach Program,,"Chicago, 10 S. Kedzie",,,,State,2026-08-30T21:43:41.512264Z
c6f85d964e30fd5c,IL,"Crate Services, Inc.",Crate Services,,"Bolingbrook, 7 Timber Court",,,,State,2026-08-30T21:43:41.512264Z
6800def73e575454,IL,Allied Universal,Allied Universal,,"Evanston, 2650 Ridge Avenue",,,,State,2026-08-30T21:43:41.512264Z
c1c21e51a17c52bc,IL,Lawry's The Prime Rib Chicago,Lawry's The Prime Rib Chicago,,"Chicago, 100 E. Ontario Street",,,,State,2026-08-30T21:43:41.512264Z
9a4a528e01e06e2c,IL,Aster Hall,Aster Hall,,"Chicago, 900 North Michigan Avenue",,,,State,2026-08-30T21:43:41.512264Z
020718f1432675a1,IL,Sodexo at McKendree University,Sodexo at McKendree University,,"Lebanon, 701 College Road",,,,State,2026-08-30T21:43:41.512264Z
3a701577b2629e07,IL,Sodexo at College of DuPage,Sodexo at College of DuPage,,"Glen Elltn, 425 Fawall Blvd",,,,State,2026-08-30T21:43:41.512264Z
5fe8169c105254b7,IL,Sodexo at Harper College,Sodexo at Harper College,,"Palatine, 1200 W. Algonquin Rd",,,,State,2026-08-30T21:43:41.512264Z
ec2bcc873f15f1a7,IL,Sodexo at IL State Univ. - Sports & Leisure,Sodexo at IL State Univ. - Sports & Leisure,,"Normal, 2660 Redbird Arena",,,,State,2026-08-30T21:43:41.512264Z
c77209d2ac757d0e,IL,Chicago Marriott O'Hare Hotel,Chicago Marriott O'Hare Hotel,,"Chicago, 8535 W. Higgins Rd",,,,State,2026-08-30T21:43:41.512264Z
859bcf4f3fbd83d0,IL,Rain Cii,Rain Cii,,"Robinson, 12187 E 950th Ave.",,,,State,2026-08-30T21:43:41.512264Z
897a7e5eede033ed,IL,Lyric Opera of Chicago,Lyric Opera of Chicago,,"Chicago, 20 N Wacker Dr Ste 860",,,,State,2026-08-30T21:43:41.512264Z
15d0c104f525ba2c,IL,Tailored Brands,Tailored Brands,,"Addison, 2101 W Executive Dr",,,,State,2026-08-30T21:43:41.512264Z
7dc6dd55a74e823d,IL,"Premier Staffing Company, Inc.",Premier Staffing,,"Lincolnshire, 275 Parkway Drive",,,,State,2026-08-30T21:43:41.512264Z
2e5527d82b51c119,IL,Solo Cup Operating Corporation,Solo Cup Operating,,"Urbana, 1505 E Main St",,,,State,2026-08-30T21:43:41.512264Z
e952513ba6b5d1d0,IL,"PR Fitness, LLC",PR Fitness,,"Park Ridge, 826 W TOUHY AVE",,,,State,2026-08-30T21:43:41.512264Z
81aaaf77466fa163,IL,Fitness Formula Club (ffc),Fitness Formula Club (ffc),,"Elmhurst, 140 N Addison Ave",,,,State,2026-08-30T21:43:41.512264Z
59c3c7796bfd0310,IL,Oak Park Fitness LLC,Oak Park Fitness,,"Oak Park, 1114 Lake St",,,,State,2026-08-30T21:43:41.512264Z
5ae6acd302cf69b0,IL,Marmon Foodservice Technologies,Marmon Foodservice Technologies,,"Glendale Heights, 101 Regency Dr",,,,State,2026-08-30T21:43:41.512264Z
184b7402840299d5,IL,"White Stallion Energy, Inc",White Stallion Energy,,"Mt Carmel, 7790 Highway 15",,,,State,2026-08-30T21:43:41.512264Z
351803a9bfde162c,IL,Sodexo,Sodexo,,"Chicago, 5700 S Lake Shore Dr",,,,State,2026-08-30T21:43:41.512264Z
bfbd37ac8feff328,IL,Sodexo Inc.,Sodexo,,"Chicago, 1200 S Lake Shore Dr",,,,State,2026-08-30T21:43:41.512264Z
b34f91dcdbc36d7c,IL,"Union Iron, Inc.",Union Iron,,"Decatur, 3550 E Mound Rd",,,,State,2026-08-30T21:43:41.512264Z
d476ce59bdbc0e05,IL,Nestle Waters North America Inc.,Nestle Waters North America,,"Chicago, 4400 S Kolmar Ave",,,,State,2026-08-30T21:43:41.512264Z
f5202986756e024c,IL,"Tribune Direct Marketing, Llc.",Tribune Direct Marketing,,"Northlake, 505 Northwest Ave Ste A",,,,State,2026-08-30T21:43:41.512264Z
19719931b4c251d1,IL,Plymouth Tube Company,Plymouth Tube,,"Streator, 1209 E 12th St",,,,State,2026-08-30T21:43:41.512264Z
258e7473d2d260df,IL,"Assertio Holdings, Inc.",Assertio Holdings,,"Lake Forest, 100 Saunders Rd Ste 300",,,,State,2026-08-30T21:43:41.512264Z
b8300e6abb468f04,IL,Kuehne Nagel,Kuehne Nagel,,"Aurora, 4200 Ferry Rd",,,,State,2026-08-30T21:43:41.512264Z
4f2d20bdc549cb91,IL,BP America Inc,BP America,,"Naperville, 150 W Warrenville Rd",,,,State,2026-08-30T21:43:41.512264Z
74a57aa874dcaa0c,IL,"M. Block & Sons, Inc.",M. Block & Sons,,"Bedford Park, 5020 W 73rd St",,,,State,2026-08-30T21:43:41.512264Z
eead0150b84f56cb,IL,"Xpo Logistics, Inc.",Xpo Logistics,,"Joliet, 4005 Cedar Creek Dr",,,,State,2026-08-30T21:43:41.512264Z
84050bfad64d4cb7,IL,"Macy's Retail Holdings, Inc.",Macy's Retail Holdings,,"Chicago, 835 N Michigan Ave Lobby 5",,,,State,2026-08-30T21:43:41.512264Z
969a41d156d2f72e,IL,"Lifesafety Power, LLC",Lifesafety Power,,"Libertyville, 899 E Park Ave",,,,State,2026-08-30T21:43:41.512264Z
e2a72315ea6a94b0,IL,ThredUp Inc.,ThredUp,,"Vernon Hills, 100 Lakeview Pkwy",,,,State,2026-08-30T21:43:41.512264Z
f04c787591941e95,IL,The Results Companies LLC,Results,,"Streator, 232 Pratt St",,,,State,2026-08-30T21:43:41.512264Z
d68c09a15f1d15f0,IL,Mercy Hospital and Medical Center,Mercy Hospital and Medical Center,,"Chicago, 2525 S Michigan Ave",,,,State,2026-08-30T21:43:41.512264Z
3ced73da88aac314,IL,"Navistar, Inc – Melrose Park",Navistar,,"Melrose Park, 10400 W North Ave",,,,State,2026-08-30T21:43:41.512264Z
5c8174c3c2c0bb45,IL,8th Avenue Food & Provisions,8th Avenue Food & Provisions,,"Streator, 118 Iowa Ave",,,,State,2026-08-30T21:43:41.512264Z
ccd543cf12a534cc,IL,Illinois Central School Bus LLC,Illinois Central School Bus,,"Peru, 9 Terminal Rd",,,,State,2026-08-30T21:43:41.512264Z
0d7edb236c0fc104,IL,Wisconsin Physicians Service Insurance Corporation,Wisconsin Physicians Service Insurance,,"Marion, 912 N Pentecost Dr",,,,State,2026-08-30T21:43:41.512264Z
ac50a587b5c031f2,IL,State Farm Insurance Companies,State Farm Insurance,,"Bloomington, 1 State Farm Plaza 3 PLAZA",,,,State,2026-08-30T21:43:41.512264Z
fc3553074c14b59b,IL,State Farm Mutual Automobile Insurance Company,State Farm Mutual Automobile Insurance,,"Bloomington, 1 State Farm Plz",,,,State,2026-08-30T21:43:41.512264Z
b12b1dd5fdda31eb,IL,"UPS Supply Chain Solutions, Inc",UPS Supply Chain Solutions,,"Carol Stream, 775 East Dr",,,,State,2026-08-30T21:43:41.512264Z
53b36f6acef358aa,IL,Nouryon Chemicals LLC,Nouryon Chemicals,,"Chicago, 131 S Dearborn St STE 1000",,,,State,2026-08-30T21:43:41.512264Z
19d61120e806d833,IL,SDI Security,SDI Security,,"Chicago, 3550 S. Rhodes Ave",,,,State,2026-08-30T21:43:41.512264Z
1128f961f9430866,IL,"ITS Technologies & Logistics, LLC",ITS Technologies & Logistics,,"Harvey, 16800 South Center Street",,,,State,2026-08-30T21:43:41.512264Z
ea33e997f1b838f7,IL,"Conglobal Industries, LLC",Conglobal Industries,,"Harvey, 16800 South Center Street",,,,State,2026-08-30T21:43:41.512264Z
cb0bccfaabcb3baf,IL,"Kindred THC North Shore, LLC",Kindred THC North Shore,,"Chicago, 4058 W Melrose St",,,,State,2026-08-30T21:43:41.512264Z
248b32b75fa1b1a2,IL,Liquid Controls LLC,Liquid Controls,,"Lake Bluff, 105 Albrecht Dr",,,,State,2026-08-30T21:43:41.512264Z
a1a49e1225f489f0,IL,"Contextmedia Health, LLC",Contextmedia Health,,"Chicago, 330 N Wabash Ave Ste 2500",,,,State,2026-08-30T21:43:41.512264Z
eb07142758671b8b,IL,Royal Management Corporation,Royal Management,,"Lombard, 665 W North Ave Ste 500",,,,State,2026-08-30T21:43:41.512264Z
c2dc436fbc7fec7d,IL,"Fresenius Kabi, LLC",Fresenius Kabi,,"Bensenville, 600 Supreme Dr",,,,State,2026-08-30T21:43:41.512264Z
32dfb23fef2178ce,IL,Kenco,Kenco,,"Decatur, 2455 N 27th St",,,,State,2026-08-30T21:43:41.512264Z
46f6c8805de9390c,IL,"MTIL, Inc.",MTIL,,"Bolingbrook, 400 W Crossroads Pkwy",,,,State,2026-08-30T21:43:41.512264Z
6bab8f9477aafa0a,IL,"Gerber National Claim Services, Inc.",Gerber National Claim Services,,"Schaumburg, 150 Center Ct.",,,,State,2026-08-30T21:43:41.512264Z
a7a56a0cc22fa8ac,IL,AMITA Health,AMITA Health,,"Chicago, 200 S. Wacker Dr.",,,,State,2026-08-30T21:43:41.512264Z
bbcc1911f21eea78,IL,Sony DADC US Inc.,Sony DADC US,,"Bolingbrook, 430 Gibraltar Dr",,,,State,2026-08-30T21:43:41.512264Z
08422ca5a2ae14ce,IL,"FNS, Inc.",FNS,,"Bolingbrook, 1251 115th St Suite A",,,,State,2026-08-30T21:43:41.512264Z
8771d1dcfd019023,IL,Sequel Youth & Family Services,Sequel Youth & Family Services,,"Aurora, 998 Corporate Blvd",,,,State,2026-08-30T21:43:41.512264Z
485a6c832d55048a,IL,Sofitel Chicago Magnificent Mile Hotel,Sofitel Chicago Magnificent Mile Hotel,,"Chicago, 20 E Chestnut Street",,,,State,2026-08-30T21:43:41.512264Z
1296a70d1ae59199,IL,"Meritor, Inc.",Meritor,,"Chicago, 1020 W 119th St",,,,State,2026-08-30T21:43:41.512264Z
36c7980fe621ec08,IL,Dematic Corp.,Dematic,,"Chillicothe, 2800 E Cedar Hills",,,,State,2026-08-30T21:43:41.512264Z
84df5dc5f5579b52,IL,"MEC Energy Services, LLC",MEC Energy Services,,"Rock Island, 1 Rock Island Arsenal",,,,State,2026-08-30T21:43:41.512264Z
ac5f111fe5962651,IL,"Henry Pratt Company, LLC",Henry Pratt,,"Aurora, 401 S Highland Ave",,,,State,2026-08-30T21:43:41.512264Z
91be87b10db55518,IL,Dynapar Corporation,Dynapar,,"Gurnee, 1675 N Delany Rd",,,,State,2026-08-30T21:43:41.512264Z
b3487674761ea680,IL,Greenlee Textron Inc.,Greenlee Textron,,"Genoa, 702 W Main St",,,,State,2026-08-30T21:43:41.512264Z
10d061ba1ca1e23f,IL,Chemtool Incorporated,Chemtool,,"Rockton, 61165 Prairie Hill Rd",,,,State,2026-08-30T21:43:41.512264Z
b1dd8f0e09c6a361,IL,UNIQLO USA LLC,Uniqlo,,"Chicago, 830 N Michigan Ave",,,,State,2026-08-30T21:43:41.512264Z
c10a007b92b8a1cd,IL,Joppa Power Plant,Joppa Power Plant,,"Joppa, 2100 Portland Rd",,,,State,2026-08-30T21:43:41.512264Z
26ccf92211c891f7,IL,"Arlington Park Racecourse, LLC",Arlington Park Racecourse,,"Arlington Heights, 2200 W Euclid Ave",,,,State,2026-08-30T21:43:41.512264Z
a192b1a1050887ab,IL,"Protect-A-Bed, LLC",Protect-A-Bed,,"Wheeling, 1500 S Wolf Rd",,,,State,2026-08-30T21:43:41.512264Z
7c830dc6bc0c7caa,IL,"Morton Salt, Inc.",Morton Salt,,"Chicago, 444 W Lake St Ste 3000",,,,State,2026-08-30T21:43:41.512264Z
a3be8c26462f5037,IL,"Sodexo, Inc. (Chicago Public Schools)","Sodexo, Inc. (Chicago Public Schools)",,"Chicago, 600 W Cermak 3B",,,,State,2026-08-30T21:43:41.512264Z
95749a3be47971e6,IL,Signode Industrial Group LLC,Signode Industrial Group,,"Glenview, 3650 W Lake Ave",,,,State,2026-08-30T21:43:41.512264Z
1e13331b3831a14c,IL,"Evolution Sorbent Products, LLC",Evolution Sorbent Products,,"West Chicago, 1270 Nuclear Dr",,,,State,2026-08-30T21:43:41.512264Z
d924c7c6faf11816,IL,LyondellBasell Industries,LyondellBasell Industries,,"Tuscola, 625 E US Highway 36",,,,State,2026-08-30T21:43:41.512264Z
ac4a339aaecd0ddf,IL,Rock Island Arsenal Joint Manufacturing and Technology Center,Rock Island Arsenal Joint Manufacturing and Technology Center,,"Rock Island, Bldg 211 Redman Ave",,,,State,2026-08-30T21:43:41.512264Z
0beba976ab4090c5,IL,"Retail Properties of America, Inc.",Retail Properties of America,,"Oak Brook, 2021 Spring Rd Ste 200",,,,State,2026-08-30T21:43:41.512264Z
cf873b3e4177f5ff,IL,Zep Inc.,Zep,,"Lombard, 901 Parkview Blvd",,,,State,2026-08-30T21:43:41.512264Z
21ff929c1b87e42e,IL,Charter Automotive,Charter Automotive,,"Elgin, 1145 Jansen Farm Dr",,,,State,2026-08-30T21:43:41.512264Z
95e0b5799e07dc43,IL,Heritage Health,Heritage Health,,"Springfield, 900 N Rutledge St",,,,State,2026-08-30T21:43:41.512264Z
9630b9c15f66ec61,IL,United Parcel Service,United Parcel Service,,"Addison, 2055 W Army Trail Rd Ste 128",,,,State,2026-08-30T21:43:41.512264Z
d009e4313c78327e,IL,Interfirst Mortgage Company,Interfirst Mortgage,,"Rosemont, 9525 W. Bryn Mawr Ave., Suite 400",,,,State,2026-08-30T21:43:41.512264Z
c48e8291b5594691,IL,"Communications Test Design, Inc.",Communications Test Design,,"Elgin, 2200 Galvin Drive",,,,State,2026-08-30T21:43:41.512264Z
1e68a06dc075262f,IL,"Ongweoweh SCS St. Louis, LLC",Ongweoweh SCS St. Louis,,"East St. Louis, 2001 E Broadway",,,,State,2026-08-30T21:43:41.512264Z
e95d425bd1250715,IL,"Spire Power Solutions, L.P.",Spire Power Solutions,,"Elgin, 2475 Millennium Dr",,,,State,2026-08-30T21:43:41.512264Z
632e3a8ff827ebc8,IL,Friendship Senior Options,Friendship Senior Options,,"Geneva, 0N801 Friendship Way",,,,State,2026-08-30T21:43:41.512264Z
d2111e5b5f6e55fa,IL,Peloton,Peloton,,"Franklin Park, 10601 Seymour Ave., Ste 300",,,,State,2026-08-30T21:43:41.512264Z
d4a13f45aa39b1f3,IL,"CATCO O'Hare, Inc.",CATCO O'Hare,,"Chicago, 1000 W. O'Hare Ave.",,,,State,2026-08-30T21:43:41.512264Z
8faf9ddedb87fe56,IL,"Old Town Market, LLC",Old Town Market,,"Chicago, 1233 N Wells St",,,,State,2026-08-30T21:43:41.512264Z
8c5b01eb4541c935,IL,Wabtec Corporation,Wabtec,,"Hanover Park, 6300 Muirfield Drive",,,,State,2026-08-30T21:43:41.512264Z
666ab11b8c0722dc,IL,Lincoln University - Main Campus,Lincoln University - Main Campus,,"Lincoln, 300 Keokuk St",,,,State,2026-08-30T21:43:41.512264Z
b17474ef4a066c4a,IL,"Hshs Medical Group, Inc.",Hshs Medical Group,,"Springfield, 3051 Hollis Dr Ste 150 # 200",,,,State,2026-08-30T21:43:41.512264Z
18bfeff645a35885,IL,Lincoln College-Normal Campus,Lincoln College-Normal Campus,,"Normal, 715 W. Raab Road",,,,State,2026-08-30T21:43:41.512264Z
30662a47177362d7,IL,"Menasha Packaging Company, LLC",Menasha Packaging,,"Champaign, 710 N Mattis Ave",,,,State,2026-08-30T21:43:41.512264Z
638dd857e2441828,IL,"United Growth, LLC",United Growth,,"Northbrook, 1945 Techny Rd Ste 11",,,,State,2026-08-30T21:43:41.512264Z
4eb84211824d1e05,IL,Chartwells at Noble Charter Schools,Chartwells at Noble Charter Schools,,"Chicago, 1 N. State Street, 15th Floor",,,,State,2026-08-30T21:43:41.512264Z
b0dbc7124c1721dc,IL,National Express Corporation,National Express,,"Plainfield, 22544 W 143RD St",,,,State,2026-08-30T21:43:41.512264Z
2d664f6647a35d26,IL,ABC Manufacturing LLC,ABC Manufacturing,,"Chicago, 100 W Randolph Street",,,,State,2026-08-30T21:43:41.512264Z
85ca00330af393a3,IL,"Whole Foods Market, Inc.",Whole Foods Market,,"Chicago, 959 W Fullerton Ave",,,,State,2026-08-30T21:43:41.512264Z
748f3bf244a3af50,IL,"Iherb, Inc.",Iherb,,"Elgin, 2650 Auto Mall Dr",,,,State,2026-08-30T21:43:41.512264Z
dc926c61b8b3856e,IL,"NDSM Chemung, LLC",NDSM Chemung,,"Harvard, 6303 Maxon Rd",,,,State,2026-08-30T21:43:41.512264Z
c1b09e3e73b039cb,IL,"OPW Fuel Management Systems, Inc.",OPW Fuel Management Systems,,"Hodgkins, 6900 Santa Fe Dr.",,,,State,2026-08-30T21:43:41.512264Z
503cf4d86be49141,IL,"Home Products International - North America, Inc.",Home Products International - North America,,"Chicago, 4501 W 47TH St",,,,State,2026-08-30T21:43:41.512264Z
48dc241d0a51f7c5,IL,"Preferred Meal Systems, Inc.",Preferred Meal Systems,,"Berkeley, 5240 Saint Charles Rd",,,,State,2026-08-30T21:43:41.512264Z
245c286d0b77d0cd,IL,"Armstrong Flooring, Inc.",Armstrong Flooring,,"Kankakee, 1401 N Hobbie Ave",,,,State,2026-08-30T21:43:41.512264Z
5efa3b295d8254b4,IL,"Likewize Us, LLC",Likewize Us,,"Libertyville, 1950 USG Dr",,,,State,2026-08-30T21:43:41.512264Z
6e9406d16cded2d5,IL,Savista at N'western Memorial Hospital,Savista at N'western Memorial Hospital,,"McHenry, 4201 Medical Centre Dr.",,,,State,2026-08-30T21:43:41.512264Z
09919c58bbf3f74f,IL,"Superior West Laundry, LLC",Superior West Laundry,,"Chicago, 920 S. Campbell Ave.",,,,State,2026-08-30T21:43:41.512264Z
e66f95e9f143bb4e,IL,"St. Mary's Hospital, Decatur, of The Hospital Sisters of The Third Order of St. Francis","St. Mary's Hospital, Decatur, of The Hospital Sisters of The Third Order of St. Francis",,"Decatur, 1800 E Lake Shore Dr",,,,State,2026-08-30T21:43:41.512264Z
90b8e5a11d10552f,IL,"Wabtec Transportation Systems, LLC",Wabtec Transportation Systems,,"Hanover Park, 6300 Muirfield Dr",,,,State,2026-08-30T21:43:41.512264Z
382819e5b4d019d6,IL,Universal Security Corp.,Universal Security,,"Chicago, 1455 N Sedgwick St., Ground Floor",,,,State,2026-08-30T21:43:41.512264Z
c582ed54cefcf2e7,IL,ABM Industries - Orland Park,ABM Industries - Orland Park,,"Orland Park, 16150 S. 108th Ave.",,,,State,2026-08-30T21:43:41.512264Z
66879fa313edcb70,IL,"Trilogy Warehouse Partners II, LLC",Trilogy Warehouse Partners II,,"Dakota, 2034 E. Factory Road",,,,State,2026-08-30T21:43:41.512264Z
ae44dd70ead58d77,IL,"Morton Grove Pharmaceuticals, Inc.",Morton Grove Pharmaceuticals,,"Morton Grove, 6451 Main St",,,,State,2026-08-30T21:43:41.512264Z
552b5bebc292c373,IL,"48forty Solutions, LLC",48forty Solutions,,"Schaumburg, 1450 American Lane, Suite 700",,,,State,2026-08-30T21:43:41.512264Z
386a9ba681f0a1a2,IL,Alverno Clinical Laboratories LLC,Alverno Clinical Laboratories,,"Hammond, 2434 Interstate Plaza Dr",,,,State,2026-08-30T21:43:41.512264Z
0d04158c627a1e56,IL,Bergstrom Inc.,Bergstrom,,"Joliet, 4060 Mound Rd",,,,State,2026-08-30T21:43:41.512264Z
6e3af9de0edfd397,IL,"Fernlea Nurseries, Inc.",Fernlea Nurseries,,"Granville, 14240 Greenhouse Avenue",,,,State,2026-08-30T21:43:41.512264Z
fb613f63f0242206,IL,"Rt Wholesale, LLC",Rt Wholesale,,"Schiller Park, 4242 Old River Rd Ste 1A",,,,State,2026-08-30T21:43:41.512264Z
8531fbe06fad186a,IL,"GoHealth, LLC",GoHealth,,"Chicago, 214 W Huron St. 225 Superior",,,,State,2026-08-30T21:43:41.512264Z
3f46fc3e0894446d,IL,"Groupon, Inc.",Groupon,,"Chicago, 600 W Chicago Ave., Suite 400",,,,State,2026-08-30T21:43:41.512264Z
2d810b4fc5405dcd,IL,"Sodexo, Inc. (at Thornton Twsp. High School Dist. 205)","Sodexo, Inc. (at Thornton Twsp. High School Dist. 205)",,"South Holland, 435 E 170th St.",,,,State,2026-08-30T21:43:41.512264Z
f490a5a6eee34aa1,IL,Bloomingdale's,Bloomingdale's,,"Skokie, 4963 Old Orchard Center",,,,State,2026-08-30T21:43:41.512264Z
732ebb3a7ea82348,IL,"Follett Content Solutions, LLC",Follett Content Solutions,,"Woodridge, 1433 Internationale Pkwy",,,,State,2026-08-30T21:43:41.512264Z
b601de283f0b5bb4,IL,Hispanic Housing Development Corporation,Hispanic Housing Development,,"Chicago, 4429 N Clifton",,,,State,2026-08-30T21:43:41.512264Z
f1bf4bc4ac65ec58,IL,Southwire LLC,Southwire,,"Waukegan, 1430 12th Street",,,,State,2026-08-30T21:43:41.512264Z
0ca7ab8a26e90857,IL,"Certor Sports, LLC",Certor Sports,,"Litchfield, 610 & 710 S Industrial Dr",,,,State,2026-08-30T21:43:41.512264Z
41ebb9b5cb147a30,IL,Pretium Packaging,Pretium Packaging,,"Paris, 2015 S Main St",,,,State,2026-08-30T21:43:41.512264Z
9cde3184d1fdfd83,IL,"Bainbridge Products, LLC",Bainbridge Products,,"Bridgeview, 7830A W. 71st Street",,,,State,2026-08-30T21:43:41.512264Z
84284cdad4468fa4,IL,"Novartis Gene Therapies, Inc.",Novartis Gene Therapies,,"Libertyville, 1900 & 1940 USG Drive",,,,State,2026-08-30T21:43:41.512264Z
12e4b95c9d2014c4,IL,"Cardinal Health 200, LLC",Cardinal Health 200,,"Crystal Lake, 815 Tek Drive",,,,State,2026-08-30T21:43:41.512264Z
212116eddb1fc3f5,IL,"Reditus Laboratories, LLC",Reditus Laboratories,,"Pekin, 200 Enterprise Dr",,,,State,2026-08-30T21:43:41.512264Z
87e9a15297976645,IL,Tavern on Rush,Tavern on Rush,,"Chicago, 1031 N. Rush Street",,,,State,2026-08-30T21:43:41.512264Z
2ba7441de15e34e9,IL,Our Lady of Angels Retirement Home,Our Lady of Angels Retirement Home,,"Joliet, 1201 Wyoming Ave",,,,State,2026-08-30T21:43:41.512264Z
bfe6b2e91c18f383,IL,Aptar Libertyville,Aptar Libertyville,,"Libertyville, 901 Technology Way",,,,State,2026-08-30T21:43:41.512264Z
8d9d85916aeda978,IL,"Wilton Industries, Inc.",Wilton Industries,,"Naperville, 535 E Diehl Rd, Ste 300",,,,State,2026-08-30T21:43:41.512264Z
012f82a7aeeec973,IL,"Stradis Medical, LLC",Stradis Medical,,"Waukegan, 3600 Burwood Dr",,,,State,2026-08-30T21:43:41.512264Z
96aaa574e985c169,IL,Arrow Home Products LLC,Arrow Home Products,,"Elk Grove Village, 701 E Devon Ave",,,,State,2026-08-30T21:43:41.512264Z
cf263057366248f1,IL,Nova Wildcat Shur Line LLC,Nova Wildcat Shur Line,,"Freeport, 1750 South Lincoln Drive",,,,State,2026-08-30T21:43:41.512264Z
4acebfcf37811937,IL,Yanfeng US Automotive Interior Systems I LLC,Yanfeng US Automotive Interior Systems I,,"Belvidere, 775 Logistics Dr",,,,State,2026-08-30T21:43:41.512264Z
c2db264f3fc0d87a,IL,Mechanical Servants LLC,Mechanical Servants,,"Glendale Heights, 200 Regency Dr",,,,State,2026-08-30T21:43:41.512264Z
36a2d6f2dde52fe8,IL,"Villa Financial Services, LLC",Villa Financial Services,,"Lincolnwood, 3701 W. Lunt Ave.",,,,State,2026-08-30T21:43:41.512264Z
5836fcba50802a91,IL,Cassens Transport Company,Cassens Transport,,"Belvidere, 3060 Grant Highway",,,,State,2026-08-30T21:43:41.512264Z
ffa3635ad636aab2,IL,"Specialized Bicycle Components, Inc.",Specialized Bicycle Components,,"Morgan Hill, 15130 Concord Circle",,,,State,2026-08-30T21:43:41.512264Z
c17d7e868804c915,IL,Wells Fargo Home Mortgage Inc,Wells Fargo Home Mortgage,,"Springfield, 4800 Wabash Ave",,,,State,2026-08-30T21:43:41.512264Z
af6b1b56e05e9f89,IL,"Amount, Inc.",Amount,,"Chicago, 222 N La Salle St Ste 1700",,,,State,2026-08-30T21:43:41.512264Z
84072f586ea86fca,IL,"HGS USA, LLC",HGS,,"Lisle, 4933 Lincoln Ave.",,,,State,2026-08-30T21:43:41.512264Z
33c3cab547a792e1,IL,"Customized Distribution Services, Inc.",Customized Distribution Services,,"Edwardsville, 1 Gateway Commerce Center Dr West",,,,State,2026-08-30T21:43:41.512264Z
09120414170c8e5b,IL,"Evolent Health, Inc.",Evolent Health,,"Chicago, 300 S Riverside Plz Ste 400",,,,State,2026-08-30T21:43:41.512264Z
2e48f27797b7e1f1,IL,"Aerotek, Inc. (at Abbott Laboratories)","Aerotek, Inc. (at Abbott Laboratories)",,"Gurnee, 605 Tri-State Parkway",,,,State,2026-08-30T21:43:41.512264Z
b8bdc3ad2dfd13d8,IL,Akorn Operating Company LLC,Akorn Operating,,"Gurnee, 5605 Centerpoint Ct Ste A",,,,State,2026-08-30T21:43:41.512264Z
5b02de4878ec9fea,IL,Cascades Specialty Products Group,Cascades Specialty Products Group,,"Aurora, 2300 Raddant Road B",,,,State,2026-08-30T21:43:41.512264Z
e5d98235511866ab,IL,"Heritage Operations Group, LLC",Heritage Operations Group,,"Bloomington, 115 W. Jefferson St., Suite 401",,,,State,2026-08-30T21:43:41.512264Z
4506a88292ed53ea,IL,"Glassdoor, Inc.",Glassdoor,,"Chicago, 1375 W. Fulton Market, 10th Floor",,,,State,2026-08-30T21:43:41.512264Z
f80faef4c96404b8,IL,Inland Bank and Trust,Inland Bank and Trust,,"Oak Brook, 2805 Butterfield Rd",,,,State,2026-08-30T21:43:41.512264Z
97aa8c4f0b9d70e9,IL,Impact Fulfillment Services,Impact Fulfillment Services,,"Edwardsville, 3101 Westway Drive",,,,State,2026-08-30T21:43:41.512264Z
865fb272890a3502,IL,"Aspiration Partners, Inc.",Aspiration Partners,,"Marina Del Rey, 4551 Glencoe Ave Ste 300",,,,State,2026-08-30T21:43:41.512264Z
b3a0e2be0561c774,IL,Glen-Gery Corporation,Glen-Gery,,"Marseilles, 1401 Broadway St",,,,State,2026-08-30T21:43:41.512264Z
b62aecd17b68e2f5,IL,Flanders Corporation,Flanders,,"Momence, 11360 E State Route 114",,,,State,2026-08-30T21:43:41.512264Z
b0abdf66e158f3de,IL,"AmeriMark Interactive, LLC",AmeriMark Interactive,,"Lincolnshire, 200 Tri State International",,,,State,2026-08-30T21:43:41.512264Z
ffb44b7a170629c0,IL,"Compass Group USA, Inc.",Compass Group,,"Oak Lawn, 10701 S. Kilpatrick Ave.",,,,State,2026-08-30T21:43:41.512264Z
7622e38e17f2efcb,IL,"University Rehabilitation Center of C-U, LLC",University Rehabilitation Center of C-U,,"Urbana, 500 Art Bartell Rd",,,,State,2026-08-30T21:43:41.512264Z
1ca80f0f2b1c54fb,IL,"Parsec, Inc.",Parsec,,"Elwood, 27236 S Elwood International Port Rd",,,,State,2026-08-30T21:43:41.512264Z
68d817599cb384e8,IL,"Makita U.S.A., Inc.",Makita U.S.A,,"Mount Prospect, 1450 Feehanville Dr",,,,State,2026-08-30T21:43:41.512264Z
7efd06d264841f3e,IL,ProMedica Health System,ProMedica Health System,,"Arlington Heights, 715 W. Central Rd.",,,,State,2026-08-30T21:43:41.512264Z
fa1816f01a451489,IL,The Hope Learning Academy Chicago,Hope Learning Academy Chicago,,"Chicago, 1628 West Washington Blvd.",,,,State,2026-08-30T21:43:41.512264Z
e4876725468fbd16,IL,"Enlivant ES, LLC",Enlivant ES,,"Chicago, 330 N. Wabash, Ste. 3700",,,,State,2026-08-30T21:43:41.512264Z
dbd8f3911313fcf8,IL,Pitney Bowes Inc.,Pitney Bowes,,"Elk Grove Village, 2001 Arthur Ave., Suite B",,,,State,2026-08-30T21:43:41.512264Z
9294dfe169dd8e19,IL,Tyson Foods,Tyson Foods,,"Downers Grove, 3250 Lacey Road",,,,State,2026-08-30T21:43:41.512264Z
0c76970cbd8ac79c,IL,Cornerstone Building Brands,Cornerstone Building Brands,,"Lansing, 16801 Exchange Ave.",,,,State,2026-08-30T21:43:41.512264Z
7d4ddedfb48a0bb0,IL,"Matthew Warren, Inc.",Matthew Warren,,"Schiller Park, 9505 Winona Ave",,,,State,2026-08-30T21:43:41.512264Z
efe39421f2744bbf,IL,"Autism Home Support Services, LLC",Autism Home Support Services,,"Northbrook, 85 Revere Drive",,,,State,2026-08-30T21:43:41.512264Z
088863a538eb2bfe,IL,AT&T Corp.,AT&T,,"Peoria, 320 Fulton St",,,,State,2026-08-30T21:43:41.512264Z
da5f86d96b9cca9b,IL,Chicago Marriott Suites Downers Grove,Chicago Marriott Suites Downers Grove,,"Downers Grove, 1500 Opus Place",,,,State,2026-08-30T21:43:41.512264Z
6e8ec74c000e9df8,IL,"Aramark Campus, LLC",Aramark Campus,,"Chicago, 1817 West 80th Street",,,,State,2026-08-30T21:43:41.512264Z
e172f53bedf8c94a,IL,Swissport Fueling,Swissport Fueling,,"Chicago, Chicago Midway International Airport 5700 S. Cicero Ave.",,,,State,2026-08-30T21:43:41.512264Z
5d37011e295cdb2b,IL,Zurn Elkay Water Solutions,Zurn Elkay Water Solutions,,"Franklin Park, 9223 King Street",,,,State,2026-08-30T21:43:41.512264Z
f9eaef088a60011e,IL,"Christian Horizons Living, LLC at The Christian Village","Christian Horizons Living, LLC at The Christian Village",,"Lincoln, 1507 7th Street",,,,State,2026-08-30T21:43:41.512264Z
9c19b78ac7a62dd1,IL,"Dabir Surfaces, Inc.",Dabir Surfaces,,"Harwood Heights, 7447 W Wilson Ave.",,,,State,2026-08-30T21:43:41.512264Z
1f86e74641f352bf,IL,Pfizer Inc.,Pfizer,,"Lake Forest, 275 N Field Dr",,,,State,2026-08-30T21:43:41.512264Z
9a5d1d9a30744180,IL,Yellow Corporation,Yellow,,"Nashville, 501 Commerce Street Suite 1120",,,,State,2026-08-30T21:43:41.512264Z
636999acc0c9551e,IL,Federal Express Corporation,Federal Express,,"Marion, 507 N 5TH St",,,,State,2026-08-30T21:43:41.512264Z
f50fc844f570f21f,IL,"Savor, Inc. (at McCormick Place)","Savor, Inc. (at McCormick Place)",,"Chicago, 301 E. Cermak Road",,,,State,2026-08-30T21:43:41.512264Z
7d7de5c30adbb552,IL,CVS Health,CVS Health,,"Buffalo Grove, 2100 E. Lake Cook Road",,,,State,2026-08-30T21:43:41.512264Z
2a23ec861e692680,IL,"AGB Investigative Services, Incorporated",AGB Investigative Services,,"Chicago, 7545 S Western Ave",,,,State,2026-08-30T21:43:41.512264Z
3d1446190b998a01,IL,Clearwave Fiber,Clearwave Fiber,,"Eldorado, 610 Fourth Street",,,,State,2026-08-30T21:43:41.512264Z
67a8ab31dbc44997,IL,Providence Life Services,Providence Life Services,,"Crete, 2681 Route 394",,,,State,2026-08-30T21:43:41.512264Z
c081502dbcb9b412,IL,"Berry Global, Inc.",Berry Global,,"Woodstock, 1008 Courtaulds Dr",,,,State,2026-08-30T21:43:41.512264Z
6ac543594e841f77,IL,"Volition Games, LLC",Volition Games,,"Champaign, 1 E. Main Street",,,,State,2026-08-30T21:43:41.512264Z
f3d28d47cf8a2924,IL,WestRock Company,WestRock,,"Chicago, 9540 S Dorchester Ave",,,,State,2026-08-30T21:43:41.512264Z
0b8a1d1a9d5e9b75,IL,"Sodexo, Inc. (at Lake Forest Academy)","Sodexo, Inc. (at Lake Forest Academy)",,"Lake Forest, 1500 W Kennedy Rd",,,,State,2026-08-30T21:43:41.512264Z
f632b7b0083ef286,IL,Heartland Alliance,Heartland Alliance,,"Chicago, 208 S. LaSalle Street, Suite 1300",,,,State,2026-08-30T21:43:41.512264Z
0e79cb54d6e5e9e8,IL,Silgan Containers Manufacturing Corporation,Silgan Containers Manufacturing,,"Hoopeston, 324 W Main St",,,,State,2026-08-30T21:43:41.512264Z
835ec4227b133dc5,IL,"Mars Wrigley Confectionery US, LLC",Mars Wrigley Confectionery US,,"Chicago, 2019 N Oak Park Ave",,,,State,2026-08-30T21:43:41.512264Z
f6f5e487e164c269,IL,"Monterey Mushrooms, LLC",Monterey Mushrooms,,"Princeton, 27268 US Highway 6",,,,State,2026-08-30T21:43:41.512264Z
c100213aefbc39c9,IL,"Becton, Dickinson and Company","Becton, Dickinson and",,"Vernon Hills, 75 N. Fairway Drive",,,,State,2026-08-30T21:43:41.512264Z
6ebf3939eaf01d53,IL,VRC Engineered Solutions,VRC Engineered Solutions,,"Schiller Park, 3800 Wesley Terrace",,,,State,2026-08-30T21:43:41.512264Z
2c9b250ab64f7a63,IL,QUAD/GRAPHICS INC.,Quad/Graphics,,"Effingham, 420 Industrial Ave. 1200 W. Niccum Ave.",,,,State,2026-08-30T21:43:41.512264Z
c2f64af3e508311f,IL,Aspire Bakeries LLC,Aspire Bakeries,,"Northlake, 111 Northwest Ave.",,,,State,2026-08-30T21:43:41.512264Z
b5480801944f15a1,IL,"Castle Credit Co. Holdings, LLC",Castle Credit Co. Holdings,,"Chicago, 200 S. Michigan Ave.",,,,State,2026-08-30T21:43:41.512264Z
078593a0015d0627,IL,Grand Lux Cafe LLC,Grand Lux Cafe,,"Chicago, 600 N Michigan Ave",,,,State,2026-08-30T21:43:41.512264Z
ee367382a21acfa1,IL,Eddie V's,Eddie V's,,"Chicago, 521 Rush Street",,,,State,2026-08-30T21:43:41.512264Z
a2cb16aae634968d,IL,Talis Biomedical Corporation,Talis Biomedical,,"Chicago, 1375 W Fulton Market Ste 700",,,,State,2026-08-30T21:43:41.512264Z
616404c1ebceb754,IL,Motivate LLC,Motivate,,"Chicago, 2132 W. Hubbard St.",,,,State,2026-08-30T21:43:41.512264Z
673c4ff34efed81e,IL,"EVAPCO, INC.",Evapco,,"Newton, 701 E. Jourdan St.",,,,State,2026-08-30T21:43:41.512264Z
d2e43a1cb2b07533,IL,HMSHost,HMSHost,,"Chicago, O'Hare Airport, 10000 W. Balmoral Ave.",,,,State,2026-08-30T21:43:41.512264Z
75396a45c01054de,IL,Stratus Unlimited LLC,Stratus Unlimited,,"Elk Grove Village, 2480 Greenleaf Ave",,,,State,2026-08-30T21:43:41.512264Z
c98e91bc9dde53d0,IL,GDI Services,GDI Services,,"Joliet, 201 Emerald Dr.",,,,State,2026-08-30T21:43:41.512264Z
6d997d228d08a1bb,IL,"Salem Village Nursing and Rehabilitation Center, L.L.C.",Salem Village Nursing and Rehabilitation Center,,"Joliet, 1314 Rowell Ave",,,,State,2026-08-30T21:43:41.512264Z
48195cf54de10af1,IL,"Amscan, Inc.",Amscan,,"Naperville, 2727 W Diehl Rd",,,,State,2026-08-30T21:43:41.512264Z
b1fe7f2590b17efc,IL,"Hillside Logistics, Inc.",Hillside Logistics,,"Hillside, 5999 Butterfield Rd",,,,State,2026-08-30T21:43:41.512264Z
f60135391aff1046,IL,"Marsden Services, LLC",Marsden Services,,"Monee, 6605 W Monee Manhattan Rd",,,,State,2026-08-30T21:43:41.512264Z
ad4c41bc9c2c9963,IL,"Quad Logistics Services, LLC",Quad Logistics Services,,"Bolingbrook, 1290 Remington Blvd.",,,,State,2026-08-30T21:43:41.512264Z
32d3336dbd861756,IL,Meetings & Events International,Meetings & Events International,,"Chicago, 1348 W Concord Place",,,,State,2026-08-30T21:43:41.512264Z
faac610be23b61a9,IL,Block Inc.,Block,,"San Francisco, 1455 Market Street Suite 600",,,,State,2026-08-30T21:43:41.512264Z
ce9afee1357193aa,IL,Chicago Tribune - Production Facility,Chicago Tribune - Production Facility,,"Chicago, 560 W. Grand Ave.",,,,State,2026-08-30T21:43:41.512264Z
6046a9235a10b1aa,IL,Daifuku Services America Corporation,Daifuku Services America,,"Channahon, 23700 W. Bluff Rd., Bldg. A",,,,State,2026-08-30T21:43:41.512264Z
a2127f4e728c687f,IL,VillageMD,VillageMD,,"Wheeling, 342 S. Milwaukee Ave.",,,,State,2026-08-30T21:43:41.512264Z
c1257e062ae559be,IL,Louisiana-Pacific Corporation,Louisiana-Pacific,,"Granite City, 204 E Chain of Rocks Road",,,,State,2026-08-30T21:43:41.512264Z
5914dd95a39078ee,IL,KIRA Training Services LLC,KIRA Training Services,,"Rock Island, Rock Island Arsenal Bldg 102",,,,State,2026-08-30T21:43:41.512264Z
a31fd885299a8804,IL,GEODIS Logistics LLC,GEODIS Logistics,,"Edwardsville, 14 Gateway Commerce Center Dr.",,,,State,2026-08-30T21:43:41.512264Z
95a7900c4bbfc2fb,IL,Lake Land College,Lake Land College,,"Mattoon, 5001 Lake Land Blvd",,,,State,2026-08-30T21:43:41.512264Z
7543f901d079926a,IL,"Alverno Clinical Laboratories, Inc.",Alverno Clinical Laboratories,,"Chicago, 38622 Eagle Way",,,,State,2026-08-30T21:43:41.512264Z
