id,state,company,company_canonical,company_dba,location,employees_affected,notice_date,effective_date,notice_type,first_seen
65580d6f6523746f,KS,Ashley Clinic/Southeast Kansas Mental Health Center,Ashley Clinic/Southeast Kansas Mental Health Center,,"Iola, 304 N. Jefferson Ave; Iola, Kansas 66749",116,2026-03-27,,WARN,2026-08-31T12:18:23.233750Z
621ee24cfe2e37cb,FL,Saddle Creek Corporation,Saddle Creek,,"PLANT CITY, FL, 33566",178,2026-08-17,2026-10-15,,2026-08-31T10:29:52.309603Z
c03c67f46373ec01,FL,"Nearly Natural, LLC",Nearly Natural,,"HIALEAH, FL, 33018",60,2026-08-13,2026-10-12,,2026-08-31T10:29:52.309603Z
574ce993bc928e54,FL,"Postal Center International, Inc.",Postal Center International,,"WESTON, FL, 33331",181,2026-08-12,2026-08-13,,2026-08-31T10:29:52.309603Z
4020ea65a176f916,FL,SMBC Manubank,SMBC Manubank,,"MULTIPLE LOCATIONS, FL, 10172",9,2026-08-11,2026-10-09,,2026-08-31T10:29:52.309603Z
8f675f5435056fa5,FL,West Marine's Florida Support Center,West Marine's Florida Support Center,,"FORT LAUDERDALE, FL, 33301",80,2026-08-06,2026-10-03,,2026-08-31T10:29:52.309603Z
a56603c7c9c5eb57,FL,"MV Transportation, Inc.",MV Transportation,,"NAPLES, FL, 34104",151,2026-07-30,2026-09-30,,2026-08-31T10:29:52.309603Z
66054a3eeca2a39d,FL,COLSA Corporation,Colsa,,"EGLIN AFB, FL, 32542",97,2026-07-27,2026-09-30,,2026-08-31T10:29:52.309603Z
b8fb28e34fe4bac8,FL,"Parallel Florida, LLC",Parallel Florida,,"WIMAUMA, FL, 33595",157,2026-07-21,2026-07-06,,2026-08-31T10:29:52.309603Z
0a5913bdd0e66a96,FL,"Parallel Florida, LLC",Parallel Florida,,"LAKELAND, FL, 33811",54,2026-07-21,2026-07-06,,2026-08-31T10:29:52.309603Z
b19774b7961043df,FL,"Freight Handlers, LLC (FHI)","Freight Handlers, LLC (FHI)",,"LAKELAND, FL, 33815",38,2026-07-20,2026-09-19,,2026-08-31T10:29:52.309603Z
a38adbf5caf95569,FL,"Freight Handlers, LLC (FHI)","Freight Handlers, LLC (FHI)",,"LAKELAND, FL, 33815",38,2026-07-20,2026-09-19,,2026-08-31T10:29:52.309603Z
9de7b028a3ebc882,FL,"Freight Handlers, LLC (FHI)","Freight Handlers, LLC (FHI)",,"LAKELAND, FL, 33815",38,2026-07-20,2026-09-19,,2026-08-31T10:29:52.309603Z
0efce04f77f6a4e8,FL,"Freight Handlers, LLC (FHI)","Freight Handlers, LLC (FHI)",,"SARASOTA, FL, 34232",17,2026-07-20,2026-09-19,,2026-08-31T10:29:52.309603Z
04a2df6a2d3e2b15,FL,"Freight Handlers, LLC (FHI)","Freight Handlers, LLC (FHI)",,"LAKELAND, FL, 33811",37,2026-07-20,2026-09-19,,2026-08-31T10:29:52.309603Z
85c4aabd128c7cc1,FL,Magic Leap,Magic Leap,,"PLANTATION, FL, 33322",193,2026-07-16,2026-10-01,,2026-08-31T10:29:52.309603Z
18d8af281ba1422b,FL,Amazon,Amazon,,"PORT SAINT LUCIE, FL, 34986",494,2026-07-16,2026-09-17,,2026-08-31T10:29:52.309603Z
02fd1cff12466494,FL,Temco Logistics,Temco Logistics,,"HIALEAH, FL, 33018",60,2026-07-16,2026-10-03,,2026-08-31T10:29:52.309603Z
b60709b52f10ee24,FL,Notions Marketing,Notions Marketing,,"CLEAR WATER, FL, 33760",3,2026-07-02,2026-06-28,,2026-08-31T10:29:52.309603Z
99a3671de5a422ba,FL,"MV Transportation, Inc.",MV Transportation,,"FORT WALTON BEACH, FL, 32547",53,2026-06-30,2026-08-31,,2026-08-31T10:29:52.309603Z
f6076690e84b939f,FL,Conduent,Conduent,,"LOXAHATCHEE, FL, 33470",1,2026-06-27,2026-07-31,,2026-08-31T10:29:52.309603Z
f562522730b75909,FL,Conduent,Conduent,,"PORT SAINT LUCIE, FL, 34987",1,2026-06-27,2026-07-31,,2026-08-31T10:29:52.309603Z
e7ca3f59db1501b5,FL,Conduent,Conduent,,"NEW PORT RICHEY, FL, 34654",1,2026-06-27,2026-07-31,,2026-08-31T10:29:52.309603Z
e339dcce94116505,FL,Conduent,Conduent,,"LYNN HAVEN, FL, 32444",1,2026-06-27,2026-07-31,,2026-08-31T10:29:52.309603Z
e217598a3acf0967,FL,Conduent,Conduent,,"JACKSONVILLE, FL, 32209",1,2026-06-27,2026-07-31,,2026-08-31T10:29:52.309603Z
df80318d49cbd38f,FL,Conduent,Conduent,,"FORT LAUDERDALE, FL, 33319",1,2026-06-27,2026-07-31,,2026-08-31T10:29:52.309603Z
df37ba418bb7c847,FL,Conduent,Conduent,,"LAKE CITY, FL, 32024",1,2026-06-27,2026-07-31,,2026-08-31T10:29:52.309603Z
dcabcb0125dbef45,FL,Conduent,Conduent,,"WESLEY CHAPEL, FL, 33544",1,2026-06-27,2026-07-31,,2026-08-31T10:29:52.309603Z
db6a69d9054da452,FL,Conduent,Conduent,,"HIALEAH, FL, 33016",1,2026-06-27,2026-07-31,,2026-08-31T10:29:52.309603Z
d9b89d8e3ef71b44,FL,Conduent,Conduent,,"RUSKIN, FL, 33570",1,2026-06-27,2026-07-31,,2026-08-31T10:29:52.309603Z
d1a22ee833c34834,FL,Conduent,Conduent,,"GAINESVILLE, FL, 32609",1,2026-06-27,2026-07-31,,2026-08-31T10:29:52.309603Z
c8c7a5534acb635c,FL,Conduent,Conduent,,"TALLAHASSEE, FL, 32309",1,2026-06-27,2026-07-31,,2026-08-31T10:29:52.309603Z
c25841b944c46da3,FL,Conduent,Conduent,,"CITRUS SPRINGS, FL, 32703",1,2026-06-27,2026-07-31,,2026-08-31T10:29:52.309603Z
b7a40e26dc828795,FL,Conduent,Conduent,,"MIDDLEBURG, FL, 32068",1,2026-06-27,2026-07-31,,2026-08-31T10:29:52.309603Z
b630dc8cbef2c04a,FL,Conduent,Conduent,,"APOPKA, FL, 32703",1,2026-06-27,2026-07-31,,2026-08-31T10:29:52.309603Z
9d896eb5266e4522,FL,Conduent,Conduent,,"CLERMONT, FL, 34714",1,2026-06-27,2026-07-31,,2026-08-31T10:29:52.309603Z
9356974c6ef47a5e,FL,Conduent,Conduent,,"LAND O LAKES, FL, 34638",1,2026-06-27,2026-07-31,,2026-08-31T10:29:52.309603Z
907480404548bce3,FL,Conduent,Conduent,,"KISSIMMEE, FL, 34747",1,2026-06-27,2026-07-31,,2026-08-31T10:29:52.309603Z
7ad1c71510ee05d9,FL,Conduent,Conduent,,"DAVENPORT, FL, 33897",1,2026-06-27,2026-07-31,,2026-08-31T10:29:52.309603Z
7ab6a9e3b89c5db4,FL,Conduent,Conduent,,"PEMBROKE PINES, FL, 33029",1,2026-06-27,2026-07-31,,2026-08-31T10:29:52.309603Z
76fe476bc0b7056f,FL,Conduent,Conduent,,"ORANGE PARK, FL, 32065",1,2026-06-27,2026-07-31,,2026-08-31T10:29:52.309603Z
76592cd02ad7003a,FL,Conduent,Conduent,,"SEBASTIAN, FL, 32958",1,2026-06-27,2026-07-31,,2026-08-31T10:29:52.309603Z
7616fafe2875635e,FL,Conduent,Conduent,,"WEST PALM BEACH, FL, 33401",1,2026-06-27,2026-07-31,,2026-08-31T10:29:52.309603Z
750acef1c3f6e992,FL,Conduent,Conduent,,"PALM COAST, FL, 32164",1,2026-06-27,2026-07-31,,2026-08-31T10:29:52.309603Z
6e26aff885bd1ede,FL,Conduent,Conduent,,"TARPON SPRINGS, FL, 34689",1,2026-06-27,2026-07-31,,2026-08-31T10:29:52.309603Z
68cdefb6be1ad364,FL,Conduent,Conduent,,"POINCIANA, FL, 34759",1,2026-06-27,2026-07-31,,2026-08-31T10:29:52.309603Z
652ac5bf3898531c,FL,Conduent,Conduent,,"TAMARAC, FL, 33321",1,2026-06-27,2026-07-31,,2026-08-31T10:29:52.309603Z
60cdebcb8cf2d90e,FL,Conduent,Conduent,,"WINTER PARK, FL, 32792",1,2026-06-27,2026-07-31,,2026-08-31T10:29:52.309603Z
5e0307add024bd8c,FL,Conduent,Conduent,,"TAMPA, FL, 33315",1,2026-06-27,2026-07-31,,2026-08-31T10:29:52.309603Z
52d4be72b0f9bfad,FL,Conduent,Conduent,,"MIAMI, FL, 33193",1,2026-06-27,2026-07-31,,2026-08-31T10:29:52.309603Z
4eb905f99e7b2353,FL,Conduent,Conduent,,"PALM BAY, FL, 32905",1,2026-06-27,2026-07-31,,2026-08-31T10:29:52.309603Z
4c24bddc06f02a7a,FL,Conduent,Conduent,,"PANAMA CITY, FL, 32405",1,2026-06-27,2026-07-31,,2026-08-31T10:29:52.309603Z
461a02144207b13e,FL,Conduent,Conduent,,"CLEAR WATER, FL, 33760",1,2026-06-27,2026-07-31,,2026-08-31T10:29:52.309603Z
4126692ed9908f05,FL,Conduent,Conduent,,"DAVIE, FL, 33325",1,2026-06-27,2026-07-31,,2026-08-31T10:29:52.309603Z
29d392c4498fa6d9,FL,Conduent,Conduent,,"ORLANDO, FL, 32812",1,2026-06-27,2026-07-31,,2026-08-31T10:29:52.309603Z
1788033dda2394f7,FL,Conduent,Conduent,,"WELLBORN, FL, 32094",1,2026-06-27,2026-07-31,,2026-08-31T10:29:52.309603Z
0eb4c9eeea71aa96,FL,Conduent,Conduent,,"HERNANDO, FL, 34442",1,2026-06-27,2026-07-31,,2026-08-31T10:29:52.309603Z
06ad5f57dc0a934c,FL,Conduent,Conduent,,"DELTONA, FL, 32738",1,2026-06-27,2026-07-31,,2026-08-31T10:29:52.309603Z
0048e67f86ff0412,FL,Conduent,Conduent,,"MALABAR, FL, 32950",1,2026-06-27,2026-07-31,,2026-08-31T10:29:52.309603Z
9c4de2de71ff8aee,FL,"Enkei America, Inc.",Enkei America,,"JACKSONVILLE, FL, 32218",62,2026-06-24,2026-08-30,,2026-08-31T10:29:52.309603Z
d4333f3b2a486d7b,FL,Hard Rock Cafe Miami,Hard Rock Cafe Miami,,"MIAMI, FL, 33132",117,2026-06-20,2026-08-19,,2026-08-31T10:29:52.309603Z
f6f7edab7026217d,FL,Southeast Home Care,Southeast Home Care,,"JACKSONVILLE, FL, 32216",10,2026-06-18,2026-08-31,,2026-08-31T10:29:52.309603Z
ee2319b96fb607f8,FL,Southeast Home Care,Southeast Home Care,,"ORLANDO, FL, 33716",21,2026-06-18,2026-08-31,,2026-08-31T10:29:52.309603Z
de41869b7ecfd820,FL,Southeast Home Care,Southeast Home Care,,"DORAL, FL, 33122",73,2026-06-18,2026-08-31,,2026-08-31T10:29:52.309603Z
3f9181cec6640cae,FL,W South Beach & Residences,W South Beach & Residences,,"MIAMI BEACH, FL, 33139",337,2026-06-18,2026-08-19,,2026-08-31T10:29:52.309603Z
317758a186b67d5c,FL,Southeast Home Care,Southeast Home Care,,"FORT LAUDERDALE, FL, 33309",39,2026-06-18,2026-08-31,,2026-08-31T10:29:52.309603Z
244a48b2a0c60f7a,FL,Southeast Home Care,Southeast Home Care,,"TAMPA, FL, 33619",23,2026-06-18,2026-08-31,,2026-08-31T10:29:52.309603Z
1230389a5a14d3bb,FL,Southeast Home Care,Southeast Home Care,,"SAINT PETERSBURG, FL, 33716",12,2026-06-18,2026-08-31,,2026-08-31T10:29:52.309603Z
7ff3cf0572946603,FL,Pitney Bowes Inc.,Pitney Bowes,,"JACKSONVILLE, FL, 32219",68,2026-06-10,2026-08-14,,2026-08-31T10:29:52.309603Z
fdd2587c577556ca,FL,Sanitas Medical Centers,Sanitas Medical Centers,,"CORAL SPRINGS, FL, 33065",3,2026-06-08,2026-06-09,,2026-08-31T10:29:52.309603Z
ec0c5a71d9b8000a,FL,Sanitas Medical Centers,Sanitas Medical Centers,,"FORT MYERS, FL, 33907",3,2026-06-08,2026-06-09,,2026-08-31T10:29:52.309603Z
ec05e800206fbcdf,FL,Sanitas Medical Centers,Sanitas Medical Centers,,"TAMPA, FL, 33614",3,2026-06-08,2026-06-09,,2026-08-31T10:29:52.309603Z
dfd73332db278c8b,FL,Sanitas Medical Centers,Sanitas Medical Centers,,"CORAL GABLES, FL, 33146",20,2026-06-08,2026-06-09,,2026-08-31T10:29:52.309603Z
dbc31bd1c5ecbdae,FL,Sanitas Medical Centers,Sanitas Medical Centers,,"TALLAHASSEE, FL, 32301",7,2026-06-08,2026-06-09,,2026-08-31T10:29:52.309603Z
c373f5a6b1a37b00,FL,Sanitas Medical Centers,Sanitas Medical Centers,,"HOLLYWOOD, FL, 33024",3,2026-06-08,2026-06-09,,2026-08-31T10:29:52.309603Z
bf2a22de3292e4aa,FL,Sanitas Medical Centers,Sanitas Medical Centers,,"LAUDERDALE LAKES, FL, 33313",2,2026-06-08,2026-06-09,,2026-08-31T10:29:52.309603Z
9bf3c2973f8b94d2,FL,Sanitas Medical Centers,Sanitas Medical Centers,,"LAUDERHILL, FL, 33319",2,2026-06-08,2026-06-09,,2026-08-31T10:29:52.309603Z
7ebe62728cd4e4c7,FL,Sanitas Medical Centers,Sanitas Medical Centers,,"SAINT CLOUD, FL, 34771",12,2026-06-08,2026-06-09,,2026-08-31T10:29:52.309603Z
4ad1cb8d5e319de7,FL,Sanitas Medical Centers,Sanitas Medical Centers,,"JACKSONVILLE, FL, 32202",1,2026-06-08,2026-06-09,,2026-08-31T10:29:52.309603Z
495a9cfe49f09fb4,FL,Sanitas Medical Centers,Sanitas Medical Centers,,"TALLAHASSEE, FL, 32303",2,2026-06-08,2026-06-09,,2026-08-31T10:29:52.309603Z
459e689bdba7f43e,FL,Sanitas Medical Centers,Sanitas Medical Centers,,"DORAL, FL, 33122",115,2026-06-08,2026-06-09,,2026-08-31T10:29:52.309603Z
3ceceb24627af73e,FL,Sanitas Medical Centers,Sanitas Medical Centers,,"COCONUT CREEK, FL, 33063",5,2026-06-08,2026-06-09,,2026-08-31T10:29:52.309603Z
2e2456378a18a33d,FL,Sanitas Medical Centers,Sanitas Medical Centers,,"TEMPLE TERRACE, FL, 33617",6,2026-06-08,2026-06-09,,2026-08-31T10:29:52.309603Z
1956a5f94bea8581,FL,Sanitas Medical Centers,Sanitas Medical Centers,,"CLERMONT, FL, 34771",25,2026-06-08,2026-06-09,,2026-08-31T10:29:52.309603Z
08943bc8718f38fa,FL,Sanitas Medical Centers,Sanitas Medical Centers,,"PLANTATION, FL, 33324",2,2026-06-08,2026-06-09,,2026-08-31T10:29:52.309603Z
7777c1933a7d26aa,FL,Maersk,Maersk,,"MIAMI, FL, 33147",56,2026-05-29,2026-07-31,,2026-08-31T10:29:52.309603Z
5bcc1632391d8e5c,FL,"Rifle, LLC",Rifle,,"MAITLAND, FL, 32751",74,2026-05-29,2026-07-31,,2026-08-31T10:29:52.309603Z
23a80af413c595c2,FL,Mittera,Mittera,,"JACKSONVILLE, FL, 32218",100,2026-05-18,2026-07-17,,2026-08-31T10:29:52.309603Z
e3cd389114465549,FL,ACL Roofing,ACL Roofing,,"ENGLEWOOD, FL, 34223",65,2026-05-16,2026-07-14,,2026-08-31T10:29:52.309603Z
e028f997141abb04,FL,Stryker Employment Services,Stryker Employment Services,,"LAKELAND, FL, 33815",2,2026-05-07,2026-07-10,,2026-08-31T10:29:52.309603Z
b71f0893572ac6d9,FL,Maximus Global Services,Maximus Global Services,,"FORT LAUDERDALE, FL, 33315",123,2026-05-06,2026-05-03,,2026-08-31T10:29:52.309603Z
806ab253bd430892,FL,"Areas USA MCO, LLC (GastroHub-Orlando International Airport)","Areas USA MCO, LLC (GastroHub-Orlando International Airport)",,"ORLANDO, FL, 32827",101,2026-05-06,2026-06-30,,2026-08-31T10:29:52.309603Z
f726ce976064c473,FL,Spirit Airlines,Spirit Airlines,,"FORT LAUDERDALE, FL, 33315",2529,2026-05-04,2026-05-02,,2026-08-31T10:29:52.309603Z
ced0ae526aca4c7e,FL,Spirit Airlines,Spirit Airlines,,"ORLANDO, FL, 32827",796,2026-05-04,2026-05-02,,2026-08-31T10:29:52.309603Z
1e5df01089919e75,FL,Spirit Airlines,Spirit Airlines,,"MIAMI, FL, 33142",181,2026-05-04,2026-05-02,,2026-08-31T10:29:52.309603Z
1141de712130c887,FL,Spirit Airlines,Spirit Airlines,,"ORLANDO, FL, 32827",796,2026-05-04,2026-05-02,,2026-08-31T10:29:52.309603Z
0a2e76b4dc5b0c5b,FL,Spirit Airlines,Spirit Airlines,,"DANIA BEACH, FL, 33004",551,2026-05-04,2026-05-02,,2026-08-31T10:29:52.309603Z
63bd8e3dd4cbef12,FL,Atento,Atento,,"MIRAMAR, FL, 33027",91,2026-04-28,2026-06-26,,2026-08-31T10:29:52.309603Z
a67442a990e9717d,FL,Peterson Brands,Peterson Brands,,"FORT MYERS, FL, 33913",135,2026-04-27,2026-06-27,,2026-08-31T10:29:52.309603Z
7152aeda0f5365ca,FL,Management & Training Corporation,Management & Training,,"PANAMA CITY, FL, 32404",161,2026-04-27,2026-08-31,,2026-08-31T10:29:52.309603Z
316cb61c1ae3c7b7,FL,Msgr. Bryan Walsh Children’s Village,Msgr. Bryan Walsh Children's Village,,"MIAMI, FL, 33157",84,2026-04-27,2026-05-31,,2026-08-31T10:29:52.309603Z
2272736a16b00f66,FL,Management & Training Corporation,Management & Training,,"GRACEVILLE, FL, 32440",259,2026-04-27,2026-08-31,,2026-08-31T10:29:52.309603Z
d81dc3182d5f6829,FL,Republic National Distributing Company,Republic National Distributing,,"TAMPA, FL, 33634",393,2026-04-22,2026-06-21,,2026-08-31T10:29:52.309603Z
a30ad9c4fbd43418,FL,Republic National Distributing Company,Republic National Distributing,,"PENSACOLA, FL, 32305",121,2026-04-22,2026-06-21,,2026-08-31T10:29:52.309603Z
91d5a239039f708f,FL,Republic National Distributing Company,Republic National Distributing,,"DEERFIELD BEACH, FL, 33442",363,2026-04-22,2026-06-21,,2026-08-31T10:29:52.309603Z
2dc17d5e31712c52,FL,Republic National Distributing Company,Republic National Distributing,,"JACKSONVILLE, FL, 32218",169,2026-04-22,2026-06-21,,2026-08-31T10:29:52.309603Z
f806c0e5fb30265f,FL,Amazon,Amazon,,"HOMESTEAD, FL, 33032",616,2026-04-17,2026-07-02,,2026-08-31T10:29:52.309603Z
f647f7028ed64b13,FL,"Iron Galaxy Studios, LLC",Iron Galaxy Studios,,"ORLANDO, FL, 32801",50,2026-04-17,2026-04-17,,2026-08-31T10:29:52.309603Z
7b393c3d3ff3ff8e,FL,Ari Ben Aviator Inc,Ari Ben Aviator,,"FORT PIERCE, FL, 34946",50,2026-04-13,2026-04-15,,2026-08-31T10:29:52.309603Z
cd42e62371898fa2,FL,Bahama Breeze,Bahama Breeze,,"BRANDON, FL, 33511",86,2026-04-07,2026-04-20,,2026-08-31T10:29:52.309603Z
ad19e8cb3c8e2e8e,FL,U.S. Committee for Refugees and Immigrants,U.S. Committee for Refugees and Immigrants,,"LAKE WORTH, FL, 33463",53,2026-04-01,2026-03-31,,2026-08-31T10:29:52.309603Z
036562b169d095a7,FL,"Highgate Hotels, L.P",Highgate Hotels,,"MIAMI BEACH, FL, 33139",114,2026-04-01,2026-05-31,,2026-08-31T10:29:52.309603Z
1c793f45299e0a52,FL,"HCL America, Inc",HCL America,,"ORLANDO, FL, 32819",120,2026-03-27,2026-05-26,,2026-08-31T10:29:52.309603Z
a6b07a13c493b9a3,FL,City Cellar,City Cellar,,"WEST PALM BEACH, FL, 33401",96,2026-03-25,2026-05-24,,2026-08-31T10:29:52.309603Z
340d604dfa7dc526,FL,"Milestone Reporting Company, LLC",Milestone Reporting,,"ORLANDO, FL, 32801",80,2026-03-16,2026-05-15,,2026-08-31T10:29:52.309603Z
a09d1c10dc86b96b,FL,Nan McKay & Associates,Nan McKay & Associates,,"MIAMI GARDENS, FL, 33169",4,2026-03-11,2026-05-11,,2026-08-31T10:29:52.309603Z
01ced26c80e75c27,FL,Nan McKay & Associates,Nan McKay & Associates,,"MIAMI, FL, 33131",97,2026-03-11,2026-05-11,,2026-08-31T10:29:52.309603Z
e4bb01afcefd7611,FL,C2 Technologies,C2 Technologies,,"DELAND, FL, 32720",1,2026-03-05,2026-03-06,,2026-08-31T10:29:52.309603Z
d36e406af4c36773,FL,C2 Technologies,C2 Technologies,,"DELTONA, FL, 32725",1,2026-03-05,2026-03-06,,2026-08-31T10:29:52.309603Z
d2cf4401db0ba7a0,FL,C2 Technologies,C2 Technologies,,"PALM BAY, FL, 32905",1,2026-03-05,2026-03-06,,2026-08-31T10:29:52.309603Z
c74a0b8fed5a1140,FL,C2 Technologies,C2 Technologies,,"SHALIMAR, FL, 32579",1,2026-03-05,2026-03-06,,2026-08-31T10:29:52.309603Z
a1e64c0081aee41f,FL,C2 Technologies,C2 Technologies,,"OCALA, FL, 34470",1,2026-03-05,2026-03-06,,2026-08-31T10:29:52.309603Z
a11a3f661eb59268,FL,C2 Technologies,C2 Technologies,,"PORT SAINT LUCIE, FL, 34945",1,2026-03-05,2026-03-06,,2026-08-31T10:29:52.309603Z
91a3986dfe184ba3,FL,C2 Technologies,C2 Technologies,,"JACKSONVILLE, FL, 32202",1,2026-03-05,2026-03-06,,2026-08-31T10:29:52.309603Z
823ebc24c13b9131,FL,C2 Technologies,C2 Technologies,,"ALTAMONTE SPRINGS, FL, 32716",1,2026-03-05,2026-03-06,,2026-08-31T10:29:52.309603Z
739d3e0a1b3b2cd1,FL,C2 Technologies,C2 Technologies,,"TAMPA, FL, 33602",1,2026-03-05,2026-03-06,,2026-08-31T10:29:52.309603Z
663c3e9cc424d797,FL,C2 Technologies,C2 Technologies,,"TALLAHASSEE, FL, 32305",2,2026-03-05,2026-03-06,,2026-08-31T10:29:52.309603Z
59359a142e4b837c,FL,C2 Technologies,C2 Technologies,,"ORLANDO, FL, 32801",3,2026-03-05,2026-03-06,,2026-08-31T10:29:52.309603Z
4eefae38ea104030,FL,C2 Technologies,C2 Technologies,,"WINTER SPRINGS, FL, 32708",1,2026-03-05,2026-03-06,,2026-08-31T10:29:52.309603Z
4d4a33a3c13ac561,FL,C2 Technologies,C2 Technologies,,"APOPKA, FL, 32703",1,2026-03-05,2026-03-06,,2026-08-31T10:29:52.309603Z
44ff274396f61ebb,FL,C2 Technologies,C2 Technologies,,"BRANDON, FL, 33511",1,2026-03-05,2026-03-06,,2026-08-31T10:29:52.309603Z
447498b7148cc162,FL,C2 Technologies,C2 Technologies,,"KISSIMMEE, FL, 34741",1,2026-03-05,2026-03-06,,2026-08-31T10:29:52.309603Z
379ecc0c05dc7377,FL,C2 Technologies,C2 Technologies,,"PLANT CITY, FL, 33563",1,2026-03-05,2026-03-06,,2026-08-31T10:29:52.309603Z
35d8c401feae5e83,FL,C2 Technologies,C2 Technologies,,"GREEN COVE SPRINGS, FL, 32043",1,2026-03-05,2026-03-06,,2026-08-31T10:29:52.309603Z
0845d0fd18a92e13,FL,C2 Technologies,C2 Technologies,,"LAKELAND, FL, 33801",1,2026-03-05,2026-03-06,,2026-08-31T10:29:52.309603Z
26f7f51f2f4cb635,FL,"Trulieve, Inc.",Trulieve,,"CLEAR WATER, FL, 33760",58,2026-03-02,2026-05-01,,2026-08-31T10:29:52.309603Z
bf56e5da70fa8fdc,FL,L3Harris,L3Harris,,"ORLANDO, FL, 34744",63,2026-02-27,2026-04-30,,2026-08-31T10:29:52.309603Z
3e7c10dd9d93c90f,FL,Professional Course Management II LTD,Professional Course Management II,,"MIAMI SHORES, FL, 33138",68,2026-02-27,2026-05-01,,2026-08-31T10:29:52.309603Z
f2822de2b6bd7df8,FL,"IPIC Theaters, LLC",IPIC Theaters,,"BOCA RATON, FL, 33432",98,2026-02-26,2026-04-28,,2026-08-31T10:29:52.309603Z
e6a059b1ba45f169,FL,"IPIC Theaters, LLC",IPIC Theaters,,"DELRAY BEACH, FL, 33483",51,2026-02-26,2026-04-28,,2026-08-31T10:29:52.309603Z
e26ec5ce5d5db8bd,FL,"IPIC Theaters, LLC",IPIC Theaters,,"NORTH MIAMI BEACH, FL, 33160",58,2026-02-26,2026-04-28,,2026-08-31T10:29:52.309603Z
a432489cfb31f8de,FL,"Parsec, LLC",Parsec,,"JACKSONVILLE, FL, 32219",147,2026-02-23,2026-05-01,,2026-08-31T10:29:52.309603Z
f5e801d8971d9aec,FL,UF Health Central Florida,UF Health Central Florida,,"LEESBURG, FL, 34748",58,2026-02-18,2026-05-01,,2026-08-31T10:29:52.309603Z
ec8461a6fc8ea622,FL,UF Health Shands,UF Health Shands,,"GAINESVILLE, FL, 32608",139,2026-02-18,2026-05-01,,2026-08-31T10:29:52.309603Z
a00172ad31cc3bd2,FL,UF Health Central Florida,UF Health Central Florida,,"THE VILLAGES, FL, 32159",102,2026-02-18,2026-05-01,,2026-08-31T10:29:52.309603Z
8d76e28523dc900c,FL,Clarifying LLC,Clarifying,,"CLEAR WATER, FL, 33764",103,2026-02-18,2026-04-19,,2026-08-31T10:29:52.309603Z
a4e32b1fb5746db1,FL,HCL,HCL,,"LAKELAND, FL, 33801",98,2026-02-17,2026-04-20,,2026-08-31T10:29:52.309603Z
d34d5221e5b154f7,FL,"Main Street Sports Group, LLC",Main Street Sports Group,,"TAMPA, FL, 33614",4,2026-02-13,2026-04-10,,2026-08-31T10:29:52.309603Z
c53ae423cba85477,FL,"Main Street Sports Group, LLC",Main Street Sports Group,,"FORT LAUDERDALE, FL, 33394",20,2026-02-13,2026-04-10,,2026-08-31T10:29:52.309603Z
2f4917b74e522876,FL,ILLUMUS,Illumus,,"TITUSVILLE, FL, 33811",84,2026-02-13,2026-04-15,,2026-08-31T10:29:52.309603Z
01d12bb0365fde37,FL,TTEC,TTEC,,"SAINT PETERSBURG, FL, 33711",57,2026-02-13,2026-04-14,,2026-08-31T10:29:52.309603Z
fc67aa6e42ae3bd7,FL,DHL Supply Chain,DHL Supply Chain,,"LAKELAND, FL, 33811",203,2026-02-10,2026-04-01,,2026-08-31T10:29:52.309603Z
92a187a2fcbf2411,FL,"Ritz-Carlton, Bal Harbour","Ritz-Carlton, Bal Harbour",,"BAL HARBOUR, FL, 33154",108,2026-02-06,2026-04-06,,2026-08-31T10:29:52.309603Z
76583005615dbb22,FL,Liberty Dental Plan Corporation,Liberty Dental Plan,,"TAMPA, FL, 33607",102,2026-02-05,2026-04-06,,2026-08-31T10:29:52.309603Z
1fdfbbbc5dbe0f53,FL,HGS USA,HGS,,"ORLANDO, FL, 32789",1,2026-02-04,2026-03-31,,2026-08-31T10:29:52.309603Z
f33d303452f9a39b,FL,"Innodata Services, LLC",Innodata Services,,"MIDDLEBURG, FL, 32050",1,2026-02-03,2026-02-06,,2026-08-31T10:29:52.309603Z
e91500c771613f03,FL,"Innodata Services, LLC",Innodata Services,,"SUNRISE, FL, 33313",1,2026-02-03,2026-02-06,,2026-08-31T10:29:52.309603Z
e793a6ef56ca41b5,FL,Bahama Breeze,Bahama Breeze,,"MIAMI, FL, 33186",77,2026-02-03,2026-04-05,,2026-08-31T10:29:52.309603Z
e75ed60acec5f706,FL,"Innodata Services, LLC",Innodata Services,,"SAINT JOHNS, FL, 32259",1,2026-02-03,2026-02-06,,2026-08-31T10:29:52.309603Z
e164459742608564,FL,"Innodata Services, LLC",Innodata Services,,"VENICE, FL, 34284",1,2026-02-03,2026-02-06,,2026-08-31T10:29:52.309603Z
d851a3f908639c74,FL,"Innodata Services, LLC",Innodata Services,,"HIALEAH, FL, 33002",1,2026-02-03,2026-02-06,,2026-08-31T10:29:52.309603Z
d84318941fd3fa19,FL,"Innodata Services, LLC",Innodata Services,,"OVIEDO, FL, 32762",1,2026-02-03,2026-02-06,,2026-08-31T10:29:52.309603Z
d050e3636cd81229,FL,"Innodata Services, LLC",Innodata Services,,"MIAMI, FL, 33101",4,2026-02-03,2026-02-06,,2026-08-31T10:29:52.309603Z
cbb31ce0db0fa815,FL,Bahama Breeze,Bahama Breeze,,"PEMBROKE PINES, FL, 33028",75,2026-02-03,2026-04-05,,2026-08-31T10:29:52.309603Z
b03280e8aa5c777f,FL,"Innodata Services, LLC",Innodata Services,,"ORLANDO, FL, 32804",3,2026-02-03,2026-02-06,,2026-08-31T10:29:52.309603Z
94168077b74020b0,FL,"Innodata Services, LLC",Innodata Services,,"KISSIMMEE, FL, 34742",3,2026-02-03,2026-02-06,,2026-08-31T10:29:52.309603Z
90a46133c01af4b0,FL,Bahama Breeze,Bahama Breeze,,"SANFORD, FL, 32771",75,2026-02-03,2026-04-05,,2026-08-31T10:29:52.309603Z
882a837012fddc5d,FL,"Innodata Services, LLC",Innodata Services,,"GREENACRES, FL, 33413",1,2026-02-03,2026-02-06,,2026-08-31T10:29:52.309603Z
770f24da806b42fe,FL,"Innodata Services, LLC",Innodata Services,,"DORAL, FL, 33178",1,2026-02-03,2026-02-06,,2026-08-31T10:29:52.309603Z
76e43226755a8c8b,FL,"Innodata Services, LLC",Innodata Services,,"PENSACOLA, FL, 32501",1,2026-02-03,2026-02-06,,2026-08-31T10:29:52.309603Z
762e556048bf4b6c,FL,"Innodata Services, LLC",Innodata Services,,"CLEAR WATER, FL, 33765",1,2026-02-03,2026-02-06,,2026-08-31T10:29:52.309603Z
7075470429029a51,FL,Bahama Breeze,Bahama Breeze,,"JACKSONVILLE, FL, 32246",75,2026-02-03,2026-04-05,,2026-08-31T10:29:52.309603Z
67a59804756d96e3,FL,"Innodata Services, LLC",Innodata Services,,"SAINT CLOUD, FL, 34744",2,2026-02-03,2026-02-06,,2026-08-31T10:29:52.309603Z
4c14db28b268ad94,FL,"Innodata Services, LLC",Innodata Services,,"SAINT PETERSBURG, FL, 33701",1,2026-02-03,2026-02-06,,2026-08-31T10:29:52.309603Z
4a99caa80bd322b7,FL,"Innodata Services, LLC",Innodata Services,,"TAMPA, FL, 33601",2,2026-02-03,2026-02-06,,2026-08-31T10:29:52.309603Z
475da2185c72f0f0,FL,"Innodata Services, LLC",Innodata Services,,"POMPANO BEACH, FL, 33069",1,2026-02-03,2026-02-06,,2026-08-31T10:29:52.309603Z
438b67d59c9f6630,FL,"Innodata Services, LLC",Innodata Services,,"LUTZ, FL, 33647",1,2026-02-03,2026-02-06,,2026-08-31T10:29:52.309603Z
408bb3365139cd1b,FL,"Innodata Services, LLC",Innodata Services,,"SUNNY ISLES BEACH, FL, 33160",1,2026-02-03,2026-02-06,,2026-08-31T10:29:52.309603Z
0ef1feffbd96dc1a,FL,Bahama Breeze,Bahama Breeze,,"KISSIMMEE, FL, 34741",75,2026-02-03,2026-04-05,,2026-08-31T10:29:52.309603Z
07eb944c20c28d9e,FL,"Innodata Services, LLC",Innodata Services,,"PINELLAS PARK, FL, 33702",1,2026-02-03,2026-02-06,,2026-08-31T10:29:52.309603Z
03beb20ba76fcba2,FL,"Innodata Services, LLC",Innodata Services,,"WINTER HAVEN, FL, 33881",1,2026-02-03,2026-02-06,,2026-08-31T10:29:52.309603Z
eac5e132bff8a244,FL,Naples Grande Beach Resort,Naples Grande Beach Resort,,"NAPLES, FL, 34103",235,2026-01-27,2026-04-03,,2026-08-31T10:29:52.309603Z
d0d2bc1fc952cf4e,FL,"ECS Federal, LLC",ECS Federal,,"ORLANDO, FL, 32826",117,2026-01-23,2026-02-14,,2026-08-31T10:29:52.309603Z
2d202ff65782ecbe,FL,"Paradies Lagardere FL EE Dining, LLC",Paradies Lagardere FL EE Dining,,"ORLANDO, FL, 32827",87,2026-01-23,2026-01-23,,2026-08-31T10:29:52.309603Z
0bdacb62315121ca,FL,Aimbridge,Aimbridge,,"MIAMI, FL, 33132",66,2026-01-23,2026-03-24,,2026-08-31T10:29:52.309603Z
0b4b6e61c3c60a19,FL,Saks & Company LLC,Saks &,,"MIRAMAR, FL, 33025",74,2026-01-23,2026-03-27,,2026-08-31T10:29:52.309603Z
e7a8b5963e5aa878,FL,"TelaForce, LLC",TelaForce,,"FORT WALTON BEACH, FL, 32548",59,2026-01-19,2026-03-20,,2026-08-31T10:29:52.309603Z
69d1f8a35c405c47,FL,"Host International, Inc.",Host International,,"ORLANDO, FL, 32827",92,2026-01-16,2026-01-30,,2026-08-31T10:29:52.309603Z
dc8d53414c7494ae,FL,SMBC MANUBANK,Smbc Manubank,,"BONITA SPRINGS, FL, 33931",1,2026-01-08,2026-03-10,,2026-08-31T10:29:52.309603Z
d65cc335f4f9c1b7,FL,SMBC MANUBANK,Smbc Manubank,,"LAND O LAKES, FL, 33599",1,2026-01-08,2026-03-10,,2026-08-31T10:29:52.309603Z
b12cf3c5114a1050,FL,SMBC MANUBANK,Smbc Manubank,,"ORLANDO, FL, 32789",1,2026-01-08,2026-03-10,,2026-08-31T10:29:52.309603Z
9f6c49c18e5e72ba,FL,SMBC MANUBANK,Smbc Manubank,,"MARCO ISLAND, FL, 34145",1,2026-01-08,2026-03-10,,2026-08-31T10:29:52.309603Z
9283137b095cac06,FL,SMBC MANUBANK,Smbc Manubank,,"INDIALANTIC, FL, 32903",1,2026-01-08,2026-03-10,,2026-08-31T10:29:52.309603Z
9100407d96de490e,FL,SMBC MANUBANK,Smbc Manubank,,"VALRICO, FL, 33527",1,2026-01-08,2026-03-10,,2026-08-31T10:29:52.309603Z
57cbe68d1ae1a647,FL,SMBC MANUBANK,Smbc Manubank,,"JACKSONVILLE, FL, 32099",4,2026-01-08,2026-03-10,,2026-08-31T10:29:52.309603Z
1f9e9e50c0158805,FL,SMBC MANUBANK,Smbc Manubank,,"MIAMI, FL, 33101",1,2026-01-08,2026-03-10,,2026-08-31T10:29:52.309603Z
178ee2742dc51800,FL,SMBC MANUBANK,Smbc Manubank,,"FORT MYERS, FL, 33901",1,2026-01-08,2026-03-10,,2026-08-31T10:29:52.309603Z
0e2214574790a0a9,FL,SMBC MANUBANK,Smbc Manubank,,"PONTE VEDRA BEACH, FL, 32082",1,2026-01-08,2026-03-10,,2026-08-31T10:29:52.309603Z
0e041f0ab1ec4233,FL,SMBC MANUBANK,Smbc Manubank,,"BRADENTON, FL, 34207",1,2026-01-08,2026-03-10,,2026-08-31T10:29:52.309603Z
e77b55e15673f81a,FL,Chemours,Chemours,,"STARKE, FL, 32091",12,2026-01-05,2026-03-06,,2026-08-31T10:29:52.309603Z
a95616005cc733a4,FL,Chemours,Chemours,,"MACCLENNY, FL, 32063",19,2026-01-05,2026-03-06,,2026-08-31T10:29:52.309603Z
200f6d962056faeb,FL,Chemours,Chemours,,"STARKE, FL, 32063",44,2026-01-05,2026-03-06,,2026-08-31T10:29:52.309603Z
b6e1b9f44cba2449,FL,Railcrew Xpress,Railcrew Xpress,,"MULBERRY, FL, 33860",24,2025-12-22,2026-02-27,,2026-08-31T10:29:52.309603Z
b668ee006c3905ca,FL,Railcrew Xpress,Railcrew Xpress,,"ORLANDO, FL, 32824",7,2025-12-22,2026-02-27,,2026-08-31T10:29:52.309603Z
7802fd165662b868,FL,Ideal Image,Ideal Image,,"TAMPA, FL, 33609",255,2025-12-22,2026-02-20,,2026-08-31T10:29:52.309603Z
5f0aa26aa4b0ad10,FL,Railcrew Xpress,Railcrew Xpress,,"TAMPA, FL, 33619",10,2025-12-22,2026-02-27,,2026-08-31T10:29:52.309603Z
53bffcd3db2b3fb9,FL,Railcrew Xpress,Railcrew Xpress,,"JACKSONVILLE, FL, 32254",34,2025-12-22,2026-02-27,,2026-08-31T10:29:52.309603Z
00b2a9ff1d312814,FL,Railcrew Xpress,Railcrew Xpress,,"MIAMI, FL, 33147",4,2025-12-22,2026-02-27,,2026-08-31T10:29:52.309603Z
ad3a5341f10ac717,FL,Avanti Installation,Avanti Installation,,"FORT MYERS, FL, 33912",19,2025-12-15,2026-02-15,,2026-08-31T10:29:52.309603Z
8cc3753f7b644a41,FL,Avanti Installation,Avanti Installation,,"WEST PALM BEACH, FL, 33413",19,2025-12-15,2026-02-15,,2026-08-31T10:29:52.309603Z
2d3dc21965b475b7,FL,Avanti Installation,Avanti Installation,,"MEDLEY, FL, 33166",14,2025-12-15,2026-02-15,,2026-08-31T10:29:52.309603Z
7c0cf29daa7aa193,FL,Tampa Bay Girls Academy,Tampa Bay Girls Academy,,"TAMPA, FL, 33619",144,2025-12-09,2025-12-11,,2026-08-31T10:29:52.309603Z
1960c479d0c4953d,LA,Ensco Offshore LLC –,Ensco Offshore LLC –,,DS-18 Drilling Rig,75,2025-12-05,2026-02-10,,2026-08-31T10:29:52.309603Z
f296bcf9119be184,LA,"The Service Companies, Inc. (Full Service Systems Corp.) –","Service Companies, Inc. (Full Service Systems Corp.) –",,Horseshoe Bossier City,76,2025-12-02,2026-02-01,,2026-08-31T10:29:52.309603Z
d59c8b285f4b0bfb,FL,Roads Express LLC,Roads Express,,"TAMPA, FL, 33634",84,2025-12-01,2026-01-30,,2026-08-31T10:29:52.309603Z
cf9c1e31521ad613,FL,"Sodexo, Inc and Affiliates","Sodexo, Inc and Affiliates",,"MIAMI, FL, 33137",163,2025-11-22,2026-02-28,,2026-08-31T10:29:52.309603Z
849fda920e3329c2,FL,Invincible Boat Company,Invincible Boat,,"OPA LOCKA, FL, 33054",80,2025-11-20,2026-01-20,,2026-08-31T10:29:52.309603Z
bcd9c8b5890435da,FL,Nordstrom,Nordstrom,,"SAINT PETERSBURG, FL, 33704",1,2025-11-19,2026-03-01,,2026-08-31T10:29:52.309603Z
46a2f456e43e73c1,FL,Nordstrom,Nordstrom,,"CLEARWATER, FL, 33760",1,2025-11-19,2026-03-01,,2026-08-31T10:29:52.309603Z
3229c378d65592ce,FL,Nordstrom,Nordstrom,,"PUNTA GORDA, FL, 33955",1,2025-11-19,2026-03-01,,2026-08-31T10:29:52.309603Z
0d9c6a25b9637f88,FL,Nordstrom,Nordstrom,,"ORLANDO, FL, 32827",1,2025-11-19,2026-03-01,,2026-08-31T10:29:52.309603Z
ed4d3d44e1506eef,FL,CNO Financial Group,CNO Financial Group,,"ORLANDO, FL, 32821",247,2025-11-18,2026-01-30,,2026-08-31T10:29:52.309603Z
c0dd5dd8db05796f,FL,Hudson,Hudson,,"ORLANDO, FL, 32827",133,2025-11-18,2026-01-23,,2026-08-31T10:29:52.309603Z
b84dbacb24a7dbb7,FL,Kroger Fulfillment Network LLC,Kroger Fulfillment Network,,"ROCKLEDGE, FL, 32955",53,2025-11-18,2026-02-01,,2026-08-31T10:29:52.309603Z
b322476079383a33,FL,"Kroger Fulfillment Network LLC,",Kroger Fulfillment Network,,"JACKSONVILLE, FL, 32219",181,2025-11-18,2026-02-01,,2026-08-31T10:29:52.309603Z
7ec13220071f390f,FL,Kroger Fulfillment Network LLC,Kroger Fulfillment Network,,"TAMPA, FL, 33619",234,2025-11-18,2026-02-01,,2026-08-31T10:29:52.309603Z
5ad89a537dcda105,FL,Kroger Fulfillment Network LLC,Kroger Fulfillment Network,,"GROVELAND, FL, 34736",935,2025-11-18,2026-02-01,,2026-08-31T10:29:52.309603Z
ed8be86459d222ba,LA,General Dynamics Information,General Dynamics Information,,Technology (GDIT),103,,2025-11-14,,2026-08-31T10:29:52.309603Z
d0b43a018a136e70,FL,"Fanatics, LLC",Fanatics,,"RIVERVIEW, FL, 33578",286,2025-11-14,2026-03-01,,2026-08-31T10:29:52.309603Z
7e0d36a07fefc720,FL,"Bechtel National, Inc.",Bechtel National,,"MERRITT ISLAND, FL, 32953",248,2025-11-11,2026-01-16,,2026-08-31T10:29:52.309603Z
7942b554964c6bf9,FL,"T&H Solutions, LLC",T&H Solutions,,"ORLANDO, FL, 32826",4,2025-11-07,2025-11-30,,2026-08-31T10:29:52.309603Z
7d074376596755f7,FL,"Bambu Systems, LLC",Bambu Systems,,"WEST PALM BEACH, FL, 33405",141,2025-11-04,2025-11-03,,2026-08-31T10:29:52.309603Z
6560752e0b37a0b9,FL,"Frito-Lay, Inc",Frito-Lay,,"ORLANDO, FL, 32808",454,2025-11-04,2025-11-04,,2026-08-31T10:29:52.309603Z
4ab2ca27d6d493d0,FL,"Frito-Lay, Inc",Frito-Lay,,"ORLANDO, FL, 32808",46,2025-11-04,2025-11-04,,2026-08-31T10:29:52.309603Z
07809ead6fcd1c97,FL,"Marvin Lumber and Cedar Company, LLC.",Marvin Lumber and Cedar,,"WEST PALM BEACH, FL, 33413",167,2025-11-03,2026-04-17,,2026-08-31T10:29:52.309603Z
50670b8d832eeaf8,LA,"Premier Health Consultants, LLC",Premier Health Consultants,,(Premier Health Urgent Care),140,2025-10-31,2025-12-31,,2026-08-31T10:29:52.309603Z
f55cd313f4b63f78,FL,North Florida Surgeons Orthopaedic Associates,North Florida Surgeons Orthopaedic Associates,,"PANAMA CITY, FL, 32408",2,2025-10-30,2025-12-29,,2026-08-31T10:29:52.309603Z
0718fc54b08ac7c7,FL,North Florida Surgeons Orthopaedic Associates,North Florida Surgeons Orthopaedic Associates,,"PANAMA CITY, FL, 32405",82,2025-10-30,2025-12-29,,2026-08-31T10:29:52.309603Z
c15278c042beda7c,FL,Hudson,Hudson,,"ORLANDO, FL, 32877",14,2025-10-24,2025-12-28,,2026-08-31T10:29:52.309603Z
cd7ca8310ada9cb9,FL,Eulen Aviation,Eulen Aviation,,"MIAMI, FL, 33142",100,2025-10-23,2025-12-06,,2026-08-31T10:29:52.309603Z
208fa9abdee37013,FL,"Niagara Bottling, LLC",Niagara Bottling,,"OCALA, FL, 34475",85,2025-10-21,2025-12-31,,2026-08-31T10:29:52.309603Z
e51293d2e880e7a4,FL,"Heinlein Foods USA, Inc.",Heinlein Foods,,"DELRAY BEACH, FL, 33444",72,2025-10-17,2025-10-19,,2026-08-31T10:29:52.309603Z
356f94ccfd8e016b,FL,"Republic Services, Inc",Republic Services,,"HUDSON, FL, 34667",72,2025-10-16,2025-12-31,,2026-08-31T10:29:52.309603Z
cb04ef3d18d54e5e,FL,"ONX, Inc.",ONX,,"HOMESTEAD, FL, 33030",107,2025-10-14,2025-12-14,,2026-08-31T10:29:52.309603Z
9aeab930b71b7d1a,FL,"ONX, Inc.",ONX,,"POMPANO BEACH, FL, 33069",30,2025-10-14,2025-12-14,,2026-08-31T10:29:52.309603Z
76b1d419e423d577,FL,"Reworld Projects, LLC",Reworld Projects,,"SAINT PETERSBURG, FL, 33716",70,2025-10-10,2025-12-31,,2026-08-31T10:29:52.309603Z
4d6ffa45718a67bc,FL,RGNext,RGNext,,"MERRITT ISLAND, FL, 32953",22,2025-10-10,2025-11-30,,2026-08-31T10:29:52.309603Z
4932d9962abfbb06,FL,RGNext,RGNext,,"PATRICK SFB, FL, 32925",228,2025-10-10,2025-11-30,,2026-08-31T10:29:52.309603Z
0f72a62b187452e3,FL,RGNext,RGNext,,"CAPE CANAVERAL, FL, 32925",255,2025-10-10,2025-11-30,,2026-08-31T10:29:52.309603Z
bf4c5a897674f80b,FL,"Simply IOA, LLC",Simply IOA,,"LONGWOOD, FL, 32750",66,2025-10-07,2025-12-02,,2026-08-31T10:29:52.309603Z
e319e246788005ba,FL,Sentara Health,Sentara Health,,"DORAL, FL, 33122",80,2025-10-03,2025-12-05,,2026-08-31T10:29:52.309603Z
21db886f78e89006,FL,ID Logistics,ID Logistics,,"SAINT PETERSBURG, FL, 33702",119,2025-10-02,2025-12-14,,2026-08-31T10:29:52.309603Z
0b39a13e2c294c0e,FL,ID Logistics,ID Logistics,,"SAINT PETERSBURG, FL, 33702",55,2025-10-02,2025-12-14,,2026-08-31T10:29:52.309603Z
b72e0d1b0e3f7b2c,FL,Roll-N-Lock Corporation,Roll-N-Lock,,"POMPANO BEACH, FL, 33060",73,2025-09-30,2025-12-30,,2026-08-31T10:29:52.309603Z
5f658b9ae7f0d9e5,FL,Spirit Airlines,Spirit Airlines,,"FORT LAUDERDALE, FL, 33315",100,2025-09-30,2025-12-01,,2026-08-31T10:29:52.309603Z
b331098e1c0d0bcf,FL,MS Leisure Company,MS Leisure,,"MIAMI, FL, 33149",129,2025-09-26,2025-11-25,,2026-08-31T10:29:52.309603Z
f8899aecaab37402,FL,Spirit Airlines,Spirit Airlines,,"FORT LAUDERDALE, FL, 33315",309,2025-09-25,2025-12-01,,2026-08-31T10:29:52.309603Z
e4fe7160c9972475,FL,Spirit Airlines,Spirit Airlines,,"ORLANDO, FL, 32827",350,2025-09-25,2025-12-01,,2026-08-31T10:29:52.309603Z
309cbe340d5a227c,FL,Spirit Airlines,Spirit Airlines,,"MIAMI, FL, 33142",71,2025-09-25,2025-12-01,,2026-08-31T10:29:52.309603Z
ee63de8b147944c6,FL,"Boston Whaler, Inc.",Boston Whaler,,"FLAGLER BEACH, FL, 32136",272,2025-09-17,2026-01-16,,2026-08-31T10:29:52.309603Z
e2f444884b3bc036,FL,"Lazydays Holdings, Inc.",Lazydays Holdings,,"TAMPA, FL, 33610",76,2025-09-16,2025-11-16,,2026-08-31T10:29:52.309603Z
8ac69921f8a5a942,LA,"SafeSource Direct, L.L.C. –","SafeSource Direct, L.L.C. –",,MMF Facility (Second WARN),56,2025-09-16,2025-11-25,,2026-08-31T10:29:52.309603Z
e58f6d981eeb142c,FL,Jewish Community Center and Federation,Jewish Community Center and Federation,,"TAMPA, FL, 32305",61,2025-09-12,2025-10-24,,2026-08-31T10:29:52.309603Z
6ad9aacedf1f8f0a,FL,Jewish Community Center and Federation,Jewish Community Center and Federation,,"TAMPA, FL, 33625",25,2025-09-12,2025-10-24,,2026-08-31T10:29:52.309603Z
5d3ffec7f4c36111,FL,Jewish Community Center and Federation,Jewish Community Center and Federation,,"TAMPA, FL, 33625",4,2025-09-12,2025-10-24,,2026-08-31T10:29:52.309603Z
fc308db39cca8cb2,FL,CyraCom International Inc,CyraCom International,,"TAMPA, FL, 33610",150,2025-09-04,2025-11-01,,2026-08-31T10:29:52.309603Z
7ce2e8e642a37930,FL,Essendant,Essendant,,"ORLANDO, FL, 32819",73,2025-09-04,2025-12-31,,2026-08-31T10:29:52.309603Z
6ff2c000e32e174a,FL,"PGT Industries, LLC’s","PGT Industries, LLC's",,"HIALEAH, FL, 33018",382,2025-09-02,2025-11-01,,2026-08-31T10:29:52.309603Z
4fce75cd8aa8bb83,FL,"PGT Industries, LLC’s","PGT Industries, LLC's",,"MEDLEY, FL, 33166",60,2025-09-02,2025-11-01,,2026-08-31T10:29:52.309603Z
d926c2efaef08db5,FL,Guide to Insure,Guide to Insure,,"TAMPA, FL, 33614",76,2025-08-29,2025-08-29,,2026-08-31T10:29:52.309603Z
0e8ac169f9f5b90b,FL,Havana Harry's,Havana Harry's,,"CORAL GABLES, FL, 33146",28,2025-08-28,2025-08-24,,2026-08-31T10:29:52.309603Z
b379ea28c04c14d5,LA,PosiGen Developer LLC,PosiGen Developer,,"145 James Drive East, Suite 300 St. Rose, LA 70087",166,2025-08-25,2025-08-25,,2026-08-31T10:29:52.309603Z
8e0488a417f97acb,LA,Smitty’s Supply Inc,Smitty's Supply,,"63415 Hwy. 51 N Roseland, LA 70456",450,2025-08-25,2025-08-22,,2026-08-31T10:29:52.309603Z
f32bfb7de7376f60,LA,"SafeSource Direct, L.L.C. –","SafeSource Direct, L.L.C. –",,Nitrile Plant Facility,454,2025-08-22,2025-10-21,,2026-08-31T10:29:52.309603Z
d808d4736ecabf92,LA,"SafeSource Direct, L.L.C. –","SafeSource Direct, L.L.C. –",,MMF PPE Manufacturing Facility,87,2025-08-22,2025-10-21,,2026-08-31T10:29:52.309603Z
bd3c835f1142352e,LA,SafeSource Direct L.L.C.,SafeSource Direct,,"200 St. Nazaire Rd. Broussard, LA, 70518 142 Lake Talon Rd. Broussard, LA 70518",541,2025-08-22,2025-10-21,,2026-08-31T10:29:52.309603Z
b820605a6ed29c43,FL,"Tata Consultancy Services, Ltd",Tata Consultancy Services,,"JACKSONVILLE, FL, 32202",58,2025-08-19,2025-10-18,,2026-08-31T10:29:52.309603Z
fc1940a8f081609a,FL,General Dynamics Information Technology,General Dynamics Information Technology,,"DORAL, FL, 33172",151,2025-08-18,2025-10-24,,2026-08-31T10:29:52.309603Z
d7470a9166eb8150,FL,"Zeco Systems, Inc.",Zeco Systems,,"SAINT JOHNS, FL, 32259",1,2025-08-18,2025-10-04,,2026-08-31T10:29:52.309603Z
625231d40ccd9373,FL,"Promises Behavioral Health, LLC",Promises Behavioral Health,,"ORMOND BEACH, FL, 32174",64,2025-08-18,2025-08-18,,2026-08-31T10:29:52.309603Z
55b26971b53fa604,FL,"Zeco Systems, Inc.",Zeco Systems,,"JACKSONVILLE BEACH, FL, 32250",1,2025-08-18,2025-10-04,,2026-08-31T10:29:52.309603Z
19f820ecb36dc037,FL,"Zeco Systems, Inc.",Zeco Systems,,"MILTON, FL, 32570",1,2025-08-18,2025-10-04,,2026-08-31T10:29:52.309603Z
0e94249f71f3eb7c,FL,"Zeco Systems, Inc.",Zeco Systems,,"FORT LAUDERDALE, FL, 33301",1,2025-08-18,2025-10-04,,2026-08-31T10:29:52.309603Z
8c830df44acbc42a,FL,"Block, Inc.",Block,,"APOPKA, FL, 32703",1,2025-08-12,2025-08-12,,2026-08-31T10:29:52.309603Z
3599d9f64a31120e,FL,Marriott Vacations Worldwide,Marriott Vacations Worldwide,,"LAKELAND, FL, 33801",136,2025-08-08,2025-10-07,,2026-08-31T10:29:52.309603Z
05d0490f63ef56ce,FL,"Pasa Services, Inc. d/b/a Flamingo Graphics",Pasa Services,Flamingo Graphics,"OPA LOCKA, FL, 33054",36,2025-08-08,2025-10-09,,2026-08-31T10:29:52.309603Z
22de93b7c9dc81f4,FL,"LGSTX Distribution Services, Inc",LGSTX Distribution Services,,"ORLANDO, FL, 32824",26,2025-08-06,2025-10-05,,2026-08-31T10:29:52.309603Z
0eefcec98c11d2da,FL,BayFirst National Bank,BayFirst National Bank,,"SAINT PETERSBURG, FL, 33701",73,2025-08-04,2025-08-04,,2026-08-31T10:29:52.309603Z
e5545a073ff3660a,FL,"MV Transportation, Inc",MV Transportation,,"NAPLES, FL, 34101",146,2025-07-31,2025-09-30,,2026-08-31T10:29:52.309603Z
d1cbbbdd70de8e01,FL,Carroll Fulmer Logistics Corporation,Carroll Fulmer Logistics,,"GROVELAND, FL, 34736",330,2025-07-29,2025-09-27,,2026-08-31T10:29:52.309603Z
94bab4f1739abae6,FL,Materia Group Corporation,Materia Group,,"BOCA RATON, FL, 33431",77,2025-07-28,2025-08-01,,2026-08-31T10:29:52.309603Z
58b1438517c53062,FL,"Mizkan America, Inc",Mizkan America,,"LAKE ALFRED, FL, 33850",57,2025-07-17,2025-09-19,,2026-08-31T10:29:52.309603Z
be60030fc88b176f,FL,KIRA Services LLC and KIRA Training Services,KIRA Services LLC and KIRA Training Services,,"DUNNELLON, FL, 34432",1,2025-07-16,2025-08-11,,2026-08-31T10:29:52.309603Z
9d6710d57dacfd54,FL,KIRA Services LLC and KIRA Training Services,KIRA Services LLC and KIRA Training Services,,"KEY WEST, FL, 33040",8,2025-07-16,2025-08-11,,2026-08-31T10:29:52.309603Z
57dd1fa16ff8c64e,FL,KIRA Services LLC and KIRA Training Services,KIRA Services LLC and KIRA Training Services,,"JACKSONVILLE, FL, 32212",6,2025-07-16,2025-08-11,,2026-08-31T10:29:52.309603Z
3a13b688642fc22b,FL,KIRA Services LLC and KIRA Training Services,KIRA Services LLC and KIRA Training Services,,"ALTOONA, FL, 92702",14,2025-07-16,2025-08-11,,2026-08-31T10:29:52.309603Z
f480d1967a0e9fd4,LA,"(*)UPS 5700 Morrison Road, New Orleans, Louisiana (July 10, 2025) Rescinded on 9/5/2025","(*)UPS 5700 Morrison Road, New Orleans, Louisiana (July 10, 2025) Rescinded on 9/5/2025",,,177,2025-07-10,2025-09-08,,2026-08-31T10:29:52.309603Z
5b4c7470ab0230cb,LA,(*)UPS,(*)UPS,,"5700 Morrison Road New Orleans, LA 70126",177,2025-07-10,2025-09-08,,2026-08-31T10:29:52.309603Z
899bea7dcd3027ec,FL,Sofgen Pharmaceuticals LLC,Sofgen Pharmaceuticals,,"RIVIERA BEACH, FL, 34761",45,2025-07-07,2025-09-11,,2026-08-31T10:29:52.309603Z
4038ca9c104a3c19,FL,"QB Intermediate Holdings, LLC, Quality Built, LLC, Foresite Technology Solutions, LLC (f/k/a QB Technology Co., LLC), SMC Systems LLC (d/b/a SkyeTec), SkyeTec Engineering Services, LLC, and DuctTesters, Inc.","QB Intermediate Holdings, LLC, Quality Built, LLC, Foresite Technology Solutions, LLC (f/k/a QB Technology Co., LLC), SMC Systems","SkyeTec), SkyeTec Engineering Services, LLC, and DuctTesters, Inc","JACKSONVILLE, FL, 32225",20,2025-07-07,2025-07-03,,2026-08-31T10:29:52.309603Z
366d2b494d33b730,FL,"QB Intermediate Holdings, LLC, Quality Built, LLC, Foresite Technology Solutions, LLC (f/k/a QB Technology Co., LLC), SMC Systems LLC (d/b/a SkyeTec), SkyeTec Engineering Services, LLC, and DuctTesters, Inc.","QB Intermediate Holdings, LLC, Quality Built, LLC, Foresite Technology Solutions, LLC (f/k/a QB Technology Co., LLC), SMC Systems","SkyeTec), SkyeTec Engineering Services, LLC, and DuctTesters, Inc","FORT LAUDERDALE, FL, 33301",50,2025-07-07,2025-07-03,,2026-08-31T10:29:52.309603Z
f9b9569f58a502cd,FL,"Pourlessoins, LLC d/b/a Synergy Health Services and Zomleben, LLC d/b/a Synergy Healthcare Solutions",Pourlessoins,"Synergy Health Services and Zomleben, LLC d/b/a Synergy Healthcare Solutions","LONGWOOD, FL, 32750",2,2025-07-02,2025-08-31,,2026-08-31T10:29:52.309603Z
eb3263ed0f87c550,FL,"Pourlessoins, LLC d/b/a Synergy Health Services and Zomleben, LLC d/b/a Synergy Healthcare Solutions",Pourlessoins,"Synergy Health Services and Zomleben, LLC d/b/a Synergy Healthcare Solutions","OCOEE, FL, 32703",1,2025-07-02,2025-08-31,,2026-08-31T10:29:52.309603Z
e6193886e99347de,FL,"Pourlessoins, LLC d/b/a Synergy Health Services and Zomleben, LLC d/b/a Synergy Healthcare Solutions",Pourlessoins,"Synergy Health Services and Zomleben, LLC d/b/a Synergy Healthcare Solutions","SANFORD, FL, 32746",1,2025-07-02,2025-08-31,,2026-08-31T10:29:52.309603Z
ddee70d165e434ee,FL,"Pourlessoins, LLC d/b/a Synergy Health Services and Zomleben, LLC d/b/a Synergy Healthcare Solutions",Pourlessoins,"Synergy Health Services and Zomleben, LLC d/b/a Synergy Healthcare Solutions","TALLAHASSEE, FL, 32305",1,2025-07-02,2025-08-31,,2026-08-31T10:29:52.309603Z
cd2be82f37f6df74,FL,"Pourlessoins, LLC d/b/a Synergy Health Services and Zomleben, LLC d/b/a Synergy Healthcare Solutions",Pourlessoins,"Synergy Health Services and Zomleben, LLC d/b/a Synergy Healthcare Solutions","WINTER HAVEN, FL, 33839",1,2025-07-02,2025-08-31,,2026-08-31T10:29:52.309603Z
cc51c2f92c8d4af1,FL,"Pourlessoins, LLC d/b/a Synergy Health Services and Zomleben, LLC d/b/a Synergy Healthcare Solutions",Pourlessoins,"Synergy Health Services and Zomleben, LLC d/b/a Synergy Healthcare Solutions","DAYTONA BEACH, FL, 32114",1,2025-07-02,2025-08-31,,2026-08-31T10:29:52.309603Z
c62c7080b5057d08,FL,"Pourlessoins, LLC d/b/a Synergy Health Services and Zomleben, LLC d/b/a Synergy Healthcare Solutions",Pourlessoins,"Synergy Health Services and Zomleben, LLC d/b/a Synergy Healthcare Solutions","ORLANDO, FL, 32789",6,2025-07-02,2025-08-31,,2026-08-31T10:29:52.309603Z
c61840d12e8f708b,FL,"Pourlessoins, LLC d/b/a Synergy Health Services and Zomleben, LLC d/b/a Synergy Healthcare Solutions",Pourlessoins,"Synergy Health Services and Zomleben, LLC d/b/a Synergy Healthcare Solutions","WINTER SPRINGS, FL, 32708",3,2025-07-02,2025-08-31,,2026-08-31T10:29:52.309603Z
c231a9e043cc2cf9,FL,"Pourlessoins, LLC d/b/a Synergy Health Services and Zomleben, LLC d/b/a Synergy Healthcare Solutions",Pourlessoins,"Synergy Health Services and Zomleben, LLC d/b/a Synergy Healthcare Solutions","MILTON, FL, 32570",2,2025-07-02,2025-08-31,,2026-08-31T10:29:52.309603Z
b2bdc65dc8643e1a,FL,"Pourlessoins, LLC d/b/a Synergy Health Services and Zomleben, LLC d/b/a Synergy Healthcare Solutions",Pourlessoins,"Synergy Health Services and Zomleben, LLC d/b/a Synergy Healthcare Solutions","PANAMA CITY, FL, 32401",1,2025-07-02,2025-08-31,,2026-08-31T10:29:52.309603Z
ad73cbe9416f8329,FL,"Pourlessoins, LLC d/b/a Synergy Health Services and Zomleben, LLC d/b/a Synergy Healthcare Solutions",Pourlessoins,"Synergy Health Services and Zomleben, LLC d/b/a Synergy Healthcare Solutions","APOPKA, FL, 32703",2,2025-07-02,2025-08-31,,2026-08-31T10:29:52.309603Z
99ef95e5e1fb8d1b,FL,"Pourlessoins, LLC d/b/a Synergy Health Services and Zomleben, LLC d/b/a Synergy Healthcare Solutions",Pourlessoins,"Synergy Health Services and Zomleben, LLC d/b/a Synergy Healthcare Solutions","KISSIMMEE, FL, 34746",2,2025-07-02,2025-08-31,,2026-08-31T10:29:52.309603Z
79b821deafb7a1f5,FL,"Pourlessoins, LLC d/b/a Synergy Health Services and Zomleben, LLC d/b/a Synergy Healthcare Solutions",Pourlessoins,"Synergy Health Services and Zomleben, LLC d/b/a Synergy Healthcare Solutions","TAMPA, FL, 33592",1,2025-07-02,2025-08-31,,2026-08-31T10:29:52.309603Z
76e04448505706fa,FL,"Pourlessoins, LLC d/b/a Synergy Health Services and Zomleben, LLC d/b/a Synergy Healthcare Solutions",Pourlessoins,"Synergy Health Services and Zomleben, LLC d/b/a Synergy Healthcare Solutions","VERO BEACH, FL, 32960",1,2025-07-02,2025-08-31,,2026-08-31T10:29:52.309603Z
76a2e374cabb0eb7,FL,"Pourlessoins, LLC d/b/a Synergy Health Services and Zomleben, LLC d/b/a Synergy Healthcare Solutions",Pourlessoins,"Synergy Health Services and Zomleben, LLC d/b/a Synergy Healthcare Solutions","SAINT AUGUSTINE, FL, 32080",1,2025-07-02,2025-08-31,,2026-08-31T10:29:52.309603Z
6801238ebedfceed,FL,"Pourlessoins, LLC d/b/a Synergy Health Services and Zomleben, LLC d/b/a Synergy Healthcare Solutions",Pourlessoins,"Synergy Health Services and Zomleben, LLC d/b/a Synergy Healthcare Solutions","SORRENTO, FL, 32776",3,2025-07-02,2025-08-31,,2026-08-31T10:29:52.309603Z
6209e0a1116026d2,FL,"Pourlessoins, LLC d/b/a Synergy Health Services and Zomleben, LLC d/b/a Synergy Healthcare Solutions",Pourlessoins,"Synergy Health Services and Zomleben, LLC d/b/a Synergy Healthcare Solutions","LAKE MARY, FL, 32035",1,2025-07-02,2025-08-31,,2026-08-31T10:29:52.309603Z
60c0182b5535319c,FL,"Pourlessoins, LLC d/b/a Synergy Health Services and Zomleben, LLC d/b/a Synergy Healthcare Solutions",Pourlessoins,"Synergy Health Services and Zomleben, LLC d/b/a Synergy Healthcare Solutions","TAVARES, FL, 32726",1,2025-07-02,2025-08-31,,2026-08-31T10:29:52.309603Z
5f6fce9f3476c252,FL,"Pourlessoins, LLC d/b/a Synergy Health Services and Zomleben, LLC d/b/a Synergy Healthcare Solutions",Pourlessoins,"Synergy Health Services and Zomleben, LLC d/b/a Synergy Healthcare Solutions","WINTER PARK, FL, 32789",3,2025-07-02,2025-08-31,,2026-08-31T10:29:52.309603Z
591a81044fa5c0a0,FL,"Pourlessoins, LLC d/b/a Synergy Health Services and Zomleben, LLC d/b/a Synergy Healthcare Solutions",Pourlessoins,"Synergy Health Services and Zomleben, LLC d/b/a Synergy Healthcare Solutions","DELTONA, FL, 32725",3,2025-07-02,2025-08-31,,2026-08-31T10:29:52.309603Z
55b63e5738fcf446,FL,"Pourlessoins, LLC d/b/a Synergy Health Services and Zomleben, LLC d/b/a Synergy Healthcare Solutions",Pourlessoins,"Synergy Health Services and Zomleben, LLC d/b/a Synergy Healthcare Solutions","ALTAMONTE SPRINGS, FL, 32701",2,2025-07-02,2025-08-31,,2026-08-31T10:29:52.309603Z
53d7d7a17ffd4f0b,FL,"Pourlessoins, LLC d/b/a Synergy Health Services and Zomleben, LLC d/b/a Synergy Healthcare Solutions",Pourlessoins,"Synergy Health Services and Zomleben, LLC d/b/a Synergy Healthcare Solutions","MOUNT DORA, FL, 32756",2,2025-07-02,2025-08-31,,2026-08-31T10:29:52.309603Z
43fe0d7dd02527ee,FL,"Pourlessoins, LLC d/b/a Synergy Health Services and Zomleben, LLC d/b/a Synergy Healthcare Solutions",Pourlessoins,"Synergy Health Services and Zomleben, LLC d/b/a Synergy Healthcare Solutions","ZELLWOOD, FL, 32798",1,2025-07-02,2025-08-31,,2026-08-31T10:29:52.309603Z
386a70aafb54aa95,FL,"Pourlessoins, LLC d/b/a Synergy Health Services and Zomleben, LLC d/b/a Synergy Healthcare Solutions",Pourlessoins,"Synergy Health Services and Zomleben, LLC d/b/a Synergy Healthcare Solutions","DUNNELLON, FL, 34431",1,2025-07-02,2025-08-31,,2026-08-31T10:29:52.309603Z
2c479272a58fa9e5,FL,"Pourlessoins, LLC d/b/a Synergy Health Services and Zomleben, LLC d/b/a Synergy Healthcare Solutions",Pourlessoins,"Synergy Health Services and Zomleben, LLC d/b/a Synergy Healthcare Solutions","JACKSONVILLE, FL, 32034",1,2025-07-02,2025-08-31,,2026-08-31T10:29:52.309603Z
0c16ca626105524b,FL,"Pourlessoins, LLC d/b/a Synergy Health Services and Zomleben, LLC d/b/a Synergy Healthcare Solutions",Pourlessoins,"Synergy Health Services and Zomleben, LLC d/b/a Synergy Healthcare Solutions","LAKE CITY, FL, 32025",1,2025-07-02,2025-08-31,,2026-08-31T10:29:52.309603Z
febb25612bbca6ce,FL,"Gulf Coast Optometry, P.A., D.Ba. Global Care Optometry","Gulf Coast Optometry, P.A., D.Ba. Global Care Optometry",,"CARROLLWOOD, FL, 33618",2,2025-07-01,2025-07-30,,2026-08-31T10:29:52.309603Z
edb8b60f0edc317b,FL,"Gulf Coast Optometry, P.A., D.Ba. Global Care Optometry","Gulf Coast Optometry, P.A., D.Ba. Global Care Optometry",,"MELBOURNE, FL, 32901",3,2025-07-01,2025-07-30,,2026-08-31T10:29:52.309603Z
e59689a2903b9f3f,FL,"Gulf Coast Optometry, P.A., D.Ba. Global Care Optometry","Gulf Coast Optometry, P.A., D.Ba. Global Care Optometry",,"LAKELAND, FL, 33809",3,2025-07-01,2025-07-30,,2026-08-31T10:29:52.309603Z
d99f137b33943076,FL,"Gulf Coast Optometry, P.A., D.Ba. Global Care Optometry","Gulf Coast Optometry, P.A., D.Ba. Global Care Optometry",,"WESLEY CHAPEL, FL, 33544",2,2025-07-01,2025-07-30,,2026-08-31T10:29:52.309603Z
cfc96de90f7e937a,FL,"Gulf Coast Optometry, P.A., D.Ba. Global Care Optometry","Gulf Coast Optometry, P.A., D.Ba. Global Care Optometry",,"OCALA, FL, 34474",3,2025-07-01,2025-07-30,,2026-08-31T10:29:52.309603Z
cd4709e0b9ab50af,FL,"Gulf Coast Optometry, P.A., D.Ba. Global Care Optometry","Gulf Coast Optometry, P.A., D.Ba. Global Care Optometry",,"MERRITT ISLAND, FL, 32901",3,2025-07-01,2025-07-30,,2026-08-31T10:29:52.309603Z
c770c8121f4072e7,FL,"Gulf Coast Optometry, P.A., D.Ba. Global Care Optometry","Gulf Coast Optometry, P.A., D.Ba. Global Care Optometry",,"ORLANDO, FL, 32803",2,2025-07-01,2025-07-30,,2026-08-31T10:29:52.309603Z
a9b2ab8a6f8cac79,FL,"Gulf Coast Optometry, P.A., D.Ba. Global Care Optometry","Gulf Coast Optometry, P.A., D.Ba. Global Care Optometry",,"CAPE CORAL, FL, 33990",2,2025-07-01,2025-07-30,,2026-08-31T10:29:52.309603Z
a4e8cf8880ad6d1c,FL,"Gulf Coast Optometry, P.A., D.Ba. Global Care Optometry","Gulf Coast Optometry, P.A., D.Ba. Global Care Optometry",,"DAYTONA BEACH, FL, 32114",3,2025-07-01,2025-07-30,,2026-08-31T10:29:52.309603Z
9d28715282a8cd99,FL,"Gulf Coast Optometry, P.A., D.Ba. Global Care Optometry","Gulf Coast Optometry, P.A., D.Ba. Global Care Optometry",,"JACKSONVILLE, FL, 32218",3,2025-07-01,2025-07-30,,2026-08-31T10:29:52.309603Z
9a3633c108921790,FL,"Gulf Coast Optometry, P.A., D.Ba. Global Care Optometry","Gulf Coast Optometry, P.A., D.Ba. Global Care Optometry",,"LAKE WORTH, FL, 33461",4,2025-07-01,2025-07-30,,2026-08-31T10:29:52.309603Z
956dfb20b40ec793,FL,"Gulf Coast Optometry, P.A., D.Ba. Global Care Optometry","Gulf Coast Optometry, P.A., D.Ba. Global Care Optometry",,"LADY LAKE, FL, 34475",3,2025-07-01,2025-07-30,,2026-08-31T10:29:52.309603Z
9188d196327d8fe9,FL,"Gulf Coast Optometry, P.A., D.Ba. Global Care Optometry","Gulf Coast Optometry, P.A., D.Ba. Global Care Optometry",,"WATERFORD LAKES, FL, 32828",4,2025-07-01,2025-07-30,,2026-08-31T10:29:52.309603Z
8659f605084f0792,FL,"Gulf Coast Optometry, P.A., D.Ba. Global Care Optometry","Gulf Coast Optometry, P.A., D.Ba. Global Care Optometry",,"FORT MYERS, FL, 33966",3,2025-07-01,2025-07-30,,2026-08-31T10:29:52.309603Z
85bdf44ddd26a632,FL,"Gulf Coast Optometry, P.A., D.Ba. Global Care Optometry","Gulf Coast Optometry, P.A., D.Ba. Global Care Optometry",,"BRANDON, FL, 33619",2,2025-07-01,2025-07-30,,2026-08-31T10:29:52.309603Z
85ae3320d8fdde72,FL,"Gulf Coast Optometry, P.A., D.Ba. Global Care Optometry","Gulf Coast Optometry, P.A., D.Ba. Global Care Optometry",,"SAINT PETERSBURG, FL, 33710",2,2025-07-01,2025-07-30,,2026-08-31T10:29:52.309603Z
8261fb1ac2ec6621,FL,"Gulf Coast Optometry, P.A., D.Ba. Global Care Optometry","Gulf Coast Optometry, P.A., D.Ba. Global Care Optometry",,"PORT CHARLOTTE, FL, 33948",3,2025-07-01,2025-07-30,,2026-08-31T10:29:52.309603Z
74e19422c46e3677,FL,"Gulf Coast Optometry, P.A., D.Ba. Global Care Optometry","Gulf Coast Optometry, P.A., D.Ba. Global Care Optometry",,"LARGO, FL, 33778",2,2025-07-01,2025-07-30,,2026-08-31T10:29:52.309603Z
6f030318b996648c,FL,"Gulf Coast Optometry, P.A., D.Ba. Global Care Optometry","Gulf Coast Optometry, P.A., D.Ba. Global Care Optometry",,"EUSTIS, FL, 33629",2,2025-07-01,2025-07-30,,2026-08-31T10:29:52.309603Z
66515e2d6becaa3d,FL,"Gulf Coast Optometry, P.A., D.Ba. Global Care Optometry","Gulf Coast Optometry, P.A., D.Ba. Global Care Optometry",,"PORT SAINT LUCIE, FL, 34986",2,2025-07-01,2025-07-30,,2026-08-31T10:29:52.309603Z
622d77721c0d1067,FL,"Gulf Coast Optometry, P.A., D.Ba. Global Care Optometry","Gulf Coast Optometry, P.A., D.Ba. Global Care Optometry",,"PALM BEACH GARDENS, FL, 33403",4,2025-07-01,2025-07-30,,2026-08-31T10:29:52.309603Z
61cfb34d42829647,FL,"Gulf Coast Optometry, P.A., D.Ba. Global Care Optometry","Gulf Coast Optometry, P.A., D.Ba. Global Care Optometry",,"TAMPA, FL, 33607",2,2025-07-01,2025-07-30,,2026-08-31T10:29:52.309603Z
5fb71c7606843dc5,FL,"Gulf Coast Optometry, P.A., D.Ba. Global Care Optometry","Gulf Coast Optometry, P.A., D.Ba. Global Care Optometry",,"KISSIMMEE, FL, 34741",3,2025-07-01,2025-07-30,,2026-08-31T10:29:52.309603Z
5d96bec00966645f,FL,"Gulf Coast Optometry, P.A., D.Ba. Global Care Optometry","Gulf Coast Optometry, P.A., D.Ba. Global Care Optometry",,"NEW PORT RICHEY, FL, 34655",3,2025-07-01,2025-07-30,,2026-08-31T10:29:52.309603Z
5871ae7890dcf19d,FL,"Gulf Coast Optometry, P.A., D.Ba. Global Care Optometry","Gulf Coast Optometry, P.A., D.Ba. Global Care Optometry",,"VENICE, FL, 34293",5,2025-07-01,2025-07-30,,2026-08-31T10:29:52.309603Z
5433c9da62b7678d,FL,"Gulf Coast Optometry, P.A., D.Ba. Global Care Optometry","Gulf Coast Optometry, P.A., D.Ba. Global Care Optometry",,"SAINT PETERSBURG, FL, 33704",2,2025-07-01,2025-07-30,,2026-08-31T10:29:52.309603Z
4d802e7fa636e3f1,FL,"Gulf Coast Optometry, P.A., D.Ba. Global Care Optometry","Gulf Coast Optometry, P.A., D.Ba. Global Care Optometry",,"CLEARWATER, FL, 33761",2,2025-07-01,2025-07-30,,2026-08-31T10:29:52.309603Z
4b5f8433defd1aca,FL,"Gulf Coast Optometry, P.A., D.Ba. Global Care Optometry","Gulf Coast Optometry, P.A., D.Ba. Global Care Optometry",,"NAPLES, FL, 34109",3,2025-07-01,2025-07-30,,2026-08-31T10:29:52.309603Z
43dfb901a15855f8,FL,"Gulf Coast Optometry, P.A., D.Ba. Global Care Optometry","Gulf Coast Optometry, P.A., D.Ba. Global Care Optometry",,"BRADENTON, FL, 34208",3,2025-07-01,2025-07-30,,2026-08-31T10:29:52.309603Z
408e4d0dae0f63b6,FL,"Gulf Coast Optometry, P.A., D.Ba. Global Care Optometry","Gulf Coast Optometry, P.A., D.Ba. Global Care Optometry",,"ALTAMONTE SPRINGS, FL, 32714",2,2025-07-01,2025-07-30,,2026-08-31T10:29:52.309603Z
3c23a06f54f1495a,FL,"Gulf Coast Optometry, P.A., D.Ba. Global Care Optometry","Gulf Coast Optometry, P.A., D.Ba. Global Care Optometry",,"JACKSONVILLE, FL, 32224",3,2025-07-01,2025-07-30,,2026-08-31T10:29:52.309603Z
3bee1545d3e4fab0,FL,"Gulf Coast Optometry, P.A., D.Ba. Global Care Optometry","Gulf Coast Optometry, P.A., D.Ba. Global Care Optometry",,"RIVERVIEW, FL, 33578",4,2025-07-01,2025-07-30,,2026-08-31T10:29:52.309603Z
34bc3021ab3dd200,FL,"Gulf Coast Optometry, P.A., D.Ba. Global Care Optometry","Gulf Coast Optometry, P.A., D.Ba. Global Care Optometry",,"ESTERO, FL, 33928",2,2025-07-01,2025-07-30,,2026-08-31T10:29:52.309603Z
2b6495d5517ee692,FL,"Gulf Coast Optometry, P.A., D.Ba. Global Care Optometry","Gulf Coast Optometry, P.A., D.Ba. Global Care Optometry",,"BOYNTON BEACH, FL, 33426",2,2025-07-01,2025-07-30,,2026-08-31T10:29:52.309603Z
2a7685ad92d2e84e,FL,"Gulf Coast Optometry, P.A., D.Ba. Global Care Optometry","Gulf Coast Optometry, P.A., D.Ba. Global Care Optometry",,"FORT MYERS, FL, 33907",3,2025-07-01,2025-07-30,,2026-08-31T10:29:52.309603Z
25cdf794ba84fd31,FL,"Gulf Coast Optometry, P.A., D.Ba. Global Care Optometry","Gulf Coast Optometry, P.A., D.Ba. Global Care Optometry",,"FORT WALTON BEACH, FL, 33966",2,2025-07-01,2025-07-30,,2026-08-31T10:29:52.309603Z
22bce131859bfd5d,FL,"Gulf Coast Optometry, P.A., D.Ba. Global Care Optometry","Gulf Coast Optometry, P.A., D.Ba. Global Care Optometry",,"SARASOTA, FL, 34243",2,2025-07-01,2025-07-30,,2026-08-31T10:29:52.309603Z
201e7d0462d3ce56,FL,"Gulf Coast Optometry, P.A., D.Ba. Global Care Optometry","Gulf Coast Optometry, P.A., D.Ba. Global Care Optometry",,"ORANGE PARK, FL, 32065",4,2025-07-01,2025-07-30,,2026-08-31T10:29:52.309603Z
1ad6ebac8fb487cf,FL,"Gulf Coast Optometry, P.A., D.Ba. Global Care Optometry","Gulf Coast Optometry, P.A., D.Ba. Global Care Optometry",,"NAPLES, FL, 34113",2,2025-07-01,2025-07-30,,2026-08-31T10:29:52.309603Z
118c2e2a090a2d8b,FL,"Gulf Coast Optometry, P.A., D.Ba. Global Care Optometry","Gulf Coast Optometry, P.A., D.Ba. Global Care Optometry",,"OCOEE, FL, 34761",2,2025-07-01,2025-07-30,,2026-08-31T10:29:52.309603Z
103f047c4fe77e61,FL,"Gulf Coast Optometry, P.A., D.Ba. Global Care Optometry","Gulf Coast Optometry, P.A., D.Ba. Global Care Optometry",,"CLEAR WATER, FL, 33618",2,2025-07-01,2025-07-30,,2026-08-31T10:29:52.309603Z
0e6d2a21f75939e8,FL,"Gulf Coast Optometry, P.A., D.Ba. Global Care Optometry","Gulf Coast Optometry, P.A., D.Ba. Global Care Optometry",,"LAKE MARY, FL, 32746",3,2025-07-01,2025-07-30,,2026-08-31T10:29:52.309603Z
2ecdd84771c6489a,FL,"Group 1001 Resources, LLC",Group 1001 Resources,,"MIRAMAR, FL, 33027",32,2025-06-25,2025-10-01,,2026-08-31T10:29:52.309603Z
852c5b31962b7d2a,FL,"Transit Management of Volusia County, Inc.",Transit Management of Volusia County,,"SOUTH DAYTONA, FL, 32119",267,2025-06-16,2025-08-15,,2026-08-31T10:29:52.309603Z
012bfb73279857d2,FL,Lightspeed Logistics Miami LLC,Lightspeed Logistics Miami,,"HIALEAH, FL, 33010",110,2025-06-13,2025-08-17,,2026-08-31T10:29:52.309603Z
db234dafb11952b4,FL,Need It Now,Need It Now,,"JUPITER, FL, 33478",103,2025-06-11,2025-08-09,,2026-08-31T10:29:52.309603Z
684c52772d90deae,FL,Need It Now,Need It Now,,"FORT LAUDERDALE, FL, 33309",68,2025-06-11,2025-08-09,,2026-08-31T10:29:52.309603Z
2ff4b7ef67db2a4a,LA,Albertsons Baton Rouge #0709,Albertsons Baton Rouge,,"2950 College Drive Baton Rouge, LA 70808",90,2025-06-11,2025-08-16,,2026-08-31T10:29:52.309603Z
5bfe541e5e3c51bb,FL,"Resilience US, Inc",Resilience US,,"ALACHUA, FL, 32615",76,2025-06-09,2025-06-20,,2026-08-31T10:29:52.309603Z
ac7a6384553afeb1,FL,"Lewis Tree Service, Inc",Lewis Tree Service,,"MIAMI, FL, 33166",73,2025-06-05,2025-07-20,,2026-08-31T10:29:52.309603Z
8eb3482c8174e5a3,FL,"Lewis Tree Service, Inc",Lewis Tree Service,,"MIAMI GARDENS, FL, 33169",2,2025-06-05,2025-07-20,,2026-08-31T10:29:52.309603Z
2ac133ecde9753d7,FL,"Lewis Tree Service, Inc",Lewis Tree Service,,"MIAMI, FL, 33166",110,2025-06-05,2025-07-20,,2026-08-31T10:29:52.309603Z
17c9a5d95a454e0e,FL,"Lewis Tree Service, Inc",Lewis Tree Service,,"MIAMI, FL, 33158",62,2025-06-05,2025-07-20,,2026-08-31T10:29:52.309603Z
329c83b0a6ef2dd5,FL,Eckerd Connects,Eckerd Connects,,"SAINT PETERSBURG, FL, 33712",47,2025-06-03,2025-06-13,,2026-08-31T10:29:52.309603Z
8223535b39b681d1,FL,Exceed LLC,Exceed,,"SAINT PETERSBURG, FL, 33712",119,2025-06-02,2025-06-02,,2026-08-31T10:29:52.309603Z
55e2707a6305a68a,FL,Stephens Distributing Company,Stephens Distributing,,"FORT LAUDERDALE, FL, 33312",110,2025-06-02,2025-08-01,,2026-08-31T10:29:52.309603Z
842865002ab9ae82,LA,Roux 61,Roux 61,,"8322 Bluebonnet Baton Rouge, LA 70810",50,2025-05-31,2025-05-31,,2026-08-31T10:29:52.309603Z
e1f0489804dcd9be,FL,Eagle Healthcare LLC,Eagle Healthcare,,"DUNEDIN, FL, 34698",23,2025-05-19,2025-07-14,,2026-08-31T10:29:52.309603Z
da79770ba30feb6d,FL,Eagle Healthcare LLC,Eagle Healthcare,,"OAKLAND PARK, FL, 33309",23,2025-05-19,2025-07-14,,2026-08-31T10:29:52.309603Z
d507c118ffecaaf3,FL,Eagle Healthcare LLC,Eagle Healthcare,,"MIAMI, FL, 33179",23,2025-05-19,2025-07-14,,2026-08-31T10:29:52.309603Z
cb93a6e53e72a1f2,FL,Lacroix,Lacroix,,"TALLAHASSEE, FL, 32305",1,2025-05-19,2025-06-20,,2026-08-31T10:29:52.309603Z
9e3879cb06b04904,FL,Eagle Healthcare LLC,Eagle Healthcare,,"PORT SAINT JOE, FL, 32456",23,2025-05-19,2025-07-14,,2026-08-31T10:29:52.309603Z
97a067e5926918b2,FL,Eagle Healthcare LLC,Eagle Healthcare,,"LAKE WORTH, FL, 33463",22,2025-05-19,2025-07-14,,2026-08-31T10:29:52.309603Z
8f087baa9a52199a,FL,Eagle Healthcare LLC,Eagle Healthcare,,"DAVENPORT, FL, 33837",22,2025-05-19,2025-07-14,,2026-08-31T10:29:52.309603Z
845dc63a3f9ed230,FL,Eagle Healthcare LLC,Eagle Healthcare,,"SARASOTA, FL, 34234",22,2025-05-19,2025-07-14,,2026-08-31T10:29:52.309603Z
81f8e8aa854f5a3f,FL,Eagle Healthcare LLC,Eagle Healthcare,,"GREENVILLE, FL, 32331",22,2025-05-19,2025-07-14,,2026-08-31T10:29:52.309603Z
54e2f98815bbe00d,FL,Eagle Healthcare LLC,Eagle Healthcare,,"DANIA BEACH, FL, 33004",22,2025-05-19,2025-07-14,,2026-08-31T10:29:52.309603Z
25df3a4aef3d43e9,FL,Eagle Healthcare LLC,Eagle Healthcare,,"JACKSONVILLE, FL, 32244",22,2025-05-19,2025-07-14,,2026-08-31T10:29:52.309603Z
15284c953a08a175,FL,Eagle Healthcare LLC,Eagle Healthcare,,"MONTICELLO, FL, 32344",26,2025-05-19,2025-07-14,,2026-08-31T10:29:52.309603Z
93731f10b187f913,FL,Revlon Consumer Products LLC,Revlon Consumer Products,,"JACKSONVILLE, FL, 32254",127,2025-05-16,2025-07-18,,2026-08-31T10:29:52.309603Z
2bf1411b4929ef49,LA,Sodexo,Sodexo,,"1500 Sugar Bowl Drive New Orleans, LA 70112",881,2025-05-16,2025-07-14,,2026-08-31T10:29:52.309603Z
fa6da888d9e1ab9a,FL,Bahama Breeze,Bahama Breeze,,"NAPLES, FL, 34102",68,2025-05-15,2025-05-15,,2026-08-31T10:29:52.309603Z
f6c22c3aede71495,FL,Bahama Breeze,Bahama Breeze,,"DAYTONA BEACH, FL, 32114",69,2025-05-15,2025-05-15,,2026-08-31T10:29:52.309603Z
ed529d15311549e4,FL,Bahama Breeze,Bahama Breeze,,"GAINESVILLE, FL, 32608",68,2025-05-15,2025-05-15,,2026-08-31T10:29:52.309603Z
9fc0851b397b43be,FL,Bahama Breeze,Bahama Breeze,,"OAKLAND PARK, FL, 33306",68,2025-05-15,2025-05-15,,2026-08-31T10:29:52.309603Z
97a6f5c01306c9c4,FL,"Panera, LLC",Panera,,"ORLANDO, FL, 32809",114,2025-05-15,2025-07-23,,2026-08-31T10:29:52.309603Z
6a0b3acbc7870ca8,FL,Bahama Breeze,Bahama Breeze,,"SUNRISE, FL, 33323",69,2025-05-15,2025-05-15,,2026-08-31T10:29:52.309603Z
2eb5e660f88c7a32,LA,Syncom Space Services,Syncom Space Services,,"13800 Old Gentilly Road Building 320 New Orleans, LA 70129",296,2025-05-15,2025-06-30,,2026-08-31T10:29:52.309603Z
462d46a2d4cd553b,FL,Technology Partner,Technology Partner,,"MIAMI GARDENS, FL, 33014",58,2025-05-14,2025-07-14,,2026-08-31T10:29:52.309603Z
77f39f2419448c9e,FL,"GroundGame.Health, Inc.",GroundGame.Health,,"TAMPA, FL, 33607",97,2025-05-12,2025-07-11,,2026-08-31T10:29:52.309603Z
05029acb44e14faf,FL,"HSNi, LLC and HSN, Inc","HSNi, LLC and HSN",,"SAINT PETERSBURG, FL, 33792",529,2025-05-12,2025-07-01,,2026-08-31T10:29:52.309603Z
c47f9b99c9725e24,LA,Cornerstone Chemical Company,Cornerstone Chemical,,"10800 River Road Waggaman, LA 70094",71,2025-05-05,2025-07-31,,2026-08-31T10:29:52.309603Z
d419cbf1baf98bc3,FL,S&S Activewear,S&S Activewear,,"POMPANO BEACH, FL, 33069",51,2025-05-03,2025-07-03,,2026-08-31T10:29:52.309603Z
fd7902f7c55e2627,FL,"Institute for Intergovernmental Research, Inc",Institute for Intergovernmental Research,,"TALLAHASSEE, FL, 32317",200,2025-05-02,2025-04-23,,2026-08-31T10:29:52.309603Z
9213b79fab0acdb5,FL,Northern Air Cargo LLC,Northern Air Cargo,,"MIAMI, FL, 33126",30,2025-05-01,2025-06-30,,2026-08-31T10:29:52.309603Z
81135939511c905e,FL,ABM Industries,ABM Industries,,"ORLANDO, FL, 32877",175,2025-04-30,2025-07-01,,2026-08-31T10:29:52.309603Z
674c9cd5fa8c7c69,FL,C&S Wholesale Services,C&S Wholesale Services,,"BALDWIN, FL, 32234",490,2025-04-30,2025-07-04,,2026-08-31T10:29:52.309603Z
42f166dde66922b6,LA,Federal Express Corporation (BTRA Facility),Federal Express Corporation (BTRA Facility),,"10781 Coursey Boulevard Baton Rouge, LA 70804",74,2025-04-30,2025-06-30,,2026-08-31T10:29:52.309603Z
1873a5f9f19e1962,FL,ERMC Aviation Services,ERMC Aviation Services,,"FORT LAUDERDALE, FL, 33315",95,2025-04-30,2025-06-30,,2026-08-31T10:29:52.309603Z
73bd3585b1937493,FL,Thermo Fisher Scientific,Thermo Fisher Scientific,,"ORLANDO, FL, 32806",59,2025-04-29,2025-06-28,,2026-08-31T10:29:52.309603Z
dbc2e1e263ec0719,FL,Cano Health LLC,Cano Health,,"CLERMONT, FL, 34715",11,2025-04-28,2025-06-30,,2026-08-31T10:29:52.309603Z
be0f6ba9f478a793,FL,Cano Health LLC,Cano Health,,"ORLANDO, FL, 32812",11,2025-04-28,2025-06-30,,2026-08-31T10:29:52.309603Z
597576237ae9c60e,FL,Cano Health LLC,Cano Health,,"KISSIMMEE, FL, 34741",29,2025-04-28,2025-06-30,,2026-08-31T10:29:52.309603Z
1e6ca9a901e631c3,FL,Cano Health LLC,Cano Health,,"SAINT CLOUD, FL, 34769",27,2025-04-28,2025-06-30,,2026-08-31T10:29:52.309603Z
b88efa4961e5d87c,FL,Center for Family & Child Enrichment,Center for Family & Child Enrichment,,"MIAMI GARDENS, FL, 33056",106,2025-04-27,2025-06-30,,2026-08-31T10:29:52.309603Z
7167a2f1696afab6,FL,"Tampa Sportservice, Inc.",Tampa Sportservice,,"TAMPA, FL, 33602",580,2025-04-25,2025-06-30,,2026-08-31T10:29:52.309603Z
280087c359f3523c,FL,"Amerant Mortgage, LLC",Amerant Mortgage,,"LAKELAND, FL, 33801",58,2025-04-24,2025-06-23,,2026-08-31T10:29:52.309603Z
ba238d930ae93a85,FL,"Davis Express, Inc.",Davis Express,,"STARKE, FL, 32091",163,2025-04-16,2025-06-15,,2026-08-31T10:29:52.309603Z
29b4f96c6070a16a,FL,"Jones Lang LaSalle Americas, Inc. (“JLL”)","Jones Lang LaSalle Americas, Inc. (""JLL"")",,"ORLANDO, FL, 32824",86,2025-04-15,2025-06-14,,2026-08-31T10:29:52.309603Z
19d6e421eef0f14b,FL,"Aramark Campus, LLC",Aramark Campus,,"TAMPA, FL, 33620",949,2025-04-08,2025-06-18,,2026-08-31T10:29:52.309603Z
697be0292fb16c05,LA,IDEA Public Schools (IDEA Innovation & IDEA Bridge),IDEA Public Schools (IDEA Innovation & IDEA Bridge),,"7800 Innovation Park Drive & 1500 N. Airway Drive Baton Rouge, LA",212,2025-04-07,2025-05-24,,2026-08-31T10:29:52.309603Z
36871c3aa8bd3923,LA,IDEA Southern Louisiana Idea Innovation,IDEA Southern Louisiana Idea Innovation,,"(7800 Innovation Park Drive, Baton Rouge, LA 70820) Idea Bridge (1500 N. Airway Drive, Baton Rouge, LA 70815)",212,2025-04-07,2025-05-24,,2026-08-31T10:29:52.309603Z
72d8af1985e25755,FL,Merlin Magic Shop,Merlin Magic Shop,,"LAKE WALES, FL, 33859",31,2025-04-01,2025-05-31,,2026-08-31T10:29:52.309603Z
e14e6aac9a16fc14,FL,Jacksonville Orthopedic Institute,Jacksonville Orthopedic Institute,,"FLEMING ISLAND, FL, 32003",8,2025-03-31,2025-05-30,,2026-08-31T10:29:52.309603Z
de256a52f5dc414f,FL,"Pretium Packaging, L.L.C",Pretium Packaging,,"JACKSONVILLE, FL, 32254",48,2025-03-31,2025-05-30,,2026-08-31T10:29:52.309603Z
d3fc337a1fb16656,FL,Jacksonville Orthopedic Institute,Jacksonville Orthopedic Institute,,"JACKSONVILLE, FL, 32207",65,2025-03-31,2025-05-30,,2026-08-31T10:29:52.309603Z
d3c38a867cd2950c,FL,Jacksonville Orthopedic Institute,Jacksonville Orthopedic Institute,,"JACKSONVILLE, FL, 32258",11,2025-03-31,2025-05-30,,2026-08-31T10:29:52.309603Z
c4faab6206fe8f2a,FL,Jacksonville Orthopedic Institute,Jacksonville Orthopedic Institute,,"JACKSONVILLE, FL, 32258",45,2025-03-31,2025-05-30,,2026-08-31T10:29:52.309603Z
af7c583e23b47c18,FL,Jacksonville Orthopedic Institute,Jacksonville Orthopedic Institute,,"JACKSONVILLE, FL, 32218",4,2025-03-31,2025-05-30,,2026-08-31T10:29:52.309603Z
abb4711ddd3cd88c,FL,Jacksonville Orthopedic Institute,Jacksonville Orthopedic Institute,,"JACKSONVILLE, FL, 32223",1,2025-03-31,2025-05-30,,2026-08-31T10:29:52.309603Z
a3fc22cd17760fd3,FL,Jacksonville Orthopedic Institute,Jacksonville Orthopedic Institute,,"JACKSONVILLE, FL, 32207",6,2025-03-31,2025-05-30,,2026-08-31T10:29:52.309603Z
971865a6775b25dd,FL,Jacksonville Orthopedic Institute,Jacksonville Orthopedic Institute,,"JACKSONVILLE, FL, 32225",1,2025-03-31,2025-05-30,,2026-08-31T10:29:52.309603Z
65c0fb67f3a06b38,FL,Jacksonville Orthopedic Institute,Jacksonville Orthopedic Institute,,"JACKSONVILLE, FL, 32223",2,2025-03-31,2025-05-30,,2026-08-31T10:29:52.309603Z
5924e0326a31cafa,FL,"FedEx Supply Chain, Inc.",FedEx Supply Chain,,"JACKSONVILLE, FL, 32220",87,2025-03-31,2025-05-31,,2026-08-31T10:29:52.309603Z
54cbb17fe1ce8e99,FL,Jacksonville Orthopedic Institute,Jacksonville Orthopedic Institute,,"SAINT AUGUSTINE, FL, 32092",4,2025-03-31,2025-05-30,,2026-08-31T10:29:52.309603Z
51fb6bec81409bf0,FL,Jacksonville Orthopedic Institute,Jacksonville Orthopedic Institute,,"JACKSONVILLE, FL, 32218",6,2025-03-31,2025-05-30,,2026-08-31T10:29:52.309603Z
2b390fb715c1bb9b,FL,"Mandarin Oriental, Miami, FL","Mandarin Oriental, Miami, FL",,"MIAMI, FL, 33131",430,2025-03-28,2025-05-31,,2026-08-31T10:29:52.309603Z
04ed82234fa23659,FL,"HSNi, LLC and HSN, Inc","HSNi, LLC and HSN",,"SAINT PETERSBURG, FL, 33792",145,2025-03-27,2025-05-26,,2026-08-31T10:29:52.309603Z
947770eb59352139,FL,"Interstate Management Company, LLC (""Aim bridge"")","Interstate Management Company, LLC (""Aim bridge"")",,"SARASOTA, FL, 34236",101,2025-03-26,2025-06-01,,2026-08-31T10:29:52.309603Z
790fcf9351761909,FL,"CSG Systems, Inc",CSG Systems,,"CRAWFORDVILLE, FL, 32327",99,2025-03-25,2025-05-30,,2026-08-31T10:29:52.309603Z
7e2d531a4108a19d,FL,"Cayuga Home for Children, dba Cayuga Centers",Cayuga Home for Children,Cayuga Centers,"MIAMI BEACH, FL, 33308",72,2025-03-21,2025-06-22,,2026-08-31T10:29:52.309603Z
546c075359a6703e,FL,"Cayuga Home for Children, dba Cayuga Centers",Cayuga Home for Children,Cayuga Centers,"BOYNTON BEACH, FL, 33426",4,2025-03-21,2025-06-22,,2026-08-31T10:29:52.309603Z
4b786cc311e3e135,FL,"Cayuga Home for Children, dba Cayuga Centers",Cayuga Home for Children,Cayuga Centers,"FORT LAUDERDALE, FL, 33308",9,2025-03-21,2025-06-22,,2026-08-31T10:29:52.309603Z
17b1945dc9c0003e,FL,"Cayuga Home for Children, dba Cayuga Centers",Cayuga Home for Children,Cayuga Centers,"PORT SAINT LUCIE, FL, 34986",16,2025-03-21,2025-06-22,,2026-08-31T10:29:52.309603Z
a54ce9cb47552a46,FL,National Distribution Centers LLC,National Distribution Centers,,"ORLANDO, FL, 32824",73,2025-03-20,2025-05-19,,2026-08-31T10:29:52.309603Z
46b9aa5d1828693f,FL,Wells Fargo,Wells Fargo,,"JACKSONVILLE, FL, 32207",4,2025-03-19,2025-03-18,,2026-08-31T10:29:52.309603Z
458ec1851b5fe8e2,FL,"SLS South Beach Employer, LLC",SLS South Beach Employer,,"MIAMI BEACH, FL, 33139",66,2025-03-17,2025-05-28,,2026-08-31T10:29:52.309603Z
7595413a254977b8,FL,AT&T,AT&T,,"SUNRISE, FL, 33323",88,2025-03-14,2025-05-13,,2026-08-31T10:29:52.309603Z
47f84228cfd2df1e,FL,SPOONFUL MANAGEMENT MIAMI LLC,Spoonful Management Miami,,"MIAMI BEACH, FL, 33139",134,2025-03-14,2025-05-28,,2026-08-31T10:29:52.309603Z
1a48fd4c43ec34d9,LA,Southern Glazer's Wine and Spirits of Louisiana,Southern Glazer's Wine and Spirits of Louisiana,,"939 W. Pont Des Mouton Rd Lafayette, LA 70507",48,2025-03-14,2025-05-16,,2026-08-31T10:29:52.309603Z
8e5d0298d19e169f,LA,General Dynamics Information Technology,General Dynamics Information Technology,,2251 Lakeshore Drive New Orleans,77,2025-03-07,2025-05-14,,2026-08-31T10:29:52.309603Z
3a2ea48709d62072,FL,"SP+, A Metropolis Company","SP+, A Metropolis",,"ORLANDO, FL, 32827",110,2025-03-06,2025-05-01,,2026-08-31T10:29:52.309603Z
352bf23911708e95,FL,"Primo Brands, Inc",Primo Brands,,"LAKELAND, FL, 33810",39,2025-03-05,2025-06-06,,2026-08-31T10:29:52.309603Z
3245d6a98563fab2,FL,Wells Fargo,Wells Fargo,,"JACKSONVILLE, FL, 32207",90,2025-03-05,2025-02-04,,2026-08-31T10:29:52.309603Z
057a09d9802adcae,FL,Royal Palm South Beach Miami,Royal Palm South Beach Miami,,"MIAMI BEACH, FL, 33139",134,2025-03-04,2025-05-04,,2026-08-31T10:29:52.309603Z
31900e024c0f54bc,FL,"Veyer, LLC",Veyer,,"ORLANDO, FL, 32837",55,2025-02-28,2025-04-28,,2026-08-31T10:29:52.309603Z
8c6d270c2d05d37d,FL,Kindred Hospital East LLC d/b/aTampa Bay Area Hospital,Kindred Hospital East LLC d/b/aTampa Bay Area Hospital,,"TAMPA, FL, 33611",143,2025-02-27,2025-04-30,,2026-08-31T10:29:52.309603Z
afcc36d365ddc9cc,FL,UPS,UPS,,"HIALEAH, FL, 33013",65,2025-02-25,2025-04-27,,2026-08-31T10:29:52.309603Z
fc1ba0f5565ab58c,FL,Sodexo,Sodexo,,"ROCKLEDGE, FL, 32922",170,2025-02-24,2025-04-22,,2026-08-31T10:29:52.309603Z
f126f92c5364038e,FL,"Miami Mezze LLC, d/b/a Aba Restaurant",Miami Mezze,Aba Restaurant,"BAL HARBOUR, FL, 33154",60,2025-02-24,2025-05-01,,2026-08-31T10:29:52.309603Z
bff510f37bf98e96,FL,FirstService Residential,FirstService Residential,,"DANIA, FL, 33004",42,2025-02-24,2025-03-31,,2026-08-31T10:29:52.309603Z
a9fbd0150faf8e95,FL,The Ritz-Carlton,Ritz-Carlton,,"MIAMI, FL, 33149",425,2025-02-24,2025-05-01,,2026-08-31T10:29:52.309603Z
a4e31069e6e9acb4,FL,Transportation Operations & Management Solution LLC,Transportation Operations & Management Solution,,"ORLANDO, FL, 32832",50,2025-02-24,2025-04-22,,2026-08-31T10:29:52.309603Z
4bcf6450a6b7598f,FL,Enhance Health LLC,Enhance Health,,"SUNRISE, FL, 33323",196,2025-02-21,2025-04-22,,2026-08-31T10:29:52.309603Z
f42730c294e381d6,FL,Orlando Health,Orlando Health,,"ROCKLEDGE, FL, 32955",940,2025-02-20,2025-04-22,,2026-08-31T10:29:52.309603Z
d35908898cc051b2,FL,Harvest Sherwoord Food Distributors,Harvest Sherwoord Food Distributors,,"OPA LOCKA, FL, 33054",131,2025-02-18,2025-02-18,,2026-08-31T10:29:52.309603Z
a9632fc69786ceb0,FL,Behavioral Health Link,Behavioral Health Link,,"MIDDLEBURG, FL, 32068",1,2025-02-18,2025-03-23,,2026-08-31T10:29:52.309603Z
7b56caca2d442091,FL,Behavioral Health Link,Behavioral Health Link,,"ROTONDA WEST, FL, 33947",1,2025-02-18,2025-03-23,,2026-08-31T10:29:52.309603Z
282903806b75ae8f,FL,Behavioral Health Link,Behavioral Health Link,,"JACKSONVILLE, FL, 32225",1,2025-02-18,2025-03-23,,2026-08-31T10:29:52.309603Z
27440104368b0b1c,FL,Harvest Sherwoord Food Distributors,Harvest Sherwoord Food Distributors,,"ORLANDO, FL, 32808",41,2025-02-18,2025-02-18,,2026-08-31T10:29:52.309603Z
d4555557ec79ea3e,LA,Boeing Company,Boeing,,"13800 Old Gentilly Rd New Orleans, LA 70129",89,2025-02-15,2025-04-18,,2026-08-31T10:29:52.309603Z
50ba02c06ba08b8b,LA,International Paper Company,International Paper,,"4537 Hwy 480 Campti, LA 71411",481,2025-02-13,2025-04-13,,2026-08-31T10:29:52.309603Z
2c4e98d82e3b8ae0,FL,"Stryker Employment Company, LLC",Stryker Employment,,"LAKELAND, FL, 33815",500,2025-02-12,2025-04-15,,2026-08-31T10:29:52.309603Z
c0081ba374197a02,FL,Sky Lease Cargo,Sky Lease Cargo,,"MIAMI, FL, 33166",129,2025-02-10,2025-04-07,,2026-08-31T10:29:52.309603Z
cdbbaf81717e033a,FL,"Wise US, Inc",Wise US,,"TAMPA, FL, 33634",306,2025-02-07,2025-04-08,,2026-08-31T10:29:52.309603Z
1919f1c01c1df3e9,FL,"CHG Healthcare Services, Inc.",CHG Healthcare Services,,"BOCA RATON, FL, 33431",8,2025-02-06,2025-04-01,,2026-08-31T10:29:52.309603Z
a4f7fe046108d032,FL,e-TeleQuote Insurance,e-TeleQuote Insurance,,"TAMPA, FL, 33625",218,2025-02-03,2025-04-04,,2026-08-31T10:29:52.309603Z
6c8f97a51812953b,FL,Bellwether Beach Resort,Bellwether Beach Resort,,"ST. PETE BEACH, FL, 33706",107,2025-01-27,2024-11-11,,2026-08-31T10:29:52.309603Z
8ac05b78cc40d1b4,FL,"LEGOLAND Florida, Inc",LEGOLAND Florida,,"WINTER HAVEN, FL, 33884",234,2025-01-24,2025-03-25,,2026-08-31T10:29:52.309603Z
f88e190611ba7517,FL,Metropolis Company,Metropolis,,"ORLANDO, FL, 32830",32,2025-01-22,2025-02-19,,2026-08-31T10:29:52.309603Z
f54762406c0f7db6,FL,Metropolis Company,Metropolis,,"LAKE BUENA VISTA, FL, 32830",40,2025-01-22,2025-02-19,,2026-08-31T10:29:52.309603Z
a19baa0d4516c211,FL,Metropolis Company,Metropolis,,"LAKE BUENA VISTA, FL, 32830",23,2025-01-22,2025-02-19,,2026-08-31T10:29:52.309603Z
95ba382d15aefe46,FL,Metropolis Company,Metropolis,,"LAKE BUENA VISTA, FL, 32830",20,2025-01-22,2025-02-19,,2026-08-31T10:29:52.309603Z
0d9740de938a6ba1,FL,Metropolis Company,Metropolis,,"LAKE BUENA VISTA, FL, 32830",25,2025-01-22,2025-02-19,,2026-08-31T10:29:52.309603Z
e1c14f014ed0c99b,FL,NeuroBehavioral Hospitals,NeuroBehavioral Hospitals,,"BOYNTON BEACH, FL, 33426",79,2025-01-14,2025-01-25,,2026-08-31T10:29:52.309603Z
5ca9b342e6b1ad5e,FL,NeuroBehavioral Hospitals,NeuroBehavioral Hospitals,,"WEST PALM BEACH, FL, 33407",95,2025-01-14,2025-01-25,,2026-08-31T10:29:52.309603Z
e48752aeebe02274,FL,"Stryker Employment Company, LLC",Stryker Employment,,"LAKELAND, FL, 33815",22,2025-01-10,2025-03-09,,2026-08-31T10:29:52.309603Z
1c138cb0c6f7cc96,LA,Dr. Reddy’s Laboratories,Dr. Reddy's Laboratories,,"8800 Line Ave Shreveport, LA 71106",107,2025-01-07,2025-03-14,,2026-08-31T10:29:52.309603Z
8f27c0f36988cf29,FL,"Alico, Inc",Alico,,"ARCADIA, FL, 34266",72,2025-01-06,2025-01-06,,2026-08-31T10:29:52.309603Z
249a131b4c20f9b2,FL,"CHG Healthcare Services, Inc.",CHG Healthcare Services,,"BOCA RATON, FL, 33431",8,2025-01-02,2025-03-01,,2026-08-31T10:29:52.309603Z
d113e6358ba4d383,FL,Morrison Healthcare,Morrison Healthcare,,"HIALEAH, FL, 33016",58,2024-12-27,2024-12-15,,2026-08-31T10:29:52.309603Z
cf5da4d397f974e7,FL,Morrison Healthcare,Morrison Healthcare,,"CORAL GABLES, FL, 33134",25,2024-12-27,2024-12-15,,2026-08-31T10:29:52.309603Z
4db042295af33944,FL,Morrison Healthcare,Morrison Healthcare,,"LAUDERDALE LAKES, FL, 33313",33,2024-12-27,2024-12-15,,2026-08-31T10:29:52.309603Z
43f2d32a8fe790b6,FL,Morrison Healthcare,Morrison Healthcare,,"MIAMI, FL, 33150",31,2024-12-27,2024-12-15,,2026-08-31T10:29:52.309603Z
2bb703c93b4434d1,FL,Morrison Healthcare,Morrison Healthcare,,"HIALEAH, FL, 33013",31,2024-12-27,2024-12-15,,2026-08-31T10:29:52.309603Z
6fc23f776b863092,FL,Crothall Healthcare,Crothall Healthcare,,"LAUDERDALE LAKES, FL, 33313",15,2024-12-26,2025-01-13,,2026-08-31T10:29:52.309603Z
e5945db4d8aea52f,FL,"Vimo, Inc. dba",Vimo,,"ALACHUA, FL, 32616",1,2024-12-20,2025-02-19,,2026-08-31T10:29:52.309603Z
e5672027bfa3bf51,FL,"Vimo, Inc. dba",Vimo,,"BROOKSVILLE, FL, 34609",1,2024-12-20,2025-02-19,,2026-08-31T10:29:52.309603Z
e3e338bede9c379c,FL,"Vimo, Inc. dba",Vimo,,"PINELLAS PARK, FL, 33780",1,2024-12-20,2025-02-19,,2026-08-31T10:29:52.309603Z
dd78a5879251ac4d,FL,Crothall Healthcare,Crothall Healthcare,,"HIALEAH, FL, 33106",78,2024-12-20,2024-12-15,,2026-08-31T10:29:52.309603Z
d6ba51d49e78ab81,FL,"Vimo, Inc. dba",Vimo,,"FORT MYERS, FL, 33901",3,2024-12-20,2025-02-19,,2026-08-31T10:29:52.309603Z
d47cf6ce4527f362,FL,"Vimo, Inc. dba",Vimo,,"MIAMI, FL, 33101",3,2024-12-20,2025-02-19,,2026-08-31T10:29:52.309603Z
ca3c2ffc032ae04d,FL,Pfizer,Pfizer,,"TAMPA, FL, 33602",62,2024-12-20,2025-02-24,,2026-08-31T10:29:52.309603Z
c93c483db69b6b3e,FL,"Vimo, Inc. dba,",Vimo,,"HERNANDO, FL, 34442",1,2024-12-20,2025-02-19,,2026-08-31T10:29:52.309603Z
c3a1a4215472db03,FL,"Vimo, Inc. dba",Vimo,,"LEE, FL, 32059",3,2024-12-20,2025-02-19,,2026-08-31T10:29:52.309603Z
be665c678d1cd9e2,FL,"Vimo, Inc. dba",Vimo,,"ORANGE CITY, FL, 32763",4,2024-12-20,2025-02-19,,2026-08-31T10:29:52.309603Z
bd07761c09d9837c,FL,"Vimo, Inc. dba",Vimo,,"NEW PORT RICHEY, FL, 34652",1,2024-12-20,2025-02-19,,2026-08-31T10:29:52.309603Z
a3400331d4c61a63,FL,"Vimo, Inc. dba",Vimo,,"TAMPA, FL, 33592",8,2024-12-20,2025-02-19,,2026-08-31T10:29:52.309603Z
9df610381870b454,FL,Crothall Healthcare,Crothall Healthcare,,"MIAMI, FL, 33150",44,2024-12-20,2024-12-15,,2026-08-31T10:29:52.309603Z
9ab3d30651f5595a,FL,"Vimo, Inc. dba",Vimo,,"JACKSONVILLE, FL, 32247",3,2024-12-20,2025-02-19,,2026-08-31T10:29:52.309603Z
9340b27e501d5bd8,FL,"Vimo, Inc. dba,",Vimo,,"PALM BEACH, FL, 33480",5,2024-12-20,2025-02-19,,2026-08-31T10:29:52.309603Z
90905d1c7025a470,FL,"Vimo, Inc. dba",Vimo,,"MELBOURNE, FL, 32901",1,2024-12-20,2025-02-19,,2026-08-31T10:29:52.309603Z
8f6f96ef0f7990a4,FL,"Vimo, Inc. dba",Vimo,,"FORT LAUDERDALE, FL, 33301",5,2024-12-20,2025-02-19,,2026-08-31T10:29:52.309603Z
8c35ff4e903e682b,FL,Crothall Healthcare,Crothall Healthcare,,"LAUDERDALE LAKES, FL, 33313",36,2024-12-20,2024-12-15,,2026-08-31T10:29:52.309603Z
89e8bd38a970a284,FL,Crothall Healthcare,Crothall Healthcare,,"HIALEAH, FL, 33013",39,2024-12-20,2024-12-15,,2026-08-31T10:29:52.309603Z
61174629db986c60,FL,"Vimo, Inc. dba",Vimo,,"PANAMA CITY, FL, 32401",2,2024-12-20,2025-02-19,,2026-08-31T10:29:52.309603Z
5dc56c1bf371d6a1,FL,"Vimo, Inc. dba",Vimo,,"DAYTONA BEACH, FL, 32114",1,2024-12-20,2025-02-19,,2026-08-31T10:29:52.309603Z
25d13b87a28c6a58,FL,"Vimo, Inc. dba",Vimo,,"POLK CITY, FL, 33801",2,2024-12-20,2025-02-19,,2026-08-31T10:29:52.309603Z
1a85d06ac2fe18fc,FL,Crothall Healthcare,Crothall Healthcare,,"CORAL GABLES, FL, 33134",28,2024-12-20,2024-12-15,,2026-08-31T10:29:52.309603Z
19c4a616dacf3216,FL,"Group 1001 Resources, LLC",Group 1001 Resources,,"MIRAMAR, FL, 33027",51,2024-12-20,2025-03-10,,2026-08-31T10:29:52.309603Z
0732220f58c8028c,FL,Crothall Healthcare,Crothall Healthcare,,"LAUDERDALE LAKES, FL, 33313",15,2024-12-20,2025-01-13,,2026-08-31T10:29:52.309603Z
60f176589ab14718,FL,AT&T,AT&T,,"FLEMING ISLAND, FL, 32003",138,2024-12-17,2025-01-21,,2026-08-31T10:29:52.309603Z
f848d9985bf21029,FL,Bags ( Metropolis Company),Bags ( Metropolis Company),,"LAKE BUENA VISTA, FL, 32830",26,2024-12-13,2025-01-20,,2026-08-31T10:29:52.309603Z
d40de580d4fc24c9,FL,Bags ( Metropolis Company),Bags ( Metropolis Company),,"LAKE BUENA VISTA, FL, 32830",26,2024-12-13,2025-01-20,,2026-08-31T10:29:52.309603Z
d130c1d7ec4935c1,FL,Bags ( Metropolis Company),Bags ( Metropolis Company),,"LAKE BUENA VISTA, FL, 32830",8,2024-12-13,2025-01-20,,2026-08-31T10:29:52.309603Z
ceb35a741e81ba0a,FL,Bags ( Metropolis Company),Bags ( Metropolis Company),,"LAKE BUENA VISTA, FL, 32830",40,2024-12-13,2025-01-20,,2026-08-31T10:29:52.309603Z
bd8be01333c478d6,FL,Bags ( Metropolis Company),Bags ( Metropolis Company),,"LAKE BUENA VISTA, FL, 32830",41,2024-12-13,2025-01-20,,2026-08-31T10:29:52.309603Z
ae2c81adf579d630,FL,Bags ( Metropolis Company),Bags ( Metropolis Company),,"LAKE BUENA VISTA, FL, 32830",25,2024-12-13,2025-01-20,,2026-08-31T10:29:52.309603Z
7de7ffe6e3ba5106,FL,Bags ( Metropolis Company),Bags ( Metropolis Company),,"GOLDEN OAK, FL, 32836",41,2024-12-13,2025-01-20,,2026-08-31T10:29:52.309603Z
4391cd9dff3b108d,FL,Bags ( Metropolis Company),Bags ( Metropolis Company),,"LAKE BUENA VISTA, FL, 32830",8,2024-12-13,2025-01-20,,2026-08-31T10:29:52.309603Z
1a1a3d8c1fb39625,FL,Bags ( Metropolis Company),Bags ( Metropolis Company),,"LAKE BUENA VISTA, FL, 32830",2,2024-12-13,2025-01-20,,2026-08-31T10:29:52.309603Z
146fba86a3222ba3,FL,Bags ( Metropolis Company),Bags ( Metropolis Company),,"LAKE BUENA VISTA, FL, 32830",27,2024-12-13,2025-01-20,,2026-08-31T10:29:52.309603Z
13bbce8b871c5c46,FL,Bags ( Metropolis Company),Bags ( Metropolis Company),,"LAKE BUENA VISTA, FL, 32830",27,2024-12-13,2025-01-20,,2026-08-31T10:29:52.309603Z
ba10085922536234,FL,Resilience Government Services,Resilience Government Services,,"ALACHUA, FL, 32615",105,2024-12-05,2025-02-03,,2026-08-31T10:29:52.309603Z
c62f6224ab6ba5bf,FL,"CHG Healthcare Services, Inc.",CHG Healthcare Services,,"BOCA RATON, FL, 33431",6,2024-12-04,2025-02-01,,2026-08-31T10:29:52.309603Z
79b740255bee8d30,FL,KIRA Government Services,KIRA Government Services,,"JACKSONVILLE, FL, 32212",61,2024-12-02,2025-01-31,,2026-08-31T10:29:52.309603Z
5a753b935e174dce,FL,"CareMax, Inc",CareMax,,"MIAMI, FL, 33126",530,2024-12-02,2025-01-31,,2026-08-31T10:29:52.309603Z
2080c68de81c2f9a,FL,KIRA Government Services,KIRA Government Services,,"JACKSONVILLE, FL, 32228",50,2024-12-02,2025-01-31,,2026-08-31T10:29:52.309603Z
0239e5f2ed412402,FL,CVS Health,CVS Health,,"TAMPA, FL, 33634",53,2024-11-26,2025-01-25,,2026-08-31T10:29:52.309603Z
60fc2e98a48cc09f,FL,Lehigh Regional Medical Center,Lehigh Regional Medical Center,,"LEHIGH ACRES, FL, 33936",294,2024-11-19,2025-01-18,,2026-08-31T10:29:52.309603Z
d63b29e79333e076,FL,BOEING,Boeing,,"TAMPA, FL, 33592",1,2024-11-18,2025-01-17,,2026-08-31T10:29:52.309603Z
d56463fa01f2757b,FL,BOEING,Boeing,,"JACKSONVILLE, FL, 32244",7,2024-11-18,2025-01-17,,2026-08-31T10:29:52.309603Z
d27b028cca499fee,FL,BOEING,Boeing,,"FORT LAUDERDALE, FL, 33309",3,2024-11-18,2025-01-17,,2026-08-31T10:29:52.309603Z
be3890f7575ed135,FL,BOEING,Boeing,,"NICEVILLE, FL, 32580",1,2024-11-18,2025-01-17,,2026-08-31T10:29:52.309603Z
bb9a4f558211b3f6,FL,BOEING,Boeing,,"JACKSONVILLE, FL, 32212",1,2024-11-18,2025-01-17,,2026-08-31T10:29:52.309603Z
b44bf7e252bd7994,FL,BOEING,Boeing,,"MIAMI, FL, 33142",7,2024-11-18,2025-01-17,,2026-08-31T10:29:52.309603Z
a9d474e03e4cd013,FL,BOEING,Boeing,,"DAYTONA BEACH, FL, 32114",1,2024-11-18,2025-01-17,,2026-08-31T10:29:52.309603Z
a765d8634e1771a1,FL,BOEING,Boeing,,"COCOA BEACH, FL, 32932",1,2024-11-18,2025-01-17,,2026-08-31T10:29:52.309603Z
a0dac89eb09cceeb,FL,BOEING,Boeing,,"MERRITT ISLAND, FL, 32899",5,2024-11-18,2025-01-17,,2026-08-31T10:29:52.309603Z
9f39eac937f09565,FL,BOEING,Boeing,,"FORT WALTON BEACH, FL, 32548",7,2024-11-18,2025-01-17,,2026-08-31T10:29:52.309603Z
9ebff170e0724a9b,FL,BOEING,Boeing,,"PANAMA CITY, FL, 32401",1,2024-11-18,2025-01-17,,2026-08-31T10:29:52.309603Z
965b375cb3f2c7d3,FL,BOEING,Boeing,,"CRESTVIEW, FL, 32539",1,2024-11-18,2025-01-17,,2026-08-31T10:29:52.309603Z
8bc46e2536b33fa6,FL,BOEING,Boeing,,"EGLIN AIR FORCE BASE, FL, 32542",3,2024-11-18,2025-01-17,,2026-08-31T10:29:52.309603Z
8b0e5a6f3a84285b,FL,BOEING,Boeing,,"FORT WALTON BEACH, FL, 32548",6,2024-11-18,2025-01-17,,2026-08-31T10:29:52.309603Z
8a0436ef8e59129e,FL,BOEING,Boeing,,"TITUSVILLE, FL, 32780",20,2024-11-18,2025-01-17,,2026-08-31T10:29:52.309603Z
7b672696564cd1ae,FL,BOEING,Boeing,,"MELBOURNE, FL, 32901",1,2024-11-18,2025-01-17,,2026-08-31T10:29:52.309603Z
7983bbd5f9450b11,FL,BOEING,Boeing,,"MERRITT ISLAND, FL, 32889",5,2024-11-18,2025-01-17,,2026-08-31T10:29:52.309603Z
731456568f2fc15b,FL,BOEING,Boeing,,"MIAMI, FL, 33166",5,2024-11-18,2025-01-17,,2026-08-31T10:29:52.309603Z
6eda8d8688dc9ded,FL,BOEING,Boeing,,"FORT WALTON BEACH, FL, 32548",6,2024-11-18,2025-01-17,,2026-08-31T10:29:52.309603Z
66ab0f04b9efae34,FL,Anchor Glass Container Corporation,Anchor Glass Container,,"JACKSONVILLE, FL, 32254",144,2024-11-18,2025-01-17,,2026-08-31T10:29:52.309603Z
648086542ba9e52a,FL,BOEING,Boeing,,"HURLBURT FIELD, FL, 32544",3,2024-11-18,2025-01-17,,2026-08-31T10:29:52.309603Z
63bbb2cd6c0ba73d,FL,BOEING,Boeing,,"MERRITT ISLAND, FL, 32815",5,2024-11-18,2025-01-17,,2026-08-31T10:29:52.309603Z
5aabc9f725badd65,FL,BOEING,Boeing,,"FORT WALTON BEACH, FL, 32548",7,2024-11-18,2025-01-17,,2026-08-31T10:29:52.309603Z
52cca05f77a16da1,FL,BOEING,Boeing,,"JACKSONVILLE, FL, 32221",8,2024-11-18,2025-01-17,,2026-08-31T10:29:52.309603Z
457b1bd993fefdda,FL,BOEING,Boeing,,"ORLANDO, FL, 32826",4,2024-11-18,2025-01-17,,2026-08-31T10:29:52.309603Z
43b279110d1e8245,FL,BOEING,Boeing,,"SAINT PETERSBURG, FL, 33701",3,2024-11-18,2025-01-17,,2026-08-31T10:29:52.309603Z
3e5cd5be28c05bfd,FL,BOEING,Boeing,,"MERRITT ISLAND, FL, 32815",6,2024-11-18,2025-01-17,,2026-08-31T10:29:52.309603Z
307f21efd7475c3e,FL,"NewSouth Window Solutions, LLC",NewSouth Window Solutions,,"TAMPA, FL, 33610",225,2024-11-18,2025-01-18,,2026-08-31T10:29:52.309603Z
2d091d8eb6aa6305,FL,BOEING,Boeing,,"PENSACOLA, FL, 32504",1,2024-11-18,2025-01-17,,2026-08-31T10:29:52.309603Z
259f00ede038d116,FL,BOEING,Boeing,,"MERRITT ISLAND, FL, 32899",5,2024-11-18,2025-01-17,,2026-08-31T10:29:52.309603Z
16e8afe79784ba7d,FL,BOEING,Boeing,,"CAPE CANAVERAL, FL, 32051",1,2024-11-18,2025-01-17,,2026-08-31T10:29:52.309603Z
127feda5d011bb5b,FL,BOEING,Boeing,,"JACKSONVILLE, FL, 32244",8,2024-11-18,2025-01-17,,2026-08-31T10:29:52.309603Z
064d239fb4dbc4ed,FL,BOEING,Boeing,,"JACKSONVILLE, FL, 32221",7,2024-11-18,2025-01-17,,2026-08-31T10:29:52.309603Z
005addee32b73216,FL,BOEING,Boeing,,"STUART, FL, 34957",1,2024-11-18,2025-01-17,,2026-08-31T10:29:52.309603Z
c2ab6f83df2f0518,FL,"Lukka, Inc",Lukka,,"NAPLES, FL, 34108",31,2024-11-15,2024-11-15,,2026-08-31T10:29:52.309603Z
ea6476b6a24685be,FL,"Stryker Employment Company, LLC",Stryker Employment,,"LAKELAND, FL, 33815",12,2024-11-14,2025-01-14,,2026-08-31T10:29:52.309603Z
e2d17c59aa06248d,FL,MCR Health,MCR Health,,"BRADENTON, FL, 34208",1,2024-11-08,2024-11-08,,2026-08-31T10:29:52.309603Z
cf6404348996a077,FL,MCR Health,MCR Health,,"SEMINOLE, FL, 33780",1,2024-11-08,2024-11-08,,2026-08-31T10:29:52.309603Z
c3ad37349c681acd,FL,MCR Health,MCR Health,,"ARCADIA, FL, 34266",5,2024-11-08,2024-11-08,,2026-08-31T10:29:52.309603Z
7cf532eac93cbdb4,FL,MCR Health,MCR Health,,"BRADENTON, FL, 34205",33,2024-11-08,2024-11-08,,2026-08-31T10:29:52.309603Z
03a59a6f7f30e5a0,FL,MCR Health,MCR Health,,"BRADENTON, FL, 34209",7,2024-11-08,2024-11-08,,2026-08-31T10:29:52.309603Z
1b346ed21247c508,FL,Nidec Motor Corporation dba Control,Nidec Motor,Control,"CORAL SPRINGS, FL, 33065",76,2024-11-07,2025-01-07,,2026-08-31T10:29:52.309603Z
11d2f6134b224352,FL,Allied Universal,Allied Universal,,"SUNRISE, FL, 33323",77,2024-11-07,2025-01-09,,2026-08-31T10:29:52.309603Z
bbcfd0862482d5ee,FL,Kimball Electronics,Kimball Electronics,,"TAMPA, FL, 33626",250,2024-11-04,2025-01-05,,2026-08-31T10:29:52.309603Z
16876a1e78687b92,FL,"Dart Industries, Inc",Dart Industries,,"ORLANDO, FL, 32837",145,2024-11-04,2024-12-31,,2026-08-31T10:29:52.309603Z
18abec09030d5da1,FL,ASMO d/b/a Eulen Aviation,ASMO,Eulen Aviation,"MIAMI, FL, 33142",87,2024-11-01,2024-11-30,,2026-08-31T10:29:52.309603Z
9898a29774264f19,FL,"CHG Healthcare Services, Inc.",CHG Healthcare Services,,"BOCA RATON, FL, 33431",7,2024-10-31,2024-12-31,,2026-08-31T10:29:52.309603Z
af404a3cd5021182,FL,AmeriHealth Caritas,AmeriHealth Caritas,,"PALM BEACH GARDENS, FL, 33410",50,2024-10-30,2024-12-31,,2026-08-31T10:29:52.309603Z
868b26fcfcacdf54,FL,"Stryker Employment Company, LLC",Stryker Employment,,"LAKELAND, FL, 33815",6,2024-10-30,2024-12-31,,2026-08-31T10:29:52.309603Z
80ef0263766a4b60,FL,DP Holdings Colorado LLC,DP Holdings Colorado,,"PALATKA, FL, 32177",113,2024-10-16,2024-12-31,,2026-08-31T10:29:52.309603Z
60c708a16f6edfb9,FL,"Gelato Petrini, LLC",Gelato Petrini,,"DELRAY BEACH, FL, 33444",35,2024-10-11,2024-09-20,,2026-08-31T10:29:52.309603Z
f416052e8ba31f76,FL,"Kaleo, Inc",Kaleo,,"BOYNTON BEACH, FL, 33424",1,2024-09-30,2024-11-30,,2026-08-31T10:29:52.309603Z
f3e03c9266b9c184,FL,"Kaleo, Inc",Kaleo,,"WELLINGTON, FL, 33411",2,2024-09-30,2024-11-30,,2026-08-31T10:29:52.309603Z
ca74856bbb4dd587,FL,"Midwest Transport, Inc",Midwest Transport,,"TAMPA, FL, 33605",111,2024-09-30,2024-09-02,,2026-08-31T10:29:52.309603Z
b917fb90f5557c84,FL,"Stryker Employment Company, LLC",Stryker Employment,,"LAKELAND, FL, 32216",6,2024-09-30,2024-11-30,,2026-08-31T10:29:52.309603Z
64f1fca618046f3c,FL,"Midwest Transport, Inc",Midwest Transport,,"JACKSONVILLE, FL, 32254",111,2024-09-30,2024-09-02,,2026-08-31T10:29:52.309603Z
158be96282f0dc7a,FL,"Kaleo, Inc",Kaleo,,"KISSIMMEE, FL, 34741",1,2024-09-30,2024-11-30,,2026-08-31T10:29:52.309603Z
051581b701ab170d,FL,Mayhew Bestway,Mayhew Bestway,,"ORMOND BEACH, FL, 32174",41,2024-09-30,2024-11-29,,2026-08-31T10:29:52.309603Z
5a07bfd770f642f0,FL,Genpact LLC,Genpact,,"JACKSONVILLE, FL, 32216",60,2024-09-26,2024-11-30,,2026-08-31T10:29:52.309603Z
6b8e377502e18552,FL,OBXtek,OBXtek,,"HURLBURT FIELD, FL, 32544",69,2024-09-25,2024-10-20,,2026-08-31T10:29:52.309603Z
d5905edd54903068,FL,"West Fraser, Inc",West Fraser,,"LAKE BUTLER, FL, 32054",131,2024-09-19,2024-11-19,,2026-08-31T10:29:52.309603Z
c083a5b8c94bbe31,FL,"FK Irons, Inc",FK Irons,,"DORAL, FL, 33126",4,2024-09-17,2024-11-18,,2026-08-31T10:29:52.309603Z
4b6a11a85afc90a6,FL,"FK Irons, Inc",FK Irons,,"DORAL, FL, 33126",38,2024-09-17,2024-11-18,,2026-08-31T10:29:52.309603Z
30f7eac2367deabf,FL,Labcorp,Labcorp,,"MELBOURNE, FL, 32901",65,2024-09-16,2024-11-22,,2026-08-31T10:29:52.309603Z
3b5f8e95e9131e6c,FL,"Conn Appliances, Inc",Conn Appliances,,"LAKELAND, FL, 33809",67,2024-09-13,2024-10-31,,2026-08-31T10:29:52.309603Z
45f1788ba205697f,FL,Smurfit Westrock Company,Smurfit Westrock,,"JACKSONVILLE, FL, 32307",2,2024-09-11,2024-10-18,,2026-08-31T10:29:52.309603Z
f8901ebc9539b921,FL,Tervis Tumbler Company,Tervis Tumbler,,"VENICE, FL, 34275",30,2024-09-10,2024-11-11,,2026-08-31T10:29:52.309603Z
d7fbb29c797a3f5d,FL,Tervis Tumbler Company,Tervis Tumbler,,"KEY WEST, FL, 33040",4,2024-09-10,2024-11-11,,2026-08-31T10:29:52.309603Z
c62c3ba3cc6c12b1,FL,Tervis Tumbler Company,Tervis Tumbler,,"ELLENTON, FL, 34222",4,2024-09-10,2024-11-11,,2026-08-31T10:29:52.309603Z
917ccc8cc449265d,FL,Tervis Tumbler Company,Tervis Tumbler,,"PANAMA CITY BEACH, FL, 32413",5,2024-09-10,2024-11-11,,2026-08-31T10:29:52.309603Z
8a3d62df65e797d1,FL,Tervis Tumbler Company,Tervis Tumbler,,"SAINT AUGUSTINE, FL, 32084",4,2024-09-10,2024-11-11,,2026-08-31T10:29:52.309603Z
6c64b0170442956d,FL,Tervis Tumbler Company,Tervis Tumbler,,"OSPREY, FL, 34229",1,2024-09-10,2024-11-11,,2026-08-31T10:29:52.309603Z
c36fe63839fd7259,FL,"Immunity Lost Boys Interactive, LLC",Immunity Lost Boys Interactive,,"ALTAMONTE SPRINGS, FL, 32701",1,2024-09-09,2024-09-09,,2026-08-31T10:29:52.309603Z
6061fa341bec7734,FL,"Immunity Lost Boys Interactive, LLC",Immunity Lost Boys Interactive,,"PALM BAY, FL, 32904",1,2024-09-09,2024-09-09,,2026-08-31T10:29:52.309603Z
55ac0f7c08496bf2,FL,"Immunity Lost Boys Interactive, LLC",Immunity Lost Boys Interactive,,"WINTER PARK, FL, 32789",1,2024-09-09,2024-09-09,,2026-08-31T10:29:52.309603Z
54e462311f371d0f,FL,"CHG Healthcare Services, Inc.",CHG Healthcare Services,,"BOCA RATON, FL, 33431",56,2024-09-09,2024-11-08,,2026-08-31T10:29:52.309603Z
d3a1f0f647257b60,FL,iVox Solutions,iVox Solutions,,"PORT SAINT LUCIE, FL, 34986",109,2024-08-30,2024-10-31,,2026-08-31T10:29:52.309603Z
30807a8a9141f8a3,FL,Immunity Bio,Immunity Bio,,"FORT LAUDERDALE, FL, 33301",1,2024-08-30,2024-10-29,,2026-08-31T10:29:52.309603Z
d4a45d83a301a9f8,FL,Yard-Nique,Yard-Nique,,"KISSIMMEE, FL, 34746",106,2024-08-28,2024-10-31,,2026-08-31T10:29:52.309603Z
beb02d9da9d43d2a,FL,Smurfit Westrock Company,Smurfit Westrock,,"JACKSONVILLE, FL, 32209",2,2024-08-26,2024-10-18,,2026-08-31T10:29:52.309603Z
dfc806a81562ef7a,FL,Leggett & Plat,Leggett & Plat,,"PLANT CITY, FL, 33566",78,2024-08-22,2024-10-21,,2026-08-31T10:29:52.309603Z
5e61815408aa7f1c,FL,"VSP Optical Group, Inc.",VSP Optical Group,,"CLEARWATER, FL, 33760",43,2024-08-14,2024-10-18,,2026-08-31T10:29:52.309603Z
fce97fa723d2f96c,FL,Sodexo,Sodexo,,"LAUDERDALE LAKES, FL, 33311",48,2024-08-12,2024-10-14,,2026-08-31T10:29:52.309603Z
0157688ad947e32f,FL,Sodexo,Sodexo,,"LAUDERDALE LAKES, FL, 33311",18,2024-08-12,2024-10-14,,2026-08-31T10:29:52.309603Z
b3e591df6eb46b87,FL,"Aviara Boats, LLC",Aviara Boats,,"MERRITT ISLAND, FL, 32952",181,2024-08-08,2024-08-08,,2026-08-31T10:29:52.309603Z
8b27c212e8b0a592,FL,W.S. Badcock LLC,W.S. Badcock,,"MULBERRY, FL, 33860",28,2024-08-07,2024-10-07,,2026-08-31T10:29:52.309603Z
f76ac6091416956a,FL,"Lutheran Services Florida, Inc.",Lutheran Services Florida,,"TAMPA, FL, 33614",150,2024-08-01,2024-09-30,,2026-08-31T10:29:52.309603Z
7e2025d3f38a0e63,FL,Volusia Tolling Program,Volusia Tolling Program,,"DAYTONA BEACH SHORES, FL, 32118",126,2024-07-30,2024-09-30,,2026-08-31T10:29:52.309603Z
12204996b163b35d,FL,Winn-Dixie,Winn-Dixie,,"LAKELAND, FL, 33813",48,2024-07-30,2024-07-29,,2026-08-31T10:29:52.309603Z
bc4af5d13f15ae4a,FL,W.S. Badcock LLC,W.S. Badcock,,"MULBERRY, FL, 33860",101,2024-07-24,2024-09-23,,2026-08-31T10:29:52.309603Z
9b452bf1e3577a28,FL,Wells Fargo,Wells Fargo,,"JACKSONVILLE, FL, 32207",74,2024-07-23,2024-07-23,,2026-08-31T10:29:52.309603Z
90ff4f0ea7047cd8,FL,Menzies Aviation,Menzies Aviation,,"MIAMI, FL, 33142",409,2024-07-17,2024-09-16,,2026-08-31T10:29:52.309603Z
545365a51f383784,FL,Pitney Bowes Inc,Pitney Bowes,,"ORLANDO, FL, 32819",1,2024-07-17,2024-09-17,,2026-08-31T10:29:52.309603Z
47a0134489dae1e5,FL,"Costa Delray, LLC",Costa Delray,,"VENUS, FL, 33960",170,2024-07-11,2024-10-11,,2026-08-31T10:29:52.309603Z
c6c223537511ce51,FL,Diagnostic Clinic Medical Group (DCMG),Diagnostic Clinic Medical Group (DCMG),,"LARGO, FL, 33770",155,2024-07-03,2024-09-03,,2026-08-31T10:29:52.309603Z
770d479faa1c6f46,FL,Diagnostic Clinic Medical Group (DCMG),Diagnostic Clinic Medical Group (DCMG),,"SAINT PETERSBURG, FL, 33710",15,2024-07-03,2024-09-03,,2026-08-31T10:29:52.309603Z
16d5e2d731c16600,FL,Diagnostic Clinic Medical Group (DCMG),Diagnostic Clinic Medical Group (DCMG),,"CLEARWATER, FL, 33761",70,2024-07-03,2024-09-03,,2026-08-31T10:29:52.309603Z
1411cd3b9fcc15e8,FL,Diagnostic Clinic Medical Group (DCMG),Diagnostic Clinic Medical Group (DCMG),,"WINTER HAVEN, FL, 33880",5,2024-07-03,2024-09-03,,2026-08-31T10:29:52.309603Z
6736729fe6189d53,FL,HMS HOST,HMS Host,,"SARASOTA, FL, 34243",97,2024-07-02,2024-08-31,,2026-08-31T10:29:52.309603Z
2c622dab21f54da6,FL,WestRock Company,WestRock,,"JACKSONVILLE, FL, 32209",1,2024-07-02,2024-08-30,,2026-08-31T10:29:52.309603Z
e3ecaa4ef71e83e1,FL,"AMA Consulting Group, LLC",AMA Consulting Group,,"PORT SAINT JOE, FL, 34952",1,2024-07-01,2024-07-31,,2026-08-31T10:29:52.309603Z
ded05806c52b71f1,FL,"AMA Consulting Group, LLC",AMA Consulting Group,,"OVIEDO, FL, 32765",1,2024-07-01,2024-07-31,,2026-08-31T10:29:52.309603Z
dc5b42eae29d9b3d,FL,"AMA Consulting Group, LLC",AMA Consulting Group,,"RIVERVIEW, FL, 33579",1,2024-07-01,2024-07-31,,2026-08-31T10:29:52.309603Z
cbddfddeb7caada6,FL,"AMA Consulting Group, LLC",AMA Consulting Group,,"KISSIMMEE, FL, 34741",1,2024-07-01,2024-07-31,,2026-08-31T10:29:52.309603Z
c0959fab87a91f43,FL,"AMA Consulting Group, LLC",AMA Consulting Group,,"TEMPLE TERRACE, FL, 33637",1,2024-07-01,2024-07-31,,2026-08-31T10:29:52.309603Z
b3582b860c98aa18,FL,"AMA Consulting Group, LLC",AMA Consulting Group,,"PENSACOLA, FL, 32503",1,2024-07-01,2024-07-31,,2026-08-31T10:29:52.309603Z
9d7c296fa5ae7f4b,FL,New York Sports Club,New York Sports Club,,"FORT MYERS, FL, 33907",37,2024-07-01,2024-08-31,,2026-08-31T10:29:52.309603Z
8b5278f399a38899,FL,"AMA Consulting Group, LLC",AMA Consulting Group,,"SANFORD, FL, 32773",1,2024-07-01,2024-07-31,,2026-08-31T10:29:52.309603Z
7ed42c117039a0a7,FL,"AMA Consulting Group, LLC",AMA Consulting Group,,"NORTH PORT, FL, 34288",1,2024-07-01,2024-07-31,,2026-08-31T10:29:52.309603Z
6dd228640b624a65,FL,New York Sports Club,New York Sports Club,,"CAPE CORAL, FL, 33991",37,2024-07-01,2024-08-31,,2026-08-31T10:29:52.309603Z
5e7ba7b1fc861375,FL,"AMA Consulting Group, LLC",AMA Consulting Group,,"ORLANDO, FL, 32805",1,2024-07-01,2024-07-31,,2026-08-31T10:29:52.309603Z
5c4c5ad29002acbb,FL,"AMA Consulting Group, LLC",AMA Consulting Group,,"ORLANDO, FL, 32829",1,2024-07-01,2024-07-31,,2026-08-31T10:29:52.309603Z
5ac4c0f68ee002b7,FL,"AMA Consulting Group, LLC",AMA Consulting Group,,"DELTONA, FL, 32738",1,2024-07-01,2024-07-31,,2026-08-31T10:29:52.309603Z
490c44647f3d35fb,FL,"AMA Consulting Group, LLC",AMA Consulting Group,,"PORT ORANGE, FL, 32128",1,2024-07-01,2024-07-31,,2026-08-31T10:29:52.309603Z
3300aa6ceb6d543f,FL,New York Sports Club,New York Sports Club,,"FORT MYERS, FL, 33966",34,2024-07-01,2024-08-31,,2026-08-31T10:29:52.309603Z
0271f67e43f5a809,FL,"AMA Consulting Group, LLC",AMA Consulting Group,,"SANFORD, FL, 32721",1,2024-07-01,2024-07-31,,2026-08-31T10:29:52.309603Z
f5718fcef59f8fdb,FL,"Delta Apparel, Inc",Delta Apparel,,"POMPANO BEACH, FL, 34236",5,2024-06-30,2024-08-29,,2026-08-31T10:29:52.309603Z
f3fe506425694137,FL,"Delta Apparel, Inc.",Delta Apparel,,"JACKSONVILLE, FL, 32250",8,2024-06-30,2024-08-29,,2026-08-31T10:29:52.309603Z
be2e6316bfe63427,FL,"Delta Apparel, Inc.",Delta Apparel,,"MIRAMAR, FL, 32500",6,2024-06-30,2024-08-29,,2026-08-31T10:29:52.309603Z
bd68221f7ad6095c,FL,"Delta Apparel, Inc.,",Delta Apparel,,"PALM BEACH GARDENS, FL, 33410",6,2024-06-30,2024-08-29,,2026-08-31T10:29:52.309603Z
a9c50cf169dd647d,FL,"Delta Apparel, Inc.",Delta Apparel,,"ESTERO, FL, 33928",8,2024-06-30,2024-08-29,,2026-08-31T10:29:52.309603Z
9459d5d7189f3fcf,FL,Delta Apparel. Inc,Delta Apparel,,"FORT LAUDERDALE, FL, 33301",4,2024-06-30,2024-08-29,,2026-08-31T10:29:52.309603Z
8dab284c4b6f8530,FL,"Delta Apparel, Inc.",Delta Apparel,,"HIALEAH, FL, 33013",12,2024-06-30,2024-08-29,,2026-08-31T10:29:52.309603Z
82bcc37021663bdb,FL,Delta Apparel. Inc.,Delta Apparel,,"SAINT AUGUSTINE, FL, 32092",6,2024-06-30,2024-08-29,,2026-08-31T10:29:52.309603Z
77109ec5e65be2c7,FL,"Delta Apparel, Inc.",Delta Apparel,,"ORLANDO, FL, 32809",4,2024-06-30,2024-08-29,,2026-08-31T10:29:52.309603Z
740c7eaa8dd3cd3b,FL,"Delta Apparel, Inc.",Delta Apparel,,"LUTZ, FL, 33559",7,2024-06-30,2024-08-29,,2026-08-31T10:29:52.309603Z
587d6ba736b474c9,FL,"Delta Apparel, Inc.",Delta Apparel,,"DAYTONA BEACH, FL, 32117",6,2024-06-30,2024-08-29,,2026-08-31T10:29:52.309603Z
467b24fefe0a3c23,FL,Delta Apparel. Inc,Delta Apparel,,"JUPITER, FL, 33477",4,2024-06-30,2024-08-29,,2026-08-31T10:29:52.309603Z
3e3148bbeae9cd03,FL,"Delta Apparel, Inc.",Delta Apparel,,"SARASOTA, FL, 34236",9,2024-06-30,2024-08-29,,2026-08-31T10:29:52.309603Z
22e42bfa7753fa5e,FL,"Delta Apparel, Inc.",Delta Apparel,,"KEY WEST, FL, 33040",5,2024-06-30,2024-08-29,,2026-08-31T10:29:52.309603Z
03abd2607ec9995a,FL,"Delta Apparel, Inc",Delta Apparel,,"PEMBROKE PINES, FL, 33027",3,2024-06-30,2024-08-29,,2026-08-31T10:29:52.309603Z
023ec084cab88543,FL,Delta Apparel. Inc,Delta Apparel,,"BOCA RATON, FL, 33432",5,2024-06-30,2024-08-29,,2026-08-31T10:29:52.309603Z
a5e60e6707c7b0f7,FL,"Westgate Marketing, LLC and Westgate Resorts, Inc.","Westgate Marketing, LLC and Westgate Resorts",,"ORLANDO, FL, 32819",357,2024-06-28,2024-08-30,,2026-08-31T10:29:52.309603Z
6f3aca2e165b1dac,FL,"Newrez, LLC",Newrez,,"JACKSONVILLE, FL, 32256",12,2024-06-28,2024-08-26,,2026-08-31T10:29:52.309603Z
acc2d675c30f78ae,FL,"Averitt Express, Inc.",Averitt Express,,"WEST PALM BEACH, FL, 33407",55,2024-06-27,2024-09-01,,2026-08-31T10:29:52.309603Z
7618f863e2d0e6a4,FL,"Sodexo, Inc., and Affiliates","Sodexo, Inc., and Affiliates",,"TAMPA, FL, 33614",62,2024-06-24,2024-07-31,,2026-08-31T10:29:52.309603Z
84ffdb52976458eb,FL,Refresco Beverages US Inc.,Refresco Beverages US,,"DADE CITY, FL, 33523",42,2024-06-03,2024-08-02,,2026-08-31T10:29:52.309603Z
da702302fef6a500,FL,"Columbia Vehicle Group, Inc",Columbia Vehicle Group,,"LEESBURG, FL, 34788",20,2024-05-31,2024-08-02,,2026-08-31T10:29:52.309603Z
c147fb74dd174045,FL,ADT,ADT,,"BOCA RATON, FL, 33431",73,2024-05-31,2024-07-29,,2026-08-31T10:29:52.309603Z
822c073b7e85da66,FL,"Customized Distribution, LLC",Customized Distribution,,"JACKSONVILLE, FL, 32254",107,2024-05-30,2024-07-29,,2026-08-31T10:29:52.309603Z
054f6f77840d20eb,FL,"Republic Services of Florida, LP",Republic Services of Florida,,"SAINT AUGUSTINE, FL, 32095",60,2024-05-28,2024-07-31,,2026-08-31T10:29:52.309603Z
cb3abc1985967321,FL,Fairfield Gourmet Food Corp,Fairfield Gourmet Food,,"LONGWOOD, FL, 32750",137,2024-05-24,2024-07-31,,2026-08-31T10:29:52.309603Z
be0926df39503600,FL,"Sanitas USA, Inc",Sanitas,,"DORAL, FL, 33122",56,2024-05-20,2024-05-17,,2026-08-31T10:29:52.309603Z
25ad77f9bb1d1d94,FL,"Cutrale Citrus Juices USA, Inc.",Cutrale Citrus Juices,,"LEESBURG, FL, 34748",117,2024-05-20,2024-07-31,,2026-08-31T10:29:52.309603Z
56a4561e8db6f1ec,FL,"VSP Optical Group, Inc.",VSP Optical Group,,"CLEAR WATER, FL, 33760",44,2024-05-15,2024-07-18,,2026-08-31T10:29:52.309603Z
59e66adca9d85274,FL,GSP Companies,GSP,,"CORAL SPRINGS, FL, 33065",94,2024-05-06,2024-06-30,,2026-08-31T10:29:52.309603Z
42942d8f847559d8,FL,T-ROC,T-Roc,,"APOPKA, FL, 32703",302,2024-05-03,2024-05-31,,2026-08-31T10:29:52.309603Z
11a6a0a7dea799ae,FL,Newrez LLC,Newrez,,"JACKSONVILLE, FL, 32256",53,2024-05-02,2024-07-01,,2026-08-31T10:29:52.309603Z
8be28038300b7222,FL,"Raven Transport Holding, Inc",Raven Transport Holding,,"JACKSONVILLE, FL, 32256",83,2024-05-01,2024-06-30,,2026-08-31T10:29:52.309603Z
e56fc90bdc62352b,FL,Wyndham Orlando Resort,Wyndham Orlando Resort,,"ORLANDO, FL, 32819",167,2024-04-30,2024-06-29,,2026-08-31T10:29:52.309603Z
b4d61a2e49160c3e,FL,"Medline Industries, LP",Medline Industries,,"CORAL SPRINGS, FL, 33065",59,2024-04-30,2024-07-01,,2026-08-31T10:29:52.309603Z
f49bc6e4f8e22a84,FL,"GCA Educational Services, INC(“ABM”)","GCA Educational Services, INC(""ABM"")",,"AVON PARK, FL, 33825",4,2024-04-26,2024-06-30,,2026-08-31T10:29:52.309603Z
f0f444c6414a4365,FL,"GCA Educational Services, INC(“ABM”)","GCA Educational Services, INC(""ABM"")",,"LAKE PLACID, FL, 33852",8,2024-04-26,2024-06-30,,2026-08-31T10:29:52.309603Z
eaa87bccf95c1d04,FL,"GCA Educational Services, INC(“ABM”)","GCA Educational Services, INC(""ABM"")",,"SEBRING, FL, 33870",5,2024-04-26,2024-06-30,,2026-08-31T10:29:52.309603Z
ea0f17363a6ca73d,FL,"GCA Educational Services, INC(“ABM”)","GCA Educational Services, INC(""ABM"")",,"SEBRING, FL, 33872",6,2024-04-26,2024-06-30,,2026-08-31T10:29:52.309603Z
d47a2c1fa6e8bc41,FL,"GCA Educational Services, INC(“ABM”)","GCA Educational Services, INC(""ABM"")",,"SEBRING, FL, 33870",6,2024-04-26,2024-06-30,,2026-08-31T10:29:52.309603Z
d037e4da53e0b9cc,FL,"GCA Educational Services, INC(“ABM”)","GCA Educational Services, INC(""ABM"")",,"SEBRING, FL, 33870",12,2024-04-26,2024-06-30,,2026-08-31T10:29:52.309603Z
cbb1df2bba78a6f6,FL,"GCA Educational Services, INC(“ABM”)","GCA Educational Services, INC(""ABM"")",,"LAKE PLACID, FL, 33852",6,2024-04-26,2024-06-30,,2026-08-31T10:29:52.309603Z
b3a78fb5549c32e1,FL,"GCA Educational Services, INC(“ABM”)","GCA Educational Services, INC(""ABM"")",,"LAKE PLACID, FL, 33852",6,2024-04-26,2024-06-30,,2026-08-31T10:29:52.309603Z
a5f86155ffccc051,FL,"GCA Educational Services, INC(“ABM”)","GCA Educational Services, INC(""ABM"")",,"AVON PARK, FL, 33825",9,2024-04-26,2024-06-30,,2026-08-31T10:29:52.309603Z
a03fc553680566d9,FL,"GCA Educational Services, INC(“ABM”)","GCA Educational Services, INC(""ABM"")",,"SEBRING, FL, 33870",2,2024-04-26,2024-06-30,,2026-08-31T10:29:52.309603Z
8cbb556b2701a89b,FL,"GCA Educational Services, INC(“ABM”)","GCA Educational Services, INC(""ABM"")",,"SEBRING, FL, 33870",3,2024-04-26,2024-06-30,,2026-08-31T10:29:52.309603Z
7b64c7406d54db93,FL,"GCA Educational Services, INC(“ABM”)","GCA Educational Services, INC(""ABM"")",,"SEBRING, FL, 33870",1,2024-04-26,2024-06-30,,2026-08-31T10:29:52.309603Z
73f7b142b847c790,FL,"GCA Educational Services, INC(“ABM”)","GCA Educational Services, INC(""ABM"")",,"SEBRING, FL, 33870",5,2024-04-26,2024-06-30,,2026-08-31T10:29:52.309603Z
6d239a22442690a6,FL,"GCA Educational Services, INC(“ABM”)","GCA Educational Services, INC(""ABM"")",,"SEBRING, FL, 33870",6,2024-04-26,2024-06-30,,2026-08-31T10:29:52.309603Z
6a2b43bd449eb523,FL,"GCA Educational Services, INC(“ABM”)","GCA Educational Services, INC(""ABM"")",,"LAKE PLACID, FL, 33852",5,2024-04-26,2024-06-30,,2026-08-31T10:29:52.309603Z
5e688519fbdae432,FL,"GCA Educational Services, INC(“ABM”)","GCA Educational Services, INC(""ABM"")",,"SEBRING, FL, 33872",5,2024-04-26,2024-06-30,,2026-08-31T10:29:52.309603Z
4a09df319150e346,FL,"GCA Educational Services, INC(“ABM”)","GCA Educational Services, INC(""ABM"")",,"AVON PARK, FL, 33825",5,2024-04-26,2024-06-30,,2026-08-31T10:29:52.309603Z
440856310d73a336,FL,"GCA Educational Services, INC(“ABM”)","GCA Educational Services, INC(""ABM"")",,"AVON PARK, FL, 33825",4,2024-04-26,2024-06-30,,2026-08-31T10:29:52.309603Z
107ec302beb570a1,FL,"GCA Educational Services, INC(“ABM”)","GCA Educational Services, INC(""ABM"")",,"SEBRING, FL, 33870",1,2024-04-26,2024-06-30,,2026-08-31T10:29:52.309603Z
053896c58cfe0cd6,FL,"GCA Educational Services, INC(“ABM”)","GCA Educational Services, INC(""ABM"")",,"AVON PARK, FL, 33825",7,2024-04-26,2024-06-30,,2026-08-31T10:29:52.309603Z
ab741cb115f86b76,FL,Fernlea Flowers Ltd.,Fernlea Flowers,,"PALM CITY, FL, 34990",31,2024-04-23,2024-06-20,,2026-08-31T10:29:52.309603Z
4d4d637bd654a177,FL,Fernlea Flowers Ltd.,Fernlea Flowers,,"STUART, FL, 34497",31,2024-04-23,2024-06-20,,2026-08-31T10:29:52.309603Z
e97d4e0d4763e8b7,FL,FedEX,FedEX,,"FORT MYERS, FL, 33966",64,2024-04-17,2024-07-29,,2026-08-31T10:29:52.309603Z
a3b6624e281d79f2,FL,FedEX,FedEX,,"PUNTA GORDA, FL, 33892",76,2024-04-17,2024-07-29,,2026-08-31T10:29:52.309603Z
3d57648f08e2ac4b,FL,FedEX,FedEX,,"NAPLES, FL, 34410",48,2024-04-17,2024-07-29,,2026-08-31T10:29:52.309603Z
2a44797697564762,FL,FedEX,FedEX,,"NAPLES, FL, 34104",32,2024-04-17,2024-07-29,,2026-08-31T10:29:52.309603Z
990267a9e923c205,FL,"Beekman 1082, Inc.",Beekman 1082,,"ORLANDO, FL, 32809",72,2024-04-15,2024-06-14,,2026-08-31T10:29:52.309603Z
ae077a5a4c1d0a02,FL,Block INC,Block,,"PONTE VEDRA BEACH, FL, 32082",1,2024-04-03,2024-04-02,,2026-08-31T10:29:52.309603Z
909b0ec01836416d,FL,Volta Charging Industries,Volta Charging Industries,,"COOPER CITY, FL, 33024",1,2024-04-01,2024-05-31,,2026-08-31T10:29:52.309603Z
554d3fd237dbf640,FL,Volta Charging Industries,Volta Charging Industries,,"MIAMI, FL, 33109",1,2024-04-01,2024-05-31,,2026-08-31T10:29:52.309603Z
28e9bbd42ee2aac5,FL,Volta Charging Industries,Volta Charging Industries,,"JACKSONVILLE BEACH, FL, 32250",1,2024-04-01,2024-05-31,,2026-08-31T10:29:52.309603Z
e08b89f4f4207b07,FL,Varis,Varis,,"BOCA RATON, FL, 33496",75,2024-03-27,2024-03-27,,2026-08-31T10:29:52.309603Z
8b44dc7fd1ffc61e,FL,"Stryker Employment Company, LLC",Stryker Employment,,"LAKELAND, FL, 33815",1,2024-03-27,2024-05-31,,2026-08-31T10:29:52.309603Z
00c4b8222947cb2a,FL,Student Transportation of America,Student Transportation of America,,"JACKSONVILLE, FL, 32225",225,2024-03-27,2024-05-30,,2026-08-31T10:29:52.309603Z
a537ad01f648ddec,FL,Kroger Fulfillment Network LLC,Kroger Fulfillment Network,,"OPA LOCKA, FL, 33054",109,2024-03-26,2024-05-25,,2026-08-31T10:29:52.309603Z
834ef896f9b77161,FL,"Bionano Genomics, INC LLC",Bionano Genomics,,"GAINESVILLE, FL, 32604",1,2024-03-25,2024-05-24,,2026-08-31T10:29:52.309603Z
cbaeabc9588a33ba,FL,Seagate,Seagate,,"DELRAY BEACH, FL, 33483",30,2024-03-18,2024-05-20,,2026-08-31T10:29:52.309603Z
4f849b654945ef09,FL,Seagate,Seagate,,"DELRAY BEACH, FL, 33483",39,2024-03-18,2024-05-20,,2026-08-31T10:29:52.309603Z
5f21b6a75060cc33,FL,Walgreen Co.,Walgreen,,"ORLANDO, FL, 32809",324,2024-03-14,2024-05-17,,2026-08-31T10:29:52.309603Z
2f62d8e7bbf29fc2,FL,Jacobs,Jacobs,,"TAMPA, FL, 33621",536,2024-03-07,2024-03-01,,2026-08-31T10:29:52.309603Z
e50606c991398f6e,FL,ADT Solar,ADT Solar,,"FORT LAUDERDALE, FL, 33309",45,2024-03-06,2024-02-23,,2026-08-31T10:29:52.309603Z
5073da41d3e6b6d3,FL,MV Transportation,MV Transportation,,"WEST PALM BEACH, FL, 33407",187,2024-03-01,2024-04-30,,2026-08-31T10:29:52.309603Z
24f9a0f142f78f05,FL,MV Transportation,MV Transportation,,"SOUTH BAY, FL, 33493",31,2024-03-01,2024-04-30,,2026-08-31T10:29:52.309603Z
b8723a234fa41d95,FL,"Anuvu Operations, LLC’s Maritime, Energy and Government business","Anuvu Operations, LLC's Maritime, Energy and Government business",,"MIRAMAR, FL, 33025",135,2024-02-22,2024-04-20,,2026-08-31T10:29:52.309603Z
7036d5824b9534bf,FL,OBXtek,OBXtek,,"HURLBURT FIELD, FL, 32544",57,2024-02-20,2024-04-21,,2026-08-31T10:29:52.309603Z
3605a042fb0fbc17,FL,"American Queen Steamboat Operating Company, LLC",American Queen Steamboat Operating,,"FORT LAUDERDALE, FL, 33308",64,2024-02-20,2024-02-20,,2026-08-31T10:29:52.309603Z
a33dfba7ba3d05a6,FL,LATAM Global Security Services,LATAM Global Security Services,,"MIAMI, FL, 33142",166,2024-02-19,2024-04-14,,2026-08-31T10:29:52.309603Z
bf33618fab102109,FL,Alto Operations Florida LLC,Alto Operations Florida,,"MIAMI, FL, 33142",121,2024-02-12,2024-04-12,,2026-08-31T10:29:52.309603Z
ae3c2d8ec041d16d,FL,"New vison Pharmaceuticals, LLC (NVP)","New vison Pharmaceuticals, LLC (NVP)",,"TAMARAC, FL, 33321",88,2024-02-12,2024-02-09,,2026-08-31T10:29:52.309603Z
a2cbed187944c889,FL,Orlando Sanford International Airport,Orlando Sanford International Airport,,"SANFORD, FL, 32773",6,2024-02-12,2024-02-15,,2026-08-31T10:29:52.309603Z
54265eb9b5e6f2db,FL,"TBI US Operations, Inc.",TBI US Operations,,"SANFORD, FL, 32773",3,2024-02-12,2024-02-15,,2026-08-31T10:29:52.309603Z
b015f8daae3e0d54,FL,"Fence Outlet MDC, LLC",Fence Outlet MDC,,"LAKE WALES, FL, 33859",69,2024-02-09,2024-03-31,,2026-08-31T10:29:52.309603Z
6f5062579dd22add,FL,Coca Cola Company,Coca Cola,,"DUNEDIN, FL, 34698",198,2024-02-06,2024-04-06,,2026-08-31T10:29:52.309603Z
c81b526c1a68f940,FL,"BioDerm, Inc",BioDerm,,"LARGO, FL, 33773",50,2024-02-05,2024-04-06,,2026-08-31T10:29:52.309603Z
10c26a06bec888ed,FL,"Corsair Gaming, Inc.",Corsair Gaming,,"MIAMI, FL, 33186",55,2024-02-01,2024-04-02,,2026-08-31T10:29:52.309603Z
aeceddda5fde7a5c,FL,Los Angeles Times Communications LLC,Los Angeles Times Communications,,"MIAMI, FL, 33130",1,2024-01-23,2024-03-25,,2026-08-31T10:29:52.309603Z
5e1b455a7580c85c,FL,"Fathom Manufacturing, LLC",Fathom Manufacturing,,"MIAMI LAKES, FL, 33014",54,2024-01-23,2024-03-24,,2026-08-31T10:29:52.309603Z
fa5e2d1a82517f3a,FL,"Lost Boys Interactive, LLC",Lost Boys Interactive,,"MOUNT DORA, FL, 32756",1,2024-01-12,2024-03-15,,2026-08-31T10:29:52.309603Z
f5e723e875dd23ea,FL,"Lost Boys Interactive, LLC",Lost Boys Interactive,,"CAPE CORAL, FL, 33903",1,2024-01-12,2024-03-15,,2026-08-31T10:29:52.309603Z
ccd4868edd726e4c,FL,"Lost Boys Interactive, LLC",Lost Boys Interactive,,"ORLANDO, FL, 32789",2,2024-01-12,2024-03-15,,2026-08-31T10:29:52.309603Z
a5fa6b7318c3d5ab,FL,"Lost Boys Interactive, LLC",Lost Boys Interactive,,"PANAMA CITY, FL, 32401",1,2024-01-12,2024-03-15,,2026-08-31T10:29:52.309603Z
0befb9fed9f48fd8,FL,"Lost Boys Interactive, LLC",Lost Boys Interactive,,"DELTONA, FL, 32725",1,2024-01-12,2024-03-15,,2026-08-31T10:29:52.309603Z
e0fefd630919ad14,FL,"Fanatics, LLC",Fanatics,,"JACKSONVILLE, FL, 32254",218,2024-01-11,2024-04-01,,2026-08-31T10:29:52.309603Z
ac90acb108651a89,FL,"G2 Secure Staff, LLC",G2 Secure Staff,,"MIAMI, FL, 33126",130,2024-01-10,2024-03-04,,2026-08-31T10:29:52.309603Z
022c49c3f5a68db4,FL,"West Fraser, Inc.",West Fraser,,"JACKSONVILLE, FL, 32234",79,2024-01-09,2024-03-19,,2026-08-31T10:29:52.309603Z
e9db852812937edd,FL,GDI Services,GDI Services,,"LAKELAND, FL, 33811",49,2024-01-05,2024-03-05,,2026-08-31T10:29:52.309603Z
cf5cc19668c8f256,FL,GDI Services,GDI Services,,"ORLANDO, FL, 32824",106,2024-01-05,2024-03-05,,2026-08-31T10:29:52.309603Z
7a2b5407fe718eb4,FL,GDI Services,GDI Services,,"OPA LOCKA, FL, 33054",99,2024-01-05,2024-03-05,,2026-08-31T10:29:52.309603Z
69a167c564369efd,FL,GDI Services,GDI Services,,"AUBURNDALE, FL, 33823",38,2024-01-05,2024-03-05,,2026-08-31T10:29:52.309603Z
3bf0b84ed8862d16,FL,GDI Services,GDI Services,,"DELTONA, FL, 32725",45,2024-01-05,2024-03-05,,2026-08-31T10:29:52.309603Z
27c992654939caa7,FL,GDI Services,GDI Services,,"RUSKIN, FL, 33570",101,2024-01-05,2024-03-05,,2026-08-31T10:29:52.309603Z
460349e3435762a1,FL,Percepta,Percepta,,"MELBOURNE, FL, 32901",98,2024-01-03,2024-03-29,,2026-08-31T10:29:52.309603Z
8878cd8c70c68f69,NM,Conduent,Conduent,,"Albuquerque, Bernalillo",11,2026-06-29,,,2026-08-31T09:31:50.752671Z
922a55947ada4ea6,NM,"Atkore HDPE, LLC",Atkore HDPE,,"Albuquerque, Bernalillo",51,2026-04-27,2026-06-30,,2026-08-31T09:31:50.752671Z
211fd33b8e48447a,NM,CyraCom International Inc,CyraCom International,,"Las Cruces, Doña Ana",85,2025-09-04,2025-09-30,,2026-08-31T09:31:50.752671Z
db90b5941ab853e5,NM,ECS,ECS,,"Albuquerque, Bernalillo",140,2025-07-24,2025-09-30,,2026-08-31T09:31:50.752671Z
ca70d3d3a96b3495,NM,Intel,Intel,,"Rio Rancho, Sandoval",227,2025-07-16,,,2026-08-31T09:31:50.752671Z
55d336d9eebf08b8,NM,"The GEO Group, Inc.",GEO Group,,"Hobbs, Lea",203,2025-05-01,2025-06-30,,2026-08-31T09:31:50.752671Z
31e2e3c36cd0b461,NM,"U.S. Cotton, LLC",U.S. Cotton,,"Rio Rancho, Sandoval",175,2024-09-04,2025-08-31,,2026-08-31T09:31:50.752671Z
5d8b239a4a0a416a,NM,Hallcon Corporation,Hallcon,,"Clovis, Curry",118,2024-08-30,2024-10-31,,2026-08-31T09:31:50.752671Z
6048e6cafe0bbb15,NM,St. James Hotel and UU Bar Ranch,St. James Hotel and UU Bar Ranch,,"Cimarron, Colfax",58,2024-08-29,2024-10-31,,2026-08-31T09:31:50.752671Z
2d79e6db98b0a768,NM,Jabil Inc.,Jabil,,"Albuquerque, Bernalillo",130,2024-07-15,2024-09-13,,2026-08-31T09:31:50.752671Z
1cabbaeb200254bd,NM,CTI,CTI,,"Alamogordo, Otero",68,2024-01-31,2023-10-24,,2026-08-31T09:31:50.752671Z
6606c76fb3c61f40,NM,BIMBO Bakeries,BIMBO Bakeries,,"Albuquerque, Bernalillo",123,2024-01-16,2024-04-16,,2026-08-31T09:31:50.752671Z
cc4067816cbf20a9,CO,Mission Foods,Mission Foods,,Pueblo (Rural Alliance),90,2026-08-14,2026-10-13,Closure,2026-08-31T07:22:39.223872Z
e40b38714f86bb8f,CO,Battelle,Battelle,,Pueblo,1,2026-08-13,2026-10-12,PCAPP Milestone Project Completions,2026-08-31T07:22:39.223872Z
abc12cbe7b3c8645,CO,Battelle,Battelle,,Pueblo,12,2026-08-06,2026-10-05,PCAPP Milestone Project Completions,2026-08-31T07:22:39.223872Z
fea46ca457d86842,CO,NR ParentCO dba Native Roots,NR ParentCO,Native Roots,Denver,141,2026-08-03,2026-10-02,Closure,2026-08-31T07:22:39.223872Z
00ec8de2c75749df,CO,80 Acres Urban Agriculture dba 80 Acres Farms,80 Acres Urban Agriculture,80 Acres Farms,Denver/Adams,60,2026-08-03,2026-08-03,Closure,2026-08-31T07:22:39.223872Z
891807445dbdf2a6,CO,TIAA,TIAA,,Denver,20,2026-07-31,2026-10-01,Closure,2026-08-31T07:22:39.223872Z
7db9f9010226d643,CO,Tlingt Haida,Tlingt Haida,,Pikes Peak/El Paso,295,2026-07-29,2026-09-28,Expiration of Contract,2026-08-31T07:22:39.223872Z
d75985d99fe7b09c,CO,Public Storage Correction to 7/22/26 WARN,Public Storage Correction to 7/22/26 WARN,,Arapahoe/Douglas,68,2026-07-24,2026-07-22,Mass Layoff,2026-08-31T07:22:39.223872Z
24236ca25551ea7d,CO,Public Storage,Public Storage,,Arapahoe/Douglas,107,2026-07-22,2026-07-22,Mass Layoff,2026-08-31T07:22:39.223872Z
592b21a791e0781c,CO,Travelport LP,Travelport,,Denver,48,2026-07-21,2026-07-22,Mass Layoff,2026-08-31T07:22:39.223872Z
825a9aaadcc9acef,CO,EPTAM West LLC dba EPTAM Metals,EPTAM West,EPTAM Metals,Pikes Peak,52,2026-07-20,2026-03-16,Closure,2026-08-31T07:22:39.223872Z
3c77a51825107da5,CO,The Cannabist Company,Cannabist,,Denver,50,2026-07-14,2026-09-11,Closure,2026-08-31T07:22:39.223872Z
6f0a2cad6e99c9dd,CO,PetVet Operating,PetVet Operating,,Larimer,8,2026-07-10,2026-09-08,Closure,2026-08-31T07:22:39.223872Z
79c244a695def5e4,CO,Battelle,Battelle,,Rural Alliance: Pueblo,18,2026-07-09,2026-09-08,PCAPP Milestone Project Completions,2026-08-31T07:22:39.223872Z
feb8d6481bbd5240,CO,Conduent,Conduent,,Remote Employees,5,2026-06-26,2026-07-31,Change in business needs,2026-08-31T07:22:39.223872Z
b341f7894bd56ff0,CO,Battelle,Battelle,,Pueblo,1,2026-06-11,2026-08-10,PCAPP Milestone Project Completions,2026-08-31T07:22:39.223872Z
0b963c66491fede6,CO,Paragon Space Development Corp,Paragon Space Development,,Jeffco (Tri-County),15,2026-06-11,2026-06-11,Mass layoff in connection with contract loss,2026-08-31T07:22:39.223872Z
bfeb35f15fc234aa,CO,CAE,CAE,,Pueblo,58,2026-06-01,2026-08-03,Closure,2026-08-31T07:22:39.223872Z
e0277896cffff52d,CO,Accel,Accel,,Pikes Peak/El Paso,246,2026-04-30,2026-06-30,Banning Lewis Prepatory Academy terminating relationship with Accel,2026-08-31T07:22:39.223872Z
8b784f1a75b7adc9,CO,Aurora Mental Health & Recovery,Aurora Mental Health & Recovery,,A/D Works (Arapahoe),91,2026-04-30,2026-06-30,Mass Layoff,2026-08-31T07:22:39.223872Z
1dfd4770705bfafe,CO,Battelle,Battelle,,"Rural Alliance, Pueblo",10,2026-04-30,2026-06-29,PCAPP Milestone Project Completions,2026-08-31T07:22:39.223872Z
3c0b7455c786e291,CO,TIAA - Update,TIAA - Update,,"Denver, RC",110,2026-04-29,2026-07-01,Mass Layoff,2026-08-31T07:22:39.223872Z
19ddc5e79e736095,CO,Battelle,Battelle,,Rural Alliance: Pueblo,5,2026-04-23,2026-06-22,Completion of Contractual Milestone,2026-08-31T07:22:39.223872Z
bc3dfa5f087698d5,CO,Republic National Distributing Company LLC (RNDC),Republic National Distributing Company LLC (RNDC),,ADW (Littleton),320,2026-04-22,2026-06-21,Selling assets in CO and other states,2026-08-31T07:22:39.223872Z
f93c199d7ef23e91,CO,PNC Bank NA,PNC Bank,,Jeffco (Tri-County),777,2026-04-17,2026-06-30,Consolidating operations into single organization,2026-08-31T07:22:39.223872Z
982e1bd895da14d4,CO,Tendit Group LLC,Tendit Group,,"Denver, ADW, Larimer",143,2026-04-13,2026-04-15,Closure,2026-08-31T07:22:39.223872Z
1ab935c2f7a63dd5,CO,T-Mobile,T-Mobile,,Denver,51,2026-04-10,2026-06-08,Business Sales Care no longer operating at the facility. Not a closure.,2026-08-31T07:22:39.223872Z
afe41a5e37ca1103,CO,Battelle,Battelle,,Pueblo,21,2026-04-09,2026-06-08,Project Milestone Completion,2026-08-31T07:22:39.223872Z
3c8faf428449c6ef,CO,Eagle Rock Distribution,Eagle Rock Distribution,,"Various: Adams/Denver, Larimer, Mesa Pikes Peak & Rural Alliance",514,2026-04-03,2026-06-05,Shutdown operations,2026-08-31T07:22:39.223872Z
f64e639930331de9,CO,"T&H/KIRA: KIRA Infrastructure, KIRA Integrated Solutions, T&H Solutions, T&H Services, KIRA Aviation","T&H/KIRA: KIRA Infrastructure, KIRA Integrated Solutions, T&H Solutions, T&H Services, KIRA Aviation",,Pikes Peak,286,2026-04-01,2026-05-31,Contract ending if not renewed,2026-08-31T07:22:39.223872Z
a9030db79382f52d,CO,PharmaCann Inc.,PharmaCann,,Denver,132,2026-03-20,2026-05-20,Not Specified,2026-08-31T07:22:39.223872Z
1ac3b718754c8060,CO,Block,Block,,Remote Employees,61,2026-02-26,2026-04-28,Not Specified,2026-08-31T07:22:39.223872Z
16649705791b7e3d,CO,Batelle,Batelle,,Pueblo,11,2026-02-26,2026-04-27,Project Milestone Completion,2026-08-31T07:22:39.223872Z
7d015edc1a65f802,CO,EPTAM West LLC dba Precision Metals,EPTAM West,Precision Metals,Pikes Peak,134,2026-01-15,2026-03-16,Closure,2026-08-31T07:22:39.223872Z
3cac67d6551d1c02,CO,Battelle,Battelle,,Pueblo,1,2026-01-15,2026-03-16,Projec Milestone Completion,2026-08-31T07:22:39.223872Z
deb1b82f8fc8d2b2,CO,Tessera Therapeutics,Tessera Therapeutics,,Rural Alliance,90,2026-01-06,2026-03-08,Not Specified,2026-08-31T07:22:39.223872Z
68c266b094debdc4,CO,Alan Ritchey,Alan Ritchey,,Adams,729,2026-01-06,2026-02-28,Closure,2026-08-31T07:22:39.223872Z
4d0fd7459eb646a9,CO,TIAA,TIAA,,"Denver, RC",101,2026-01-02,2026-03-03,Not Specified,2026-08-31T07:22:39.223872Z
fdc02ef0c51cc2e3,CO,Nordstrom Credit Bank,Nordstrom Credit Bank,,Arapahoe/Douglas,48,2025-12-30,2026-03-01,Transfer to TD Bank,2026-08-31T07:22:39.223872Z
1125f4a23a5712a7,CO,KIRA Training,KIRA Training,,Pikes Peak,118,2025-12-29,2026-02-28,Contract Ending/RIF,2026-08-31T07:22:39.223872Z
008516e246f7ee47,CO,Amentum (Update),Amentum (Update),,Pueblo,,2025-12-04,2026-01-26,Project milestone completion,2026-08-31T07:22:39.223872Z
81d8f268996b3571,CO,Heibar Installation Inc.,Heibar Installation,,Denver,74,2025-12-02,2026-01-30,Reduction in Force,2026-08-31T07:22:39.223872Z
f5d83c21a7f8bdcf,CO,Nordstrom Credit Bank,Nordstrom Credit Bank,,Arapahoe/Douglas,14,2025-11-20,2026-02-01,Reduction in Force,2026-08-31T07:22:39.223872Z
fe7ff695d28e70c5,CO,ColoWyo Coal Company LP (UPDATE),ColoWyo Coal Company LP (UPDATE),,Rural Consortium,133,2025-11-18,2026-01-05,Closure,2026-08-31T07:22:39.223872Z
df2ad84b27f395c2,CO,Nordstrom Credit Bank,Nordstrom Credit Bank,,Arapahoe/Douglas,59,2025-11-17,2026-02-21,Reduction in Force,2026-08-31T07:22:39.223872Z
019472c7e35de36b,CO,Smokin Bear LLC,Smokin Bear,,Denver,125,2025-11-14,2026-01-13,Remodeling,2026-08-31T07:22:39.223872Z
98d69870b8cf38ed,CO,ColoWyo Coal Company LP,ColoWyo Coal,,Rural Consortium,133,2025-11-04,2026-01-06,Closure,2026-08-31T07:22:39.223872Z
d993f62af08d94f5,CO,American Medical Response,American Medical Response,,Boulder,87,2025-10-31,2025-12-31,Closure,2026-08-31T07:22:39.223872Z
dfeb02f6f7921d1d,CO,Battelle,Battelle,,Pueblo,9,2025-10-30,2025-12-29,Project milestone completion,2026-08-31T07:22:39.223872Z
2c4609ad9d28b9a0,CO,Salvation Army (updated),Salvation Army (updated),,Denver,135,2025-10-29,2025-12-31,Closure,2026-08-31T07:22:39.223872Z
efb142befb7945b1,CO,Newmont (Update/Phase 3),Newmont (Update/Phase 3),,Denver,65,2025-10-15,2025-12-14,Reduction in Force,2026-08-31T07:22:39.223872Z
6432d99cb3aebc33,CO,Comcast,Comcast,,Arapahoe/Douglas,302,2025-10-15,2025-12-31,Closure,2026-08-31T07:22:39.223872Z
e830f72fc8c1fd14,CO,TIAA,TIAA,,Denver,31,2025-10-02,2025-12-01,Closure,2026-08-31T07:22:39.223872Z
cd155719f457ec15,CO,Amentum,Amentum,,Pueblo,10,2025-10-01,2025-12-01,Project milestone completion,2026-08-31T07:22:39.223872Z
31cd923bc5a844d0,CO,Newmont,Newmont,,Denver,23,2025-10-01,2025-11-30,RIF,2026-08-31T07:22:39.223872Z
be6993d11d603432,CO,ACG Biologics,ACG Biologics,,Boulder,267,2025-09-16,2025-11-15,Closure (Restructuring),2026-08-31T07:22:39.223872Z
f6aecd6e9aa89444,CO,Safeway Inc. Store 0017,Safeway Inc. Store 0017,,Arapahoe/Douglas,62,2025-09-09,2025-11-07,Closure,2026-08-31T07:22:39.223872Z
dc6861503b73e5bc,CO,Safeway Inc. Store 0137,Safeway Inc. Store 0137,,Arapahoe/Douglas,61,2025-09-09,2025-11-07,Closure,2026-08-31T07:22:39.223872Z
d287564b45a1a92f,CO,Safeway Inc. Store 2915,Safeway Inc. Store 2915,,Larimer,50,2025-09-09,2025-11-07,Closure,2026-08-31T07:22:39.223872Z
bbaac3991239456b,CO,Safeway Inc. Store 1038,Safeway Inc. Store 1038,,Denver,65,2025-09-09,2025-11-07,Closure,2026-08-31T07:22:39.223872Z
b4f28f4b1db14898,CO,Safeway Inc. Store 0881,Safeway Inc. Store 0881,,Adams,64,2025-09-09,2025-11-07,Closure,2026-08-31T07:22:39.223872Z
823c7d972e693ed1,CO,Safeway Inc. Store 3723,Safeway Inc. Store 3723,,Rural Consortium,60,2025-09-09,2025-11-07,Closure,2026-08-31T07:22:39.223872Z
76b37b9535f23189,CO,Safeway Inc. Store 1721,Safeway Inc. Store 1721,,Rural Consortium,53,2025-09-09,2025-11-07,Closure,2026-08-31T07:22:39.223872Z
6f0f01c2e9557315,CO,Safeway Inc. Store 0862,Safeway Inc. Store 0862,,Larimer,54,2025-09-09,2025-11-07,Closure,2026-08-31T07:22:39.223872Z
627e879f55ca8241,CO,Safeway Inc. Store 0835,Safeway Inc. Store 0835,,Pikes Peak,63,2025-09-09,2025-11-07,Closure,2026-08-31T07:22:39.223872Z
23ab87037b2d7edd,CO,Safeway Inc. Store 1792,Safeway Inc. Store 1792,,Pikes Peak,85,2025-09-09,2025-11-07,Closure,2026-08-31T07:22:39.223872Z
7c9446164c199343,CO,Banner Health,Banner Health,,Larimer,351,2025-09-04,2025-11-05,Not Stated,2026-08-31T07:22:39.223872Z
d3d930e8281170a5,CO,TeKnowledge OPS USA,TeKnowledge OPS,,Pikes Peak,324,2025-08-29,2025-10-30,Changing Conditions,2026-08-31T07:22:39.223872Z
784ee2f0eb9abc83,CO,Newmont,Newmont,,Denver/Arapahoe Douglas,19,2025-08-28,2025-10-28,Reduction in Force,2026-08-31T07:22:39.223872Z
f160775e4430675f,CO,Amentum,Amentum,,Pueblo,60,2025-08-25,2025-10-31,Project milestone completion,2026-08-31T07:22:39.223872Z
891dc37bea1435d9,CO,Battelle,Battelle,,Pueblo,3,2025-08-25,2025-10-24,Project milestone completion,2026-08-31T07:22:39.223872Z
2f00b195892747a4,CO,Nordstrom Credit Bank,Nordstrom Credit Bank,,Arapahoe/Douglas,28,2025-08-22,2025-11-15,Reduction in Force,2026-08-31T07:22:39.223872Z
4c892b423f01fddc,CO,Block Inc.,Block,,Remote Workers,2,2025-08-12,2025-10-13,Reduction in Force,2026-08-31T07:22:39.223872Z
cb4b39d2bd6988ce,CO,Battelle,Battelle,,Pueblo,14,2025-08-11,,Closure,2026-08-31T07:22:39.223872Z
dc134bdc489520a7,CO,TIAA (Update),TIAA (Update),,"Denver, Broomfield",66,2025-08-01,2025-10-01,Reduction in Force,2026-08-31T07:22:39.223872Z
3107785dd9f54df2,CO,Amentum,Amentum,,Pueblo,55,2025-07-30,2025-10-31,Related to milestone completion,2026-08-31T07:22:39.223872Z
caa14af080bc6044,CO,Nordstrom,Nordstrom,,Araphaoe/Douglas,43,2025-07-29,2025-10-18,Close operation transition to TD Bank,2026-08-31T07:22:39.223872Z
f4a0e3451647755d,CO,Battelle,Battelle,,Pueblo,7,2025-07-14,2025-09-12,Closure/cease operations,2026-08-31T07:22:39.223872Z
78542399b2409006,CO,OneTouch,OneTouch,,Denver,70,2025-07-10,2025-07-10,Closure,2026-08-31T07:22:39.223872Z
1e6da4b394dd91ec,CO,QualityBuilt,QualityBuilt,,Multiple areas Remote Employees,2,2025-07-07,2025-07-03,Unforeseen Business Circumstance/Closure,2026-08-31T07:22:39.223872Z
509b0a13097866ee,CO,Bowhead Mission Solutions LLC (Newport Rd),Bowhead Mission Solutions LLC (Newport Rd),,Pikes Peak,76,2025-06-27,2025-08-28,RIF,2026-08-31T07:22:39.223872Z
3057546a5c8e15b6,CO,Bowhead Missions Solutions LLC (Aviation Way),Bowhead Missions Solutions LLC (Aviation Way),,Pikes Peak,10,2025-06-27,2025-08-28,RIF,2026-08-31T07:22:39.223872Z
a2fa7ab0a7142eaf,CO,Nordstrom,Nordstrom,,Arapahoe/Douglas,30,2025-06-26,2025-08-16,Reduction in Force,2026-08-31T07:22:39.223872Z
d3e0af883475212a,CO,Amentum,Amentum,,Pueblo,135,2025-06-24,2025-09-30,Closure,2026-08-31T07:22:39.223872Z
76622ed3bc056c13,CO,Sodexo,Sodexo,,Pikes Peak,152,2025-06-11,2025-06-30,Loss of Contract,2026-08-31T07:22:39.223872Z
bd0f9d7ddbc0480a,CO,Amentum,Amentum,,Pueblo,92,2025-06-05,,Closure,2026-08-31T07:22:39.223872Z
8913782a814fa573,CO,Chevron,Chevron,,Denver,125,2025-05-02,2025-07-01,Reduction in Force,2026-08-31T07:22:39.223872Z
5a10088c2bbc7a33,CO,TIAA,TIAA,,Denver,84,2025-04-29,,Closure/Move to smaller office,2026-08-31T07:22:39.223872Z
1e378b5bf5624e0c,CO,Hallcon,Hallcon,,Multiple,104,2025-04-24,2025-04-25,Closure,2026-08-31T07:22:39.223872Z
57b4624fa640ab0f,CO,Battelle,Battelle,,Pueblo,234,2025-04-21,2025-06-20,Closure - Project End,2026-08-31T07:22:39.223872Z
3907ff7fe85101e7,CO,Thule Inc.,Thule,,Boulder,22,2025-04-16,2025-10-03,Closure,2026-08-31T07:22:39.223872Z
da2f0d752180a9e3,CO,Vail Corporation,Vail,,Rural Consortium/Broomfield,64,2025-04-02,2025-06-02,Closure of Operating Unit,2026-08-31T07:22:39.223872Z
d11ee5d0ab950bd5,CO,JVS Masonry,JVS Masonry,,Adams,44,2025-04-01,2025-05-31,Closure,2026-08-31T07:22:39.223872Z
9e1520af555cfe74,CO,Robert Russell Eastern Star Masonic Retirement Camps,Robert Russell Eastern Star Masonic Retirement Camps,,Denver,89,2025-04-01,2025-04-15,Natural Disaster,2026-08-31T07:22:39.223872Z
575b6c620bc6ab1d,CO,Block Inc.,Block,,Remote Workers,21,2025-03-25,2025-03-25,Reduction in Force,2026-08-31T07:22:39.223872Z
0d49c01fddc201dc,CO,Amentum,Amentum,,Pueblo,93,2025-03-24,2025-05-01,Completion of Mileston,2026-08-31T07:22:39.223872Z
9abfa23f12a1e414,CO,Meati,Meati,,Adams,150,2025-03-07,2025-03-06,Closure: Lack of funding,2026-08-31T07:22:39.223872Z
bda76d90501f2dec,CO,Microchip,Microchip,,Pikes Peak,238,2025-03-04,2025-05-03,Operations Reduction,2026-08-31T07:22:39.223872Z
d1b3c1ae083b6f2f,CO,West Springs Hospital,West Springs Hospital,,Mesa,187,2025-02-24,2025-03-10,Closure,2026-08-31T07:22:39.223872Z
bad9ebc83fdada01,CO,"Sherwood Food Distributors, Harvest Meat Company, Western Boxed Meat Company","Sherwood Food Distributors, Harvest Meat Company, Western Boxed Meat",,Arapahoe/Douglas,45,2025-02-18,2025-02-18,Closure,2026-08-31T07:22:39.223872Z
8342d0a046843e33,CO,Johnstown Heights Behavioral Health,Johnstown Heights Behavioral Health,,Larimer,158,2025-01-30,2025-03-31,Closure,2026-08-31T07:22:39.223872Z
d90406a398c7522b,CO,QuantumScape Battery,QuantumScape Battery,,Larimer,1,2025-01-28,2025-01-28,Mass Layoff,2026-08-31T07:22:39.223872Z
1fc055571ef34ff4,CO,Amentum,Amentum,,Pueblo,40,2025-01-28,2025-01-28,Partial completion of PCAPP Project,2026-08-31T07:22:39.223872Z
07caf92cc9135e14,CO,Total Frac Solutions,Total Frac Solutions,,Weld,11,2025-01-28,2025-03-31,Closure/Mass Layoff,2026-08-31T07:22:39.223872Z
f15c48b119e27d77,CO,Battelle,Battelle,,Pueblo,232,2025-01-16,2025-03-17,Closure,2026-08-31T07:22:39.223872Z
775ce2bb67277321,CO,West Pines Behavioral Health,West Pines Behavioral Health,,Jefferson,132,2025-01-08,2025-03-31,Closure / Acadia,2026-08-31T07:22:39.223872Z
6ce4f12ed01fa5f8,CO,GetInsured,GetInsured,,Arapahoe,1,2024-12-20,2025-02-19,Not specified,2026-08-31T07:22:39.223872Z
ebd4d3d727ca0100,CO,Natural Fiber Welding,Natural Fiber Welding,,Denver,1,2024-12-10,2025-02-08,Unforseen business circumstance,2026-08-31T07:22:39.223872Z
c0e1ec963f284279,CO,Brown Brothers Resources Holding,Brown Brothers Resources Holding,,Adams,121,2024-12-02,2024-12-06,Closure,2026-08-31T07:22:39.223872Z
45713ad19e433988,CO,Russ Davis Wholesale,Russ Davis Wholesale,,Pueblo,109,2024-12-02,2025-01-31,Closure,2026-08-31T07:22:39.223872Z
c8be606c24ca0654,CO,Boeing,Boeing,,"Arapahoe, Denver, El Paso",63,2024-11-15,2025-01-17,Not disclosed,2026-08-31T07:22:39.223872Z
945b2fc1f925b364,CO,UPS,UPS,,Adams,404,2024-11-14,2025-01-15,"Partial, Temporary Closure",2026-08-31T07:22:39.223872Z
0f646734561fedfd,CO,Chord Energy,Chord Energy,,Denver,313,2024-11-04,2024-11-04,Discontinuing Operations,2026-08-31T07:22:39.223872Z
91ebcecd5822fae8,CO,Thiess,Thiess,,Rural Consortium,112,2024-10-29,2024-11-28,Closure,2026-08-31T07:22:39.223872Z
2301792679042e42,CO,Kaleo Inc.,Kaleo,,Remote location in CO,1,2024-09-30,2024-11-30,Medical Sales Specialist,2026-08-31T07:22:39.223872Z
9134e0ea6bdcb92c,CO,Sinton Dairy Foods Company,Sinton Dairy Foods,,Colo Springs,64,2024-09-26,2026-12-30,Closure,2026-08-31T07:22:39.223872Z
865f496dbf2805d5,CO,"AGC Biologics, Inc.",AGC Biologics,,Boulder,85,2024-09-18,2024-11-22,Restructure and Partial Closure-See WARN,2026-08-31T07:22:39.223872Z
9b2f66c4f05a8030,CO,Sodexo Service West (SDH),Sodexo Service West (SDH),,Adams,55,2024-09-13,2024-11-09,See WARN.,2026-08-31T07:22:39.223872Z
1fd7d8107ce6d60a,CO,Lost Boys Interactive LLC,Lost Boys Interactive,,RC: Boulder & Larimer,3,2024-09-06,2024-09-09,See WARN.,2026-08-31T07:22:39.223872Z
9e197b356fca486f,CO,ImmunityBio Inc.,ImmunityBio,,Boulder,5,2024-08-30,2024-10-29,See WARN.,2026-08-31T07:22:39.223872Z
866db6b245f7e4dd,CO,Wells Fargo,Wells Fargo,,Arapahoe Douglas,70,2024-08-20,2024-11-20,Not specified,2026-08-31T07:22:39.223872Z
aa910dfc4d0e3935,CO,Casey's Pond,Casey's Pond,,RC: Rural Resort,63,2024-08-19,2024-10-18,Sale of Business,2026-08-31T07:22:39.223872Z
ad8a76419cbb19ee,CO,True Value,True Value,,Denver,49,2024-08-08,2024-09-06,Change in Business,2026-08-31T07:22:39.223872Z
60bf9e9b69a34d66,CO,TPS Parking Mgmt,TPS Parking Mgmt,,Adams,79,2024-08-01,2024-09-30,Mass Layoff,2026-08-31T07:22:39.223872Z
136bdd2dd0a247f5,CO,Radial,Radial,,Remote locations in CO,79,2024-07-30,2024-09-30,Closure,2026-08-31T07:22:39.223872Z
b3e98e3ec2b005d3,CO,Amentum,Amentum,,Pueblo,72,2024-07-29,2024-09-30,Closure (upon completion of project),2026-08-31T07:22:39.223872Z
a8d79d6f0613f26f,CO,Carestream Health,Carestream Health,,Weld,21,2024-07-17,2024-09-16,Reduction in Force,2026-08-31T07:22:39.223872Z
d34c0258a2e62dbc,CO,LogRhythm,LogRhythm,,RC: Broomfield,80,2024-07-16,2024-09-09,Reduction in Force (Cease Operations of Axon Operating Unit),2026-08-31T07:22:39.223872Z
a06ec1d233a2dc65,CO,Sodexo - St. Francis Interquest,Sodexo - St. Francis Interquest,,Pikes Peak,7,2024-07-08,2024-08-04,Closure (Cease Operations),2026-08-31T07:22:39.223872Z
7bb7a57a0b7d9985,CO,Sodexo - Penrose Hospital,Sodexo - Penrose Hospital,,Pikes Peak,52,2024-07-08,2024-08-04,Closure (Cease Operations),2026-08-31T07:22:39.223872Z
03b01b4f96cd829d,CO,Sodexo - St. Francis Medical Center,Sodexo - St. Francis Medical Center,,Pikes Peak,48,2024-07-08,2024-08-04,Closure (Cease Operations),2026-08-31T07:22:39.223872Z
479bcc26b06167ce,CO,Newrez LLC,Newrez,,Arapahoe/Douglas,187,2024-06-27,2024-08-26,Reduction in Force,2026-08-31T07:22:39.223872Z
72354ec55fc6ef64,CO,Saint Paul Health Center,Saint Paul Health Center,,Denver,131,2024-06-18,2024-09-01,End of Contract,2026-08-31T07:22:39.223872Z
2008cdc7e1044141,CO,Wells Fargo,Wells Fargo,,Denver,80,2024-06-18,2024-08-01,Reduction in Force,2026-08-31T07:22:39.223872Z
cf135f81cca83087,CO,TSG Ski & Golf,TSG Ski & Golf,,Rural Southwest,63,2024-06-14,2024-06-14,Reduction in Force,2026-08-31T07:22:39.223872Z
bb55b693dcf36d18,CO,Mindspring (Update),Mindspring (Update),,Mesa,49,2024-06-04,2024-06-04,Reduction in Force,2026-08-31T07:22:39.223872Z
e1af888c7f484f0f,CO,NewRez LLC,NewRez,,Arapahoe/Douglas,317,2024-06-03,2024-08-02,Reduction in Force,2026-08-31T07:22:39.223872Z
92addca684e4ae98,CO,Mindspring,Mindspring,,Mesa,71,2024-05-31,2024-05-31,Reduction in Force,2026-08-31T07:22:39.223872Z
fb104d81aa93e0d8,CO,Carestream (Update),Carestream (Update),,Weld,18,2024-05-21,2024-07-22,Reduction in Force,2026-08-31T07:22:39.223872Z
b24ddcc499a629cf,CO,Amentum,Amentum,,Pueblo,11,2024-05-21,2024-07-01,Closure (end of Milestone 7),2026-08-31T07:22:39.223872Z
617df5c0abe86958,CO,Pfizer Research,Pfizer Research,,Boulder,,2024-05-15,2024-07-15,Reduction in Force,2026-08-31T07:22:39.223872Z
d000fac5071f9677,CO,Walmart Store #6178,Walmart,,Arapahoe/Douglas,141,2024-05-13,2024-06-07,Closure,2026-08-31T07:22:39.223872Z
c7882eb8f97d17d5,CO,Newrez LLC,Newrez,,Arapahoe/Douglas,103,2024-05-02,2024-07-01,Reduction in Force,2026-08-31T07:22:39.223872Z
dcd233506d161a8a,CO,Rocky Mountain Crisis Partners,Rocky Mountain Crisis Partners,,Denver,330,2024-05-01,2024-06-30,Loss of state funding,2026-08-31T07:22:39.223872Z
3c57eff6659fa610,CO,Radial,Radial,,Remote Workforce,84,2024-05-01,2024-06-28,Selling Customer Care Unit,2026-08-31T07:22:39.223872Z
88783f4b8be44171,CO,University of Denver,University of Denver,,Denver,118,2024-04-30,2024-06-30,Contract with Sodexo,2026-08-31T07:22:39.223872Z
a821afe107681814,CO,Carestream Health,Carestream Health,,Weld,25,2024-04-25,2024-06-28,Reduction in Force,2026-08-31T07:22:39.223872Z
e124c234e336e8f1,CO,Wheels Up Partners LLC,Wheels Up Partners,,Rural Consortium (Broomfield),65,2024-04-17,2024-06-16,Closure (Cease Operations),2026-08-31T07:22:39.223872Z
e39557ef382c1766,CO,Checkr,Checkr,,Denver,92,2024-04-09,2024-06-10,Reduction in Force,2026-08-31T07:22:39.223872Z
57dc3da6863910dc,CO,HealthHelp (a WNS Company),HealthHelp (a WNS Company),,Arapahoe/Douglas,1,2024-04-03,2024-06-02,Reduction in Force,2026-08-31T07:22:39.223872Z
7c3823a06a658abc,CO,Volta/Volta Charging Industries,Volta/Volta Charging Industries,,Not Stated,1,2024-03-29,2024-05-31,Closure,2026-08-31T07:22:39.223872Z
9bceecc2226a3456,CO,Atrium Hospitality LP/Denver Crowne Plaza,Atrium Hospitality LP/Denver Crowne Plaza,,Denver,56,2024-03-27,2024-05-31,Closure,2026-08-31T07:22:39.223872Z
0eadc4c6cedf24d2,CO,Bionano Genomics Inc.,Bionano Genomics,,San Diego (remote CO Workers),76,2024-03-21,2024-05-24,Reduction in Force,2026-08-31T07:22:39.223872Z
3787abbe7048a9f4,CO,Carestream Health Inc. - Update,Carestream Health Inc. - Update,,Weld,19,2024-03-20,2024-05-24,Reduction in Force,2026-08-31T07:22:39.223872Z
c40746eeb44c1867,CO,Dish Network LLC,Dish Network,,Arapahoe/Douglas,5,2024-03-12,2024-05-11,Reduction in Force,2026-08-31T07:22:39.223872Z
56536764b1de058c,CO,Developmental Disabilities Resource Center,Developmental Disabilities Resource Center,,Jefferson,46,2024-03-11,2024-06-30,Reduction in Force,2026-08-31T07:22:39.223872Z
23c229048e309752,CO,"Packers Sanitation Services, Inc.’s (PSSI)","Packers Sanitation Services, Inc.'s (PSSI)",,Weld,175,2024-02-27,2024-04-18,Loss of contract,2026-08-31T07:22:39.223872Z
d574eaebe7fdec2d,CO,Carestream Health Inc.,Carestream Health,,Weld,210,2024-02-26,2024-04-26,Facility closure,2026-08-31T07:22:39.223872Z
a8261e8313f6860f,CO,CommuteAir,CommuteAir,,Denver,40,2024-02-23,2024-05-23,Reduction in Force,2026-08-31T07:22:39.223872Z
f9ba6171c0261be2,CO,Daifuku Services America Corporation -Colo Springs,Daifuku Services America Corporation -Colo Springs,,Pikes Peak-Colo Springs,89,2024-02-22,2024-04-22,Loss of contract,2026-08-31T07:22:39.223872Z
8394324fa5a708f8,CO,Daifuku Services America Corporation -Aurora,Daifuku Services America Corporation -Aurora,,Arapahoe/Douglas,32,2024-02-22,2024-04-22,Loss of contract,2026-08-31T07:22:39.223872Z
313db978b026aa0b,CO,Daifuku Services America Corporation (formerly Elite Line Services) -Thornton,Daifuku Services America,Elite Line Services) -Thornton,Adams,75,2024-02-22,2024-04-22,Loss of contract,2026-08-31T07:22:39.223872Z
38d784b2e69b556e,CO,Dish Network LLC,Dish Network,,Arapahoe/Douglas,53,2024-02-20,2024-04-20,Reduction in Force,2026-08-31T07:22:39.223872Z
f9d7699dddf40f6c,CO,BillGO Inc.,BillGO,,Larimer,80,2024-01-31,2024-03-31,Change in current business opportunities,2026-08-31T07:22:39.223872Z
a924491ea5f39436,CO,SP+ Corporation,SP+,,Denver,56,2024-01-31,2024-01-31,Not Stated,2026-08-31T07:22:39.223872Z
f9dbefae71322b85,CO,IMI Norgren LLC,IMI Norgren,,Arapahoe/Douglas,60,2024-01-30,2024-04-01,Site Consolidation and Office Relocation,2026-08-31T07:22:39.223872Z
6578075d4ae8e703,CO,Block Inc.,Block,,Unknown (Remote Workers),13,2024-01-30,2024-03-30,Not Stated,2026-08-31T07:22:39.223872Z
37c1ec8d5d5cb048,CO,Amentum,Amentum,,Pueblo,45,2024-01-30,2024-03-01,Closure-Completion of PCAPP Milestones,2026-08-31T07:22:39.223872Z
d0adc3908d4fc2b8,CO,Dish Network LLC,Dish Network,,Arapahoe/Douglas,9,2024-01-19,2024-03-19,Reduction in Force,2026-08-31T07:22:39.223872Z
b4c435f54995871b,CO,ABM Industry Group,ABM Industry Group,,Adams,94,2024-01-18,2024-03-18,Loss of contract w/Amazon,2026-08-31T07:22:39.223872Z
26c9713849bbc432,CO,Lost Boys Interactive LLC,Lost Boys Interactive,,"Multiple (Larimer, Jeffco, Adams)",4,2024-01-11,2024-03-15,Not stated,2026-08-31T07:22:39.223872Z
ab8f6c6e9f7dd118,CO,Dish Network LLC,Dish Network,,Arapahoe/Douglas,157,2024-01-08,2024-03-08,Not stated,2026-08-31T07:22:39.223872Z
94e975b2c8c89bd2,CO,Flatirons Health and Rehabilitation (Axiom Healthcare Services).,Flatirons Health and Rehabilitation (Axiom Healthcare Services),,Boulder,124,2024-01-04,2024-03-04,Facility closure,2026-08-31T07:22:39.223872Z
a74847882f1bf3c4,CO,"Conagra Brands, Inc.",Conagra Brands,,Boulder,100,,,Closure,2026-08-31T07:22:39.223872Z
85555595319caf9e,CO,Peak Reliability,Peak Reliability,,Larimer,69,,,Terminate Operations,2026-08-31T07:22:39.223872Z
7fee75d5528498c0,CO,"Sandoz Inc., A Novartis Division (Update)","Sandoz Inc., A Novartis Division (Update)",,Broomfield,24,,,Closure,2026-08-31T07:22:39.223872Z
7c953e4325f80b65,CO,NOTE: 313 employees notified by Ascent Classical Academies were hired by the new vendor.,NOTE: 313 employees notified by Ascent Classical Academies were hired by the new vendor,,,,,,,2026-08-31T07:22:39.223872Z
7f53adb37e8fd4ce,GA,Asama Coldwater Manufacturing Georgia,Asama Coldwater Manufacturing Georgia,,"Thomson Hwy Warrenton, Warren County",102,2026-08-19,2026-10-14,Permanent Closure,2026-08-31T03:32:57.915961Z
431db1eed77f4416,GA,Anchor Glass Container Corporation,Anchor Glass Container,,"Booth Rd Warner Robins, Houston County",168,2026-08-18,2026-10-17,Permanent Closure,2026-08-31T03:32:57.915961Z
c66cbecafefd1e02,GA,SMBC Manubank,SMBC Manubank,,,5,2026-08-12,2026-10-09,Permanent Layoff / Reduction in Force,2026-08-31T03:32:57.915961Z
fafc164879d6d0f0,GA,"Wellstar Health System, Inc.",Wellstar Health System,,"Sawyer Rd Marietta, Cobb County",761,2026-08-03,2026-09-26,Permanent Layoff / Reduction in Force,2026-08-31T03:32:57.915961Z
6179244cd8665f53,GA,"TEKsystems Global Services, LLC",TEKsystems Global Services,,Fayetteville,126,2026-07-15,2026-07-15,Permanent Layoff / Reduction in Force,2026-08-31T03:32:57.915961Z
2e8ff5cd6c4a03b2,GA,Asama Coldwater Manufacturing Georgia LLC,Asama Coldwater Manufacturing Georgia,,"Thomson Hwy Warrenton, Warren County",107,2026-07-09,2026-09-18,Permanent Closure,2026-08-31T03:32:57.915961Z
f416f32d5b140971,GA,Conduent,Conduent,,A,70,2026-06-29,2026-08-28,Permanent Layoff / Reduction in Force,2026-08-31T03:32:57.915961Z
78691f7bf7958d4a,GA,SMBC MANUBANK,Smbc Manubank,,Park Ave New York,3,2026-06-05,2026-08-03,Permanent Layoff / Reduction in Force,2026-08-31T03:32:57.915961Z
607701e366568140,GA,Constellium Automotive USA LLC,Constellium Automotive,,Constellium Dr NE White,57,2026-06-01,2026-08-01,Permanent Layoff / Reduction in Force,2026-08-31T03:32:57.915961Z
fe18d0f9cb42f08d,GA,Ideal US Talent Systems Worker OpCo LLC,Ideal US Talent Systems Worker OpCo,,,687,2026-05-29,2026-07-01,Permanent Layoff / Reduction in Force,2026-08-31T03:32:57.915961Z
cb9f86f012464fdc,GA,Spirit Airlines,Spirit Airlines,,"N Terminal Pkwy Atlanta, Clayton County",653,2026-05-29,2026-05-02,Permanent Closure,2026-08-31T03:32:57.915961Z
472b0a8d402e2834,GA,"Bitcoin Depot Operating, LLC",Bitcoin Depot Operating,,"Dunwoody Place Sandy Springs, Fulton County",109,2026-05-18,2026-07-17,Permanent Closure,2026-08-31T03:32:57.915961Z
a88c3fbd70839502,GA,Jacuzzi Inc.,Jacuzzi,,"Highland Dr Valdosta, Lowndes County",110,2026-05-12,2026-07-11,Permanent Closure,2026-08-31T03:32:57.915961Z
8fc3761763e78248,GA,Milliken & Company,Milliken &,,"Nicholls, Bacon County",81,2026-05-05,2026-07-10,Permanent Closure,2026-08-31T03:32:57.915961Z
6579e2220bec7606,GA,"MarketSource, Inc.",MarketSource,,"Great Oaks Way Alpharetta, Fulton County",51,2026-05-05,2026-06-30,Permanent Layoff / Reduction in Force,2026-08-31T03:32:57.915961Z
38a1e1724ccf6eed,GA,"Bridgestone Golf, Inc.",Bridgestone Golf,,"Industrial Park Blvd NE Covington, Newton County",84,2026-05-01,2026-06-30,Permanent Closure,2026-08-31T03:32:57.915961Z
f10ef1e4957e2b97,GA,SKF USA INC,SKF,,"McEver Rd Flowery Branch, Hall County",40,2026-04-23,2026-06-26,Permanent Layoff / Reduction in Force,2026-08-31T03:32:57.915961Z
403c1c4f37d6f0ec,GA,"SDH Education East, LLC",SDH Education East,,"College St Young Harris, Towns County",74,2026-04-09,2026-05-29,Permanent Closure,2026-08-31T03:32:57.915961Z
5f44e8ea5c80bf01,GA,Tri-Starr Management Services,Tri-Starr Management Services,,Crandall,15,2026-04-01,2026-06-06,Permanent Closure,2026-08-31T03:32:57.915961Z
fe1ee5d90fb238c1,GA,Accenture,Accenture,,"Atlanta, Fulton County",54,2026-03-31,2026-06-08,Permanent Layoff / Reduction in Force,2026-08-31T03:32:57.915961Z
6b5a878b8a9fa8e0,GA,Thrive SMP LLC,Thrive SMP,,"Robert E Lee Blvd Stone Mountain, DeKalb County",497,2026-03-31,2026-06-01,Permanent Closure,2026-08-31T03:32:57.915961Z
28dff272c3d7beaf,GA,"Astemo Americas, Inc",Astemo Americas,,"Honda Pkwy Tallapoosa, Haralson County",60,2026-03-27,2026-04-03,Permanent Closure,2026-08-31T03:32:57.915961Z
ad49570afec051e1,GA,The Hillshire Brands Company,Hillshire Brands,,"Darlington Dr SW Rome, Floyd County",168,2026-03-26,2026-05-31,Permanent Closure,2026-08-31T03:32:57.915961Z
9df15152c5726107,GA,KPR US LLC,KPR US,,"Marvin Griffin Rd Augusta, Richmond County",213,2026-03-11,2026-05-15,Permanent Closure,2026-08-31T03:32:57.915961Z
9df0f3a996e96777,GA,C2 Technologies,C2 Technologies,,,1,2026-03-11,2026-03-06,Permanent Layoff / Reduction in Force,2026-08-31T03:32:57.915961Z
8f4db7d28840471c,GA,"SK Battery America, Inc.",SK Battery America,,"SK Blvd. Commerce, Jackson County",958,2026-03-06,2026-05-06,Permanent Layoff / Reduction in Force,2026-08-31T03:32:57.915961Z
9efebeeef97e6865,GA,"MarketSource, Inc.",MarketSource,,"Great Oaks Way Alpharetta, Fulton County",57,2026-02-26,2026-02-26,Permanent Layoff / Reduction in Force,2026-08-31T03:32:57.915961Z
d108f40b87936d2f,GA,"ION Media Networks, Inc.",ION Media Networks,,"Piedmont Rd NE Atlanta, Fulton County",53,2026-02-16,2026-04-10,Permanent Layoff / Reduction in Force,2026-08-31T03:32:57.915961Z
ede5cab9802fe2e8,GA,Moove Cars Mobility Usa Corp,Moove Cars Mobility,,"Oakleigh Dr East Point, Fulton County",83,2026-02-10,2026-04-10,Permanent Closure,2026-08-31T03:32:57.915961Z
c2262c2abd0ac086,GA,Aludyne Inc,Aludyne,,"Northside Industrial Blvd Columbus, Muscogee County",341,2026-02-05,2026-01-01,Permanent Closure,2026-08-31T03:32:57.915961Z
ba29fea761131077,GA,Sumitomo Mitsui Banking Corporation,Sumitomo Mitsui Banking,,,3,2026-02-05,2026-03-10,Permanent Layoff / Reduction in Force,2026-08-31T03:32:57.915961Z
1095d4c0a5c37151,GA,Big Tex Trailer Manufacturing LLC,Big Tex Trailer Manufacturing,,"S Midway Rd Cordele, Crisp County",100,2026-02-05,2026-01-16,Permanent Closure,2026-08-31T03:32:57.915961Z
23e1ed66f0f20c13,GA,KIPP Atlanta Schools,KIPP Atlanta Schools,,"Maynard Rd NW Atlanta, Fulton County",122,2026-02-04,2026-06-30,Permanent Closure,2026-08-31T03:32:57.915961Z
95d19fa8fb3d9656,GA,TLC of Georgia LLC,TLC of Georgia,,Sugar Hill,78,2026-01-31,2026-04-04,Permanent Closure,2026-08-31T03:32:57.915961Z
3609812954071f60,GA,"Continental Tire the Americas, LLC’s","Continental Tire the Americas, LLC's",,"Aldora St Barnesville, Lamar County",235,2026-01-30,2026-03-31,Permanent Closure,2026-08-31T03:32:57.915961Z
e01afa2ed3570a05,GA,"TelaForce, LLC",TelaForce,,"Forsyth St SW Atlanta, Fulton County",73,2026-01-28,2026-03-20,Permanent Layoff / Reduction in Force,2026-08-31T03:32:57.915961Z
b30cd5001da95b99,GA,"Home Depot U.S.A, Inc.",Home Depot U.S.A,,"Paces Ferry Rd SE Atlanta, Cobb County",797,2026-01-28,2026-03-31,Permanent Layoff / Reduction in Force,2026-08-31T03:32:57.915961Z
a0339db02ab2a406,GA,"Waddington North America, Inc. a Novolex entity","Waddington North America, Inc. a Novolex entity",,"Sangamore Rd Bremen, Haralson County",49,2026-01-28,2026-03-31,Permanent Closure,2026-08-31T03:32:57.915961Z
8b73ede7dd6532b6,GA,Kuehne-Nagel,Kuehne-Nagel,,"Colvin Dr Locust Grove, Henry County",153,2026-01-28,2026-04-01,Permanent Closure,2026-08-31T03:32:57.915961Z
560d589612c85b42,GA,"S&S Activewear, LLC",S&S Activewear,,N Berkeley Lake Rd NW Duluth,114,2026-01-28,2025-12-04,Permanent Closure,2026-08-31T03:32:57.915961Z
71e9048dba51ed47,GA,Gainesville Jaycees Vocational Rehabilitation Center,Gainesville Jaycees Vocational Rehabilitation Center,,"Athens St Gainesville, Hall County",19,2025-12-22,2026-02-27,Permanent Closure,2026-08-31T03:32:57.915961Z
d237105852db32fa,GA,Comprehensive Logistics,Comprehensive Logistics,,"Crandall, Murray County",105,2025-12-17,2026-03-07,Permanent Closure,2026-08-31T03:32:57.915961Z
6be86cdc631be514,GA,Urology Center of Columbus,Urology Center of Columbus,,"Talbotton Rd Columbus, Muscogee County",32,2025-11-26,2025-12-05,Permanent Closure,2026-08-31T03:32:57.915961Z
e4c1c24887bb0187,GA,"SDH Service East,LLC",SDH Service East,,"Wheeler Rd Augusta, Richmond County",67,2025-11-14,2026-01-31,Permanent Layoff / Reduction in Force,2026-08-31T03:32:57.915961Z
1c07418dba38289d,GA,"SDH Services EAST,LLC",SDH Services EAST,,"Waters Ave Savannah, Chatham County",120,2025-11-14,2026-01-31,Permanent Layoff / Reduction in Force,2026-08-31T03:32:57.915961Z
e83c687cab8689cf,GA,General Motors LLC,General Motors,,"Sun Valley Dr Roswell, Fulton County",325,2025-11-10,2025-12-12,Permanent Closure,2026-08-31T03:32:57.915961Z
940d4c0819001326,GA,"SimplyIOA, LLC",SimplyIOA,,,65,2025-11-10,2025-12-02,Permanent Layoff / Reduction in Force,2026-08-31T03:32:57.915961Z
91c5aa4361b99f9a,GA,"Baker & Taylor, LLC",Baker & Taylor,,"Mt Olive Church Rd Commerce, Jackson County",289,2025-11-10,2025-10-06,Permanent Closure,2026-08-31T03:32:57.915961Z
27883637eec00d13,GA,Smurfit Westrock,Smurfit Westrock,,"Purdue Dr SW Atlanta, Fulton County",55,2025-11-10,2026-01-05,Permanent Layoff / Reduction in Force,2026-08-31T03:32:57.915961Z
637f091bb90a96fa,GA,"West Fraser, Inc.",West Fraser,,"Doug Barnard Pkwy Augusta, Richmond County",130,2025-11-06,2026-01-05,Permanent Closure,2026-08-31T03:32:57.915961Z
5cd3ef0c57c030cd,GA,"Integrated Health Resources, LLC",Integrated Health Resources,,"Peachtree St NE Atlanta, Fulton County",107,2025-10-31,2025-12-31,Permanent Closure,2026-08-31T03:32:57.915961Z
60033b68d16cae88,GA,"Mannington Mills, Inc.",Mannington Mills,,Enterprise Dr Dalton,211,2025-10-29,2025-12-27,Permanent Closure,2026-08-31T03:32:57.915961Z
c1ae7205ccedb4b0,GA,RATP Dev USA Inc,RATP Dev,,"Regency Drive Augusta, Richmond County",80,2025-10-22,2025-12-31,Permanent Closure,2026-08-31T03:32:57.915961Z
3402383146bee282,GA,Comcast,Comcast,,"Pkwy Atlanta, Cobb County",240,2025-10-15,2025-12-31,Permanent Layoff / Reduction in Force,2026-08-31T03:32:57.915961Z
a8cd199763b85b27,GA,"CoStar Realty Realty Information, Inc",CoStar Realty Realty Information,,"Peachtree Rd NE Atlanta, Fulton County",6,2025-10-02,2025-12-01,Permanent Layoff / Reduction in Force,2026-08-31T03:32:57.915961Z
15311d8f6b51b241,GA,Americold Logistics,Americold Logistics,,"Pleasantdale Rd Atlanta, DeKalb County",4,2025-10-02,2025-12-01,Permanent Layoff / Reduction in Force,2026-08-31T03:32:57.915961Z
3962551eb68b8539,GA,Spirit Airlines LLC,Spirit Airlines,,N Terminal Pkwy Atlanta,334,2025-09-24,2025-12-01,Temporary Layoff,2026-08-31T03:32:57.915961Z
b2e82d4c694c67ce,GA,Global Resource International/ Alleset INC.,Global Resource International/ Alleset,,"Northwoods Pkwy Peachtree Corners, Gwinnett County",41,2025-09-09,2025-11-14,Permanent Closure,2026-08-31T03:32:57.915961Z
67be5bdeab449847,GA,Americold Logistics,Americold Logistics,,"Pleasantdale Rd Atlanta, DeKalb County",3,2025-08-28,2025-10-28,Permanent Layoff / Reduction in Force,2026-08-31T03:32:57.915961Z
3009bf663d075bde,GA,"Country Home Bakers, LLC",Country Home Bakers,,"Metropolitan Pkwy SW Atlanta, Fulton County",164,2025-08-28,2025-10-27,Permanent Closure,2026-08-31T03:32:57.915961Z
92b8044ca8549ed8,GA,Hormel Foods Corporation,Hormel Foods,,"Montreal Industrial Way Tucker, DeKalb County",135,2025-08-25,2025-10-26,Permanent Layoff / Reduction in Force,2026-08-31T03:32:57.915961Z
ba0f905d18c6163c,GA,Interstate Paper LLC,Interstate Paper,,"Interstate Paper Road Riceboro, Liberty County",220,2025-08-21,2025-10-20,Permanent Closure,2026-08-31T03:32:57.915961Z
a513fbb85e59be79,GA,"RB Lumber Company, LLC",RB Lumber,,"Interstate Paper Rd Riceboro, Liberty County",68,2025-08-21,2025-10-20,Permanent Closure,2026-08-31T03:32:57.915961Z
8c73c6b6d4914e50,GA,"Newport Timber, LLC",Newport Timber,,"Interstate Paper Rd Riceboro, Liberty County",13,2025-08-21,2025-10-20,Permanent Closure,2026-08-31T03:32:57.915961Z
83378119a66bd1d8,GA,International Paper Savannah Mill,International Paper Savannah Mill,,"Old W Lathrop Ave Savannah, Chatham County",691,2025-08-21,2025-10-20,Permanent Closure,2026-08-31T03:32:57.915961Z
534b0b6d061dc30e,GA,International Paper,International Paper,,"W Lathrop Ave Savannah, Chatham County",101,2025-08-21,2025-10-20,Permanent Closure,2026-08-31T03:32:57.915961Z
6ce3e1a52c94b74c,GA,FreshRealm,FreshRealm,,Airport Dr Montezuma,75,2025-08-15,2025-10-14,Permanent Closure,2026-08-31T03:32:57.915961Z
c63d35fdebbecce5,GA,"Kinder Morgan, Inc.",Kinder Morgan,,Alpharetta,42,2025-08-14,2025-10-17,Permanent Closure,2026-08-31T03:32:57.915961Z
29918cb2e17265e2,GA,"United Surface Solutions, LLC",United Surface Solutions,,"S Chatsworth, Murray County",112,2025-08-14,2025-10-12,Permanent Closure,2026-08-31T03:32:57.915961Z
af170ca3a8dccac4,GA,Americold Logistics,Americold Logistics,,"Pleasantdale Rd Atlanta, DeKalb County",5,2025-08-07,2025-10-06,Permanent Layoff / Reduction in Force,2026-08-31T03:32:57.915961Z
81e6ee3c8102b23d,GA,Americold Logistics,Americold Logistics,,"Pleasantdale Rd Atlanta, DeKalb County",12,2025-07-31,2025-09-30,Permanent Layoff / Reduction in Force,2026-08-31T03:32:57.915961Z
b3027d973a35366d,GA,Community Development Institute Head Start,Community Development Institute Head Start,,"Multiple locations included on attached document Thomson, McDuffie County",77,2025-07-30,2025-09-30,Permanent Closure,2026-08-31T03:32:57.915961Z
61bac5725c62c66d,GA,Yamaha Motor Manufacturing Corporation,Yamaha Motor Manufacturing,,"International Park Newnan, Coweta County",160,2025-07-30,2025-10-04,Permanent Layoff / Reduction in Force,2026-08-31T03:32:57.915961Z
518415c008544339,GA,Americold Logistics,Americold Logistics,,"Pleasantdale Rd Atlanta, DeKalb County",36,2025-07-18,2025-09-16,Permanent Layoff / Reduction in Force,2026-08-31T03:32:57.915961Z
f1ea84015bf9b955,GA,"Backyard PlayNation, LLC",Backyard PlayNation,,"Industrial Court Canton, Cherokee County",66,2025-07-16,2025-09-17,Permanent Closure,2026-08-31T03:32:57.915961Z
91af03326094e44c,GA,"Whitepath Fab Tech, Inc",Whitepath Fab Tech,,"Ellijay, Gilmer County",42,2025-07-14,2025-09-11,Permanent Layoff / Reduction in Force,2026-08-31T03:32:57.915961Z
6c71009cf4973927,GA,"Quality Built, LLC",Quality Built,,,4,2025-07-14,2025-07-03,Permanent Layoff / Reduction in Force,2026-08-31T03:32:57.915961Z
aa7fef69b55550e9,GA,Hyatt Corporation,Hyatt,,"East Paces Ferry Rd NE Atlanta, Fulton County",102,2025-07-03,2025-07-01,Permanent Closure,2026-08-31T03:32:57.915961Z
8405768f7d349036,GA,Americold Logistics,Americold Logistics,,"Pleasantdale Rd Atlanta, DeKalb County",110,2025-07-03,2025-09-05,Permanent Layoff / Reduction in Force,2026-08-31T03:32:57.915961Z
8919dce83cb0adc5,GA,"Kelly Services, Inc.",Kelly Services,,Various Remote Locations - See Attached Letter See Attached Letter See Attached Letter,973,2025-06-30,2025-06-27,Permanent Closure,2026-08-31T03:32:57.915961Z
5d975054b661418a,GA,"BLST Operating Company, LLC",BLST Operating,,Industrial Blvd Eatonton,160,2025-06-23,2025-08-22,Permanent Layoff / Reduction in Force,2026-08-31T03:32:57.915961Z
1037cc2de55ee02d,GA,Wellpath,Wellpath,,"County Services Pkwy Marietta, Cobb County",68,2025-06-23,2025-08-01,Permanent Closure,2026-08-31T03:32:57.915961Z
909eeb413bf808a1,GA,Target Corporation,Target,,Little Hearst Pkwy Savannah,62,2025-06-12,2025-08-15,Permanent Closure,2026-08-31T03:32:57.915961Z
ffbd673546a06776,GA,WIOSS Atlanta LP,WIOSS Atlanta,,"Anvil Block Rd Forest Park, Clayton County",53,2025-05-15,2025-07-19,Permanent Layoff / Reduction in Force,2026-08-31T03:32:57.915961Z
fbffddd4b8159e29,GA,"Atco Rubber Products, Inc.",Atco Rubber Products,,"S Erwin St Cartersville, Bartow County",124,2025-05-02,2025-07-01,Permanent Closure,2026-08-31T03:32:57.915961Z
1103ed3874e05443,GA,"CoStar Realty Information, Inc.",CoStar Realty Information,,Peachtree Rd NE Atlanta,84,2025-04-18,2025-06-30,Permanent Layoff / Reduction in Force,2026-08-31T03:32:57.915961Z
5b4465c42a6158f6,GA,United States Cellular Corporation,United States Cellular,,Courtyards Dr Norcross,4100,2025-04-07,2025-06-02,Permanent Layoff / Reduction in Force,2026-08-31T03:32:57.915961Z
3da88dc83a3e290f,GA,"Piedmont Athens Regional Medical Center, Inc.",Piedmont Athens Regional Medical Center,,"Prince Ave Athens, Clarke County",95,2025-04-02,2025-06-02,Permanent Layoff / Reduction in Force,2026-08-31T03:32:57.915961Z
11c47ce460815c63,GA,"Block, Inc.",Block,,"North Avenue NE Atlanta, Fulton County",49,2025-03-25,2025-05-24,Permanent Layoff / Reduction in Force,2026-08-31T03:32:57.915961Z
54606615d07100df,GA,Essendant,Essendant,,Lithia Springs,64,2025-03-20,2025-05-23,Permanent Closure,2026-08-31T03:32:57.915961Z
1d973358e04563d2,GA,"Danimer Scientific Holdings, LLC",Danimer Scientific Holdings,,"Industrial Blvd Bainbridge, Decatur County",82,2025-03-14,2025-03-14,Permanent Closure,2026-08-31T03:32:57.915961Z
e82a4afb929d1b98,GA,"National Distribution Centers, LLC",National Distribution Centers,,"Oakley Industrial Blvd Fairburn, Fulton County",90,2025-03-11,2025-04-19,Permanent Closure,2026-08-31T03:32:57.915961Z
8804a183b45fea6c,GA,Greif Inc,Greif,,"Joe Jerkins Blvd Austell, Cobb County",61,2025-03-11,2025-04-10,Permanent Closure,2026-08-31T03:32:57.915961Z
cae9dcf6abcca745,GA,Harvest Sherwood Food Distributors,Harvest Sherwood Food Distributors,,"Fulton Industrial Blvd SW Atlanta, Fulton County",113,2025-03-04,2025-02-18,Permanent Layoff / Reduction in Force,2026-08-31T03:32:57.915961Z
adbd2e31e65d5d71,GA,Animal Supply Company LLC,Animal Supply,,Shawnee Industrial Way Suwanee,57,2025-03-04,2025-02-07,Permanent Layoff / Reduction in Force,2026-08-31T03:32:57.915961Z
8c474aef7321eb48,GA,"Bailey Street Bakery, LLC",Bailey Street Bakery,,"Bailey St SW Atlanta, Fulton County",176,2025-03-04,2025-04-16,Permanent Closure,2026-08-31T03:32:57.915961Z
7b78b8f714307203,GA,Rent Group Inc.,Rent Group,,"Atlanta, Fulton County",56,2025-02-24,2025-04-25,Permanent Layoff / Reduction in Force,2026-08-31T03:32:57.915961Z
ffde0491ceadb7f2,GA,"American Anesthesiology of Georgia, LLC",American Anesthesiology of Georgia,,Peachtree Rd Atlanta,224,2025-02-20,2025-04-30,Permanent Layoff / Reduction in Force,2026-08-31T03:32:57.915961Z
95e01860ae15f0c9,GA,"Integrated Health Resources, LLC",Integrated Health Resources,,"Atlanta, Fulton County",105,2025-02-06,2025-03-25,Permanent Closure,2026-08-31T03:32:57.915961Z
1a169e7c2ea13d1c,GA,"Exel, Inc.",Exel,,"Derrick Industrial Pkwy Union City, Fulton County",614,2025-02-03,2025-04-06,Permanent Closure,2026-08-31T03:32:57.915961Z
cdea468edd796b68,GA,Rambo 1 LLC,Rambo 1,,"Buchanan Hwy Dallas, Paulding County",135,2025-01-29,2025-01-31,Permanent Closure,2026-08-31T03:32:57.915961Z
cee6f54b75bcbd8b,GA,Packaging Corporation of America,Packaging Corporation of America,,Lakewood Ave SW East Point,103,2025-01-09,2025-03-11,Permanent Closure,2026-08-31T03:32:57.915961Z
6c5201972381d034,GA,AGCO Corporation,AGCO,,"Norcross, Gwinnett County",3,2025-01-07,2025-02-01,Permanent Closure,2026-08-31T03:32:57.915961Z
ceccb50a52f4322c,GA,"Dwarf House Group, LLC",Dwarf House Group,,"Pleasant Hill Rd Duluth, Fulton County",111,2024-12-03,2025-02-28,Permanent Closure,2026-08-31T03:32:57.915961Z
0f655d3a7b6a1c2c,GA,AGCO Corporation,AGCO,,"Norcross, Gwinnett County",2,2024-12-03,2025-02-01,Permanent Closure,2026-08-31T03:32:57.915961Z
27f6258908ce9044,GA,Vander-Bend Manufacturing Inc.,Vander-Bend Manufacturing,,Suwanee,38,2024-11-23,2024-11-22,Permanent Closure,2026-08-31T03:32:57.915961Z
141e14a473b06b7a,GA,WIOSS Atlanta LP,WIOSS Atlanta,,"Anvil Block Rd Forest Park, Clayton County",139,2024-11-20,2025-02-03,Permanent Layoff / Reduction in Force,2026-08-31T03:32:57.915961Z
0f440988dbe31fc3,GA,Omni Corporation,Omni,,Chapel Crossing Rd Brunswick,129,2024-11-05,2024-12-31,Permanent Closure,2026-08-31T03:32:57.915961Z
6d6275343f4cc5d9,GA,"CJ Logistics America, LLC",CJ Logistics America,,Nexus Dr Dalton,275,2024-10-31,2025-01-06,Permanent Closure,2026-08-31T03:32:57.915961Z
5d294f2e2378d684,GA,Scripps News,Scripps News,,"Piedmont Rd NE Atlanta, Fulton County",118,2024-10-29,2024-11-15,Permanent Layoff / Reduction in Force,2026-08-31T03:32:57.915961Z
5bb8f9d84e9775ab,GA,Americold Logistics LLC,Americold Logistics,,"Nordic Way Pooler, Chatham County",58,2024-10-24,2024-12-31,Permanent Closure,2026-08-31T03:32:57.915961Z
04583c7e23fd5f6e,GA,Multi-Color Corporation,Multi-Color,,"Indigo Dr Brunswick, Glynn County",40,2024-10-18,2024-11-01,Permanent Closure,2026-08-31T03:32:57.915961Z
0a4a0cfeea60145d,GA,"Shaw Industries Group, Inc",Shaw Industries Group,,"Waring Rd NW Dalton, Whitfield County",281,2024-09-24,2024-11-25,Permanent Closure,2026-08-31T03:32:57.915961Z
e0888010fe3ca710,GA,"Conn Appliances, Inc.",Conn Appliances,,"Pegasus Parkway LaGrange, Troup County",62,2024-09-23,2024-10-31,Permanent Closure,2026-08-31T03:32:57.915961Z
0f081fb7fca8e89b,GA,BGDC Trans Atlanta LLC,BGDC Trans Atlanta,,"Anvil Block Rd Forest Park, Cook County",284,2024-09-09,2024-11-10,Permanent Layoff / Reduction in Force,2026-08-31T03:32:57.915961Z
c1e4caa8bbf5584e,GA,"ABM Aviation, Inc. and ABM Industry Groups, LLC (collectively, “ABM”)","ABM Aviation, Inc. and ABM Industry Groups, LLC (collectively, ""ABM"")",,N Terminal Pkwy Atlanta,353,2024-08-30,2024-11-01,Permanent Closure,2026-08-31T03:32:57.915961Z
8bf04aa47f004aca,GA,"WestRock CP, LLC",WestRock CP,,"Shackleford Rd Duluth, Gwinnett County",9,2024-08-28,2024-10-18,Permanent Layoff / Reduction in Force,2026-08-31T03:32:57.915961Z
c260bcc0b0c2db99,GA,Omni Corporation,Omni,,Chapel Crossing Rd Brunswick,125,2024-08-08,2024-09-30,Permanent Closure,2026-08-31T03:32:57.915961Z
53e1cc433e363162,GA,GEODIS,Geodis,,McDonough,68,2024-07-22,2024-09-19,Permanent Layoff / Reduction in Force,2026-08-31T03:32:57.915961Z
c549962ba6565849,GA,Pitney Bowes Inc.,Pitney Bowes,,Royal S Pkwy Atlanta,3,2024-07-18,2024-09-17,Permanent Layoff / Reduction in Force,2026-08-31T03:32:57.915961Z
f97cfde19d561620,GA,WestRock,WestRock,,"Shackleford Rd Duluth, Gwinnett County",10,2024-07-05,2024-08-30,Permanent Layoff / Reduction in Force,2026-08-31T03:32:57.915961Z
317d88f79446edb6,GA,DHL Supply Chain,DHL Supply Chain,,"Oakley Industrial Blvd Fairburn, Fulton County",211,2024-06-19,2024-08-31,Permanent Layoff / Reduction in Force,2026-08-31T03:32:57.915961Z
6faee0b99a057130,GA,"Flambeau, Inc.",Flambeau,,"Atlanta Hwy Madison, Morgan County",89,2024-06-17,2024-07-31,Permanent Closure,2026-08-31T03:32:57.915961Z
73e9d4f1927b627c,GA,Walmart,Walmart,,"Roswell Rd Marietta, Cobb County",92,2024-06-14,2024-09-20,Permanent Closure,2026-08-31T03:32:57.915961Z
4c16c26fffe1641e,GA,Walmart,Walmart,,"Ashford Dunwoody Rd Dunwoody, DeKalb County",295,2024-06-14,2024-09-20,Permanent Closure,2026-08-31T03:32:57.915961Z
66e09666e15d552a,GA,"Raven Transport Holding, Inc.",Raven Transport Holding,,Power Ln Albany,62,2024-05-07,2024-06-30,Permanent Layoff / Reduction in Force,2026-08-31T03:32:57.915961Z
66209ff8dd5c36d4,GA,Omni Corporation,Omni,,Chapel Crossing Rd Brunswick,127,2024-05-02,2024-06-30,Permanent Closure,2026-08-31T03:32:57.915961Z
fb6d573572ea2acb,GA,Club Chef SE LLC,Club Chef SE,,"Moreland Ave Conley, Clayton County",48,2024-05-01,2024-06-30,Permanent Layoff / Reduction in Force,2026-08-31T03:32:57.915961Z
dd9447b013d28e70,GA,"Southside Communities Fire Protection, Inc.",Southside Communities Fire Protection,,"Dean Forest Rd Garden City, Chatham County",112,2024-05-01,2024-07-01,Permanent Closure,2026-08-31T03:32:57.915961Z
92d34101e0906247,GA,Wellpath LLC,Wellpath,,"Convention Center Concourse Atlanta, Fulton County",291,2024-05-01,2024-06-30,Permanent Closure,2026-08-31T03:32:57.915961Z
7a3d64fbb18bb980,GA,Chemical Products Corporation,Chemical Products,,"Old Mill Rd Cartersville, Bartow County",121,2024-04-23,2024-06-22,Permanent Closure,2026-08-31T03:32:57.915961Z
681cef91f5507257,GA,"Volta Charging Industries, LLC",Volta Charging Industries,,,2,2024-04-01,2024-06-01,Permanent Layoff / Reduction in Force,2026-08-31T03:32:57.915961Z
c4177c76f1ab91d4,GA,Jindal Films Americas LLC,Jindal Films Americas,,"Pegasus Parkway LaGrange, Troup County",98,2024-03-20,2024-05-13,Permanent Closure,2026-08-31T03:32:57.915961Z
de696c6a00c033ab,GA,Hollingsworth LLC,Hollingsworth,,S Cobb Dr Marietta,74,2024-03-19,2024-03-31,Permanent Layoff / Reduction in Force,2026-08-31T03:32:57.915961Z
a81953a3a909a85f,GA,"FedEx Supply Chain, Inc.",FedEx Supply Chain,,"Oakley Industrial Blvd Union City, Fulton County",326,2024-03-19,2024-04-08,Permanent Layoff / Reduction in Force,2026-08-31T03:32:57.915961Z
ec8e55bfa896caec,GA,"Flexsteel Industries, Inc.",Flexsteel Industries,,"Industrial Blvd Dublin, Laurens County",154,2024-02-09,2024-02-15,Permanent Closure,2026-08-31T03:32:57.915961Z
7cc11e806f260cf0,GA,"1888 Mills, LLC",1888 Mills,,"Airport Road Griffin, Spalding County",180,2024-02-02,2024-03-29,Permanent Closure,2026-08-31T03:32:57.915961Z
58fc62a72153d526,GA,CEVA Logistics,CEVA Logistics,,"Broadway Ave Braselton, Jackson County",61,2024-02-02,2024-04-07,Permanent Layoff / Reduction in Force,2026-08-31T03:32:57.915961Z
6be1eafea422ab4b,GA,"Fineline Industries, LLC",Fineline Industries,,"Gil Harbin Industrial Blvd Valdosta, Lowndes County",92,2024-02-01,2024-04-01,Permanent Closure,2026-08-31T03:32:57.915961Z
e07916de71442d83,GA,Block Inc,Block,,"North Avenue NE Atlanta, Fulton County",27,2024-01-30,2024-03-30,Permanent Layoff / Reduction in Force,2026-08-31T03:32:57.915961Z
390e5f521f070395,GA,"EVO Transportation and Energy Services, Inc.",EVO Transportation and Energy Services,,"Old Dixie Hwy Atlanta, Fulton County",71,2024-01-30,2024-02-24,Permanent Layoff / Reduction in Force,2026-08-31T03:32:57.915961Z
e250b693c9f9258a,GA,GXO Logistics Supply Chain Inc.,GXO Logistics Supply Chain,,"Oakley Industrial Blvd Union City, Fulton County",69,2024-01-17,2024-03-10,Permanent Closure,2026-08-31T03:32:57.915961Z
d949316ac0130260,GA,"Republic National Distributing Company of Texas, LLC",Republic National Distributing Company of Texas,,"National Dr SW Atlanta, Appling County",157,2026-08-26,2026-10-19,Permanent Closure,2026-08-31T03:25:20.788809Z
c35ecf4033383ceb,GA,"Republic National Distributing Company, LLC",Republic National Distributing,,"National Dr SW Atlanta, Cobb County",321,2026-08-26,2026-10-19,Permanent Closure,2026-08-31T03:25:20.788809Z
1789e7d5f3a72ed1,GA,"Young's Market Company, LLC",Young's Market,,"National Dr SW Atlanta, Cobb County",78,2026-08-26,2026-10-19,Permanent Closure,2026-08-31T03:25:20.788809Z
046dc8d0d6b35f77,GA,"Young's Market Company of Arizona, LLC",Young's Market Company of Arizona,,"National Dr SW Atlanta, Cobb County",2,2026-08-26,2026-10-19,Permanent Closure,2026-08-31T03:25:20.788809Z
e75411debc7b839a,GA,KidsPeace National Centers of Georgia,KidsPeace National Centers of Georgia,,"Kidspeace Dr Bowdon, Carroll County",95,2026-08-25,2026-10-24,Permanent Closure,2026-08-31T03:25:20.788809Z
1eab38fb0dcf3ec3,GA,Meyn Americas,Meyn Americas,,"Evenflo Dr Ball Ground, Cherokee County",150,2026-08-18,2026-10-01,Permanent Closure,2026-08-31T03:25:20.788809Z
59f1f82300425fe9,GA,"80 Acres Urban Agriculture, Inc",80 Acres Urban Agriculture,,"Forest Park, Clayton County",110,2026-08-05,2026-08-03,Permanent Layoff / Reduction in Force,2026-08-31T03:25:20.788809Z
5ad31d7c4c6e4e36,GA,Essendant,Essendant,,Horizon Dr Suwanee,192,2026-08-04,2026-10-03,Permanent Closure,2026-08-31T03:25:20.788809Z
bb34fa780a57022d,GA,Elite Comfort Solutions,Elite Comfort Solutions,,"Sprayberry Road Newnan, Coweta County",102,2026-07-20,2026-08-14,Permanent Closure,2026-08-31T03:25:20.788809Z
673611208b3695d4,GA,"Home Express Delivery Service, LLC",Home Express Delivery Service,,"Stonecrest Industrial Way Lithonia, DeKalb County",92,2026-07-14,2026-09-26,Permanent Layoff / Reduction in Force,2026-08-31T03:25:20.788809Z
c001cd8148e17bf4,GA,"Americold Logistics, LLC",Americold Logistics,,"Xavier Dr SW Atlanta, Fulton County",69,2026-06-23,2026-08-31,Permanent Closure,2026-08-31T03:25:20.788809Z
27fbf244e7570823,GA,"SDH Services East, LLC",SDH Services East,,"Delta Blvd Atlanta, Fulton County",70,2026-06-01,2026-08-08,Permanent Layoff / Reduction in Force,2026-08-31T03:25:20.788809Z
f86a8415d8bf33dc,GA,Americold Logistics LLC,Americold Logistics,,"Tradewater Pkwy Atlanta, Fulton County",69,2026-05-29,2026-07-31,Permanent Closure,2026-08-31T03:25:20.788809Z
9a6634357dc678bb,GA,"Inalfa Roof Systems, Inc",Inalfa Roof Systems,,"Cherokee Pkwy Acworth, Cherokee County",127,2026-05-19,2026-07-17,Permanent Layoff / Reduction in Force,2026-08-31T03:25:20.788809Z
3f824cc19a5a15ab,GA,"Parsec, LLC",Parsec,,"Jr. Memorial Hwy Austell, Cobb County",179,2026-03-31,2026-05-01,Permanent Closure,2026-08-31T03:25:20.788809Z
68f6ea21dfa4695d,GA,IPIC Theaters LLC,IPIC Theaters,,Atlanta,163,2026-02-25,2026-04-28,Permanent Closure,2026-08-31T03:25:20.788809Z
fb879dbb4c33e598,GA,Main Street Sports Group,Main Street Sports Group,,"Peachtree St NE Colony Square Atlanta, Fulton County",74,2026-02-16,2026-04-14,Permanent Closure,2026-08-31T03:25:20.788809Z
26d0c953e835541d,GA,"Impact Outsourcing Solutions VI, LLC",Impact Outsourcing Solutions VI,,"Jonesboro Rd Jonesboro, Spalding County",76,2026-02-13,2026-04-13,Permanent Closure,2026-08-31T03:25:20.788809Z
7a813f357c8cf855,GA,"WWL Vehicle Services Americas, Inc.",WWL Vehicle Services Americas,,"Penniman Cir Brunswick, Glynn County",65,2026-02-09,2026-04-10,Permanent Layoff / Reduction in Force,2026-08-31T03:25:20.788809Z
c230d3214bba76bd,GA,"Tessera Therapeutics, Inc",Tessera Therapeutics,,,1,2026-02-05,2026-03-08,Permanent Layoff / Reduction in Force,2026-08-31T03:25:20.788809Z
b127f2fcd4dfc327,GA,Liberty Dental Plan Corporation,Liberty Dental Plan,,,1,2026-02-05,2026-04-06,Permanent Layoff / Reduction in Force,2026-08-31T03:25:20.788809Z
05b4643a703f7bba,GA,"GMRI, Inc.",GMRI,,"Breckinridge Blvd Duluth, Gwinnett County",78,2026-02-05,2026-04-05,Permanent Closure,2026-08-31T03:25:20.788809Z
c2c5ec3928bb2141,GA,"Zeco Systems, Inc",Zeco Systems,,,3,2026-01-28,2025-10-31,Permanent Layoff / Reduction in Force,2026-08-31T03:25:20.788809Z
507a505a80ee86d4,GA,TTEC Services Corporation,TTEC Services,,Duluth,169,2026-01-26,2026-03-31,Permanent Layoff / Reduction in Force,2026-08-31T03:25:20.788809Z
01dd3bfd6f826a6b,GA,"GXO Logistics Worldwide, LLC",GXO Logistics Worldwide,,"Riverside Pkwy Lithia Springs, Douglas County",85,2026-01-20,2026-03-31,Permanent Closure,2026-08-31T03:25:20.788809Z
efd1397e93c2b1e6,GA,Chemours,Chemours,,"Zero Bay Rd Patterson, Pierce County",54,2026-01-05,2026-03-06,Permanent Layoff / Reduction in Force,2026-08-31T03:25:20.788809Z
1bc8646942d4ec8d,GA,The Coca-Cola Company,Coca-Cola,,"One Coca-Cola Plaza NW Atlanta, Fulton County",75,2025-12-30,2025-02-28,Permanent Layoff / Reduction in Force,2026-08-31T03:25:20.788809Z
a428960fe71a378d,GA,"Railcrew Xpress, LLC",Railcrew Xpress,,E. Boundary Street Augusta,55,2025-12-22,2026-02-27,Permanent Closure,2026-08-31T03:25:20.788809Z
1e732bae41df5335,GA,"Quad/Graphics, Inc.",Quad/Graphics,,Duplainville Rd The Rock,241,2025-12-16,2025-12-19,Permanent Closure,2026-08-31T03:25:20.788809Z
89dfd4cfe8490d9d,GA,CoStar Group,CoStar Group,,"Atlanta, Fulton County",3,2025-11-11,2026-01-12,Permanent Layoff / Reduction in Force,2026-08-31T03:25:20.788809Z
8a71d4370bb05c91,GA,"Lehigh Technologies, Inc.",Lehigh Technologies,,"Royal Woods Ct Tucker, DeKalb County",55,2025-11-10,2026-02-02,Permanent Closure,2026-08-31T03:25:20.788809Z
aa6408a3d0191b9f,GA,The William Carter Company,William Carter,,"Atlanta, Fulton County",189,2025-10-30,2025-12-31,Permanent Layoff / Reduction in Force,2026-08-31T03:25:20.788809Z
3322a61574aa1ac2,GA,Saddle Creek Logistics Services,Saddle Creek Logistics Services,,Coweta Industrial Pkwy Newnan,128,2025-10-27,2026-01-10,Permanent Layoff / Reduction in Force,2026-08-31T03:25:20.788809Z
2bfda14d1ceadc39,GA,"Nichiha USA, Inc",Nichiha,,"Avondale Mill Rd Macon, Fulton County",171,2025-10-09,2025-12-06,Permanent Layoff / Reduction in Force,2026-08-31T03:25:20.788809Z
d789d672db64b104,GA,"Augusta Sportswear, Inc",Augusta Sportswear,,"W Grovetown, Columbia County",93,2025-10-07,2025-12-19,Permanent Closure,2026-08-31T03:25:20.788809Z
a490c7cd0c72d760,GA,"APL Logistics Warehouse Management Services, Inc.",APL Logistics Warehouse Management Services,,Rock House Rd Lithia Springs,118,2025-08-27,2025-10-31,Permanent Closure,2026-08-31T03:25:20.788809Z
b7b622abf0ed3679,GA,J.B. Hunt Transport Inc.,J.B. Hunt Transport,,"Stonecrest Industrial Wy Lithonia, DeKalb County",74,2025-08-26,2025-10-27,Permanent Closure,2026-08-31T03:25:20.788809Z
7087bf8deec07dd5,GA,Soli Organic Inc.,Soli Organic,,Washington St Jefferson,128,2025-08-15,2025-10-15,Permanent Closure,2026-08-31T03:25:20.788809Z
032e8350025d982c,GA,Block Inc,Block,,,4,2025-08-12,2025-10-13,Permanent Layoff / Reduction in Force,2026-08-31T03:25:20.788809Z
32f1f6ff76460772,GA,"Unifi Aviation, LLC",Unifi Aviation,,"N Terminal Pkwy Atlanta, Fulton County",379,2025-08-05,2025-09-30,Permanent Closure,2026-08-31T03:25:20.788809Z
9300b6e38edaf1ab,GA,"GSC Transport, Inc",GSC Transport,,"Savannah, Chatham County",4,2025-07-10,2025-07-10,Permanent Closure,2026-08-31T03:25:20.788809Z
3cf24aa645cfa087,GA,"Pourlessoins, LLC",Pourlessoins,,"Atlanta, DeKalb County",8,2025-07-02,2025-08-31,Permanent Layoff / Reduction in Force,2026-08-31T03:25:20.788809Z
17ad0437941d2e6c,GA,"IG Design Group Americas, Inc.",IG Design Group Americas,,"Atlanta, DeKalb County",53,2025-06-27,2025-08-26,Permanent Closure,2026-08-31T03:25:20.788809Z
7ceec6452d16c9c6,GA,TransAxle LLC,TransAxle,,"Kennedy Rd Forest Park, Clayton County",209,2025-05-23,2025-07-15,Permanent Closure,2026-08-31T03:25:20.788809Z
294a91f6efa1a078,GA,"NexTraq, LLC",NexTraq,,"Atlanta, DeKalb County",39,2025-05-21,2025-07-20,Permanent Layoff / Reduction in Force,2026-08-31T03:25:20.788809Z
8052f84b636cdac3,GA,FedEx Supply Chain Inc's,FedEx Supply Chain Inc's,,Logistics Parkway Jackson,383,2025-05-16,2025-07-14,Temporary Layoff,2026-08-31T03:25:20.788809Z
66b5ec18e5aae804,GA,"Georgia-Pacific, LLC",Georgia-Pacific,,"West Cedar Springs, Early County",535,2025-05-14,2025-08-01,Permanent Closure,2026-08-31T03:25:20.788809Z
601b8d8fa859afaa,GA,"Davis Express, Inc.",Davis Express,,,163,2025-04-16,2025-06-15,Permanent Closure,2026-08-31T03:25:20.788809Z
624c1cfb337a37c5,GA,Saddle Creek Logistics Services,Saddle Creek Logistics Services,,Atlanta,73,2025-04-02,2025-06-01,Permanent Layoff / Reduction in Force,2026-08-31T03:25:20.788809Z
b6c4582dc4f707e8,GA,Archway Marketing Services Inc.,Archway Marketing Services,,"International Park Newnan, Coweta County",60,2025-03-05,2025-03-31,Permanent Layoff / Reduction in Force,2026-08-31T03:25:20.788809Z
133f0540a1738039,GA,Macy's Gwinnett Place,Macy's Gwinnett Place,,"Duluth, Gwinnett County",62,2025-03-05,2025-03-18,Permanent Closure,2026-08-31T03:25:20.788809Z
a18919f2757f5012,GA,"Hi-Rez Studios, Inc.",Hi-Rez Studios,,"B Alpharetta, Fulton County",69,2025-02-04,2025-04-07,Permanent Layoff / Reduction in Force,2026-08-31T03:25:20.788809Z
51f7477ce649af15,GA,"Radial, Inc.",Radial,,Locust Grove,164,2025-02-04,2025-04-05,Permanent Closure,2026-08-31T03:25:20.788809Z
cc69452d4575b4d1,GA,Networx Systems Inc,Networx Systems,,"Atlanta, Fulton County",51,2025-01-24,2025-03-23,Permanent Layoff / Reduction in Force,2026-08-31T03:25:20.788809Z
7fcd9c68ef81cf1e,GA,D&A Consulting Services,D&A Consulting Services,,,22,2024-12-30,2025-02-19,Permanent Layoff / Reduction in Force,2026-08-31T03:25:20.788809Z
285dd435f83c865f,GA,"Universal Protection Service, LLC",Universal Protection Service,,"Peachtree Rd NE Atlanta, Fulton County",51,2024-11-07,2025-01-09,Permanent Layoff / Reduction in Force,2026-08-31T03:25:20.788809Z
041877114f21f549,GA,"BPA Facility Services, Inc.",BPA Facility Services,,Chapel Crossing Rd Brunswick,61,2024-11-01,2024-12-31,Permanent Layoff / Reduction in Force,2026-08-31T03:25:20.788809Z
c3dd79b01f6d2319,GA,"Forest River, Inc.",Forest River,,Industrial Drive Ocilla,114,2024-10-31,2024-10-31,Permanent Closure,2026-08-31T03:25:20.788809Z
6e0cbad557552ded,GA,Customized Distribution LLC,Customized Distribution,,"Selig Dr SW Atlanta, Fulton County",165,2024-10-09,2024-12-08,Permanent Closure,2026-08-31T03:25:20.788809Z
ade2bfa39eb2eb02,GA,MEDZED LLC,Medzed,,"Atlanta, Fulton County",43,2024-09-30,2024-12-01,Permanent Closure,2026-08-31T03:25:20.788809Z
0de84be0d9999993,GA,"kaleo, Inc.",kaleo,,,1,2024-09-30,2024-11-30,Permanent Closure,2026-08-31T03:25:20.788809Z
80d5c0741111dd32,GA,Genpact US Services LLC,Genpact US Services,,"Sandy Springs, Fulton County",45,2024-09-26,2024-11-30,Permanent Layoff / Reduction in Force,2026-08-31T03:25:20.788809Z
8ddb30e4c0013cd6,GA,Sculpted Contours LLC,Sculpted Contours,,"Alpharetta, Fulton County",3,2024-09-18,2024-09-19,Temporary Layoff,2026-08-31T03:25:20.788809Z
9b45a3f08e90055b,GA,"Panera, LLC.",Panera,,Gateway Dr Suite G Norcross,86,2024-09-16,2024-11-15,Permanent Layoff / Reduction in Force,2026-08-31T03:25:20.788809Z
e149c26f6a4ff3b3,GA,Lost Boys Interactive,Lost Boys Interactive,,,139,2024-09-10,2024-09-09,Permanent Layoff / Reduction in Force,2026-08-31T03:25:20.788809Z
9c9f3308d20029a8,GA,Interfor,Interfor,,"Old River Rd Bloomingdale, Fayette County",93,2024-08-19,2024-08-19,Permanent Layoff / Reduction in Force,2026-08-31T03:25:20.788809Z
73fecc74e96725cf,GA,"BPA Facility Services, Inc.",BPA Facility Services,,Chapel Crossing Rd Glynco,60,2024-08-08,2024-09-30,Permanent Closure,2026-08-31T03:25:20.788809Z
b87e65780f8acf2a,GA,Kliklok LLC,Kliklok,,"Snapfinger Woods Dr Decatur, DeKalb County",89,2024-07-22,2024-09-27,Permanent Closure,2026-08-31T03:25:20.788809Z
ff690e72e9865391,GA,"Advanced Pro Services, LLC",Advanced Pro Services,,"Clifton Rd NE Atlanta, DeKalb County",65,2024-07-18,2024-09-02,Permanent Layoff / Reduction in Force,2026-08-31T03:25:20.788809Z
3df4ae869e921421,GA,Atlanta Attachment Company,Atlanta Attachment,,"Industrial Park Dr NE Lawrenceville, Gwinnett County",57,2024-06-06,2024-08-06,Permanent Layoff / Reduction in Force,2026-08-31T03:25:20.788809Z
e2bd32370108c5d6,GA,"ZF Active Safety, Inc",ZF Active Safety,,"Rafe Ct Flowery Branch, Hall County",365,2024-05-30,2024-07-22,Permanent Closure,2026-08-31T03:25:20.788809Z
7ccb07ab3a7f9955,GA,Riverpoint Medical,Riverpoint Medical,,"Norcross, Gwinnett County",110,2024-05-30,2024-08-02,Permanent Closure,2026-08-31T03:25:20.788809Z
e22ebc75423d240e,GA,FUTURE FORWARDING COMPANY,Future Forwarding,,"Buffington Rd Atlanta, Fulton County",78,2024-05-22,2024-08-02,Permanent Layoff / Reduction in Force,2026-08-31T03:25:20.788809Z
2991310594b9ff18,GA,"Grocery Delivery E-Services USA, Inc.",Grocery Delivery E-Services,,International Park Newnan,727,2024-05-08,2024-07-10,Permanent Closure,2026-08-31T03:25:20.788809Z
00dfff0cf2be6e0f,GA,"Radial, Inc.",Radial,,,95,2024-05-06,2024-06-28,Permanent Layoff / Reduction in Force,2026-08-31T03:25:20.788809Z
4793054f24a5af95,GA,"BPA Facility Services, Inc.",BPA Facility Services,,Brunswick,58,2024-05-03,2024-06-30,Permanent Layoff / Reduction in Force,2026-08-31T03:25:20.788809Z
5cfa3bf4d350a85d,GA,Sage Automotive Interiors,Sage Automotive Interiors,,Toccoa,140,2024-04-29,2024-06-30,Permanent Closure,2026-08-31T03:25:20.788809Z
52b3b7aff09f0348,GA,"SIMOS Insourcing Solutions, LLC.",SIMOS Insourcing Solutions,,"Forest Park, Clayton County",90,2024-04-15,2024-07-01,Permanent Layoff / Reduction in Force,2026-08-31T03:25:20.788809Z
b250b247d92dfdfa,GA,Block Inc.,Block,,Atlanta,1,2024-04-02,2024-06-03,Permanent Layoff / Reduction in Force,2026-08-31T03:25:20.788809Z
c9cd75ef09b6eb9a,GA,Bionano Genomics Inc,Bionano Genomics,,,76,2024-03-27,2024-05-24,Permanent Layoff / Reduction in Force,2026-08-31T03:25:20.788809Z
baf5db18edc334e2,GA,Aludyne,Aludyne,,Northside Industrial Blvd Columbus,193,2024-03-27,2024-06-30,Permanent Layoff / Reduction in Force,2026-08-31T03:25:20.788809Z
055de61ceeeb0e1f,GA,SWISSPORT CARGO SERVICES LP,Swissport Cargo Services,,"ASR Rd Atlanta, Clayton County",235,2024-03-20,2024-05-22,Permanent Layoff / Reduction in Force,2026-08-31T03:25:20.788809Z
842f1e6219529c4e,GA,Crescent Mortgage Company,Crescent Mortgage,,"Atlanta, Fulton County",65,2024-01-29,2024-03-29,Permanent Closure,2026-08-31T03:25:20.788809Z
